atlas	K	networks	subj	dice	type	strength	spatial_w	first_run	second_run	w/b
fs32k	15	all	1	0.6254957914352417	rest	10	0	1	2	within
fs32k	15	all	2	0.6783232092857361	rest	10	0	1	2	within
fs32k	15	all	3	0.6821007132530212	rest	10	0	1	2	within
fs32k	15	all	4	0.7344270348548889	rest	10	0	1	2	within
fs32k	15	all	5	0.6890888214111328	rest	10	0	1	2	within
fs32k	15	all	6	0.6636667847633362	rest	10	0	1	2	within
fs32k	15	all	7	0.5850232839584351	rest	10	0	1	2	within
fs32k	15	all	8	0.6706624627113342	rest	10	0	1	2	within
fs32k	15	all	9	0.6580702662467957	rest	10	0	1	2	within
fs32k	15	all	10	0.6116311550140381	rest	10	0	1	2	within
fs32k	15	all	11	0.6403400301933289	rest	10	0	1	2	within
fs32k	15	all	1	0.6495025753974915	rest	10	0	1	3	within
fs32k	15	all	2	0.6486230492591858	rest	10	0	1	3	within
fs32k	15	all	3	0.6442168354988098	rest	10	0	1	3	within
fs32k	15	all	4	0.765351414680481	rest	10	0	1	3	within
fs32k	15	all	5	0.6776667833328247	rest	10	0	1	3	within
fs32k	15	all	6	0.6248671412467957	rest	10	0	1	3	within
fs32k	15	all	7	0.6052138209342957	rest	10	0	1	3	within
fs32k	15	all	8	0.6667871475219727	rest	10	0	1	3	within
fs32k	15	all	9	0.6490166187286377	rest	10	0	1	3	within
fs32k	15	all	10	0.6462386846542358	rest	10	0	1	3	within
fs32k	15	all	11	0.6922879815101624	rest	10	0	1	3	within
fs32k	15	all	1	0.5991860628128052	rest	10	0	1	4	within
fs32k	15	all	2	0.6444637775421143	rest	10	0	1	4	within
fs32k	15	all	3	0.6533128619194031	rest	10	0	1	4	within
fs32k	15	all	4	0.7141326069831848	rest	10	0	1	4	within
fs32k	15	all	5	0.6968013048171997	rest	10	0	1	4	within
fs32k	15	all	6	0.663336455821991	rest	10	0	1	4	within
fs32k	15	all	7	0.5896145105361938	rest	10	0	1	4	within
fs32k	15	all	8	0.672873854637146	rest	10	0	1	4	within
fs32k	15	all	9	0.5924573540687561	rest	10	0	1	4	within
fs32k	15	all	10	0.6240963339805603	rest	10	0	1	4	within
fs32k	15	all	11	0.618639349937439	rest	10	0	1	4	within
fs32k	15	all	1	0.6155272722244263	rest	10	0	1	5	within
fs32k	15	all	2	0.6447589993476868	rest	10	0	1	5	within
fs32k	15	all	3	0.6558230519294739	rest	10	0	1	5	within
fs32k	15	all	4	0.7117928266525269	rest	10	0	1	5	within
fs32k	15	all	5	0.6905814409255981	rest	10	0	1	5	within
fs32k	15	all	6	0.6453624963760376	rest	10	0	1	5	within
fs32k	15	all	7	0.5902451872825623	rest	10	0	1	5	within
fs32k	15	all	8	0.6680848598480225	rest	10	0	1	5	within
fs32k	15	all	9	0.6041451096534729	rest	10	0	1	5	within
fs32k	15	all	10	0.6210533380508423	rest	10	0	1	5	within
fs32k	15	all	11	0.607673704624176	rest	10	0	1	5	within
fs32k	15	all	1	0.5896689891815186	rest	10	0	1	6	within
fs32k	15	all	2	0.640835702419281	rest	10	0	1	6	within
fs32k	15	all	3	0.6141075491905212	rest	10	0	1	6	within
fs32k	15	all	4	0.717340886592865	rest	10	0	1	6	within
fs32k	15	all	5	0.7078762650489807	rest	10	0	1	6	within
fs32k	15	all	6	0.6093918085098267	rest	10	0	1	6	within
fs32k	15	all	7	0.5773507356643677	rest	10	0	1	6	within
fs32k	15	all	8	0.6473578214645386	rest	10	0	1	6	within
fs32k	15	all	9	0.6221601366996765	rest	10	0	1	6	within
fs32k	15	all	10	0.6167740225791931	rest	10	0	1	6	within
fs32k	15	all	11	0.6826862692832947	rest	10	0	1	6	within
fs32k	15	all	1	0.5724447965621948	rest	10	0	1	7	within
fs32k	15	all	2	0.6233658194541931	rest	10	0	1	7	within
fs32k	15	all	3	0.649366557598114	rest	10	0	1	7	within
fs32k	15	all	4	0.711002767086029	rest	10	0	1	7	within
fs32k	15	all	5	0.6894658803939819	rest	10	0	1	7	within
fs32k	15	all	6	0.5859843492507935	rest	10	0	1	7	within
fs32k	15	all	7	0.5904790163040161	rest	10	0	1	7	within
fs32k	15	all	8	0.6250900626182556	rest	10	0	1	7	within
fs32k	15	all	9	0.6132082343101501	rest	10	0	1	7	within
fs32k	15	all	10	0.6142153739929199	rest	10	0	1	7	within
fs32k	15	all	11	0.6109172701835632	rest	10	0	1	7	within
fs32k	15	all	1	0.6396539211273193	rest	10	0	1	8	within
fs32k	15	all	2	0.669551432132721	rest	10	0	1	8	within
fs32k	15	all	3	0.6032204627990723	rest	10	0	1	8	within
fs32k	15	all	4	0.7038261890411377	rest	10	0	1	8	within
fs32k	15	all	5	0.6797547936439514	rest	10	0	1	8	within
fs32k	15	all	6	0.6351268887519836	rest	10	0	1	8	within
fs32k	15	all	7	0.6186292171478271	rest	10	0	1	8	within
fs32k	15	all	8	0.613068163394928	rest	10	0	1	8	within
fs32k	15	all	9	0.5959694981575012	rest	10	0	1	8	within
fs32k	15	all	10	0.6287847757339478	rest	10	0	1	8	within
fs32k	15	all	11	0.5788901448249817	rest	10	0	1	8	within
fs32k	15	all	1	0.6029536128044128	rest	10	0	1	9	within
fs32k	15	all	2	0.6797621250152588	rest	10	0	1	9	within
fs32k	15	all	3	0.6408390402793884	rest	10	0	1	9	within
fs32k	15	all	4	0.6622521877288818	rest	10	0	1	9	within
fs32k	15	all	5	0.6860933899879456	rest	10	0	1	9	within
fs32k	15	all	6	0.6409238576889038	rest	10	0	1	9	within
fs32k	15	all	7	0.5901623368263245	rest	10	0	1	9	within
fs32k	15	all	8	0.6351689696311951	rest	10	0	1	9	within
fs32k	15	all	9	0.6403170824050903	rest	10	0	1	9	within
fs32k	15	all	10	0.6398788690567017	rest	10	0	1	9	within
fs32k	15	all	11	0.5658101439476013	rest	10	0	1	9	within
fs32k	15	all	1	0.634928822517395	rest	10	0	1	10	within
fs32k	15	all	2	0.6753363013267517	rest	10	0	1	10	within
fs32k	15	all	3	0.6398152709007263	rest	10	0	1	10	within
fs32k	15	all	4	0.6982081532478333	rest	10	0	1	10	within
fs32k	15	all	5	0.6960650682449341	rest	10	0	1	10	within
fs32k	15	all	6	0.641355037689209	rest	10	0	1	10	within
fs32k	15	all	7	0.6481978893280029	rest	10	0	1	10	within
fs32k	15	all	8	0.6301846504211426	rest	10	0	1	10	within
fs32k	15	all	9	0.6338021755218506	rest	10	0	1	10	within
fs32k	15	all	10	0.6541754007339478	rest	10	0	1	10	within
fs32k	15	all	11	0.5954478979110718	rest	10	0	1	10	within
fs32k	15	all	1	0.59762042760849	rest	10	0	1	11	within
fs32k	15	all	2	0.6459795832633972	rest	10	0	1	11	within
fs32k	15	all	3	0.5966584086418152	rest	10	0	1	11	within
fs32k	15	all	4	0.7021474838256836	rest	10	0	1	11	within
fs32k	15	all	5	0.674445629119873	rest	10	0	1	11	within
fs32k	15	all	6	0.6674957871437073	rest	10	0	1	11	within
fs32k	15	all	7	0.5761498212814331	rest	10	0	1	11	within
fs32k	15	all	8	0.644947350025177	rest	10	0	1	11	within
fs32k	15	all	9	0.6567963361740112	rest	10	0	1	11	within
fs32k	15	all	10	0.6238300800323486	rest	10	0	1	11	within
fs32k	15	all	11	0.6320494413375854	rest	10	0	1	11	within
fs32k	15	all	1	0.553778350353241	rest	10	0	1	12	within
fs32k	15	all	2	0.6463404297828674	rest	10	0	1	12	within
fs32k	15	all	3	0.6162460446357727	rest	10	0	1	12	within
fs32k	15	all	4	0.6675055623054504	rest	10	0	1	12	within
fs32k	15	all	5	0.6609516143798828	rest	10	0	1	12	within
fs32k	15	all	6	0.6395033597946167	rest	10	0	1	12	within
fs32k	15	all	7	0.6065539717674255	rest	10	0	1	12	within
fs32k	15	all	8	0.6476954221725464	rest	10	0	1	12	within
fs32k	15	all	9	0.6095444560050964	rest	10	0	1	12	within
fs32k	15	all	10	0.5887662172317505	rest	10	0	1	12	within
fs32k	15	all	11	0.6220712065696716	rest	10	0	1	12	within
fs32k	15	all	1	0.6104266047477722	rest	10	0	1	13	within
fs32k	15	all	2	0.5883309841156006	rest	10	0	1	13	within
fs32k	15	all	3	0.6193763613700867	rest	10	0	1	13	within
fs32k	15	all	4	0.638942539691925	rest	10	0	1	13	within
fs32k	15	all	5	0.7045503258705139	rest	10	0	1	13	within
fs32k	15	all	6	0.603225588798523	rest	10	0	1	13	within
fs32k	15	all	7	0.5789365172386169	rest	10	0	1	13	within
fs32k	15	all	8	0.6514175534248352	rest	10	0	1	13	within
fs32k	15	all	9	0.6092324256896973	rest	10	0	1	13	within
fs32k	15	all	10	0.6396047472953796	rest	10	0	1	13	within
fs32k	15	all	11	0.5774508714675903	rest	10	0	1	13	within
fs32k	15	all	1	0.618057131767273	rest	10	0	1	14	within
fs32k	15	all	2	0.6506166458129883	rest	10	0	1	14	within
fs32k	15	all	3	0.6434956192970276	rest	10	0	1	14	within
fs32k	15	all	4	0.6939189434051514	rest	10	0	1	14	within
fs32k	15	all	5	0.6686393618583679	rest	10	0	1	14	within
fs32k	15	all	6	0.6610172390937805	rest	10	0	1	14	within
fs32k	15	all	7	0.5962327718734741	rest	10	0	1	14	within
fs32k	15	all	8	0.631986141204834	rest	10	0	1	14	within
fs32k	15	all	9	0.5931071639060974	rest	10	0	1	14	within
fs32k	15	all	10	0.6116912364959717	rest	10	0	1	14	within
fs32k	15	all	11	0.5832894444465637	rest	10	0	1	14	within
fs32k	15	all	1	0.5923861265182495	rest	10	0	1	15	within
fs32k	15	all	2	0.5995444059371948	rest	10	0	1	15	within
fs32k	15	all	3	0.6342527270317078	rest	10	0	1	15	within
fs32k	15	all	4	0.7241965532302856	rest	10	0	1	15	within
fs32k	15	all	5	0.6536839008331299	rest	10	0	1	15	within
fs32k	15	all	6	0.6709387898445129	rest	10	0	1	15	within
fs32k	15	all	7	0.5955694317817688	rest	10	0	1	15	within
fs32k	15	all	8	0.6344667077064514	rest	10	0	1	15	within
fs32k	15	all	9	0.6471689939498901	rest	10	0	1	15	within
fs32k	15	all	10	0.641230046749115	rest	10	0	1	15	within
fs32k	15	all	11	0.6208034753799438	rest	10	0	1	15	within
fs32k	15	all	1	0.6483848690986633	rest	10	0	2	3	within
fs32k	15	all	2	0.6172787547111511	rest	10	0	2	3	within
fs32k	15	all	3	0.622948169708252	rest	10	0	2	3	within
fs32k	15	all	4	0.7322513461112976	rest	10	0	2	3	within
fs32k	15	all	5	0.6772187948226929	rest	10	0	2	3	within
fs32k	15	all	6	0.6364851593971252	rest	10	0	2	3	within
fs32k	15	all	7	0.6128280162811279	rest	10	0	2	3	within
fs32k	15	all	8	0.6480168104171753	rest	10	0	2	3	within
fs32k	15	all	9	0.6667162179946899	rest	10	0	2	3	within
fs32k	15	all	10	0.6226571202278137	rest	10	0	2	3	within
fs32k	15	all	11	0.655219554901123	rest	10	0	2	3	within
fs32k	15	all	1	0.6126134991645813	rest	10	0	2	4	within
fs32k	15	all	2	0.6692231893539429	rest	10	0	2	4	within
fs32k	15	all	3	0.6531484723091125	rest	10	0	2	4	within
fs32k	15	all	4	0.6986994743347168	rest	10	0	2	4	within
fs32k	15	all	5	0.6660462617874146	rest	10	0	2	4	within
fs32k	15	all	6	0.6706675291061401	rest	10	0	2	4	within
fs32k	15	all	7	0.5962700247764587	rest	10	0	2	4	within
fs32k	15	all	8	0.6536898016929626	rest	10	0	2	4	within
fs32k	15	all	9	0.6692553162574768	rest	10	0	2	4	within
fs32k	15	all	10	0.6247243285179138	rest	10	0	2	4	within
fs32k	15	all	11	0.648159384727478	rest	10	0	2	4	within
fs32k	15	all	1	0.6767575740814209	rest	10	0	2	5	within
fs32k	15	all	2	0.6600048542022705	rest	10	0	2	5	within
fs32k	15	all	3	0.6657990217208862	rest	10	0	2	5	within
fs32k	15	all	4	0.7000174522399902	rest	10	0	2	5	within
fs32k	15	all	5	0.676946222782135	rest	10	0	2	5	within
fs32k	15	all	6	0.6586037278175354	rest	10	0	2	5	within
fs32k	15	all	7	0.6040405631065369	rest	10	0	2	5	within
fs32k	15	all	8	0.6525393724441528	rest	10	0	2	5	within
fs32k	15	all	9	0.6591614484786987	rest	10	0	2	5	within
fs32k	15	all	10	0.6128198504447937	rest	10	0	2	5	within
fs32k	15	all	11	0.6191186308860779	rest	10	0	2	5	within
fs32k	15	all	1	0.6059224605560303	rest	10	0	2	6	within
fs32k	15	all	2	0.6432105302810669	rest	10	0	2	6	within
fs32k	15	all	3	0.6031715273857117	rest	10	0	2	6	within
fs32k	15	all	4	0.7182127237319946	rest	10	0	2	6	within
fs32k	15	all	5	0.6825727224349976	rest	10	0	2	6	within
fs32k	15	all	6	0.6109492182731628	rest	10	0	2	6	within
fs32k	15	all	7	0.6195141077041626	rest	10	0	2	6	within
fs32k	15	all	8	0.6536004543304443	rest	10	0	2	6	within
fs32k	15	all	9	0.6649510264396667	rest	10	0	2	6	within
fs32k	15	all	10	0.6150238513946533	rest	10	0	2	6	within
fs32k	15	all	11	0.6559661030769348	rest	10	0	2	6	within
fs32k	15	all	1	0.6036978960037231	rest	10	0	2	7	within
fs32k	15	all	2	0.6215087175369263	rest	10	0	2	7	within
fs32k	15	all	3	0.6439547538757324	rest	10	0	2	7	within
fs32k	15	all	4	0.7165697813034058	rest	10	0	2	7	within
fs32k	15	all	5	0.6579788327217102	rest	10	0	2	7	within
fs32k	15	all	6	0.6143767237663269	rest	10	0	2	7	within
fs32k	15	all	7	0.5960553884506226	rest	10	0	2	7	within
fs32k	15	all	8	0.6301984190940857	rest	10	0	2	7	within
fs32k	15	all	9	0.6554706692695618	rest	10	0	2	7	within
fs32k	15	all	10	0.5840649008750916	rest	10	0	2	7	within
fs32k	15	all	11	0.6543585658073425	rest	10	0	2	7	within
fs32k	15	all	1	0.6276615262031555	rest	10	0	2	8	within
fs32k	15	all	2	0.6393515467643738	rest	10	0	2	8	within
fs32k	15	all	3	0.6003071069717407	rest	10	0	2	8	within
fs32k	15	all	4	0.7038891315460205	rest	10	0	2	8	within
fs32k	15	all	5	0.6704694032669067	rest	10	0	2	8	within
fs32k	15	all	6	0.6349880695343018	rest	10	0	2	8	within
fs32k	15	all	7	0.6218960285186768	rest	10	0	2	8	within
fs32k	15	all	8	0.6234330534934998	rest	10	0	2	8	within
fs32k	15	all	9	0.6562213897705078	rest	10	0	2	8	within
fs32k	15	all	10	0.5921353697776794	rest	10	0	2	8	within
fs32k	15	all	11	0.6140897274017334	rest	10	0	2	8	within
fs32k	15	all	1	0.6334277987480164	rest	10	0	2	9	within
fs32k	15	all	2	0.6382805705070496	rest	10	0	2	9	within
fs32k	15	all	3	0.6379511952400208	rest	10	0	2	9	within
fs32k	15	all	4	0.6558743119239807	rest	10	0	2	9	within
fs32k	15	all	5	0.6619778871536255	rest	10	0	2	9	within
fs32k	15	all	6	0.6293332576751709	rest	10	0	2	9	within
fs32k	15	all	7	0.6297043561935425	rest	10	0	2	9	within
fs32k	15	all	8	0.6157509088516235	rest	10	0	2	9	within
fs32k	15	all	9	0.6773605942726135	rest	10	0	2	9	within
fs32k	15	all	10	0.5863951444625854	rest	10	0	2	9	within
fs32k	15	all	11	0.6277149319648743	rest	10	0	2	9	within
fs32k	15	all	1	0.6750425696372986	rest	10	0	2	10	within
fs32k	15	all	2	0.6588268280029297	rest	10	0	2	10	within
fs32k	15	all	3	0.640204668045044	rest	10	0	2	10	within
fs32k	15	all	4	0.6913513541221619	rest	10	0	2	10	within
fs32k	15	all	5	0.6496249437332153	rest	10	0	2	10	within
fs32k	15	all	6	0.6454855799674988	rest	10	0	2	10	within
fs32k	15	all	7	0.6168186664581299	rest	10	0	2	10	within
fs32k	15	all	8	0.6296775937080383	rest	10	0	2	10	within
fs32k	15	all	9	0.676386833190918	rest	10	0	2	10	within
fs32k	15	all	10	0.6182295083999634	rest	10	0	2	10	within
fs32k	15	all	11	0.6062138080596924	rest	10	0	2	10	within
fs32k	15	all	1	0.6157000660896301	rest	10	0	2	11	within
fs32k	15	all	2	0.6434885859489441	rest	10	0	2	11	within
fs32k	15	all	3	0.5978321433067322	rest	10	0	2	11	within
fs32k	15	all	4	0.6805832386016846	rest	10	0	2	11	within
fs32k	15	all	5	0.6599576473236084	rest	10	0	2	11	within
fs32k	15	all	6	0.6388410329818726	rest	10	0	2	11	within
fs32k	15	all	7	0.5768739581108093	rest	10	0	2	11	within
fs32k	15	all	8	0.6472781300544739	rest	10	0	2	11	within
fs32k	15	all	9	0.6113614439964294	rest	10	0	2	11	within
fs32k	15	all	10	0.6028433442115784	rest	10	0	2	11	within
fs32k	15	all	11	0.6094664335250854	rest	10	0	2	11	within
fs32k	15	all	1	0.5982898473739624	rest	10	0	2	12	within
fs32k	15	all	2	0.6484788656234741	rest	10	0	2	12	within
fs32k	15	all	3	0.6132290363311768	rest	10	0	2	12	within
fs32k	15	all	4	0.6698686480522156	rest	10	0	2	12	within
fs32k	15	all	5	0.6504574418067932	rest	10	0	2	12	within
fs32k	15	all	6	0.6573323011398315	rest	10	0	2	12	within
fs32k	15	all	7	0.6058440208435059	rest	10	0	2	12	within
fs32k	15	all	8	0.6488290429115295	rest	10	0	2	12	within
fs32k	15	all	9	0.663247287273407	rest	10	0	2	12	within
fs32k	15	all	10	0.6197054982185364	rest	10	0	2	12	within
fs32k	15	all	11	0.6138155460357666	rest	10	0	2	12	within
fs32k	15	all	1	0.6725466847419739	rest	10	0	2	13	within
fs32k	15	all	2	0.5823013782501221	rest	10	0	2	13	within
fs32k	15	all	3	0.6466652154922485	rest	10	0	2	13	within
fs32k	15	all	4	0.6370033621788025	rest	10	0	2	13	within
fs32k	15	all	5	0.6883413195610046	rest	10	0	2	13	within
fs32k	15	all	6	0.6220158338546753	rest	10	0	2	13	within
fs32k	15	all	7	0.6263032555580139	rest	10	0	2	13	within
fs32k	15	all	8	0.6389740109443665	rest	10	0	2	13	within
fs32k	15	all	9	0.6470863223075867	rest	10	0	2	13	within
fs32k	15	all	10	0.6054556965827942	rest	10	0	2	13	within
fs32k	15	all	11	0.6371302008628845	rest	10	0	2	13	within
fs32k	15	all	1	0.6440718770027161	rest	10	0	2	14	within
fs32k	15	all	2	0.6419171690940857	rest	10	0	2	14	within
fs32k	15	all	3	0.6559674143791199	rest	10	0	2	14	within
fs32k	15	all	4	0.6764025688171387	rest	10	0	2	14	within
fs32k	15	all	5	0.684598445892334	rest	10	0	2	14	within
fs32k	15	all	6	0.645547091960907	rest	10	0	2	14	within
fs32k	15	all	7	0.5736107230186462	rest	10	0	2	14	within
fs32k	15	all	8	0.6174657940864563	rest	10	0	2	14	within
fs32k	15	all	9	0.6280092000961304	rest	10	0	2	14	within
fs32k	15	all	10	0.6012846827507019	rest	10	0	2	14	within
fs32k	15	all	11	0.6142930388450623	rest	10	0	2	14	within
fs32k	15	all	1	0.586510181427002	rest	10	0	2	15	within
fs32k	15	all	2	0.6420467495918274	rest	10	0	2	15	within
fs32k	15	all	3	0.6393380165100098	rest	10	0	2	15	within
fs32k	15	all	4	0.7018943428993225	rest	10	0	2	15	within
fs32k	15	all	5	0.6673625111579895	rest	10	0	2	15	within
fs32k	15	all	6	0.6426792740821838	rest	10	0	2	15	within
fs32k	15	all	7	0.5940736532211304	rest	10	0	2	15	within
fs32k	15	all	8	0.6184448003768921	rest	10	0	2	15	within
fs32k	15	all	9	0.6522749662399292	rest	10	0	2	15	within
fs32k	15	all	10	0.5841123461723328	rest	10	0	2	15	within
fs32k	15	all	11	0.6355306506156921	rest	10	0	2	15	within
fs32k	15	all	1	0.6308546662330627	rest	10	0	3	4	within
fs32k	15	all	2	0.6300634741783142	rest	10	0	3	4	within
fs32k	15	all	3	0.5976508259773254	rest	10	0	3	4	within
fs32k	15	all	4	0.7188308835029602	rest	10	0	3	4	within
fs32k	15	all	5	0.7006264925003052	rest	10	0	3	4	within
fs32k	15	all	6	0.6719896793365479	rest	10	0	3	4	within
fs32k	15	all	7	0.6184297800064087	rest	10	0	3	4	within
fs32k	15	all	8	0.6891081929206848	rest	10	0	3	4	within
fs32k	15	all	9	0.6635202169418335	rest	10	0	3	4	within
fs32k	15	all	10	0.6064580082893372	rest	10	0	3	4	within
fs32k	15	all	11	0.6323370337486267	rest	10	0	3	4	within
fs32k	15	all	1	0.6313354969024658	rest	10	0	3	5	within
fs32k	15	all	2	0.5973886251449585	rest	10	0	3	5	within
fs32k	15	all	3	0.6431546807289124	rest	10	0	3	5	within
fs32k	15	all	4	0.7260279655456543	rest	10	0	3	5	within
fs32k	15	all	5	0.7195799946784973	rest	10	0	3	5	within
fs32k	15	all	6	0.6565728783607483	rest	10	0	3	5	within
fs32k	15	all	7	0.612137496471405	rest	10	0	3	5	within
fs32k	15	all	8	0.6799963712692261	rest	10	0	3	5	within
fs32k	15	all	9	0.6277025938034058	rest	10	0	3	5	within
fs32k	15	all	10	0.5986517667770386	rest	10	0	3	5	within
fs32k	15	all	11	0.6478533744812012	rest	10	0	3	5	within
fs32k	15	all	1	0.5930284261703491	rest	10	0	3	6	within
fs32k	15	all	2	0.6369423270225525	rest	10	0	3	6	within
fs32k	15	all	3	0.6342969536781311	rest	10	0	3	6	within
fs32k	15	all	4	0.7202248573303223	rest	10	0	3	6	within
fs32k	15	all	5	0.686539351940155	rest	10	0	3	6	within
fs32k	15	all	6	0.6515595316886902	rest	10	0	3	6	within
fs32k	15	all	7	0.630810022354126	rest	10	0	3	6	within
fs32k	15	all	8	0.6645157337188721	rest	10	0	3	6	within
fs32k	15	all	9	0.7079463601112366	rest	10	0	3	6	within
fs32k	15	all	10	0.6254456639289856	rest	10	0	3	6	within
fs32k	15	all	11	0.7010387778282166	rest	10	0	3	6	within
fs32k	15	all	1	0.6050372123718262	rest	10	0	3	7	within
fs32k	15	all	2	0.6111501455307007	rest	10	0	3	7	within
fs32k	15	all	3	0.6524010300636292	rest	10	0	3	7	within
fs32k	15	all	4	0.7064210772514343	rest	10	0	3	7	within
fs32k	15	all	5	0.6631940603256226	rest	10	0	3	7	within
fs32k	15	all	6	0.6464841961860657	rest	10	0	3	7	within
fs32k	15	all	7	0.6095297932624817	rest	10	0	3	7	within
fs32k	15	all	8	0.6840089559555054	rest	10	0	3	7	within
fs32k	15	all	9	0.6288329362869263	rest	10	0	3	7	within
fs32k	15	all	10	0.6020255088806152	rest	10	0	3	7	within
fs32k	15	all	11	0.6457133293151855	rest	10	0	3	7	within
fs32k	15	all	1	0.6424834132194519	rest	10	0	3	8	within
fs32k	15	all	2	0.6180565357208252	rest	10	0	3	8	within
fs32k	15	all	3	0.6273254156112671	rest	10	0	3	8	within
fs32k	15	all	4	0.7150624990463257	rest	10	0	3	8	within
fs32k	15	all	5	0.6857478022575378	rest	10	0	3	8	within
fs32k	15	all	6	0.6256639361381531	rest	10	0	3	8	within
fs32k	15	all	7	0.6040396690368652	rest	10	0	3	8	within
fs32k	15	all	8	0.6558923721313477	rest	10	0	3	8	within
fs32k	15	all	9	0.6234481930732727	rest	10	0	3	8	within
fs32k	15	all	10	0.6130869388580322	rest	10	0	3	8	within
fs32k	15	all	11	0.6046072244644165	rest	10	0	3	8	within
fs32k	15	all	1	0.6278970241546631	rest	10	0	3	9	within
fs32k	15	all	2	0.6315683126449585	rest	10	0	3	9	within
fs32k	15	all	3	0.648348867893219	rest	10	0	3	9	within
fs32k	15	all	4	0.6688732504844666	rest	10	0	3	9	within
fs32k	15	all	5	0.6724791526794434	rest	10	0	3	9	within
fs32k	15	all	6	0.6367167234420776	rest	10	0	3	9	within
fs32k	15	all	7	0.6118862628936768	rest	10	0	3	9	within
fs32k	15	all	8	0.61308753490448	rest	10	0	3	9	within
fs32k	15	all	9	0.6389737725257874	rest	10	0	3	9	within
fs32k	15	all	10	0.6359137296676636	rest	10	0	3	9	within
fs32k	15	all	11	0.6077104210853577	rest	10	0	3	9	within
fs32k	15	all	1	0.6650412082672119	rest	10	0	3	10	within
fs32k	15	all	2	0.6482159495353699	rest	10	0	3	10	within
fs32k	15	all	3	0.6351476311683655	rest	10	0	3	10	within
fs32k	15	all	4	0.7112755179405212	rest	10	0	3	10	within
fs32k	15	all	5	0.6640723347663879	rest	10	0	3	10	within
fs32k	15	all	6	0.6493327021598816	rest	10	0	3	10	within
fs32k	15	all	7	0.6386625170707703	rest	10	0	3	10	within
fs32k	15	all	8	0.6269956231117249	rest	10	0	3	10	within
fs32k	15	all	9	0.6587909460067749	rest	10	0	3	10	within
fs32k	15	all	10	0.6279404163360596	rest	10	0	3	10	within
fs32k	15	all	11	0.6324536800384521	rest	10	0	3	10	within
fs32k	15	all	1	0.6212390065193176	rest	10	0	3	11	within
fs32k	15	all	2	0.6231826543807983	rest	10	0	3	11	within
fs32k	15	all	3	0.62122642993927	rest	10	0	3	11	within
fs32k	15	all	4	0.7080527544021606	rest	10	0	3	11	within
fs32k	15	all	5	0.7131180167198181	rest	10	0	3	11	within
fs32k	15	all	6	0.6255175471305847	rest	10	0	3	11	within
fs32k	15	all	7	0.5649638772010803	rest	10	0	3	11	within
fs32k	15	all	8	0.6498212814331055	rest	10	0	3	11	within
fs32k	15	all	9	0.6139172911643982	rest	10	0	3	11	within
fs32k	15	all	10	0.6573147177696228	rest	10	0	3	11	within
fs32k	15	all	11	0.6450173258781433	rest	10	0	3	11	within
fs32k	15	all	1	0.5984455347061157	rest	10	0	3	12	within
fs32k	15	all	2	0.6030197739601135	rest	10	0	3	12	within
fs32k	15	all	3	0.5938704609870911	rest	10	0	3	12	within
fs32k	15	all	4	0.6963045597076416	rest	10	0	3	12	within
fs32k	15	all	5	0.6894770860671997	rest	10	0	3	12	within
fs32k	15	all	6	0.6551401615142822	rest	10	0	3	12	within
fs32k	15	all	7	0.5877421498298645	rest	10	0	3	12	within
fs32k	15	all	8	0.6504524350166321	rest	10	0	3	12	within
fs32k	15	all	9	0.6514284014701843	rest	10	0	3	12	within
fs32k	15	all	10	0.640931248664856	rest	10	0	3	12	within
fs32k	15	all	11	0.6520833969116211	rest	10	0	3	12	within
fs32k	15	all	1	0.6280759572982788	rest	10	0	3	13	within
fs32k	15	all	2	0.603531539440155	rest	10	0	3	13	within
fs32k	15	all	3	0.5939494967460632	rest	10	0	3	13	within
fs32k	15	all	4	0.6591269373893738	rest	10	0	3	13	within
fs32k	15	all	5	0.6516339778900146	rest	10	0	3	13	within
fs32k	15	all	6	0.6354350447654724	rest	10	0	3	13	within
fs32k	15	all	7	0.6018280386924744	rest	10	0	3	13	within
fs32k	15	all	8	0.6789736747741699	rest	10	0	3	13	within
fs32k	15	all	9	0.6294188499450684	rest	10	0	3	13	within
fs32k	15	all	10	0.6715718507766724	rest	10	0	3	13	within
fs32k	15	all	11	0.6179823279380798	rest	10	0	3	13	within
fs32k	15	all	1	0.6362769603729248	rest	10	0	3	14	within
fs32k	15	all	2	0.6207910180091858	rest	10	0	3	14	within
fs32k	15	all	3	0.6214648485183716	rest	10	0	3	14	within
fs32k	15	all	4	0.7228598594665527	rest	10	0	3	14	within
fs32k	15	all	5	0.7062771916389465	rest	10	0	3	14	within
fs32k	15	all	6	0.6082099676132202	rest	10	0	3	14	within
fs32k	15	all	7	0.6022301912307739	rest	10	0	3	14	within
fs32k	15	all	8	0.6143964529037476	rest	10	0	3	14	within
fs32k	15	all	9	0.6370584964752197	rest	10	0	3	14	within
fs32k	15	all	10	0.6301901340484619	rest	10	0	3	14	within
fs32k	15	all	11	0.603159487247467	rest	10	0	3	14	within
fs32k	15	all	1	0.6186859607696533	rest	10	0	3	15	within
fs32k	15	all	2	0.6055426597595215	rest	10	0	3	15	within
fs32k	15	all	3	0.6298825144767761	rest	10	0	3	15	within
fs32k	15	all	4	0.7214156985282898	rest	10	0	3	15	within
fs32k	15	all	5	0.6665424108505249	rest	10	0	3	15	within
fs32k	15	all	6	0.6603129506111145	rest	10	0	3	15	within
fs32k	15	all	7	0.5875389575958252	rest	10	0	3	15	within
fs32k	15	all	8	0.6432740688323975	rest	10	0	3	15	within
fs32k	15	all	9	0.6524683833122253	rest	10	0	3	15	within
fs32k	15	all	10	0.6327936053276062	rest	10	0	3	15	within
fs32k	15	all	11	0.6433180570602417	rest	10	0	3	15	within
fs32k	15	all	1	0.6073192954063416	rest	10	0	4	5	within
fs32k	15	all	2	0.6708652973175049	rest	10	0	4	5	within
fs32k	15	all	3	0.6159315705299377	rest	10	0	4	5	within
fs32k	15	all	4	0.7403720021247864	rest	10	0	4	5	within
fs32k	15	all	5	0.7185173034667969	rest	10	0	4	5	within
fs32k	15	all	6	0.6835090517997742	rest	10	0	4	5	within
fs32k	15	all	7	0.625447690486908	rest	10	0	4	5	within
fs32k	15	all	8	0.6852928996086121	rest	10	0	4	5	within
fs32k	15	all	9	0.6673169136047363	rest	10	0	4	5	within
fs32k	15	all	10	0.6452199816703796	rest	10	0	4	5	within
fs32k	15	all	11	0.6123155355453491	rest	10	0	4	5	within
fs32k	15	all	1	0.6099579334259033	rest	10	0	4	6	within
fs32k	15	all	2	0.6404475569725037	rest	10	0	4	6	within
fs32k	15	all	3	0.5857964158058167	rest	10	0	4	6	within
fs32k	15	all	4	0.7001322507858276	rest	10	0	4	6	within
fs32k	15	all	5	0.6812959313392639	rest	10	0	4	6	within
fs32k	15	all	6	0.6380702257156372	rest	10	0	4	6	within
fs32k	15	all	7	0.5972447991371155	rest	10	0	4	6	within
fs32k	15	all	8	0.6841052174568176	rest	10	0	4	6	within
fs32k	15	all	9	0.6538722515106201	rest	10	0	4	6	within
fs32k	15	all	10	0.6086180210113525	rest	10	0	4	6	within
fs32k	15	all	11	0.6361120939254761	rest	10	0	4	6	within
fs32k	15	all	1	0.5959075093269348	rest	10	0	4	7	within
fs32k	15	all	2	0.6672508716583252	rest	10	0	4	7	within
fs32k	15	all	3	0.6283770799636841	rest	10	0	4	7	within
fs32k	15	all	4	0.7070134282112122	rest	10	0	4	7	within
fs32k	15	all	5	0.6585749387741089	rest	10	0	4	7	within
fs32k	15	all	6	0.632249116897583	rest	10	0	4	7	within
fs32k	15	all	7	0.6325163245201111	rest	10	0	4	7	within
fs32k	15	all	8	0.6825301051139832	rest	10	0	4	7	within
fs32k	15	all	9	0.6487122178077698	rest	10	0	4	7	within
fs32k	15	all	10	0.6239348649978638	rest	10	0	4	7	within
fs32k	15	all	11	0.6711499094963074	rest	10	0	4	7	within
fs32k	15	all	1	0.6198781728744507	rest	10	0	4	8	within
fs32k	15	all	2	0.662085235118866	rest	10	0	4	8	within
fs32k	15	all	3	0.546933650970459	rest	10	0	4	8	within
fs32k	15	all	4	0.7184976935386658	rest	10	0	4	8	within
fs32k	15	all	5	0.6847556233406067	rest	10	0	4	8	within
fs32k	15	all	6	0.6732662320137024	rest	10	0	4	8	within
fs32k	15	all	7	0.6413069367408752	rest	10	0	4	8	within
fs32k	15	all	8	0.6375243067741394	rest	10	0	4	8	within
fs32k	15	all	9	0.6312252879142761	rest	10	0	4	8	within
fs32k	15	all	10	0.5982698202133179	rest	10	0	4	8	within
fs32k	15	all	11	0.6832655072212219	rest	10	0	4	8	within
fs32k	15	all	1	0.6454418301582336	rest	10	0	4	9	within
fs32k	15	all	2	0.6456915140151978	rest	10	0	4	9	within
fs32k	15	all	3	0.6124631762504578	rest	10	0	4	9	within
fs32k	15	all	4	0.6543381214141846	rest	10	0	4	9	within
fs32k	15	all	5	0.6973981857299805	rest	10	0	4	9	within
fs32k	15	all	6	0.6666616201400757	rest	10	0	4	9	within
fs32k	15	all	7	0.6376076340675354	rest	10	0	4	9	within
fs32k	15	all	8	0.662047266960144	rest	10	0	4	9	within
fs32k	15	all	9	0.6303699016571045	rest	10	0	4	9	within
fs32k	15	all	10	0.6008791923522949	rest	10	0	4	9	within
fs32k	15	all	11	0.6303407549858093	rest	10	0	4	9	within
fs32k	15	all	1	0.649985671043396	rest	10	0	4	10	within
fs32k	15	all	2	0.6378095149993896	rest	10	0	4	10	within
fs32k	15	all	3	0.5764923691749573	rest	10	0	4	10	within
fs32k	15	all	4	0.7005151510238647	rest	10	0	4	10	within
fs32k	15	all	5	0.7022369503974915	rest	10	0	4	10	within
fs32k	15	all	6	0.6897632479667664	rest	10	0	4	10	within
fs32k	15	all	7	0.6361444592475891	rest	10	0	4	10	within
fs32k	15	all	8	0.6618969440460205	rest	10	0	4	10	within
fs32k	15	all	9	0.656865119934082	rest	10	0	4	10	within
fs32k	15	all	10	0.6473824977874756	rest	10	0	4	10	within
fs32k	15	all	11	0.6278365850448608	rest	10	0	4	10	within
fs32k	15	all	1	0.6289481520652771	rest	10	0	4	11	within
fs32k	15	all	2	0.6547446250915527	rest	10	0	4	11	within
fs32k	15	all	3	0.5976719260215759	rest	10	0	4	11	within
fs32k	15	all	4	0.7083430290222168	rest	10	0	4	11	within
fs32k	15	all	5	0.7070280909538269	rest	10	0	4	11	within
fs32k	15	all	6	0.6666606068611145	rest	10	0	4	11	within
fs32k	15	all	7	0.6104534268379211	rest	10	0	4	11	within
fs32k	15	all	8	0.6723423600196838	rest	10	0	4	11	within
fs32k	15	all	9	0.5831025838851929	rest	10	0	4	11	within
fs32k	15	all	10	0.5841124653816223	rest	10	0	4	11	within
fs32k	15	all	11	0.6370975971221924	rest	10	0	4	11	within
fs32k	15	all	1	0.59480220079422	rest	10	0	4	12	within
fs32k	15	all	2	0.6523574590682983	rest	10	0	4	12	within
fs32k	15	all	3	0.6109798550605774	rest	10	0	4	12	within
fs32k	15	all	4	0.7090796232223511	rest	10	0	4	12	within
fs32k	15	all	5	0.6927458047866821	rest	10	0	4	12	within
fs32k	15	all	6	0.6929513216018677	rest	10	0	4	12	within
fs32k	15	all	7	0.6405562162399292	rest	10	0	4	12	within
fs32k	15	all	8	0.6589822769165039	rest	10	0	4	12	within
fs32k	15	all	9	0.6540258526802063	rest	10	0	4	12	within
fs32k	15	all	10	0.5906423330307007	rest	10	0	4	12	within
fs32k	15	all	11	0.6392481923103333	rest	10	0	4	12	within
fs32k	15	all	1	0.6060445308685303	rest	10	0	4	13	within
fs32k	15	all	2	0.6035646796226501	rest	10	0	4	13	within
fs32k	15	all	3	0.6055899858474731	rest	10	0	4	13	within
fs32k	15	all	4	0.6901524066925049	rest	10	0	4	13	within
fs32k	15	all	5	0.7054562568664551	rest	10	0	4	13	within
fs32k	15	all	6	0.6594582200050354	rest	10	0	4	13	within
fs32k	15	all	7	0.6110313534736633	rest	10	0	4	13	within
fs32k	15	all	8	0.6682825088500977	rest	10	0	4	13	within
fs32k	15	all	9	0.6602098345756531	rest	10	0	4	13	within
fs32k	15	all	10	0.5966203212738037	rest	10	0	4	13	within
fs32k	15	all	11	0.6423761248588562	rest	10	0	4	13	within
fs32k	15	all	1	0.6207261085510254	rest	10	0	4	14	within
fs32k	15	all	2	0.6416029930114746	rest	10	0	4	14	within
fs32k	15	all	3	0.6368102431297302	rest	10	0	4	14	within
fs32k	15	all	4	0.7218142747879028	rest	10	0	4	14	within
fs32k	15	all	5	0.7042556405067444	rest	10	0	4	14	within
fs32k	15	all	6	0.68461674451828	rest	10	0	4	14	within
fs32k	15	all	7	0.624618411064148	rest	10	0	4	14	within
fs32k	15	all	8	0.6399985551834106	rest	10	0	4	14	within
fs32k	15	all	9	0.638608455657959	rest	10	0	4	14	within
fs32k	15	all	10	0.6492817401885986	rest	10	0	4	14	within
fs32k	15	all	11	0.6470996141433716	rest	10	0	4	14	within
fs32k	15	all	1	0.6088938117027283	rest	10	0	4	15	within
fs32k	15	all	2	0.6155038475990295	rest	10	0	4	15	within
fs32k	15	all	3	0.5824766755104065	rest	10	0	4	15	within
fs32k	15	all	4	0.7350354194641113	rest	10	0	4	15	within
fs32k	15	all	5	0.6682224869728088	rest	10	0	4	15	within
fs32k	15	all	6	0.6877791285514832	rest	10	0	4	15	within
fs32k	15	all	7	0.6144450306892395	rest	10	0	4	15	within
fs32k	15	all	8	0.6580294370651245	rest	10	0	4	15	within
fs32k	15	all	9	0.6052507162094116	rest	10	0	4	15	within
fs32k	15	all	10	0.5938799977302551	rest	10	0	4	15	within
fs32k	15	all	11	0.6326659321784973	rest	10	0	4	15	within
fs32k	15	all	1	0.6037854552268982	rest	10	0	5	6	within
fs32k	15	all	2	0.614078938961029	rest	10	0	5	6	within
fs32k	15	all	3	0.6322824358940125	rest	10	0	5	6	within
fs32k	15	all	4	0.7098839282989502	rest	10	0	5	6	within
fs32k	15	all	5	0.6785690784454346	rest	10	0	5	6	within
fs32k	15	all	6	0.6182359457015991	rest	10	0	5	6	within
fs32k	15	all	7	0.6166890859603882	rest	10	0	5	6	within
fs32k	15	all	8	0.6845506429672241	rest	10	0	5	6	within
fs32k	15	all	9	0.623058557510376	rest	10	0	5	6	within
fs32k	15	all	10	0.6442474722862244	rest	10	0	5	6	within
fs32k	15	all	11	0.623274564743042	rest	10	0	5	6	within
fs32k	15	all	1	0.6189590692520142	rest	10	0	5	7	within
fs32k	15	all	2	0.6248410940170288	rest	10	0	5	7	within
fs32k	15	all	3	0.6614102125167847	rest	10	0	5	7	within
fs32k	15	all	4	0.702358603477478	rest	10	0	5	7	within
fs32k	15	all	5	0.6523252129554749	rest	10	0	5	7	within
fs32k	15	all	6	0.6183204054832458	rest	10	0	5	7	within
fs32k	15	all	7	0.6093820929527283	rest	10	0	5	7	within
fs32k	15	all	8	0.6628629565238953	rest	10	0	5	7	within
fs32k	15	all	9	0.6500317454338074	rest	10	0	5	7	within
fs32k	15	all	10	0.6225267052650452	rest	10	0	5	7	within
fs32k	15	all	11	0.6726194024085999	rest	10	0	5	7	within
fs32k	15	all	1	0.6395674347877502	rest	10	0	5	8	within
fs32k	15	all	2	0.6435431241989136	rest	10	0	5	8	within
fs32k	15	all	3	0.633460283279419	rest	10	0	5	8	within
fs32k	15	all	4	0.7468022704124451	rest	10	0	5	8	within
fs32k	15	all	5	0.6783741116523743	rest	10	0	5	8	within
fs32k	15	all	6	0.6636667251586914	rest	10	0	5	8	within
fs32k	15	all	7	0.613199770450592	rest	10	0	5	8	within
fs32k	15	all	8	0.6129873394966125	rest	10	0	5	8	within
fs32k	15	all	9	0.6444617509841919	rest	10	0	5	8	within
fs32k	15	all	10	0.5967162251472473	rest	10	0	5	8	within
fs32k	15	all	11	0.6295421123504639	rest	10	0	5	8	within
fs32k	15	all	1	0.6571584343910217	rest	10	0	5	9	within
fs32k	15	all	2	0.6279874444007874	rest	10	0	5	9	within
fs32k	15	all	3	0.6753883957862854	rest	10	0	5	9	within
fs32k	15	all	4	0.6612117886543274	rest	10	0	5	9	within
fs32k	15	all	5	0.6757493615150452	rest	10	0	5	9	within
fs32k	15	all	6	0.6719993948936462	rest	10	0	5	9	within
fs32k	15	all	7	0.6186959147453308	rest	10	0	5	9	within
fs32k	15	all	8	0.6618211269378662	rest	10	0	5	9	within
fs32k	15	all	9	0.659306526184082	rest	10	0	5	9	within
fs32k	15	all	10	0.6055084466934204	rest	10	0	5	9	within
fs32k	15	all	11	0.6318545341491699	rest	10	0	5	9	within
fs32k	15	all	1	0.672680675983429	rest	10	0	5	10	within
fs32k	15	all	2	0.6248000264167786	rest	10	0	5	10	within
fs32k	15	all	3	0.6685824990272522	rest	10	0	5	10	within
fs32k	15	all	4	0.7193995714187622	rest	10	0	5	10	within
fs32k	15	all	5	0.6826596856117249	rest	10	0	5	10	within
fs32k	15	all	6	0.6592763662338257	rest	10	0	5	10	within
fs32k	15	all	7	0.6080356240272522	rest	10	0	5	10	within
fs32k	15	all	8	0.6695443987846375	rest	10	0	5	10	within
fs32k	15	all	9	0.6574995517730713	rest	10	0	5	10	within
fs32k	15	all	10	0.6013630032539368	rest	10	0	5	10	within
fs32k	15	all	11	0.6923148036003113	rest	10	0	5	10	within
fs32k	15	all	1	0.6159459948539734	rest	10	0	5	11	within
fs32k	15	all	2	0.6494562029838562	rest	10	0	5	11	within
fs32k	15	all	3	0.6077787280082703	rest	10	0	5	11	within
fs32k	15	all	4	0.7168968915939331	rest	10	0	5	11	within
fs32k	15	all	5	0.698223888874054	rest	10	0	5	11	within
fs32k	15	all	6	0.6496738195419312	rest	10	0	5	11	within
fs32k	15	all	7	0.562696635723114	rest	10	0	5	11	within
fs32k	15	all	8	0.6653189659118652	rest	10	0	5	11	within
fs32k	15	all	9	0.5948725938796997	rest	10	0	5	11	within
fs32k	15	all	10	0.5825147032737732	rest	10	0	5	11	within
fs32k	15	all	11	0.6670278310775757	rest	10	0	5	11	within
fs32k	15	all	1	0.6177716851234436	rest	10	0	5	12	within
fs32k	15	all	2	0.6573720574378967	rest	10	0	5	12	within
fs32k	15	all	3	0.61698317527771	rest	10	0	5	12	within
fs32k	15	all	4	0.7115957736968994	rest	10	0	5	12	within
fs32k	15	all	5	0.6694971323013306	rest	10	0	5	12	within
fs32k	15	all	6	0.6456694602966309	rest	10	0	5	12	within
fs32k	15	all	7	0.6143552660942078	rest	10	0	5	12	within
fs32k	15	all	8	0.6280105710029602	rest	10	0	5	12	within
fs32k	15	all	9	0.6602217555046082	rest	10	0	5	12	within
fs32k	15	all	10	0.5951186418533325	rest	10	0	5	12	within
fs32k	15	all	11	0.677354633808136	rest	10	0	5	12	within
fs32k	15	all	1	0.6651946306228638	rest	10	0	5	13	within
fs32k	15	all	2	0.581260085105896	rest	10	0	5	13	within
fs32k	15	all	3	0.6312625408172607	rest	10	0	5	13	within
fs32k	15	all	4	0.6757193803787231	rest	10	0	5	13	within
fs32k	15	all	5	0.6792181730270386	rest	10	0	5	13	within
fs32k	15	all	6	0.6458112597465515	rest	10	0	5	13	within
fs32k	15	all	7	0.589169979095459	rest	10	0	5	13	within
fs32k	15	all	8	0.6703162789344788	rest	10	0	5	13	within
fs32k	15	all	9	0.6391721367835999	rest	10	0	5	13	within
fs32k	15	all	10	0.6008177995681763	rest	10	0	5	13	within
fs32k	15	all	11	0.6560542583465576	rest	10	0	5	13	within
fs32k	15	all	1	0.6600250601768494	rest	10	0	5	14	within
fs32k	15	all	2	0.6280980110168457	rest	10	0	5	14	within
fs32k	15	all	3	0.6567267179489136	rest	10	0	5	14	within
fs32k	15	all	4	0.7194762229919434	rest	10	0	5	14	within
fs32k	15	all	5	0.6967611312866211	rest	10	0	5	14	within
fs32k	15	all	6	0.6861613392829895	rest	10	0	5	14	within
fs32k	15	all	7	0.5890277028083801	rest	10	0	5	14	within
fs32k	15	all	8	0.6345086693763733	rest	10	0	5	14	within
fs32k	15	all	9	0.605902373790741	rest	10	0	5	14	within
fs32k	15	all	10	0.5964037775993347	rest	10	0	5	14	within
fs32k	15	all	11	0.6723625659942627	rest	10	0	5	14	within
fs32k	15	all	1	0.6006408929824829	rest	10	0	5	15	within
fs32k	15	all	2	0.6429399251937866	rest	10	0	5	15	within
fs32k	15	all	3	0.6466270685195923	rest	10	0	5	15	within
fs32k	15	all	4	0.7536738514900208	rest	10	0	5	15	within
fs32k	15	all	5	0.6530145406723022	rest	10	0	5	15	within
fs32k	15	all	6	0.6534081101417542	rest	10	0	5	15	within
fs32k	15	all	7	0.5818134546279907	rest	10	0	5	15	within
fs32k	15	all	8	0.6667038202285767	rest	10	0	5	15	within
fs32k	15	all	9	0.6279996633529663	rest	10	0	5	15	within
fs32k	15	all	10	0.5932956337928772	rest	10	0	5	15	within
fs32k	15	all	11	0.6418517231941223	rest	10	0	5	15	within
fs32k	15	all	1	0.655457615852356	rest	10	0	6	7	within
fs32k	15	all	2	0.6389821767807007	rest	10	0	6	7	within
fs32k	15	all	3	0.6351516842842102	rest	10	0	6	7	within
fs32k	15	all	4	0.727144181728363	rest	10	0	6	7	within
fs32k	15	all	5	0.7337909936904907	rest	10	0	6	7	within
fs32k	15	all	6	0.6208366751670837	rest	10	0	6	7	within
fs32k	15	all	7	0.593454122543335	rest	10	0	6	7	within
fs32k	15	all	8	0.6487641930580139	rest	10	0	6	7	within
fs32k	15	all	9	0.6580288410186768	rest	10	0	6	7	within
fs32k	15	all	10	0.6454170346260071	rest	10	0	6	7	within
fs32k	15	all	11	0.6383869647979736	rest	10	0	6	7	within
fs32k	15	all	1	0.6031085848808289	rest	10	0	6	8	within
fs32k	15	all	2	0.6393812894821167	rest	10	0	6	8	within
fs32k	15	all	3	0.5940044522285461	rest	10	0	6	8	within
fs32k	15	all	4	0.7313258051872253	rest	10	0	6	8	within
fs32k	15	all	5	0.7117162346839905	rest	10	0	6	8	within
fs32k	15	all	6	0.6275880336761475	rest	10	0	6	8	within
fs32k	15	all	7	0.6312878131866455	rest	10	0	6	8	within
fs32k	15	all	8	0.6166892051696777	rest	10	0	6	8	within
fs32k	15	all	9	0.6204972863197327	rest	10	0	6	8	within
fs32k	15	all	10	0.6036062836647034	rest	10	0	6	8	within
fs32k	15	all	11	0.6017277240753174	rest	10	0	6	8	within
fs32k	15	all	1	0.6561533808708191	rest	10	0	6	9	within
fs32k	15	all	2	0.6369739770889282	rest	10	0	6	9	within
fs32k	15	all	3	0.6260501146316528	rest	10	0	6	9	within
fs32k	15	all	4	0.6520138382911682	rest	10	0	6	9	within
fs32k	15	all	5	0.683788001537323	rest	10	0	6	9	within
fs32k	15	all	6	0.6008630990982056	rest	10	0	6	9	within
fs32k	15	all	7	0.6246145963668823	rest	10	0	6	9	within
fs32k	15	all	8	0.64691561460495	rest	10	0	6	9	within
fs32k	15	all	9	0.6359063982963562	rest	10	0	6	9	within
fs32k	15	all	10	0.6209959983825684	rest	10	0	6	9	within
fs32k	15	all	11	0.5894531607627869	rest	10	0	6	9	within
fs32k	15	all	1	0.6431149840354919	rest	10	0	6	10	within
fs32k	15	all	2	0.6480648517608643	rest	10	0	6	10	within
fs32k	15	all	3	0.6352505087852478	rest	10	0	6	10	within
fs32k	15	all	4	0.7405630946159363	rest	10	0	6	10	within
fs32k	15	all	5	0.6844210028648376	rest	10	0	6	10	within
fs32k	15	all	6	0.6349626779556274	rest	10	0	6	10	within
fs32k	15	all	7	0.6360141038894653	rest	10	0	6	10	within
fs32k	15	all	8	0.6639824509620667	rest	10	0	6	10	within
fs32k	15	all	9	0.6559590101242065	rest	10	0	6	10	within
fs32k	15	all	10	0.606692910194397	rest	10	0	6	10	within
fs32k	15	all	11	0.6063581705093384	rest	10	0	6	10	within
fs32k	15	all	1	0.6798718571662903	rest	10	0	6	11	within
fs32k	15	all	2	0.6309159994125366	rest	10	0	6	11	within
fs32k	15	all	3	0.6170594692230225	rest	10	0	6	11	within
fs32k	15	all	4	0.7378690242767334	rest	10	0	6	11	within
fs32k	15	all	5	0.6867061853408813	rest	10	0	6	11	within
fs32k	15	all	6	0.5835368633270264	rest	10	0	6	11	within
fs32k	15	all	7	0.5990824699401855	rest	10	0	6	11	within
fs32k	15	all	8	0.6735106706619263	rest	10	0	6	11	within
fs32k	15	all	9	0.5896713733673096	rest	10	0	6	11	within
fs32k	15	all	10	0.6218945980072021	rest	10	0	6	11	within
fs32k	15	all	11	0.6294509768486023	rest	10	0	6	11	within
fs32k	15	all	1	0.6584811210632324	rest	10	0	6	12	within
fs32k	15	all	2	0.6356180906295776	rest	10	0	6	12	within
fs32k	15	all	3	0.5660840272903442	rest	10	0	6	12	within
fs32k	15	all	4	0.6722655296325684	rest	10	0	6	12	within
fs32k	15	all	5	0.7059450745582581	rest	10	0	6	12	within
fs32k	15	all	6	0.6287712454795837	rest	10	0	6	12	within
fs32k	15	all	7	0.6190809011459351	rest	10	0	6	12	within
fs32k	15	all	8	0.6221213340759277	rest	10	0	6	12	within
fs32k	15	all	9	0.6502909660339355	rest	10	0	6	12	within
fs32k	15	all	10	0.6422359943389893	rest	10	0	6	12	within
fs32k	15	all	11	0.6303346157073975	rest	10	0	6	12	within
fs32k	15	all	1	0.5969911813735962	rest	10	0	6	13	within
fs32k	15	all	2	0.6195704340934753	rest	10	0	6	13	within
fs32k	15	all	3	0.5750985145568848	rest	10	0	6	13	within
fs32k	15	all	4	0.6431862115859985	rest	10	0	6	13	within
fs32k	15	all	5	0.6862155199050903	rest	10	0	6	13	within
fs32k	15	all	6	0.6145510673522949	rest	10	0	6	13	within
fs32k	15	all	7	0.6189173460006714	rest	10	0	6	13	within
fs32k	15	all	8	0.638740599155426	rest	10	0	6	13	within
fs32k	15	all	9	0.628472626209259	rest	10	0	6	13	within
fs32k	15	all	10	0.6337739825248718	rest	10	0	6	13	within
fs32k	15	all	11	0.5951427817344666	rest	10	0	6	13	within
fs32k	15	all	1	0.6515507102012634	rest	10	0	6	14	within
fs32k	15	all	2	0.6419941186904907	rest	10	0	6	14	within
fs32k	15	all	3	0.6345417499542236	rest	10	0	6	14	within
fs32k	15	all	4	0.7038270235061646	rest	10	0	6	14	within
fs32k	15	all	5	0.6960288286209106	rest	10	0	6	14	within
fs32k	15	all	6	0.6218076944351196	rest	10	0	6	14	within
fs32k	15	all	7	0.5853812098503113	rest	10	0	6	14	within
fs32k	15	all	8	0.6123974323272705	rest	10	0	6	14	within
fs32k	15	all	9	0.6525619626045227	rest	10	0	6	14	within
fs32k	15	all	10	0.6157519817352295	rest	10	0	6	14	within
fs32k	15	all	11	0.5945143103599548	rest	10	0	6	14	within
fs32k	15	all	1	0.6410803198814392	rest	10	0	6	15	within
fs32k	15	all	2	0.6077789664268494	rest	10	0	6	15	within
fs32k	15	all	3	0.6302834749221802	rest	10	0	6	15	within
fs32k	15	all	4	0.7344346642494202	rest	10	0	6	15	within
fs32k	15	all	5	0.6766325831413269	rest	10	0	6	15	within
fs32k	15	all	6	0.633735179901123	rest	10	0	6	15	within
fs32k	15	all	7	0.5962613224983215	rest	10	0	6	15	within
fs32k	15	all	8	0.6268714666366577	rest	10	0	6	15	within
fs32k	15	all	9	0.6424358487129211	rest	10	0	6	15	within
fs32k	15	all	10	0.6128807663917542	rest	10	0	6	15	within
fs32k	15	all	11	0.6523439288139343	rest	10	0	6	15	within
fs32k	15	all	1	0.6109458208084106	rest	10	0	7	8	within
fs32k	15	all	2	0.6628801822662354	rest	10	0	7	8	within
fs32k	15	all	3	0.6386838555335999	rest	10	0	7	8	within
fs32k	15	all	4	0.7291342616081238	rest	10	0	7	8	within
fs32k	15	all	5	0.7176440954208374	rest	10	0	7	8	within
fs32k	15	all	6	0.6496872305870056	rest	10	0	7	8	within
fs32k	15	all	7	0.6249256730079651	rest	10	0	7	8	within
fs32k	15	all	8	0.7037853598594666	rest	10	0	7	8	within
fs32k	15	all	9	0.6336487531661987	rest	10	0	7	8	within
fs32k	15	all	10	0.6605644822120667	rest	10	0	7	8	within
fs32k	15	all	11	0.6894212365150452	rest	10	0	7	8	within
fs32k	15	all	1	0.6878215074539185	rest	10	0	7	9	within
fs32k	15	all	2	0.6253045797348022	rest	10	0	7	9	within
fs32k	15	all	3	0.6467338800430298	rest	10	0	7	9	within
fs32k	15	all	4	0.6614565849304199	rest	10	0	7	9	within
fs32k	15	all	5	0.6716492772102356	rest	10	0	7	9	within
fs32k	15	all	6	0.6071082353591919	rest	10	0	7	9	within
fs32k	15	all	7	0.6064143180847168	rest	10	0	7	9	within
fs32k	15	all	8	0.6216608881950378	rest	10	0	7	9	within
fs32k	15	all	9	0.6306490302085876	rest	10	0	7	9	within
fs32k	15	all	10	0.6357260346412659	rest	10	0	7	9	within
fs32k	15	all	11	0.6438934803009033	rest	10	0	7	9	within
fs32k	15	all	1	0.6382321715354919	rest	10	0	7	10	within
fs32k	15	all	2	0.6186030507087708	rest	10	0	7	10	within
fs32k	15	all	3	0.6560884714126587	rest	10	0	7	10	within
fs32k	15	all	4	0.7069609761238098	rest	10	0	7	10	within
fs32k	15	all	5	0.6736367344856262	rest	10	0	7	10	within
fs32k	15	all	6	0.6269066333770752	rest	10	0	7	10	within
fs32k	15	all	7	0.5999142527580261	rest	10	0	7	10	within
fs32k	15	all	8	0.6357791423797607	rest	10	0	7	10	within
fs32k	15	all	9	0.6386243104934692	rest	10	0	7	10	within
fs32k	15	all	10	0.6377817988395691	rest	10	0	7	10	within
fs32k	15	all	11	0.6618256568908691	rest	10	0	7	10	within
fs32k	15	all	1	0.6654345393180847	rest	10	0	7	11	within
fs32k	15	all	2	0.6530168056488037	rest	10	0	7	11	within
fs32k	15	all	3	0.6222001910209656	rest	10	0	7	11	within
fs32k	15	all	4	0.7067800164222717	rest	10	0	7	11	within
fs32k	15	all	5	0.6718624234199524	rest	10	0	7	11	within
fs32k	15	all	6	0.5921698808670044	rest	10	0	7	11	within
fs32k	15	all	7	0.5775130391120911	rest	10	0	7	11	within
fs32k	15	all	8	0.6279362440109253	rest	10	0	7	11	within
fs32k	15	all	9	0.58500075340271	rest	10	0	7	11	within
fs32k	15	all	10	0.5944977402687073	rest	10	0	7	11	within
fs32k	15	all	11	0.6700105667114258	rest	10	0	7	11	within
fs32k	15	all	1	0.6869518160820007	rest	10	0	7	12	within
fs32k	15	all	2	0.6478005051612854	rest	10	0	7	12	within
fs32k	15	all	3	0.6221920847892761	rest	10	0	7	12	within
fs32k	15	all	4	0.6972477436065674	rest	10	0	7	12	within
fs32k	15	all	5	0.6860247850418091	rest	10	0	7	12	within
fs32k	15	all	6	0.6492173075675964	rest	10	0	7	12	within
fs32k	15	all	7	0.6054121851921082	rest	10	0	7	12	within
fs32k	15	all	8	0.6454517841339111	rest	10	0	7	12	within
fs32k	15	all	9	0.6420597434043884	rest	10	0	7	12	within
fs32k	15	all	10	0.6024481654167175	rest	10	0	7	12	within
fs32k	15	all	11	0.6604409217834473	rest	10	0	7	12	within
fs32k	15	all	1	0.6156678199768066	rest	10	0	7	13	within
fs32k	15	all	2	0.613305389881134	rest	10	0	7	13	within
fs32k	15	all	3	0.6163305640220642	rest	10	0	7	13	within
fs32k	15	all	4	0.6720219254493713	rest	10	0	7	13	within
fs32k	15	all	5	0.6701582670211792	rest	10	0	7	13	within
fs32k	15	all	6	0.6234650611877441	rest	10	0	7	13	within
fs32k	15	all	7	0.5738346576690674	rest	10	0	7	13	within
fs32k	15	all	8	0.6687829494476318	rest	10	0	7	13	within
fs32k	15	all	9	0.6632038354873657	rest	10	0	7	13	within
fs32k	15	all	10	0.626631498336792	rest	10	0	7	13	within
fs32k	15	all	11	0.6873363852500916	rest	10	0	7	13	within
fs32k	15	all	1	0.6345714330673218	rest	10	0	7	14	within
fs32k	15	all	2	0.6160438060760498	rest	10	0	7	14	within
fs32k	15	all	3	0.6414103507995605	rest	10	0	7	14	within
fs32k	15	all	4	0.679413378238678	rest	10	0	7	14	within
fs32k	15	all	5	0.6865226030349731	rest	10	0	7	14	within
fs32k	15	all	6	0.6093080639839172	rest	10	0	7	14	within
fs32k	15	all	7	0.6228691339492798	rest	10	0	7	14	within
fs32k	15	all	8	0.616701602935791	rest	10	0	7	14	within
fs32k	15	all	9	0.6113612055778503	rest	10	0	7	14	within
fs32k	15	all	10	0.6200678944587708	rest	10	0	7	14	within
fs32k	15	all	11	0.6798064112663269	rest	10	0	7	14	within
fs32k	15	all	1	0.6722984910011292	rest	10	0	7	15	within
fs32k	15	all	2	0.6069932579994202	rest	10	0	7	15	within
fs32k	15	all	3	0.6449486017227173	rest	10	0	7	15	within
fs32k	15	all	4	0.7110116481781006	rest	10	0	7	15	within
fs32k	15	all	5	0.6766960024833679	rest	10	0	7	15	within
fs32k	15	all	6	0.6020291447639465	rest	10	0	7	15	within
fs32k	15	all	7	0.608961284160614	rest	10	0	7	15	within
fs32k	15	all	8	0.6558731198310852	rest	10	0	7	15	within
fs32k	15	all	9	0.6174408793449402	rest	10	0	7	15	within
fs32k	15	all	10	0.6262344121932983	rest	10	0	7	15	within
fs32k	15	all	11	0.650104820728302	rest	10	0	7	15	within
fs32k	15	all	1	0.6289625763893127	rest	10	0	8	9	within
fs32k	15	all	2	0.6789382100105286	rest	10	0	8	9	within
fs32k	15	all	3	0.6565332412719727	rest	10	0	8	9	within
fs32k	15	all	4	0.6930902004241943	rest	10	0	8	9	within
fs32k	15	all	5	0.6860668063163757	rest	10	0	8	9	within
fs32k	15	all	6	0.6417383551597595	rest	10	0	8	9	within
fs32k	15	all	7	0.6630432605743408	rest	10	0	8	9	within
fs32k	15	all	8	0.5726655125617981	rest	10	0	8	9	within
fs32k	15	all	9	0.6449440121650696	rest	10	0	8	9	within
fs32k	15	all	10	0.664914608001709	rest	10	0	8	9	within
fs32k	15	all	11	0.6232039332389832	rest	10	0	8	9	within
fs32k	15	all	1	0.6467024683952332	rest	10	0	8	10	within
fs32k	15	all	2	0.6419252753257751	rest	10	0	8	10	within
fs32k	15	all	3	0.6601119637489319	rest	10	0	8	10	within
fs32k	15	all	4	0.7257165312767029	rest	10	0	8	10	within
fs32k	15	all	5	0.6832453608512878	rest	10	0	8	10	within
fs32k	15	all	6	0.6679893136024475	rest	10	0	8	10	within
fs32k	15	all	7	0.6545560359954834	rest	10	0	8	10	within
fs32k	15	all	8	0.6010769009590149	rest	10	0	8	10	within
fs32k	15	all	9	0.648521900177002	rest	10	0	8	10	within
fs32k	15	all	10	0.643991231918335	rest	10	0	8	10	within
fs32k	15	all	11	0.6519896388053894	rest	10	0	8	10	within
fs32k	15	all	1	0.6202102899551392	rest	10	0	8	11	within
fs32k	15	all	2	0.6567957997322083	rest	10	0	8	11	within
fs32k	15	all	3	0.5883820056915283	rest	10	0	8	11	within
fs32k	15	all	4	0.7219946980476379	rest	10	0	8	11	within
fs32k	15	all	5	0.694162905216217	rest	10	0	8	11	within
fs32k	15	all	6	0.6376554369926453	rest	10	0	8	11	within
fs32k	15	all	7	0.5989908576011658	rest	10	0	8	11	within
fs32k	15	all	8	0.6093344688415527	rest	10	0	8	11	within
fs32k	15	all	9	0.6005396842956543	rest	10	0	8	11	within
fs32k	15	all	10	0.6119915843009949	rest	10	0	8	11	within
fs32k	15	all	11	0.6427735686302185	rest	10	0	8	11	within
fs32k	15	all	1	0.5862602591514587	rest	10	0	8	12	within
fs32k	15	all	2	0.670017421245575	rest	10	0	8	12	within
fs32k	15	all	3	0.5703831911087036	rest	10	0	8	12	within
fs32k	15	all	4	0.7106555104255676	rest	10	0	8	12	within
fs32k	15	all	5	0.7010675072669983	rest	10	0	8	12	within
fs32k	15	all	6	0.6522027850151062	rest	10	0	8	12	within
fs32k	15	all	7	0.6557977199554443	rest	10	0	8	12	within
fs32k	15	all	8	0.6380237936973572	rest	10	0	8	12	within
fs32k	15	all	9	0.6397668719291687	rest	10	0	8	12	within
fs32k	15	all	10	0.6214900016784668	rest	10	0	8	12	within
fs32k	15	all	11	0.6168113946914673	rest	10	0	8	12	within
fs32k	15	all	1	0.6337260007858276	rest	10	0	8	13	within
fs32k	15	all	2	0.6158543229103088	rest	10	0	8	13	within
fs32k	15	all	3	0.594723641872406	rest	10	0	8	13	within
fs32k	15	all	4	0.6802687048912048	rest	10	0	8	13	within
fs32k	15	all	5	0.6902785897254944	rest	10	0	8	13	within
fs32k	15	all	6	0.641126811504364	rest	10	0	8	13	within
fs32k	15	all	7	0.6363515257835388	rest	10	0	8	13	within
fs32k	15	all	8	0.6373946666717529	rest	10	0	8	13	within
fs32k	15	all	9	0.6204797625541687	rest	10	0	8	13	within
fs32k	15	all	10	0.6504109501838684	rest	10	0	8	13	within
fs32k	15	all	11	0.6634926199913025	rest	10	0	8	13	within
fs32k	15	all	1	0.6274610161781311	rest	10	0	8	14	within
fs32k	15	all	2	0.6609508991241455	rest	10	0	8	14	within
fs32k	15	all	3	0.6013981103897095	rest	10	0	8	14	within
fs32k	15	all	4	0.6952201128005981	rest	10	0	8	14	within
fs32k	15	all	5	0.7057114839553833	rest	10	0	8	14	within
fs32k	15	all	6	0.6643874049186707	rest	10	0	8	14	within
fs32k	15	all	7	0.6036955714225769	rest	10	0	8	14	within
fs32k	15	all	8	0.5883867144584656	rest	10	0	8	14	within
fs32k	15	all	9	0.5877708792686462	rest	10	0	8	14	within
fs32k	15	all	10	0.6013798713684082	rest	10	0	8	14	within
fs32k	15	all	11	0.6622130870819092	rest	10	0	8	14	within
fs32k	15	all	1	0.60692298412323	rest	10	0	8	15	within
fs32k	15	all	2	0.5880123972892761	rest	10	0	8	15	within
fs32k	15	all	3	0.6473963260650635	rest	10	0	8	15	within
fs32k	15	all	4	0.7564500570297241	rest	10	0	8	15	within
fs32k	15	all	5	0.6893289089202881	rest	10	0	8	15	within
fs32k	15	all	6	0.6458846926689148	rest	10	0	8	15	within
fs32k	15	all	7	0.6332199573516846	rest	10	0	8	15	within
fs32k	15	all	8	0.6124129891395569	rest	10	0	8	15	within
fs32k	15	all	9	0.6264607906341553	rest	10	0	8	15	within
fs32k	15	all	10	0.6507331132888794	rest	10	0	8	15	within
fs32k	15	all	11	0.6280040144920349	rest	10	0	8	15	within
fs32k	15	all	1	0.6881961822509766	rest	10	0	9	10	within
fs32k	15	all	2	0.6741315722465515	rest	10	0	9	10	within
fs32k	15	all	3	0.6654422879219055	rest	10	0	9	10	within
fs32k	15	all	4	0.6668586730957031	rest	10	0	9	10	within
fs32k	15	all	5	0.6834980845451355	rest	10	0	9	10	within
fs32k	15	all	6	0.6371070742607117	rest	10	0	9	10	within
fs32k	15	all	7	0.6411031484603882	rest	10	0	9	10	within
fs32k	15	all	8	0.6724163293838501	rest	10	0	9	10	within
fs32k	15	all	9	0.6911700367927551	rest	10	0	9	10	within
fs32k	15	all	10	0.6666340827941895	rest	10	0	9	10	within
fs32k	15	all	11	0.6541727781295776	rest	10	0	9	10	within
fs32k	15	all	1	0.6707518696784973	rest	10	0	9	11	within
fs32k	15	all	2	0.6416324973106384	rest	10	0	9	11	within
fs32k	15	all	3	0.6320437788963318	rest	10	0	9	11	within
fs32k	15	all	4	0.6801573634147644	rest	10	0	9	11	within
fs32k	15	all	5	0.7069640159606934	rest	10	0	9	11	within
fs32k	15	all	6	0.676342785358429	rest	10	0	9	11	within
fs32k	15	all	7	0.6056265830993652	rest	10	0	9	11	within
fs32k	15	all	8	0.6384873986244202	rest	10	0	9	11	within
fs32k	15	all	9	0.6195235252380371	rest	10	0	9	11	within
fs32k	15	all	10	0.6695114970207214	rest	10	0	9	11	within
fs32k	15	all	11	0.6126646399497986	rest	10	0	9	11	within
fs32k	15	all	1	0.6837323307991028	rest	10	0	9	12	within
fs32k	15	all	2	0.6641978025436401	rest	10	0	9	12	within
fs32k	15	all	3	0.6046753525733948	rest	10	0	9	12	within
fs32k	15	all	4	0.6589075326919556	rest	10	0	9	12	within
fs32k	15	all	5	0.6738421320915222	rest	10	0	9	12	within
fs32k	15	all	6	0.6498093008995056	rest	10	0	9	12	within
fs32k	15	all	7	0.6322661638259888	rest	10	0	9	12	within
fs32k	15	all	8	0.6193231344223022	rest	10	0	9	12	within
fs32k	15	all	9	0.6605147123336792	rest	10	0	9	12	within
fs32k	15	all	10	0.6115140318870544	rest	10	0	9	12	within
fs32k	15	all	11	0.6647542715072632	rest	10	0	9	12	within
fs32k	15	all	1	0.6419552564620972	rest	10	0	9	13	within
fs32k	15	all	2	0.6135249137878418	rest	10	0	9	13	within
fs32k	15	all	3	0.6468393206596375	rest	10	0	9	13	within
fs32k	15	all	4	0.6182674765586853	rest	10	0	9	13	within
fs32k	15	all	5	0.6897655725479126	rest	10	0	9	13	within
fs32k	15	all	6	0.6395159959793091	rest	10	0	9	13	within
fs32k	15	all	7	0.6454919576644897	rest	10	0	9	13	within
fs32k	15	all	8	0.6432139277458191	rest	10	0	9	13	within
fs32k	15	all	9	0.649048388004303	rest	10	0	9	13	within
fs32k	15	all	10	0.664054274559021	rest	10	0	9	13	within
fs32k	15	all	11	0.6818608045578003	rest	10	0	9	13	within
fs32k	15	all	1	0.6843264698982239	rest	10	0	9	14	within
fs32k	15	all	2	0.6630610227584839	rest	10	0	9	14	within
fs32k	15	all	3	0.6474974751472473	rest	10	0	9	14	within
fs32k	15	all	4	0.6521962881088257	rest	10	0	9	14	within
fs32k	15	all	5	0.6864802837371826	rest	10	0	9	14	within
fs32k	15	all	6	0.6572302579879761	rest	10	0	9	14	within
fs32k	15	all	7	0.5951371192932129	rest	10	0	9	14	within
fs32k	15	all	8	0.6770186424255371	rest	10	0	9	14	within
fs32k	15	all	9	0.6224396228790283	rest	10	0	9	14	within
fs32k	15	all	10	0.6060089468955994	rest	10	0	9	14	within
fs32k	15	all	11	0.6603406667709351	rest	10	0	9	14	within
fs32k	15	all	1	0.6764312982559204	rest	10	0	9	15	within
fs32k	15	all	2	0.5925683379173279	rest	10	0	9	15	within
fs32k	15	all	3	0.6821064352989197	rest	10	0	9	15	within
fs32k	15	all	4	0.6895087361335754	rest	10	0	9	15	within
fs32k	15	all	5	0.6657184958457947	rest	10	0	9	15	within
fs32k	15	all	6	0.653808057308197	rest	10	0	9	15	within
fs32k	15	all	7	0.6078444719314575	rest	10	0	9	15	within
fs32k	15	all	8	0.6512366533279419	rest	10	0	9	15	within
fs32k	15	all	9	0.6512818932533264	rest	10	0	9	15	within
fs32k	15	all	10	0.6729053854942322	rest	10	0	9	15	within
fs32k	15	all	11	0.6231996417045593	rest	10	0	9	15	within
fs32k	15	all	1	0.6660941243171692	rest	10	0	10	11	within
fs32k	15	all	2	0.625238835811615	rest	10	0	10	11	within
fs32k	15	all	3	0.6062758564949036	rest	10	0	10	11	within
fs32k	15	all	4	0.7778514623641968	rest	10	0	10	11	within
fs32k	15	all	5	0.6784392595291138	rest	10	0	10	11	within
fs32k	15	all	6	0.6432098746299744	rest	10	0	10	11	within
fs32k	15	all	7	0.626224935054779	rest	10	0	10	11	within
fs32k	15	all	8	0.6658890247344971	rest	10	0	10	11	within
fs32k	15	all	9	0.612328827381134	rest	10	0	10	11	within
fs32k	15	all	10	0.6423262357711792	rest	10	0	10	11	within
fs32k	15	all	11	0.6800035238265991	rest	10	0	10	11	within
fs32k	15	all	1	0.6393288373947144	rest	10	0	10	12	within
fs32k	15	all	2	0.6551982760429382	rest	10	0	10	12	within
fs32k	15	all	3	0.5877029895782471	rest	10	0	10	12	within
fs32k	15	all	4	0.6742255687713623	rest	10	0	10	12	within
fs32k	15	all	5	0.6674380302429199	rest	10	0	10	12	within
fs32k	15	all	6	0.6618415713310242	rest	10	0	10	12	within
fs32k	15	all	7	0.6294006109237671	rest	10	0	10	12	within
fs32k	15	all	8	0.6389952301979065	rest	10	0	10	12	within
fs32k	15	all	9	0.6641735434532166	rest	10	0	10	12	within
fs32k	15	all	10	0.6116303205490112	rest	10	0	10	12	within
fs32k	15	all	11	0.6534622311592102	rest	10	0	10	12	within
fs32k	15	all	1	0.6630795001983643	rest	10	0	10	13	within
fs32k	15	all	2	0.6126314997673035	rest	10	0	10	13	within
fs32k	15	all	3	0.6309438347816467	rest	10	0	10	13	within
fs32k	15	all	4	0.6487480401992798	rest	10	0	10	13	within
fs32k	15	all	5	0.6721709370613098	rest	10	0	10	13	within
fs32k	15	all	6	0.6608420610427856	rest	10	0	10	13	within
fs32k	15	all	7	0.6219715476036072	rest	10	0	10	13	within
fs32k	15	all	8	0.6401802897453308	rest	10	0	10	13	within
fs32k	15	all	9	0.6509564518928528	rest	10	0	10	13	within
fs32k	15	all	10	0.6679307818412781	rest	10	0	10	13	within
fs32k	15	all	11	0.6735301613807678	rest	10	0	10	13	within
fs32k	15	all	1	0.6784741878509521	rest	10	0	10	14	within
fs32k	15	all	2	0.6418143510818481	rest	10	0	10	14	within
fs32k	15	all	3	0.6238840818405151	rest	10	0	10	14	within
fs32k	15	all	4	0.7156904339790344	rest	10	0	10	14	within
fs32k	15	all	5	0.6578601002693176	rest	10	0	10	14	within
fs32k	15	all	6	0.673535168170929	rest	10	0	10	14	within
fs32k	15	all	7	0.6192031502723694	rest	10	0	10	14	within
fs32k	15	all	8	0.6311733722686768	rest	10	0	10	14	within
fs32k	15	all	9	0.649515688419342	rest	10	0	10	14	within
fs32k	15	all	10	0.6354300379753113	rest	10	0	10	14	within
fs32k	15	all	11	0.672344982624054	rest	10	0	10	14	within
fs32k	15	all	1	0.6400228142738342	rest	10	0	10	15	within
fs32k	15	all	2	0.601719319820404	rest	10	0	10	15	within
fs32k	15	all	3	0.6783729195594788	rest	10	0	10	15	within
fs32k	15	all	4	0.7338097095489502	rest	10	0	10	15	within
fs32k	15	all	5	0.649893581867218	rest	10	0	10	15	within
fs32k	15	all	6	0.675713062286377	rest	10	0	10	15	within
fs32k	15	all	7	0.6222324967384338	rest	10	0	10	15	within
fs32k	15	all	8	0.6576799154281616	rest	10	0	10	15	within
fs32k	15	all	9	0.6578602194786072	rest	10	0	10	15	within
fs32k	15	all	10	0.6430584192276001	rest	10	0	10	15	within
fs32k	15	all	11	0.6402227282524109	rest	10	0	10	15	within
fs32k	15	all	1	0.6821766495704651	rest	10	0	11	12	within
fs32k	15	all	2	0.6655126214027405	rest	10	0	11	12	within
fs32k	15	all	3	0.5955559015274048	rest	10	0	11	12	within
fs32k	15	all	4	0.6796127557754517	rest	10	0	11	12	within
fs32k	15	all	5	0.6932861804962158	rest	10	0	11	12	within
fs32k	15	all	6	0.6415584087371826	rest	10	0	11	12	within
fs32k	15	all	7	0.6025446057319641	rest	10	0	11	12	within
fs32k	15	all	8	0.6619076132774353	rest	10	0	11	12	within
fs32k	15	all	9	0.6116840839385986	rest	10	0	11	12	within
fs32k	15	all	10	0.6321361660957336	rest	10	0	11	12	within
fs32k	15	all	11	0.6553065776824951	rest	10	0	11	12	within
fs32k	15	all	1	0.6276563405990601	rest	10	0	11	13	within
fs32k	15	all	2	0.603664755821228	rest	10	0	11	13	within
fs32k	15	all	3	0.5857176780700684	rest	10	0	11	13	within
fs32k	15	all	4	0.6448846459388733	rest	10	0	11	13	within
fs32k	15	all	5	0.671933650970459	rest	10	0	11	13	within
fs32k	15	all	6	0.6377303600311279	rest	10	0	11	13	within
fs32k	15	all	7	0.5951802730560303	rest	10	0	11	13	within
fs32k	15	all	8	0.6302839517593384	rest	10	0	11	13	within
fs32k	15	all	9	0.5896733403205872	rest	10	0	11	13	within
fs32k	15	all	10	0.6498082280158997	rest	10	0	11	13	within
fs32k	15	all	11	0.6460222005844116	rest	10	0	11	13	within
fs32k	15	all	1	0.6593375205993652	rest	10	0	11	14	within
fs32k	15	all	2	0.6383690237998962	rest	10	0	11	14	within
fs32k	15	all	3	0.6432362198829651	rest	10	0	11	14	within
fs32k	15	all	4	0.7230060696601868	rest	10	0	11	14	within
fs32k	15	all	5	0.7270190119743347	rest	10	0	11	14	within
fs32k	15	all	6	0.6417616009712219	rest	10	0	11	14	within
fs32k	15	all	7	0.6065937280654907	rest	10	0	11	14	within
fs32k	15	all	8	0.6189044117927551	rest	10	0	11	14	within
fs32k	15	all	9	0.5918687582015991	rest	10	0	11	14	within
fs32k	15	all	10	0.5977289080619812	rest	10	0	11	14	within
fs32k	15	all	11	0.632029116153717	rest	10	0	11	14	within
fs32k	15	all	1	0.6791520714759827	rest	10	0	11	15	within
fs32k	15	all	2	0.6173169016838074	rest	10	0	11	15	within
fs32k	15	all	3	0.6218152642250061	rest	10	0	11	15	within
fs32k	15	all	4	0.743695080280304	rest	10	0	11	15	within
fs32k	15	all	5	0.687936007976532	rest	10	0	11	15	within
fs32k	15	all	6	0.6794772148132324	rest	10	0	11	15	within
fs32k	15	all	7	0.6124841570854187	rest	10	0	11	15	within
fs32k	15	all	8	0.6138961911201477	rest	10	0	11	15	within
fs32k	15	all	9	0.6246190667152405	rest	10	0	11	15	within
fs32k	15	all	10	0.6669331192970276	rest	10	0	11	15	within
fs32k	15	all	11	0.6808752417564392	rest	10	0	11	15	within
fs32k	15	all	1	0.6088778972625732	rest	10	0	12	13	within
fs32k	15	all	2	0.6241984367370605	rest	10	0	12	13	within
fs32k	15	all	3	0.6197587847709656	rest	10	0	12	13	within
fs32k	15	all	4	0.7186824083328247	rest	10	0	12	13	within
fs32k	15	all	5	0.6815612316131592	rest	10	0	12	13	within
fs32k	15	all	6	0.664466142654419	rest	10	0	12	13	within
fs32k	15	all	7	0.627638041973114	rest	10	0	12	13	within
fs32k	15	all	8	0.6625343561172485	rest	10	0	12	13	within
fs32k	15	all	9	0.6668174266815186	rest	10	0	12	13	within
fs32k	15	all	10	0.6533283591270447	rest	10	0	12	13	within
fs32k	15	all	11	0.6734220385551453	rest	10	0	12	13	within
fs32k	15	all	1	0.6581815481185913	rest	10	0	12	14	within
fs32k	15	all	2	0.6554117202758789	rest	10	0	12	14	within
fs32k	15	all	3	0.6275710463523865	rest	10	0	12	14	within
fs32k	15	all	4	0.6831187009811401	rest	10	0	12	14	within
fs32k	15	all	5	0.6917634606361389	rest	10	0	12	14	within
fs32k	15	all	6	0.6509130001068115	rest	10	0	12	14	within
fs32k	15	all	7	0.6018149852752686	rest	10	0	12	14	within
fs32k	15	all	8	0.6355149745941162	rest	10	0	12	14	within
fs32k	15	all	9	0.6545975208282471	rest	10	0	12	14	within
fs32k	15	all	10	0.6178560853004456	rest	10	0	12	14	within
fs32k	15	all	11	0.6582246422767639	rest	10	0	12	14	within
fs32k	15	all	1	0.6784006953239441	rest	10	0	12	15	within
fs32k	15	all	2	0.603817880153656	rest	10	0	12	15	within
fs32k	15	all	3	0.5912232995033264	rest	10	0	12	15	within
fs32k	15	all	4	0.6987807750701904	rest	10	0	12	15	within
fs32k	15	all	5	0.6759486794471741	rest	10	0	12	15	within
fs32k	15	all	6	0.640239417552948	rest	10	0	12	15	within
fs32k	15	all	7	0.6008011102676392	rest	10	0	12	15	within
fs32k	15	all	8	0.6414570212364197	rest	10	0	12	15	within
fs32k	15	all	9	0.6194220781326294	rest	10	0	12	15	within
fs32k	15	all	10	0.6116289496421814	rest	10	0	12	15	within
fs32k	15	all	11	0.6382273435592651	rest	10	0	12	15	within
fs32k	15	all	1	0.6289482712745667	rest	10	0	13	14	within
fs32k	15	all	2	0.6649953722953796	rest	10	0	13	14	within
fs32k	15	all	3	0.6311931014060974	rest	10	0	13	14	within
fs32k	15	all	4	0.6637570858001709	rest	10	0	13	14	within
fs32k	15	all	5	0.6993983387947083	rest	10	0	13	14	within
fs32k	15	all	6	0.6509426236152649	rest	10	0	13	14	within
fs32k	15	all	7	0.5948583483695984	rest	10	0	13	14	within
fs32k	15	all	8	0.6559324860572815	rest	10	0	13	14	within
fs32k	15	all	9	0.6416696310043335	rest	10	0	13	14	within
fs32k	15	all	10	0.6458613276481628	rest	10	0	13	14	within
fs32k	15	all	11	0.6739431023597717	rest	10	0	13	14	within
fs32k	15	all	1	0.592361330986023	rest	10	0	13	15	within
fs32k	15	all	2	0.5655937194824219	rest	10	0	13	15	within
fs32k	15	all	3	0.6268808841705322	rest	10	0	13	15	within
fs32k	15	all	4	0.6759117245674133	rest	10	0	13	15	within
fs32k	15	all	5	0.6396946310997009	rest	10	0	13	15	within
fs32k	15	all	6	0.6396343111991882	rest	10	0	13	15	within
fs32k	15	all	7	0.5982126593589783	rest	10	0	13	15	within
fs32k	15	all	8	0.6751282215118408	rest	10	0	13	15	within
fs32k	15	all	9	0.5892608761787415	rest	10	0	13	15	within
fs32k	15	all	10	0.6452585458755493	rest	10	0	13	15	within
fs32k	15	all	11	0.6521544456481934	rest	10	0	13	15	within
fs32k	15	all	1	0.6462622880935669	rest	10	0	14	15	within
fs32k	15	all	2	0.5884929895401001	rest	10	0	14	15	within
fs32k	15	all	3	0.6342155933380127	rest	10	0	14	15	within
fs32k	15	all	4	0.7158869504928589	rest	10	0	14	15	within
fs32k	15	all	5	0.6774696707725525	rest	10	0	14	15	within
fs32k	15	all	6	0.6591548919677734	rest	10	0	14	15	within
fs32k	15	all	7	0.6327042579650879	rest	10	0	14	15	within
fs32k	15	all	8	0.6723284721374512	rest	10	0	14	15	within
fs32k	15	all	9	0.5972345471382141	rest	10	0	14	15	within
fs32k	15	all	10	0.6037788987159729	rest	10	0	14	15	within
fs32k	15	all	11	0.6184998750686646	rest	10	0	14	15	within
fs32k	15	all	1	0.6694324016571045	fusion	10	0	1	2	within
fs32k	15	all	2	0.699909508228302	fusion	10	0	1	2	within
fs32k	15	all	3	0.71172696352005	fusion	10	0	1	2	within
fs32k	15	all	4	0.7442030906677246	fusion	10	0	1	2	within
fs32k	15	all	5	0.7063417434692383	fusion	10	0	1	2	within
fs32k	15	all	6	0.6943913102149963	fusion	10	0	1	2	within
fs32k	15	all	7	0.6298602223396301	fusion	10	0	1	2	within
fs32k	15	all	8	0.6883751153945923	fusion	10	0	1	2	within
fs32k	15	all	9	0.6990926265716553	fusion	10	0	1	2	within
fs32k	15	all	10	0.6655295491218567	fusion	10	0	1	2	within
fs32k	15	all	11	0.6775307059288025	fusion	10	0	1	2	within
fs32k	15	all	1	0.692064106464386	fusion	10	0	1	3	within
fs32k	15	all	2	0.6767565608024597	fusion	10	0	1	3	within
fs32k	15	all	3	0.6850124597549438	fusion	10	0	1	3	within
fs32k	15	all	4	0.772861659526825	fusion	10	0	1	3	within
fs32k	15	all	5	0.695851743221283	fusion	10	0	1	3	within
fs32k	15	all	6	0.6666232347488403	fusion	10	0	1	3	within
fs32k	15	all	7	0.6309657096862793	fusion	10	0	1	3	within
fs32k	15	all	8	0.6905295252799988	fusion	10	0	1	3	within
fs32k	15	all	9	0.6942229866981506	fusion	10	0	1	3	within
fs32k	15	all	10	0.6878641843795776	fusion	10	0	1	3	within
fs32k	15	all	11	0.7228329181671143	fusion	10	0	1	3	within
fs32k	15	all	1	0.6488809585571289	fusion	10	0	1	4	within
fs32k	15	all	2	0.6697062253952026	fusion	10	0	1	4	within
fs32k	15	all	3	0.6849468350410461	fusion	10	0	1	4	within
fs32k	15	all	4	0.723884105682373	fusion	10	0	1	4	within
fs32k	15	all	5	0.7163689732551575	fusion	10	0	1	4	within
fs32k	15	all	6	0.7044224143028259	fusion	10	0	1	4	within
fs32k	15	all	7	0.6240879893302917	fusion	10	0	1	4	within
fs32k	15	all	8	0.7047895193099976	fusion	10	0	1	4	within
fs32k	15	all	9	0.6439114212989807	fusion	10	0	1	4	within
fs32k	15	all	10	0.6624079346656799	fusion	10	0	1	4	within
fs32k	15	all	11	0.6644394397735596	fusion	10	0	1	4	within
fs32k	15	all	1	0.6728786826133728	fusion	10	0	1	5	within
fs32k	15	all	2	0.6651367545127869	fusion	10	0	1	5	within
fs32k	15	all	3	0.6940624117851257	fusion	10	0	1	5	within
fs32k	15	all	4	0.7155425548553467	fusion	10	0	1	5	within
fs32k	15	all	5	0.7072614431381226	fusion	10	0	1	5	within
fs32k	15	all	6	0.685819149017334	fusion	10	0	1	5	within
fs32k	15	all	7	0.6243487596511841	fusion	10	0	1	5	within
fs32k	15	all	8	0.6845757961273193	fusion	10	0	1	5	within
fs32k	15	all	9	0.6567844748497009	fusion	10	0	1	5	within
fs32k	15	all	10	0.6439157128334045	fusion	10	0	1	5	within
fs32k	15	all	11	0.6477212905883789	fusion	10	0	1	5	within
fs32k	15	all	1	0.6178473830223083	fusion	10	0	1	6	within
fs32k	15	all	2	0.6564782857894897	fusion	10	0	1	6	within
fs32k	15	all	3	0.6546328067779541	fusion	10	0	1	6	within
fs32k	15	all	4	0.7201567888259888	fusion	10	0	1	6	within
fs32k	15	all	5	0.7217848896980286	fusion	10	0	1	6	within
fs32k	15	all	6	0.6684916019439697	fusion	10	0	1	6	within
fs32k	15	all	7	0.6052581071853638	fusion	10	0	1	6	within
fs32k	15	all	8	0.6691481471061707	fusion	10	0	1	6	within
fs32k	15	all	9	0.6668489575386047	fusion	10	0	1	6	within
fs32k	15	all	10	0.6560431718826294	fusion	10	0	1	6	within
fs32k	15	all	11	0.7058180570602417	fusion	10	0	1	6	within
fs32k	15	all	1	0.6353238224983215	fusion	10	0	1	7	within
fs32k	15	all	2	0.6468209624290466	fusion	10	0	1	7	within
fs32k	15	all	3	0.6802801489830017	fusion	10	0	1	7	within
fs32k	15	all	4	0.710818886756897	fusion	10	0	1	7	within
fs32k	15	all	5	0.6992671489715576	fusion	10	0	1	7	within
fs32k	15	all	6	0.6472627520561218	fusion	10	0	1	7	within
fs32k	15	all	7	0.6033865213394165	fusion	10	0	1	7	within
fs32k	15	all	8	0.6676857471466064	fusion	10	0	1	7	within
fs32k	15	all	9	0.6579647660255432	fusion	10	0	1	7	within
fs32k	15	all	10	0.6499025821685791	fusion	10	0	1	7	within
fs32k	15	all	11	0.6538949012756348	fusion	10	0	1	7	within
fs32k	15	all	1	0.6892914175987244	fusion	10	0	1	8	within
fs32k	15	all	2	0.6924735307693481	fusion	10	0	1	8	within
fs32k	15	all	3	0.648008406162262	fusion	10	0	1	8	within
fs32k	15	all	4	0.7027971148490906	fusion	10	0	1	8	within
fs32k	15	all	5	0.7015448808670044	fusion	10	0	1	8	within
fs32k	15	all	6	0.6885287165641785	fusion	10	0	1	8	within
fs32k	15	all	7	0.6493538618087769	fusion	10	0	1	8	within
fs32k	15	all	8	0.6411568522453308	fusion	10	0	1	8	within
fs32k	15	all	9	0.6403405070304871	fusion	10	0	1	8	within
fs32k	15	all	10	0.662078320980072	fusion	10	0	1	8	within
fs32k	15	all	11	0.6260607242584229	fusion	10	0	1	8	within
fs32k	15	all	1	0.6516900658607483	fusion	10	0	1	9	within
fs32k	15	all	2	0.6991168856620789	fusion	10	0	1	9	within
fs32k	15	all	3	0.6698028445243835	fusion	10	0	1	9	within
fs32k	15	all	4	0.6733914613723755	fusion	10	0	1	9	within
fs32k	15	all	5	0.6979281306266785	fusion	10	0	1	9	within
fs32k	15	all	6	0.6879916191101074	fusion	10	0	1	9	within
fs32k	15	all	7	0.6289272904396057	fusion	10	0	1	9	within
fs32k	15	all	8	0.6715509295463562	fusion	10	0	1	9	within
fs32k	15	all	9	0.6850205063819885	fusion	10	0	1	9	within
fs32k	15	all	10	0.6622064113616943	fusion	10	0	1	9	within
fs32k	15	all	11	0.6156505346298218	fusion	10	0	1	9	within
fs32k	15	all	1	0.6764187216758728	fusion	10	0	1	10	within
fs32k	15	all	2	0.6896923184394836	fusion	10	0	1	10	within
fs32k	15	all	3	0.6763262152671814	fusion	10	0	1	10	within
fs32k	15	all	4	0.7008910179138184	fusion	10	0	1	10	within
fs32k	15	all	5	0.7120959162712097	fusion	10	0	1	10	within
fs32k	15	all	6	0.6863462328910828	fusion	10	0	1	10	within
fs32k	15	all	7	0.6718727350234985	fusion	10	0	1	10	within
fs32k	15	all	8	0.6675651669502258	fusion	10	0	1	10	within
fs32k	15	all	9	0.6639001965522766	fusion	10	0	1	10	within
fs32k	15	all	10	0.6813679337501526	fusion	10	0	1	10	within
fs32k	15	all	11	0.6278722882270813	fusion	10	0	1	10	within
fs32k	15	all	1	0.6396639943122864	fusion	10	0	1	11	within
fs32k	15	all	2	0.6729496121406555	fusion	10	0	1	11	within
fs32k	15	all	3	0.6239880919456482	fusion	10	0	1	11	within
fs32k	15	all	4	0.7013620138168335	fusion	10	0	1	11	within
fs32k	15	all	5	0.6863357424736023	fusion	10	0	1	11	within
fs32k	15	all	6	0.6935932040214539	fusion	10	0	1	11	within
fs32k	15	all	7	0.5997239947319031	fusion	10	0	1	11	within
fs32k	15	all	8	0.6731582880020142	fusion	10	0	1	11	within
fs32k	15	all	9	0.691075325012207	fusion	10	0	1	11	within
fs32k	15	all	10	0.6665574908256531	fusion	10	0	1	11	within
fs32k	15	all	11	0.6791914701461792	fusion	10	0	1	11	within
fs32k	15	all	1	0.6078613996505737	fusion	10	0	1	12	within
fs32k	15	all	2	0.6705287098884583	fusion	10	0	1	12	within
fs32k	15	all	3	0.6608871817588806	fusion	10	0	1	12	within
fs32k	15	all	4	0.6916936635971069	fusion	10	0	1	12	within
fs32k	15	all	5	0.6893075704574585	fusion	10	0	1	12	within
fs32k	15	all	6	0.695029616355896	fusion	10	0	1	12	within
fs32k	15	all	7	0.6196587085723877	fusion	10	0	1	12	within
fs32k	15	all	8	0.6815300583839417	fusion	10	0	1	12	within
fs32k	15	all	9	0.6787980198860168	fusion	10	0	1	12	within
fs32k	15	all	10	0.6481599807739258	fusion	10	0	1	12	within
fs32k	15	all	11	0.6763126254081726	fusion	10	0	1	12	within
fs32k	15	all	1	0.6489933133125305	fusion	10	0	1	13	within
fs32k	15	all	2	0.6069112420082092	fusion	10	0	1	13	within
fs32k	15	all	3	0.6707811951637268	fusion	10	0	1	13	within
fs32k	15	all	4	0.6665555238723755	fusion	10	0	1	13	within
fs32k	15	all	5	0.7327452898025513	fusion	10	0	1	13	within
fs32k	15	all	6	0.6751821637153625	fusion	10	0	1	13	within
fs32k	15	all	7	0.6233428716659546	fusion	10	0	1	13	within
fs32k	15	all	8	0.6790630221366882	fusion	10	0	1	13	within
fs32k	15	all	9	0.6675229668617249	fusion	10	0	1	13	within
fs32k	15	all	10	0.6870991587638855	fusion	10	0	1	13	within
fs32k	15	all	11	0.6170361042022705	fusion	10	0	1	13	within
fs32k	15	all	1	0.6654375195503235	fusion	10	0	1	14	within
fs32k	15	all	2	0.6650987267494202	fusion	10	0	1	14	within
fs32k	15	all	3	0.676347553730011	fusion	10	0	1	14	within
fs32k	15	all	4	0.7029150724411011	fusion	10	0	1	14	within
fs32k	15	all	5	0.6860185265541077	fusion	10	0	1	14	within
fs32k	15	all	6	0.7238138318061829	fusion	10	0	1	14	within
fs32k	15	all	7	0.6305540800094604	fusion	10	0	1	14	within
fs32k	15	all	8	0.6707344055175781	fusion	10	0	1	14	within
fs32k	15	all	9	0.6342321038246155	fusion	10	0	1	14	within
fs32k	15	all	10	0.6735594868659973	fusion	10	0	1	14	within
fs32k	15	all	11	0.6308515071868896	fusion	10	0	1	14	within
fs32k	15	all	1	0.6459066271781921	fusion	10	0	1	15	within
fs32k	15	all	2	0.631409764289856	fusion	10	0	1	15	within
fs32k	15	all	3	0.657410204410553	fusion	10	0	1	15	within
fs32k	15	all	4	0.7254490852355957	fusion	10	0	1	15	within
fs32k	15	all	5	0.6673333644866943	fusion	10	0	1	15	within
fs32k	15	all	6	0.708034098148346	fusion	10	0	1	15	within
fs32k	15	all	7	0.6196104884147644	fusion	10	0	1	15	within
fs32k	15	all	8	0.6680580973625183	fusion	10	0	1	15	within
fs32k	15	all	9	0.6839470267295837	fusion	10	0	1	15	within
fs32k	15	all	10	0.6660186052322388	fusion	10	0	1	15	within
fs32k	15	all	11	0.6505026817321777	fusion	10	0	1	15	within
fs32k	15	all	1	0.6833365559577942	fusion	10	0	2	3	within
fs32k	15	all	2	0.6482411623001099	fusion	10	0	2	3	within
fs32k	15	all	3	0.6732285618782043	fusion	10	0	2	3	within
fs32k	15	all	4	0.7422991991043091	fusion	10	0	2	3	within
fs32k	15	all	5	0.6959603428840637	fusion	10	0	2	3	within
fs32k	15	all	6	0.6775544881820679	fusion	10	0	2	3	within
fs32k	15	all	7	0.6483426094055176	fusion	10	0	2	3	within
fs32k	15	all	8	0.6719985008239746	fusion	10	0	2	3	within
fs32k	15	all	9	0.7047734260559082	fusion	10	0	2	3	within
fs32k	15	all	10	0.6545491218566895	fusion	10	0	2	3	within
fs32k	15	all	11	0.6877865195274353	fusion	10	0	2	3	within
fs32k	15	all	1	0.6539828777313232	fusion	10	0	2	4	within
fs32k	15	all	2	0.6934952139854431	fusion	10	0	2	4	within
fs32k	15	all	3	0.6696650385856628	fusion	10	0	2	4	within
fs32k	15	all	4	0.7156998515129089	fusion	10	0	2	4	within
fs32k	15	all	5	0.6938011050224304	fusion	10	0	2	4	within
fs32k	15	all	6	0.7027273178100586	fusion	10	0	2	4	within
fs32k	15	all	7	0.6350935697555542	fusion	10	0	2	4	within
fs32k	15	all	8	0.6898587942123413	fusion	10	0	2	4	within
fs32k	15	all	9	0.7040549516677856	fusion	10	0	2	4	within
fs32k	15	all	10	0.673487663269043	fusion	10	0	2	4	within
fs32k	15	all	11	0.6813395619392395	fusion	10	0	2	4	within
fs32k	15	all	1	0.7123924493789673	fusion	10	0	2	5	within
fs32k	15	all	2	0.6796589493751526	fusion	10	0	2	5	within
fs32k	15	all	3	0.6953443288803101	fusion	10	0	2	5	within
fs32k	15	all	4	0.721411943435669	fusion	10	0	2	5	within
fs32k	15	all	5	0.6992518305778503	fusion	10	0	2	5	within
fs32k	15	all	6	0.6882280111312866	fusion	10	0	2	5	within
fs32k	15	all	7	0.6418405771255493	fusion	10	0	2	5	within
fs32k	15	all	8	0.6748276352882385	fusion	10	0	2	5	within
fs32k	15	all	9	0.6964311599731445	fusion	10	0	2	5	within
fs32k	15	all	10	0.6482201218605042	fusion	10	0	2	5	within
fs32k	15	all	11	0.6578993797302246	fusion	10	0	2	5	within
fs32k	15	all	1	0.6376166343688965	fusion	10	0	2	6	within
fs32k	15	all	2	0.6641627550125122	fusion	10	0	2	6	within
fs32k	15	all	3	0.6424915790557861	fusion	10	0	2	6	within
fs32k	15	all	4	0.7359338402748108	fusion	10	0	2	6	within
fs32k	15	all	5	0.7013556361198425	fusion	10	0	2	6	within
fs32k	15	all	6	0.6631695628166199	fusion	10	0	2	6	within
fs32k	15	all	7	0.6549727320671082	fusion	10	0	2	6	within
fs32k	15	all	8	0.6809509992599487	fusion	10	0	2	6	within
fs32k	15	all	9	0.6963285803794861	fusion	10	0	2	6	within
fs32k	15	all	10	0.6557300686836243	fusion	10	0	2	6	within
fs32k	15	all	11	0.6771689653396606	fusion	10	0	2	6	within
fs32k	15	all	1	0.6404223442077637	fusion	10	0	2	7	within
fs32k	15	all	2	0.6485785245895386	fusion	10	0	2	7	within
fs32k	15	all	3	0.6779065728187561	fusion	10	0	2	7	within
fs32k	15	all	4	0.7341908812522888	fusion	10	0	2	7	within
fs32k	15	all	5	0.6747313141822815	fusion	10	0	2	7	within
fs32k	15	all	6	0.656975507736206	fusion	10	0	2	7	within
fs32k	15	all	7	0.6266694664955139	fusion	10	0	2	7	within
fs32k	15	all	8	0.6668863892555237	fusion	10	0	2	7	within
fs32k	15	all	9	0.688584566116333	fusion	10	0	2	7	within
fs32k	15	all	10	0.6293304562568665	fusion	10	0	2	7	within
fs32k	15	all	11	0.6949226260185242	fusion	10	0	2	7	within
fs32k	15	all	1	0.6740471124649048	fusion	10	0	2	8	within
fs32k	15	all	2	0.667579710483551	fusion	10	0	2	8	within
fs32k	15	all	3	0.6444298028945923	fusion	10	0	2	8	within
fs32k	15	all	4	0.716225266456604	fusion	10	0	2	8	within
fs32k	15	all	5	0.6997649669647217	fusion	10	0	2	8	within
fs32k	15	all	6	0.6705414652824402	fusion	10	0	2	8	within
fs32k	15	all	7	0.6631405353546143	fusion	10	0	2	8	within
fs32k	15	all	8	0.6473801136016846	fusion	10	0	2	8	within
fs32k	15	all	9	0.6922571063041687	fusion	10	0	2	8	within
fs32k	15	all	10	0.6344801187515259	fusion	10	0	2	8	within
fs32k	15	all	11	0.6600354313850403	fusion	10	0	2	8	within
fs32k	15	all	1	0.6693023443222046	fusion	10	0	2	9	within
fs32k	15	all	2	0.664374053478241	fusion	10	0	2	9	within
fs32k	15	all	3	0.6636055111885071	fusion	10	0	2	9	within
fs32k	15	all	4	0.6740766167640686	fusion	10	0	2	9	within
fs32k	15	all	5	0.6782634854316711	fusion	10	0	2	9	within
fs32k	15	all	6	0.6653706431388855	fusion	10	0	2	9	within
fs32k	15	all	7	0.6642969846725464	fusion	10	0	2	9	within
fs32k	15	all	8	0.6531439423561096	fusion	10	0	2	9	within
fs32k	15	all	9	0.7005783915519714	fusion	10	0	2	9	within
fs32k	15	all	10	0.6237105131149292	fusion	10	0	2	9	within
fs32k	15	all	11	0.661225438117981	fusion	10	0	2	9	within
fs32k	15	all	1	0.7083900570869446	fusion	10	0	2	10	within
fs32k	15	all	2	0.6793118715286255	fusion	10	0	2	10	within
fs32k	15	all	3	0.676694929599762	fusion	10	0	2	10	within
fs32k	15	all	4	0.7094590663909912	fusion	10	0	2	10	within
fs32k	15	all	5	0.6799680590629578	fusion	10	0	2	10	within
fs32k	15	all	6	0.6842272877693176	fusion	10	0	2	10	within
fs32k	15	all	7	0.6647827625274658	fusion	10	0	2	10	within
fs32k	15	all	8	0.6660217642784119	fusion	10	0	2	10	within
fs32k	15	all	9	0.7027321457862854	fusion	10	0	2	10	within
fs32k	15	all	10	0.6644759178161621	fusion	10	0	2	10	within
fs32k	15	all	11	0.6505170464515686	fusion	10	0	2	10	within
fs32k	15	all	1	0.6589050889015198	fusion	10	0	2	11	within
fs32k	15	all	2	0.6720682978630066	fusion	10	0	2	11	within
fs32k	15	all	3	0.6270772814750671	fusion	10	0	2	11	within
fs32k	15	all	4	0.6940867304801941	fusion	10	0	2	11	within
fs32k	15	all	5	0.6820341944694519	fusion	10	0	2	11	within
fs32k	15	all	6	0.668990433216095	fusion	10	0	2	11	within
fs32k	15	all	7	0.6216509342193604	fusion	10	0	2	11	within
fs32k	15	all	8	0.6719329953193665	fusion	10	0	2	11	within
fs32k	15	all	9	0.66581130027771	fusion	10	0	2	11	within
fs32k	15	all	10	0.6414068341255188	fusion	10	0	2	11	within
fs32k	15	all	11	0.6765305995941162	fusion	10	0	2	11	within
fs32k	15	all	1	0.6219152808189392	fusion	10	0	2	12	within
fs32k	15	all	2	0.6733680963516235	fusion	10	0	2	12	within
fs32k	15	all	3	0.6623249650001526	fusion	10	0	2	12	within
fs32k	15	all	4	0.7045833468437195	fusion	10	0	2	12	within
fs32k	15	all	5	0.6855093240737915	fusion	10	0	2	12	within
fs32k	15	all	6	0.6912136673927307	fusion	10	0	2	12	within
fs32k	15	all	7	0.6331998705863953	fusion	10	0	2	12	within
fs32k	15	all	8	0.6678705215454102	fusion	10	0	2	12	within
fs32k	15	all	9	0.7019343376159668	fusion	10	0	2	12	within
fs32k	15	all	10	0.6553473472595215	fusion	10	0	2	12	within
fs32k	15	all	11	0.6555177569389343	fusion	10	0	2	12	within
fs32k	15	all	1	0.7090527415275574	fusion	10	0	2	13	within
fs32k	15	all	2	0.6118014454841614	fusion	10	0	2	13	within
fs32k	15	all	3	0.6750791072845459	fusion	10	0	2	13	within
fs32k	15	all	4	0.6709924936294556	fusion	10	0	2	13	within
fs32k	15	all	5	0.7185090780258179	fusion	10	0	2	13	within
fs32k	15	all	6	0.6661292314529419	fusion	10	0	2	13	within
fs32k	15	all	7	0.6661431193351746	fusion	10	0	2	13	within
fs32k	15	all	8	0.6599903702735901	fusion	10	0	2	13	within
fs32k	15	all	9	0.6932738423347473	fusion	10	0	2	13	within
fs32k	15	all	10	0.652052640914917	fusion	10	0	2	13	within
fs32k	15	all	11	0.6729744076728821	fusion	10	0	2	13	within
fs32k	15	all	1	0.6782967448234558	fusion	10	0	2	14	within
fs32k	15	all	2	0.6655182242393494	fusion	10	0	2	14	within
fs32k	15	all	3	0.6725479960441589	fusion	10	0	2	14	within
fs32k	15	all	4	0.6909874081611633	fusion	10	0	2	14	within
fs32k	15	all	5	0.7042385339736938	fusion	10	0	2	14	within
fs32k	15	all	6	0.6861099600791931	fusion	10	0	2	14	within
fs32k	15	all	7	0.6219717860221863	fusion	10	0	2	14	within
fs32k	15	all	8	0.6547387838363647	fusion	10	0	2	14	within
fs32k	15	all	9	0.6591524481773376	fusion	10	0	2	14	within
fs32k	15	all	10	0.6518749594688416	fusion	10	0	2	14	within
fs32k	15	all	11	0.6498017907142639	fusion	10	0	2	14	within
fs32k	15	all	1	0.6284220814704895	fusion	10	0	2	15	within
fs32k	15	all	2	0.6703057885169983	fusion	10	0	2	15	within
fs32k	15	all	3	0.6711816787719727	fusion	10	0	2	15	within
fs32k	15	all	4	0.7206974029541016	fusion	10	0	2	15	within
fs32k	15	all	5	0.6907972097396851	fusion	10	0	2	15	within
fs32k	15	all	6	0.6753163933753967	fusion	10	0	2	15	within
fs32k	15	all	7	0.6435486078262329	fusion	10	0	2	15	within
fs32k	15	all	8	0.6505216360092163	fusion	10	0	2	15	within
fs32k	15	all	9	0.6872421503067017	fusion	10	0	2	15	within
fs32k	15	all	10	0.6314942240715027	fusion	10	0	2	15	within
fs32k	15	all	11	0.6784100532531738	fusion	10	0	2	15	within
fs32k	15	all	1	0.6640108823776245	fusion	10	0	3	4	within
fs32k	15	all	2	0.6728205680847168	fusion	10	0	3	4	within
fs32k	15	all	3	0.6430279612541199	fusion	10	0	3	4	within
fs32k	15	all	4	0.7349714636802673	fusion	10	0	3	4	within
fs32k	15	all	5	0.7159916758537292	fusion	10	0	3	4	within
fs32k	15	all	6	0.709728479385376	fusion	10	0	3	4	within
fs32k	15	all	7	0.6573120951652527	fusion	10	0	3	4	within
fs32k	15	all	8	0.7280473709106445	fusion	10	0	3	4	within
fs32k	15	all	9	0.7079145312309265	fusion	10	0	3	4	within
fs32k	15	all	10	0.6499543786048889	fusion	10	0	3	4	within
fs32k	15	all	11	0.6847145557403564	fusion	10	0	3	4	within
fs32k	15	all	1	0.6723790168762207	fusion	10	0	3	5	within
fs32k	15	all	2	0.6406823992729187	fusion	10	0	3	5	within
fs32k	15	all	3	0.6827465295791626	fusion	10	0	3	5	within
fs32k	15	all	4	0.7395617961883545	fusion	10	0	3	5	within
fs32k	15	all	5	0.7280986905097961	fusion	10	0	3	5	within
fs32k	15	all	6	0.6897115707397461	fusion	10	0	3	5	within
fs32k	15	all	7	0.6422924399375916	fusion	10	0	3	5	within
fs32k	15	all	8	0.711535632610321	fusion	10	0	3	5	within
fs32k	15	all	9	0.6858246326446533	fusion	10	0	3	5	within
fs32k	15	all	10	0.6327963471412659	fusion	10	0	3	5	within
fs32k	15	all	11	0.6884509921073914	fusion	10	0	3	5	within
fs32k	15	all	1	0.6267718076705933	fusion	10	0	3	6	within
fs32k	15	all	2	0.6708101034164429	fusion	10	0	3	6	within
fs32k	15	all	3	0.6716153621673584	fusion	10	0	3	6	within
fs32k	15	all	4	0.7326314449310303	fusion	10	0	3	6	within
fs32k	15	all	5	0.7048214077949524	fusion	10	0	3	6	within
fs32k	15	all	6	0.6833055019378662	fusion	10	0	3	6	within
fs32k	15	all	7	0.6526725888252258	fusion	10	0	3	6	within
fs32k	15	all	8	0.6915372014045715	fusion	10	0	3	6	within
fs32k	15	all	9	0.7427809238433838	fusion	10	0	3	6	within
fs32k	15	all	10	0.6543809175491333	fusion	10	0	3	6	within
fs32k	15	all	11	0.7285842895507812	fusion	10	0	3	6	within
fs32k	15	all	1	0.6478113532066345	fusion	10	0	3	7	within
fs32k	15	all	2	0.6557576060295105	fusion	10	0	3	7	within
fs32k	15	all	3	0.688144326210022	fusion	10	0	3	7	within
fs32k	15	all	4	0.7116435766220093	fusion	10	0	3	7	within
fs32k	15	all	5	0.6742960810661316	fusion	10	0	3	7	within
fs32k	15	all	6	0.6867002248764038	fusion	10	0	3	7	within
fs32k	15	all	7	0.6243111491203308	fusion	10	0	3	7	within
fs32k	15	all	8	0.7311232686042786	fusion	10	0	3	7	within
fs32k	15	all	9	0.6858753561973572	fusion	10	0	3	7	within
fs32k	15	all	10	0.6488077640533447	fusion	10	0	3	7	within
fs32k	15	all	11	0.6915588974952698	fusion	10	0	3	7	within
fs32k	15	all	1	0.6929064989089966	fusion	10	0	3	8	within
fs32k	15	all	2	0.666632354259491	fusion	10	0	3	8	within
fs32k	15	all	3	0.6849098205566406	fusion	10	0	3	8	within
fs32k	15	all	4	0.7204455137252808	fusion	10	0	3	8	within
fs32k	15	all	5	0.7111676931381226	fusion	10	0	3	8	within
fs32k	15	all	6	0.6725378036499023	fusion	10	0	3	8	within
fs32k	15	all	7	0.6457833647727966	fusion	10	0	3	8	within
fs32k	15	all	8	0.6810303926467896	fusion	10	0	3	8	within
fs32k	15	all	9	0.6768667101860046	fusion	10	0	3	8	within
fs32k	15	all	10	0.6580004692077637	fusion	10	0	3	8	within
fs32k	15	all	11	0.6572163701057434	fusion	10	0	3	8	within
fs32k	15	all	1	0.6630553007125854	fusion	10	0	3	9	within
fs32k	15	all	2	0.6671282052993774	fusion	10	0	3	9	within
fs32k	15	all	3	0.6934487819671631	fusion	10	0	3	9	within
fs32k	15	all	4	0.683527946472168	fusion	10	0	3	9	within
fs32k	15	all	5	0.6824944615364075	fusion	10	0	3	9	within
fs32k	15	all	6	0.6778642535209656	fusion	10	0	3	9	within
fs32k	15	all	7	0.641257107257843	fusion	10	0	3	9	within
fs32k	15	all	8	0.6619278788566589	fusion	10	0	3	9	within
fs32k	15	all	9	0.6880254745483398	fusion	10	0	3	9	within
fs32k	15	all	10	0.6725671887397766	fusion	10	0	3	9	within
fs32k	15	all	11	0.6453587412834167	fusion	10	0	3	9	within
fs32k	15	all	1	0.7003663778305054	fusion	10	0	3	10	within
fs32k	15	all	2	0.6856609582901001	fusion	10	0	3	10	within
fs32k	15	all	3	0.6852743029594421	fusion	10	0	3	10	within
fs32k	15	all	4	0.7137612104415894	fusion	10	0	3	10	within
fs32k	15	all	5	0.6821958422660828	fusion	10	0	3	10	within
fs32k	15	all	6	0.6877995133399963	fusion	10	0	3	10	within
fs32k	15	all	7	0.6679220199584961	fusion	10	0	3	10	within
fs32k	15	all	8	0.6728299856185913	fusion	10	0	3	10	within
fs32k	15	all	9	0.700390636920929	fusion	10	0	3	10	within
fs32k	15	all	10	0.6639056205749512	fusion	10	0	3	10	within
fs32k	15	all	11	0.6630449295043945	fusion	10	0	3	10	within
fs32k	15	all	1	0.6601296067237854	fusion	10	0	3	11	within
fs32k	15	all	2	0.6647374629974365	fusion	10	0	3	11	within
fs32k	15	all	3	0.6644748449325562	fusion	10	0	3	11	within
fs32k	15	all	4	0.7177553176879883	fusion	10	0	3	11	within
fs32k	15	all	5	0.7143310904502869	fusion	10	0	3	11	within
fs32k	15	all	6	0.6688072085380554	fusion	10	0	3	11	within
fs32k	15	all	7	0.6052396893501282	fusion	10	0	3	11	within
fs32k	15	all	8	0.685955822467804	fusion	10	0	3	11	within
fs32k	15	all	9	0.6758410334587097	fusion	10	0	3	11	within
fs32k	15	all	10	0.6793093681335449	fusion	10	0	3	11	within
fs32k	15	all	11	0.703113317489624	fusion	10	0	3	11	within
fs32k	15	all	1	0.6353319883346558	fusion	10	0	3	12	within
fs32k	15	all	2	0.6540737152099609	fusion	10	0	3	12	within
fs32k	15	all	3	0.650035560131073	fusion	10	0	3	12	within
fs32k	15	all	4	0.7234728932380676	fusion	10	0	3	12	within
fs32k	15	all	5	0.7186292409896851	fusion	10	0	3	12	within
fs32k	15	all	6	0.7025359272956848	fusion	10	0	3	12	within
fs32k	15	all	7	0.6315945982933044	fusion	10	0	3	12	within
fs32k	15	all	8	0.6854739785194397	fusion	10	0	3	12	within
fs32k	15	all	9	0.7170434594154358	fusion	10	0	3	12	within
fs32k	15	all	10	0.6835314035415649	fusion	10	0	3	12	within
fs32k	15	all	11	0.6942585110664368	fusion	10	0	3	12	within
fs32k	15	all	1	0.6730130910873413	fusion	10	0	3	13	within
fs32k	15	all	2	0.6467884182929993	fusion	10	0	3	13	within
fs32k	15	all	3	0.6633152365684509	fusion	10	0	3	13	within
fs32k	15	all	4	0.6920558214187622	fusion	10	0	3	13	within
fs32k	15	all	5	0.6905447840690613	fusion	10	0	3	13	within
fs32k	15	all	6	0.6854005455970764	fusion	10	0	3	13	within
fs32k	15	all	7	0.6463801264762878	fusion	10	0	3	13	within
fs32k	15	all	8	0.706770122051239	fusion	10	0	3	13	within
fs32k	15	all	9	0.6913872361183167	fusion	10	0	3	13	within
fs32k	15	all	10	0.704653263092041	fusion	10	0	3	13	within
fs32k	15	all	11	0.6510579586029053	fusion	10	0	3	13	within
fs32k	15	all	1	0.6808483004570007	fusion	10	0	3	14	within
fs32k	15	all	2	0.664151668548584	fusion	10	0	3	14	within
fs32k	15	all	3	0.6772227883338928	fusion	10	0	3	14	within
fs32k	15	all	4	0.73023521900177	fusion	10	0	3	14	within
fs32k	15	all	5	0.7217208743095398	fusion	10	0	3	14	within
fs32k	15	all	6	0.6586606502532959	fusion	10	0	3	14	within
fs32k	15	all	7	0.6446529030799866	fusion	10	0	3	14	within
fs32k	15	all	8	0.6653532385826111	fusion	10	0	3	14	within
fs32k	15	all	9	0.6883126497268677	fusion	10	0	3	14	within
fs32k	15	all	10	0.6732334494590759	fusion	10	0	3	14	within
fs32k	15	all	11	0.6419864296913147	fusion	10	0	3	14	within
fs32k	15	all	1	0.6556237936019897	fusion	10	0	3	15	within
fs32k	15	all	2	0.6397979855537415	fusion	10	0	3	15	within
fs32k	15	all	3	0.6754150390625	fusion	10	0	3	15	within
fs32k	15	all	4	0.733917772769928	fusion	10	0	3	15	within
fs32k	15	all	5	0.6812033653259277	fusion	10	0	3	15	within
fs32k	15	all	6	0.6874312162399292	fusion	10	0	3	15	within
fs32k	15	all	7	0.6243982911109924	fusion	10	0	3	15	within
fs32k	15	all	8	0.6900434494018555	fusion	10	0	3	15	within
fs32k	15	all	9	0.6982298493385315	fusion	10	0	3	15	within
fs32k	15	all	10	0.6642206907272339	fusion	10	0	3	15	within
fs32k	15	all	11	0.6826006770133972	fusion	10	0	3	15	within
fs32k	15	all	1	0.6474776268005371	fusion	10	0	4	5	within
fs32k	15	all	2	0.6915937066078186	fusion	10	0	4	5	within
fs32k	15	all	3	0.6452943682670593	fusion	10	0	4	5	within
fs32k	15	all	4	0.7532991170883179	fusion	10	0	4	5	within
fs32k	15	all	5	0.7353211045265198	fusion	10	0	4	5	within
fs32k	15	all	6	0.7100642323493958	fusion	10	0	4	5	within
fs32k	15	all	7	0.6650280952453613	fusion	10	0	4	5	within
fs32k	15	all	8	0.7216101288795471	fusion	10	0	4	5	within
fs32k	15	all	9	0.7039951682090759	fusion	10	0	4	5	within
fs32k	15	all	10	0.6706579923629761	fusion	10	0	4	5	within
fs32k	15	all	11	0.6482534408569336	fusion	10	0	4	5	within
fs32k	15	all	1	0.6262935400009155	fusion	10	0	4	6	within
fs32k	15	all	2	0.6661124229431152	fusion	10	0	4	6	within
fs32k	15	all	3	0.6336933374404907	fusion	10	0	4	6	within
fs32k	15	all	4	0.7186123728752136	fusion	10	0	4	6	within
fs32k	15	all	5	0.7030416131019592	fusion	10	0	4	6	within
fs32k	15	all	6	0.6830670833587646	fusion	10	0	4	6	within
fs32k	15	all	7	0.6460888981819153	fusion	10	0	4	6	within
fs32k	15	all	8	0.7168095111846924	fusion	10	0	4	6	within
fs32k	15	all	9	0.6888761520385742	fusion	10	0	4	6	within
fs32k	15	all	10	0.6515300869941711	fusion	10	0	4	6	within
fs32k	15	all	11	0.6934217810630798	fusion	10	0	4	6	within
fs32k	15	all	1	0.6267085075378418	fusion	10	0	4	7	within
fs32k	15	all	2	0.6929447650909424	fusion	10	0	4	7	within
fs32k	15	all	3	0.669407308101654	fusion	10	0	4	7	within
fs32k	15	all	4	0.7154904007911682	fusion	10	0	4	7	within
fs32k	15	all	5	0.6819382309913635	fusion	10	0	4	7	within
fs32k	15	all	6	0.6651511788368225	fusion	10	0	4	7	within
fs32k	15	all	7	0.6394535899162292	fusion	10	0	4	7	within
fs32k	15	all	8	0.7299262285232544	fusion	10	0	4	7	within
fs32k	15	all	9	0.6883262991905212	fusion	10	0	4	7	within
fs32k	15	all	10	0.6574468612670898	fusion	10	0	4	7	within
fs32k	15	all	11	0.6920626759529114	fusion	10	0	4	7	within
fs32k	15	all	1	0.6505569815635681	fusion	10	0	4	8	within
fs32k	15	all	2	0.6918599009513855	fusion	10	0	4	8	within
fs32k	15	all	3	0.5968844294548035	fusion	10	0	4	8	within
fs32k	15	all	4	0.736484706401825	fusion	10	0	4	8	within
fs32k	15	all	5	0.7090170979499817	fusion	10	0	4	8	within
fs32k	15	all	6	0.7047889828681946	fusion	10	0	4	8	within
fs32k	15	all	7	0.6598129868507385	fusion	10	0	4	8	within
fs32k	15	all	8	0.6747461557388306	fusion	10	0	4	8	within
fs32k	15	all	9	0.6793227195739746	fusion	10	0	4	8	within
fs32k	15	all	10	0.6301134824752808	fusion	10	0	4	8	within
fs32k	15	all	11	0.7047962546348572	fusion	10	0	4	8	within
fs32k	15	all	1	0.6718741059303284	fusion	10	0	4	9	within
fs32k	15	all	2	0.6717848777770996	fusion	10	0	4	9	within
fs32k	15	all	3	0.6397501826286316	fusion	10	0	4	9	within
fs32k	15	all	4	0.6672050356864929	fusion	10	0	4	9	within
fs32k	15	all	5	0.7149599194526672	fusion	10	0	4	9	within
fs32k	15	all	6	0.6974543333053589	fusion	10	0	4	9	within
fs32k	15	all	7	0.6635786890983582	fusion	10	0	4	9	within
fs32k	15	all	8	0.7040326595306396	fusion	10	0	4	9	within
fs32k	15	all	9	0.6673240661621094	fusion	10	0	4	9	within
fs32k	15	all	10	0.6245889067649841	fusion	10	0	4	9	within
fs32k	15	all	11	0.6546197533607483	fusion	10	0	4	9	within
fs32k	15	all	1	0.6891223192214966	fusion	10	0	4	10	within
fs32k	15	all	2	0.6655351519584656	fusion	10	0	4	10	within
fs32k	15	all	3	0.6185857057571411	fusion	10	0	4	10	within
fs32k	15	all	4	0.717756986618042	fusion	10	0	4	10	within
fs32k	15	all	5	0.7198492884635925	fusion	10	0	4	10	within
fs32k	15	all	6	0.7203526496887207	fusion	10	0	4	10	within
fs32k	15	all	7	0.668668270111084	fusion	10	0	4	10	within
fs32k	15	all	8	0.7076037526130676	fusion	10	0	4	10	within
fs32k	15	all	9	0.7018159031867981	fusion	10	0	4	10	within
fs32k	15	all	10	0.6773361563682556	fusion	10	0	4	10	within
fs32k	15	all	11	0.6655412912368774	fusion	10	0	4	10	within
fs32k	15	all	1	0.6581834554672241	fusion	10	0	4	11	within
fs32k	15	all	2	0.6853325963020325	fusion	10	0	4	11	within
fs32k	15	all	3	0.6393566727638245	fusion	10	0	4	11	within
fs32k	15	all	4	0.7278528809547424	fusion	10	0	4	11	within
fs32k	15	all	5	0.72162926197052	fusion	10	0	4	11	within
fs32k	15	all	6	0.6968771815299988	fusion	10	0	4	11	within
fs32k	15	all	7	0.6321998834609985	fusion	10	0	4	11	within
fs32k	15	all	8	0.7143779397010803	fusion	10	0	4	11	within
fs32k	15	all	9	0.6501549482345581	fusion	10	0	4	11	within
fs32k	15	all	10	0.6352474093437195	fusion	10	0	4	11	within
fs32k	15	all	11	0.6900716423988342	fusion	10	0	4	11	within
fs32k	15	all	1	0.6132646799087524	fusion	10	0	4	12	within
fs32k	15	all	2	0.6715174913406372	fusion	10	0	4	12	within
fs32k	15	all	3	0.6406112313270569	fusion	10	0	4	12	within
fs32k	15	all	4	0.7386037707328796	fusion	10	0	4	12	within
fs32k	15	all	5	0.7181198596954346	fusion	10	0	4	12	within
fs32k	15	all	6	0.7297099232673645	fusion	10	0	4	12	within
fs32k	15	all	7	0.6812329888343811	fusion	10	0	4	12	within
fs32k	15	all	8	0.6974081993103027	fusion	10	0	4	12	within
fs32k	15	all	9	0.6905868649482727	fusion	10	0	4	12	within
fs32k	15	all	10	0.6407323479652405	fusion	10	0	4	12	within
fs32k	15	all	11	0.68160480260849	fusion	10	0	4	12	within
fs32k	15	all	1	0.6516256928443909	fusion	10	0	4	13	within
fs32k	15	all	2	0.6272543668746948	fusion	10	0	4	13	within
fs32k	15	all	3	0.6310269832611084	fusion	10	0	4	13	within
fs32k	15	all	4	0.7168484330177307	fusion	10	0	4	13	within
fs32k	15	all	5	0.7322927117347717	fusion	10	0	4	13	within
fs32k	15	all	6	0.6979443430900574	fusion	10	0	4	13	within
fs32k	15	all	7	0.6519957780838013	fusion	10	0	4	13	within
fs32k	15	all	8	0.704886257648468	fusion	10	0	4	13	within
fs32k	15	all	9	0.6991482377052307	fusion	10	0	4	13	within
fs32k	15	all	10	0.6474841237068176	fusion	10	0	4	13	within
fs32k	15	all	11	0.6678839921951294	fusion	10	0	4	13	within
fs32k	15	all	1	0.6620903611183167	fusion	10	0	4	14	within
fs32k	15	all	2	0.6593499183654785	fusion	10	0	4	14	within
fs32k	15	all	3	0.6670570969581604	fusion	10	0	4	14	within
fs32k	15	all	4	0.7365460395812988	fusion	10	0	4	14	within
fs32k	15	all	5	0.727174699306488	fusion	10	0	4	14	within
fs32k	15	all	6	0.7139638662338257	fusion	10	0	4	14	within
fs32k	15	all	7	0.6571468710899353	fusion	10	0	4	14	within
fs32k	15	all	8	0.6871799826622009	fusion	10	0	4	14	within
fs32k	15	all	9	0.6774486303329468	fusion	10	0	4	14	within
fs32k	15	all	10	0.6858566403388977	fusion	10	0	4	14	within
fs32k	15	all	11	0.6755779981613159	fusion	10	0	4	14	within
fs32k	15	all	1	0.6331166625022888	fusion	10	0	4	15	within
fs32k	15	all	2	0.6490991711616516	fusion	10	0	4	15	within
fs32k	15	all	3	0.6179344654083252	fusion	10	0	4	15	within
fs32k	15	all	4	0.7512145042419434	fusion	10	0	4	15	within
fs32k	15	all	5	0.7013144493103027	fusion	10	0	4	15	within
fs32k	15	all	6	0.719610869884491	fusion	10	0	4	15	within
fs32k	15	all	7	0.6470625400543213	fusion	10	0	4	15	within
fs32k	15	all	8	0.7027260661125183	fusion	10	0	4	15	within
fs32k	15	all	9	0.6541109085083008	fusion	10	0	4	15	within
fs32k	15	all	10	0.6285151839256287	fusion	10	0	4	15	within
fs32k	15	all	11	0.684302568435669	fusion	10	0	4	15	within
fs32k	15	all	1	0.6331503987312317	fusion	10	0	5	6	within
fs32k	15	all	2	0.6350118517875671	fusion	10	0	5	6	within
fs32k	15	all	3	0.6675342917442322	fusion	10	0	5	6	within
fs32k	15	all	4	0.7214624881744385	fusion	10	0	5	6	within
fs32k	15	all	5	0.6916971802711487	fusion	10	0	5	6	within
fs32k	15	all	6	0.6704473495483398	fusion	10	0	5	6	within
fs32k	15	all	7	0.6423596739768982	fusion	10	0	5	6	within
fs32k	15	all	8	0.7080288529396057	fusion	10	0	5	6	within
fs32k	15	all	9	0.6671770811080933	fusion	10	0	5	6	within
fs32k	15	all	10	0.6726506948471069	fusion	10	0	5	6	within
fs32k	15	all	11	0.6649993062019348	fusion	10	0	5	6	within
fs32k	15	all	1	0.6527600288391113	fusion	10	0	5	7	within
fs32k	15	all	2	0.6481361985206604	fusion	10	0	5	7	within
fs32k	15	all	3	0.6960201859474182	fusion	10	0	5	7	within
fs32k	15	all	4	0.7165060043334961	fusion	10	0	5	7	within
fs32k	15	all	5	0.6726237535476685	fusion	10	0	5	7	within
fs32k	15	all	6	0.6579570770263672	fusion	10	0	5	7	within
fs32k	15	all	7	0.6325722336769104	fusion	10	0	5	7	within
fs32k	15	all	8	0.7133103013038635	fusion	10	0	5	7	within
fs32k	15	all	9	0.683579683303833	fusion	10	0	5	7	within
fs32k	15	all	10	0.6469555497169495	fusion	10	0	5	7	within
fs32k	15	all	11	0.7013655304908752	fusion	10	0	5	7	within
fs32k	15	all	1	0.6855438947677612	fusion	10	0	5	8	within
fs32k	15	all	2	0.6730101704597473	fusion	10	0	5	8	within
fs32k	15	all	3	0.6784226894378662	fusion	10	0	5	8	within
fs32k	15	all	4	0.7642506957054138	fusion	10	0	5	8	within
fs32k	15	all	5	0.7106983661651611	fusion	10	0	5	8	within
fs32k	15	all	6	0.7031255960464478	fusion	10	0	5	8	within
fs32k	15	all	7	0.6568287014961243	fusion	10	0	5	8	within
fs32k	15	all	8	0.6458542346954346	fusion	10	0	5	8	within
fs32k	15	all	9	0.681717574596405	fusion	10	0	5	8	within
fs32k	15	all	10	0.6273839473724365	fusion	10	0	5	8	within
fs32k	15	all	11	0.6698537468910217	fusion	10	0	5	8	within
fs32k	15	all	1	0.6922026872634888	fusion	10	0	5	9	within
fs32k	15	all	2	0.6560279726982117	fusion	10	0	5	9	within
fs32k	15	all	3	0.6984085440635681	fusion	10	0	5	9	within
fs32k	15	all	4	0.6796629428863525	fusion	10	0	5	9	within
fs32k	15	all	5	0.6884781122207642	fusion	10	0	5	9	within
fs32k	15	all	6	0.701593279838562	fusion	10	0	5	9	within
fs32k	15	all	7	0.6479367017745972	fusion	10	0	5	9	within
fs32k	15	all	8	0.700190007686615	fusion	10	0	5	9	within
fs32k	15	all	9	0.694340705871582	fusion	10	0	5	9	within
fs32k	15	all	10	0.6305729150772095	fusion	10	0	5	9	within
fs32k	15	all	11	0.6630113124847412	fusion	10	0	5	9	within
fs32k	15	all	1	0.7114927172660828	fusion	10	0	5	10	within
fs32k	15	all	2	0.6597583889961243	fusion	10	0	5	10	within
fs32k	15	all	3	0.7004368901252747	fusion	10	0	5	10	within
fs32k	15	all	4	0.7327220439910889	fusion	10	0	5	10	within
fs32k	15	all	5	0.708762526512146	fusion	10	0	5	10	within
fs32k	15	all	6	0.700814962387085	fusion	10	0	5	10	within
fs32k	15	all	7	0.6488654613494873	fusion	10	0	5	10	within
fs32k	15	all	8	0.7054067254066467	fusion	10	0	5	10	within
fs32k	15	all	9	0.7010045647621155	fusion	10	0	5	10	within
fs32k	15	all	10	0.6318087577819824	fusion	10	0	5	10	within
fs32k	15	all	11	0.7093498706817627	fusion	10	0	5	10	within
fs32k	15	all	1	0.6636528968811035	fusion	10	0	5	11	within
fs32k	15	all	2	0.6782093644142151	fusion	10	0	5	11	within
fs32k	15	all	3	0.6409989595413208	fusion	10	0	5	11	within
fs32k	15	all	4	0.7276309132575989	fusion	10	0	5	11	within
fs32k	15	all	5	0.7130658626556396	fusion	10	0	5	11	within
fs32k	15	all	6	0.6887764930725098	fusion	10	0	5	11	within
fs32k	15	all	7	0.6082069873809814	fusion	10	0	5	11	within
fs32k	15	all	8	0.6969270706176758	fusion	10	0	5	11	within
fs32k	15	all	9	0.6628001928329468	fusion	10	0	5	11	within
fs32k	15	all	10	0.627460241317749	fusion	10	0	5	11	within
fs32k	15	all	11	0.700570821762085	fusion	10	0	5	11	within
fs32k	15	all	1	0.6335940361022949	fusion	10	0	5	12	within
fs32k	15	all	2	0.677695095539093	fusion	10	0	5	12	within
fs32k	15	all	3	0.6516953110694885	fusion	10	0	5	12	within
fs32k	15	all	4	0.7331399917602539	fusion	10	0	5	12	within
fs32k	15	all	5	0.684570848941803	fusion	10	0	5	12	within
fs32k	15	all	6	0.6830633878707886	fusion	10	0	5	12	within
fs32k	15	all	7	0.6502424478530884	fusion	10	0	5	12	within
fs32k	15	all	8	0.6558001637458801	fusion	10	0	5	12	within
fs32k	15	all	9	0.6897718906402588	fusion	10	0	5	12	within
fs32k	15	all	10	0.6349766254425049	fusion	10	0	5	12	within
fs32k	15	all	11	0.6843546628952026	fusion	10	0	5	12	within
fs32k	15	all	1	0.7111963033676147	fusion	10	0	5	13	within
fs32k	15	all	2	0.6137569546699524	fusion	10	0	5	13	within
fs32k	15	all	3	0.6691902279853821	fusion	10	0	5	13	within
fs32k	15	all	4	0.7146517634391785	fusion	10	0	5	13	within
fs32k	15	all	5	0.7121337056159973	fusion	10	0	5	13	within
fs32k	15	all	6	0.6874704957008362	fusion	10	0	5	13	within
fs32k	15	all	7	0.6308949589729309	fusion	10	0	5	13	within
fs32k	15	all	8	0.70241379737854	fusion	10	0	5	13	within
fs32k	15	all	9	0.6810008883476257	fusion	10	0	5	13	within
fs32k	15	all	10	0.6457934379577637	fusion	10	0	5	13	within
fs32k	15	all	11	0.6795781254768372	fusion	10	0	5	13	within
fs32k	15	all	1	0.6910372376441956	fusion	10	0	5	14	within
fs32k	15	all	2	0.6453975439071655	fusion	10	0	5	14	within
fs32k	15	all	3	0.6873927116394043	fusion	10	0	5	14	within
fs32k	15	all	4	0.7383514642715454	fusion	10	0	5	14	within
fs32k	15	all	5	0.717234194278717	fusion	10	0	5	14	within
fs32k	15	all	6	0.7207207083702087	fusion	10	0	5	14	within
fs32k	15	all	7	0.636598527431488	fusion	10	0	5	14	within
fs32k	15	all	8	0.671093225479126	fusion	10	0	5	14	within
fs32k	15	all	9	0.6446833610534668	fusion	10	0	5	14	within
fs32k	15	all	10	0.6411599516868591	fusion	10	0	5	14	within
fs32k	15	all	11	0.6920135617256165	fusion	10	0	5	14	within
fs32k	15	all	1	0.6333430409431458	fusion	10	0	5	15	within
fs32k	15	all	2	0.6768858432769775	fusion	10	0	5	15	within
fs32k	15	all	3	0.6801827549934387	fusion	10	0	5	15	within
fs32k	15	all	4	0.7669808268547058	fusion	10	0	5	15	within
fs32k	15	all	5	0.6767208576202393	fusion	10	0	5	15	within
fs32k	15	all	6	0.6919623613357544	fusion	10	0	5	15	within
fs32k	15	all	7	0.6286427974700928	fusion	10	0	5	15	within
fs32k	15	all	8	0.7009943723678589	fusion	10	0	5	15	within
fs32k	15	all	9	0.674540102481842	fusion	10	0	5	15	within
fs32k	15	all	10	0.6234176158905029	fusion	10	0	5	15	within
fs32k	15	all	11	0.6861182451248169	fusion	10	0	5	15	within
fs32k	15	all	1	0.6778404712677002	fusion	10	0	6	7	within
fs32k	15	all	2	0.6670645475387573	fusion	10	0	6	7	within
fs32k	15	all	3	0.6775868535041809	fusion	10	0	6	7	within
fs32k	15	all	4	0.7499799132347107	fusion	10	0	6	7	within
fs32k	15	all	5	0.7388694882392883	fusion	10	0	6	7	within
fs32k	15	all	6	0.6654136776924133	fusion	10	0	6	7	within
fs32k	15	all	7	0.6183461546897888	fusion	10	0	6	7	within
fs32k	15	all	8	0.6995080709457397	fusion	10	0	6	7	within
fs32k	15	all	9	0.6961297988891602	fusion	10	0	6	7	within
fs32k	15	all	10	0.6865708827972412	fusion	10	0	6	7	within
fs32k	15	all	11	0.6899458765983582	fusion	10	0	6	7	within
fs32k	15	all	1	0.632437527179718	fusion	10	0	6	8	within
fs32k	15	all	2	0.6659641861915588	fusion	10	0	6	8	within
fs32k	15	all	3	0.6508827209472656	fusion	10	0	6	8	within
fs32k	15	all	4	0.7332925200462341	fusion	10	0	6	8	within
fs32k	15	all	5	0.722864031791687	fusion	10	0	6	8	within
fs32k	15	all	6	0.6825094223022461	fusion	10	0	6	8	within
fs32k	15	all	7	0.6827914118766785	fusion	10	0	6	8	within
fs32k	15	all	8	0.6631322503089905	fusion	10	0	6	8	within
fs32k	15	all	9	0.6714051365852356	fusion	10	0	6	8	within
fs32k	15	all	10	0.6381407380104065	fusion	10	0	6	8	within
fs32k	15	all	11	0.662672758102417	fusion	10	0	6	8	within
fs32k	15	all	1	0.6707130670547485	fusion	10	0	6	9	within
fs32k	15	all	2	0.6539015769958496	fusion	10	0	6	9	within
fs32k	15	all	3	0.6705496907234192	fusion	10	0	6	9	within
fs32k	15	all	4	0.6675727367401123	fusion	10	0	6	9	within
fs32k	15	all	5	0.7019650340080261	fusion	10	0	6	9	within
fs32k	15	all	6	0.6475920677185059	fusion	10	0	6	9	within
fs32k	15	all	7	0.6525815725326538	fusion	10	0	6	9	within
fs32k	15	all	8	0.6921017169952393	fusion	10	0	6	9	within
fs32k	15	all	9	0.6730856895446777	fusion	10	0	6	9	within
fs32k	15	all	10	0.6472680568695068	fusion	10	0	6	9	within
fs32k	15	all	11	0.633736789226532	fusion	10	0	6	9	within
fs32k	15	all	1	0.6753526329994202	fusion	10	0	6	10	within
fs32k	15	all	2	0.669658899307251	fusion	10	0	6	10	within
fs32k	15	all	3	0.6789454221725464	fusion	10	0	6	10	within
fs32k	15	all	4	0.7379850745201111	fusion	10	0	6	10	within
fs32k	15	all	5	0.6871927976608276	fusion	10	0	6	10	within
fs32k	15	all	6	0.6823476552963257	fusion	10	0	6	10	within
fs32k	15	all	7	0.6765060424804688	fusion	10	0	6	10	within
fs32k	15	all	8	0.7044661045074463	fusion	10	0	6	10	within
fs32k	15	all	9	0.6846659779548645	fusion	10	0	6	10	within
fs32k	15	all	10	0.6411539912223816	fusion	10	0	6	10	within
fs32k	15	all	11	0.649874210357666	fusion	10	0	6	10	within
fs32k	15	all	1	0.6901369094848633	fusion	10	0	6	11	within
fs32k	15	all	2	0.6669452786445618	fusion	10	0	6	11	within
fs32k	15	all	3	0.6538203358650208	fusion	10	0	6	11	within
fs32k	15	all	4	0.7396214008331299	fusion	10	0	6	11	within
fs32k	15	all	5	0.6942474842071533	fusion	10	0	6	11	within
fs32k	15	all	6	0.6408859491348267	fusion	10	0	6	11	within
fs32k	15	all	7	0.6377778649330139	fusion	10	0	6	11	within
fs32k	15	all	8	0.7045944333076477	fusion	10	0	6	11	within
fs32k	15	all	9	0.6533952355384827	fusion	10	0	6	11	within
fs32k	15	all	10	0.6541412472724915	fusion	10	0	6	11	within
fs32k	15	all	11	0.6999799609184265	fusion	10	0	6	11	within
fs32k	15	all	1	0.6775082349777222	fusion	10	0	6	12	within
fs32k	15	all	2	0.6607245206832886	fusion	10	0	6	12	within
fs32k	15	all	3	0.6313832402229309	fusion	10	0	6	12	within
fs32k	15	all	4	0.7083137631416321	fusion	10	0	6	12	within
fs32k	15	all	5	0.7274689078330994	fusion	10	0	6	12	within
fs32k	15	all	6	0.6816596984863281	fusion	10	0	6	12	within
fs32k	15	all	7	0.6585285663604736	fusion	10	0	6	12	within
fs32k	15	all	8	0.6564697623252869	fusion	10	0	6	12	within
fs32k	15	all	9	0.7121622562408447	fusion	10	0	6	12	within
fs32k	15	all	10	0.6890718340873718	fusion	10	0	6	12	within
fs32k	15	all	11	0.6778631210327148	fusion	10	0	6	12	within
fs32k	15	all	1	0.6409397721290588	fusion	10	0	6	13	within
fs32k	15	all	2	0.6487927436828613	fusion	10	0	6	13	within
fs32k	15	all	3	0.6413147449493408	fusion	10	0	6	13	within
fs32k	15	all	4	0.6826859712600708	fusion	10	0	6	13	within
fs32k	15	all	5	0.7189055681228638	fusion	10	0	6	13	within
fs32k	15	all	6	0.668095052242279	fusion	10	0	6	13	within
fs32k	15	all	7	0.6585726141929626	fusion	10	0	6	13	within
fs32k	15	all	8	0.6762319207191467	fusion	10	0	6	13	within
fs32k	15	all	9	0.6775543689727783	fusion	10	0	6	13	within
fs32k	15	all	10	0.667954683303833	fusion	10	0	6	13	within
fs32k	15	all	11	0.6445974111557007	fusion	10	0	6	13	within
fs32k	15	all	1	0.67908775806427	fusion	10	0	6	14	within
fs32k	15	all	2	0.6618945002555847	fusion	10	0	6	14	within
fs32k	15	all	3	0.6857379078865051	fusion	10	0	6	14	within
fs32k	15	all	4	0.7194358110427856	fusion	10	0	6	14	within
fs32k	15	all	5	0.7141161561012268	fusion	10	0	6	14	within
fs32k	15	all	6	0.6784733533859253	fusion	10	0	6	14	within
fs32k	15	all	7	0.6327064037322998	fusion	10	0	6	14	within
fs32k	15	all	8	0.6607358455657959	fusion	10	0	6	14	within
fs32k	15	all	9	0.6857110857963562	fusion	10	0	6	14	within
fs32k	15	all	10	0.6520697474479675	fusion	10	0	6	14	within
fs32k	15	all	11	0.6472702622413635	fusion	10	0	6	14	within
fs32k	15	all	1	0.6560273766517639	fusion	10	0	6	15	within
fs32k	15	all	2	0.6395836472511292	fusion	10	0	6	15	within
fs32k	15	all	3	0.6729512810707092	fusion	10	0	6	15	within
fs32k	15	all	4	0.7366525530815125	fusion	10	0	6	15	within
fs32k	15	all	5	0.6953104138374329	fusion	10	0	6	15	within
fs32k	15	all	6	0.6730034351348877	fusion	10	0	6	15	within
fs32k	15	all	7	0.6466591954231262	fusion	10	0	6	15	within
fs32k	15	all	8	0.6707425713539124	fusion	10	0	6	15	within
fs32k	15	all	9	0.6843452453613281	fusion	10	0	6	15	within
fs32k	15	all	10	0.6463257074356079	fusion	10	0	6	15	within
fs32k	15	all	11	0.6998465657234192	fusion	10	0	6	15	within
fs32k	15	all	1	0.6464496850967407	fusion	10	0	7	8	within
fs32k	15	all	2	0.6942885518074036	fusion	10	0	7	8	within
fs32k	15	all	3	0.685179591178894	fusion	10	0	7	8	within
fs32k	15	all	4	0.7372899055480957	fusion	10	0	7	8	within
fs32k	15	all	5	0.7291727066040039	fusion	10	0	7	8	within
fs32k	15	all	6	0.6891034245491028	fusion	10	0	7	8	within
fs32k	15	all	7	0.640977144241333	fusion	10	0	7	8	within
fs32k	15	all	8	0.7215012311935425	fusion	10	0	7	8	within
fs32k	15	all	9	0.6660980582237244	fusion	10	0	7	8	within
fs32k	15	all	10	0.6747797727584839	fusion	10	0	7	8	within
fs32k	15	all	11	0.713880181312561	fusion	10	0	7	8	within
fs32k	15	all	1	0.7017540335655212	fusion	10	0	7	9	within
fs32k	15	all	2	0.6499940752983093	fusion	10	0	7	9	within
fs32k	15	all	3	0.6888658404350281	fusion	10	0	7	9	within
fs32k	15	all	4	0.6711829900741577	fusion	10	0	7	9	within
fs32k	15	all	5	0.6948974132537842	fusion	10	0	7	9	within
fs32k	15	all	6	0.6486940979957581	fusion	10	0	7	9	within
fs32k	15	all	7	0.6318758130073547	fusion	10	0	7	9	within
fs32k	15	all	8	0.6775038242340088	fusion	10	0	7	9	within
fs32k	15	all	9	0.6677630543708801	fusion	10	0	7	9	within
fs32k	15	all	10	0.659302830696106	fusion	10	0	7	9	within
fs32k	15	all	11	0.6697534322738647	fusion	10	0	7	9	within
fs32k	15	all	1	0.680760383605957	fusion	10	0	7	10	within
fs32k	15	all	2	0.6388303637504578	fusion	10	0	7	10	within
fs32k	15	all	3	0.6984882950782776	fusion	10	0	7	10	within
fs32k	15	all	4	0.7140851020812988	fusion	10	0	7	10	within
fs32k	15	all	5	0.6813234686851501	fusion	10	0	7	10	within
fs32k	15	all	6	0.6678024530410767	fusion	10	0	7	10	within
fs32k	15	all	7	0.6169837117195129	fusion	10	0	7	10	within
fs32k	15	all	8	0.6927653551101685	fusion	10	0	7	10	within
fs32k	15	all	9	0.6872469782829285	fusion	10	0	7	10	within
fs32k	15	all	10	0.6616965532302856	fusion	10	0	7	10	within
fs32k	15	all	11	0.6880909204483032	fusion	10	0	7	10	within
fs32k	15	all	1	0.7048596143722534	fusion	10	0	7	11	within
fs32k	15	all	2	0.6874276995658875	fusion	10	0	7	11	within
fs32k	15	all	3	0.6685827970504761	fusion	10	0	7	11	within
fs32k	15	all	4	0.7118719816207886	fusion	10	0	7	11	within
fs32k	15	all	5	0.688808023929596	fusion	10	0	7	11	within
fs32k	15	all	6	0.6547912955284119	fusion	10	0	7	11	within
fs32k	15	all	7	0.5897889733314514	fusion	10	0	7	11	within
fs32k	15	all	8	0.6753396987915039	fusion	10	0	7	11	within
fs32k	15	all	9	0.6510522365570068	fusion	10	0	7	11	within
fs32k	15	all	10	0.6447978019714355	fusion	10	0	7	11	within
fs32k	15	all	11	0.7047596573829651	fusion	10	0	7	11	within
fs32k	15	all	1	0.709247887134552	fusion	10	0	7	12	within
fs32k	15	all	2	0.6761584877967834	fusion	10	0	7	12	within
fs32k	15	all	3	0.6588678956031799	fusion	10	0	7	12	within
fs32k	15	all	4	0.7171556353569031	fusion	10	0	7	12	within
fs32k	15	all	5	0.7021065950393677	fusion	10	0	7	12	within
fs32k	15	all	6	0.6833063960075378	fusion	10	0	7	12	within
fs32k	15	all	7	0.6360841393470764	fusion	10	0	7	12	within
fs32k	15	all	8	0.6863608956336975	fusion	10	0	7	12	within
fs32k	15	all	9	0.6749281883239746	fusion	10	0	7	12	within
fs32k	15	all	10	0.6443308591842651	fusion	10	0	7	12	within
fs32k	15	all	11	0.6853020787239075	fusion	10	0	7	12	within
fs32k	15	all	1	0.658331573009491	fusion	10	0	7	13	within
fs32k	15	all	2	0.644498884677887	fusion	10	0	7	13	within
fs32k	15	all	3	0.6665083169937134	fusion	10	0	7	13	within
fs32k	15	all	4	0.7035131454467773	fusion	10	0	7	13	within
fs32k	15	all	5	0.6972313523292542	fusion	10	0	7	13	within
fs32k	15	all	6	0.6656944751739502	fusion	10	0	7	13	within
fs32k	15	all	7	0.6109024286270142	fusion	10	0	7	13	within
fs32k	15	all	8	0.7125288844108582	fusion	10	0	7	13	within
fs32k	15	all	9	0.7050140500068665	fusion	10	0	7	13	within
fs32k	15	all	10	0.6641995906829834	fusion	10	0	7	13	within
fs32k	15	all	11	0.7019251585006714	fusion	10	0	7	13	within
fs32k	15	all	1	0.6798909306526184	fusion	10	0	7	14	within
fs32k	15	all	2	0.6427047252655029	fusion	10	0	7	14	within
fs32k	15	all	3	0.6844218373298645	fusion	10	0	7	14	within
fs32k	15	all	4	0.6976392269134521	fusion	10	0	7	14	within
fs32k	15	all	5	0.7078902125358582	fusion	10	0	7	14	within
fs32k	15	all	6	0.6480672359466553	fusion	10	0	7	14	within
fs32k	15	all	7	0.6342974305152893	fusion	10	0	7	14	within
fs32k	15	all	8	0.6768350601196289	fusion	10	0	7	14	within
fs32k	15	all	9	0.6491314768791199	fusion	10	0	7	14	within
fs32k	15	all	10	0.6555872559547424	fusion	10	0	7	14	within
fs32k	15	all	11	0.7025801539421082	fusion	10	0	7	14	within
fs32k	15	all	1	0.6966116428375244	fusion	10	0	7	15	within
fs32k	15	all	2	0.6325515508651733	fusion	10	0	7	15	within
fs32k	15	all	3	0.6871039271354675	fusion	10	0	7	15	within
fs32k	15	all	4	0.721931517124176	fusion	10	0	7	15	within
fs32k	15	all	5	0.699344277381897	fusion	10	0	7	15	within
fs32k	15	all	6	0.6538262367248535	fusion	10	0	7	15	within
fs32k	15	all	7	0.6269491314888	fusion	10	0	7	15	within
fs32k	15	all	8	0.7097647786140442	fusion	10	0	7	15	within
fs32k	15	all	9	0.6670310497283936	fusion	10	0	7	15	within
fs32k	15	all	10	0.6530988812446594	fusion	10	0	7	15	within
fs32k	15	all	11	0.7007818818092346	fusion	10	0	7	15	within
fs32k	15	all	1	0.666550874710083	fusion	10	0	8	9	within
fs32k	15	all	2	0.7015360593795776	fusion	10	0	8	9	within
fs32k	15	all	3	0.7041954398155212	fusion	10	0	8	9	within
fs32k	15	all	4	0.7049158811569214	fusion	10	0	8	9	within
fs32k	15	all	5	0.6996837854385376	fusion	10	0	8	9	within
fs32k	15	all	6	0.6791749000549316	fusion	10	0	8	9	within
fs32k	15	all	7	0.695717453956604	fusion	10	0	8	9	within
fs32k	15	all	8	0.6277235746383667	fusion	10	0	8	9	within
fs32k	15	all	9	0.6883888840675354	fusion	10	0	8	9	within
fs32k	15	all	10	0.6898531317710876	fusion	10	0	8	9	within
fs32k	15	all	11	0.6613428592681885	fusion	10	0	8	9	within
fs32k	15	all	1	0.6922432780265808	fusion	10	0	8	10	within
fs32k	15	all	2	0.6717941761016846	fusion	10	0	8	10	within
fs32k	15	all	3	0.6984208822250366	fusion	10	0	8	10	within
fs32k	15	all	4	0.7412857413291931	fusion	10	0	8	10	within
fs32k	15	all	5	0.7013276815414429	fusion	10	0	8	10	within
fs32k	15	all	6	0.7145525217056274	fusion	10	0	8	10	within
fs32k	15	all	7	0.7020108103752136	fusion	10	0	8	10	within
fs32k	15	all	8	0.6484354734420776	fusion	10	0	8	10	within
fs32k	15	all	9	0.6937341690063477	fusion	10	0	8	10	within
fs32k	15	all	10	0.675416111946106	fusion	10	0	8	10	within
fs32k	15	all	11	0.6895696520805359	fusion	10	0	8	10	within
fs32k	15	all	1	0.6623933911323547	fusion	10	0	8	11	within
fs32k	15	all	2	0.694625198841095	fusion	10	0	8	11	within
fs32k	15	all	3	0.6511624455451965	fusion	10	0	8	11	within
fs32k	15	all	4	0.7343985438346863	fusion	10	0	8	11	within
fs32k	15	all	5	0.7277060747146606	fusion	10	0	8	11	within
fs32k	15	all	6	0.6858331561088562	fusion	10	0	8	11	within
fs32k	15	all	7	0.6337643265724182	fusion	10	0	8	11	within
fs32k	15	all	8	0.6499419808387756	fusion	10	0	8	11	within
fs32k	15	all	9	0.6501592993736267	fusion	10	0	8	11	within
fs32k	15	all	10	0.6675598621368408	fusion	10	0	8	11	within
fs32k	15	all	11	0.6954971551895142	fusion	10	0	8	11	within
fs32k	15	all	1	0.6081646084785461	fusion	10	0	8	12	within
fs32k	15	all	2	0.6870725154876709	fusion	10	0	8	12	within
fs32k	15	all	3	0.6326919794082642	fusion	10	0	8	12	within
fs32k	15	all	4	0.738919734954834	fusion	10	0	8	12	within
fs32k	15	all	5	0.7118203043937683	fusion	10	0	8	12	within
fs32k	15	all	6	0.6883766055107117	fusion	10	0	8	12	within
fs32k	15	all	7	0.6732309460639954	fusion	10	0	8	12	within
fs32k	15	all	8	0.6602720022201538	fusion	10	0	8	12	within
fs32k	15	all	9	0.6694716215133667	fusion	10	0	8	12	within
fs32k	15	all	10	0.6484670639038086	fusion	10	0	8	12	within
fs32k	15	all	11	0.6571717858314514	fusion	10	0	8	12	within
fs32k	15	all	1	0.6835205554962158	fusion	10	0	8	13	within
fs32k	15	all	2	0.6477850675582886	fusion	10	0	8	13	within
fs32k	15	all	3	0.6425344944000244	fusion	10	0	8	13	within
fs32k	15	all	4	0.7185807824134827	fusion	10	0	8	13	within
fs32k	15	all	5	0.7256252765655518	fusion	10	0	8	13	within
fs32k	15	all	6	0.6806342005729675	fusion	10	0	8	13	within
fs32k	15	all	7	0.6688109636306763	fusion	10	0	8	13	within
fs32k	15	all	8	0.6585710644721985	fusion	10	0	8	13	within
fs32k	15	all	9	0.6627261638641357	fusion	10	0	8	13	within
fs32k	15	all	10	0.6937568783760071	fusion	10	0	8	13	within
fs32k	15	all	11	0.6979897022247314	fusion	10	0	8	13	within
fs32k	15	all	1	0.6780568957328796	fusion	10	0	8	14	within
fs32k	15	all	2	0.6846706867218018	fusion	10	0	8	14	within
fs32k	15	all	3	0.6607691645622253	fusion	10	0	8	14	within
fs32k	15	all	4	0.7194314002990723	fusion	10	0	8	14	within
fs32k	15	all	5	0.7358328700065613	fusion	10	0	8	14	within
fs32k	15	all	6	0.7019834518432617	fusion	10	0	8	14	within
fs32k	15	all	7	0.6415877342224121	fusion	10	0	8	14	within
fs32k	15	all	8	0.6366577744483948	fusion	10	0	8	14	within
fs32k	15	all	9	0.6268417835235596	fusion	10	0	8	14	within
fs32k	15	all	10	0.6582261919975281	fusion	10	0	8	14	within
fs32k	15	all	11	0.6939045190811157	fusion	10	0	8	14	within
fs32k	15	all	1	0.6409304738044739	fusion	10	0	8	15	within
fs32k	15	all	2	0.6250372529029846	fusion	10	0	8	15	within
fs32k	15	all	3	0.6797826290130615	fusion	10	0	8	15	within
fs32k	15	all	4	0.7601128816604614	fusion	10	0	8	15	within
fs32k	15	all	5	0.7051337361335754	fusion	10	0	8	15	within
fs32k	15	all	6	0.6920241117477417	fusion	10	0	8	15	within
fs32k	15	all	7	0.6659645438194275	fusion	10	0	8	15	within
fs32k	15	all	8	0.6511366963386536	fusion	10	0	8	15	within
fs32k	15	all	9	0.6802220940589905	fusion	10	0	8	15	within
fs32k	15	all	10	0.6846895813941956	fusion	10	0	8	15	within
fs32k	15	all	11	0.6925561428070068	fusion	10	0	8	15	within
fs32k	15	all	1	0.7186782360076904	fusion	10	0	9	10	within
fs32k	15	all	2	0.6895081400871277	fusion	10	0	9	10	within
fs32k	15	all	3	0.7010712027549744	fusion	10	0	9	10	within
fs32k	15	all	4	0.6827874779701233	fusion	10	0	9	10	within
fs32k	15	all	5	0.6926522254943848	fusion	10	0	9	10	within
fs32k	15	all	6	0.6740747690200806	fusion	10	0	9	10	within
fs32k	15	all	7	0.6890467405319214	fusion	10	0	9	10	within
fs32k	15	all	8	0.7219557762145996	fusion	10	0	9	10	within
fs32k	15	all	9	0.7290222644805908	fusion	10	0	9	10	within
fs32k	15	all	10	0.690669059753418	fusion	10	0	9	10	within
fs32k	15	all	11	0.6875136494636536	fusion	10	0	9	10	within
fs32k	15	all	1	0.6999214887619019	fusion	10	0	9	11	within
fs32k	15	all	2	0.6731686592102051	fusion	10	0	9	11	within
fs32k	15	all	3	0.67431640625	fusion	10	0	9	11	within
fs32k	15	all	4	0.6998888850212097	fusion	10	0	9	11	within
fs32k	15	all	5	0.7194304466247559	fusion	10	0	9	11	within
fs32k	15	all	6	0.7108405828475952	fusion	10	0	9	11	within
fs32k	15	all	7	0.6509507298469543	fusion	10	0	9	11	within
fs32k	15	all	8	0.6824367642402649	fusion	10	0	9	11	within
fs32k	15	all	9	0.6814196705818176	fusion	10	0	9	11	within
fs32k	15	all	10	0.7174942493438721	fusion	10	0	9	11	within
fs32k	15	all	11	0.6712263822555542	fusion	10	0	9	11	within
fs32k	15	all	1	0.6819438934326172	fusion	10	0	9	12	within
fs32k	15	all	2	0.677573025226593	fusion	10	0	9	12	within
fs32k	15	all	3	0.6466421484947205	fusion	10	0	9	12	within
fs32k	15	all	4	0.680261492729187	fusion	10	0	9	12	within
fs32k	15	all	5	0.6882991790771484	fusion	10	0	9	12	within
fs32k	15	all	6	0.6945925951004028	fusion	10	0	9	12	within
fs32k	15	all	7	0.6602749824523926	fusion	10	0	9	12	within
fs32k	15	all	8	0.6614019274711609	fusion	10	0	9	12	within
fs32k	15	all	9	0.7040998935699463	fusion	10	0	9	12	within
fs32k	15	all	10	0.661692202091217	fusion	10	0	9	12	within
fs32k	15	all	11	0.6856518387794495	fusion	10	0	9	12	within
fs32k	15	all	1	0.6863366365432739	fusion	10	0	9	13	within
fs32k	15	all	2	0.6443575024604797	fusion	10	0	9	13	within
fs32k	15	all	3	0.6851614713668823	fusion	10	0	9	13	within
fs32k	15	all	4	0.6492683291435242	fusion	10	0	9	13	within
fs32k	15	all	5	0.7116391062736511	fusion	10	0	9	13	within
fs32k	15	all	6	0.68006432056427	fusion	10	0	9	13	within
fs32k	15	all	7	0.679010272026062	fusion	10	0	9	13	within
fs32k	15	all	8	0.6817261576652527	fusion	10	0	9	13	within
fs32k	15	all	9	0.6945534348487854	fusion	10	0	9	13	within
fs32k	15	all	10	0.7077962756156921	fusion	10	0	9	13	within
fs32k	15	all	11	0.7049105763435364	fusion	10	0	9	13	within
fs32k	15	all	1	0.7266395688056946	fusion	10	0	9	14	within
fs32k	15	all	2	0.6774746179580688	fusion	10	0	9	14	within
fs32k	15	all	3	0.6893764734268188	fusion	10	0	9	14	within
fs32k	15	all	4	0.6763601303100586	fusion	10	0	9	14	within
fs32k	15	all	5	0.7064429521560669	fusion	10	0	9	14	within
fs32k	15	all	6	0.6940491795539856	fusion	10	0	9	14	within
fs32k	15	all	7	0.64231276512146	fusion	10	0	9	14	within
fs32k	15	all	8	0.7010577321052551	fusion	10	0	9	14	within
fs32k	15	all	9	0.6670007705688477	fusion	10	0	9	14	within
fs32k	15	all	10	0.6557633876800537	fusion	10	0	9	14	within
fs32k	15	all	11	0.6896114945411682	fusion	10	0	9	14	within
fs32k	15	all	1	0.6957696676254272	fusion	10	0	9	15	within
fs32k	15	all	2	0.6229339241981506	fusion	10	0	9	15	within
fs32k	15	all	3	0.7126482725143433	fusion	10	0	9	15	within
fs32k	15	all	4	0.7014110684394836	fusion	10	0	9	15	within
fs32k	15	all	5	0.692352831363678	fusion	10	0	9	15	within
fs32k	15	all	6	0.6925656199455261	fusion	10	0	9	15	within
fs32k	15	all	7	0.6525225639343262	fusion	10	0	9	15	within
fs32k	15	all	8	0.6943290829658508	fusion	10	0	9	15	within
fs32k	15	all	9	0.7021045684814453	fusion	10	0	9	15	within
fs32k	15	all	10	0.7016366720199585	fusion	10	0	9	15	within
fs32k	15	all	11	0.6786385178565979	fusion	10	0	9	15	within
fs32k	15	all	1	0.7016907334327698	fusion	10	0	10	11	within
fs32k	15	all	2	0.6544036865234375	fusion	10	0	10	11	within
fs32k	15	all	3	0.6521264314651489	fusion	10	0	10	11	within
fs32k	15	all	4	0.7832780480384827	fusion	10	0	10	11	within
fs32k	15	all	5	0.6993207931518555	fusion	10	0	10	11	within
fs32k	15	all	6	0.6840982437133789	fusion	10	0	10	11	within
fs32k	15	all	7	0.6574469208717346	fusion	10	0	10	11	within
fs32k	15	all	8	0.7015300989151001	fusion	10	0	10	11	within
fs32k	15	all	9	0.6650905609130859	fusion	10	0	10	11	within
fs32k	15	all	10	0.6920222043991089	fusion	10	0	10	11	within
fs32k	15	all	11	0.7162930965423584	fusion	10	0	10	11	within
fs32k	15	all	1	0.6716358661651611	fusion	10	0	10	12	within
fs32k	15	all	2	0.6778732538223267	fusion	10	0	10	12	within
fs32k	15	all	3	0.6548239588737488	fusion	10	0	10	12	within
fs32k	15	all	4	0.7095180749893188	fusion	10	0	10	12	within
fs32k	15	all	5	0.6753666400909424	fusion	10	0	10	12	within
fs32k	15	all	6	0.6985334157943726	fusion	10	0	10	12	within
fs32k	15	all	7	0.6632458567619324	fusion	10	0	10	12	within
fs32k	15	all	8	0.6767023205757141	fusion	10	0	10	12	within
fs32k	15	all	9	0.7135542631149292	fusion	10	0	10	12	within
fs32k	15	all	10	0.6633955836296082	fusion	10	0	10	12	within
fs32k	15	all	11	0.6821691393852234	fusion	10	0	10	12	within
fs32k	15	all	1	0.7095822095870972	fusion	10	0	10	13	within
fs32k	15	all	2	0.651072084903717	fusion	10	0	10	13	within
fs32k	15	all	3	0.6723322868347168	fusion	10	0	10	13	within
fs32k	15	all	4	0.6923532485961914	fusion	10	0	10	13	within
fs32k	15	all	5	0.7109913229942322	fusion	10	0	10	13	within
fs32k	15	all	6	0.7075077295303345	fusion	10	0	10	13	within
fs32k	15	all	7	0.6738642454147339	fusion	10	0	10	13	within
fs32k	15	all	8	0.6849486231803894	fusion	10	0	10	13	within
fs32k	15	all	9	0.70571368932724	fusion	10	0	10	13	within
fs32k	15	all	10	0.7177541851997375	fusion	10	0	10	13	within
fs32k	15	all	11	0.71040940284729	fusion	10	0	10	13	within
fs32k	15	all	1	0.713148832321167	fusion	10	0	10	14	within
fs32k	15	all	2	0.6674971580505371	fusion	10	0	10	14	within
fs32k	15	all	3	0.6769753098487854	fusion	10	0	10	14	within
fs32k	15	all	4	0.735713005065918	fusion	10	0	10	14	within
fs32k	15	all	5	0.6867241859436035	fusion	10	0	10	14	within
fs32k	15	all	6	0.7072640657424927	fusion	10	0	10	14	within
fs32k	15	all	7	0.6607670187950134	fusion	10	0	10	14	within
fs32k	15	all	8	0.6691208481788635	fusion	10	0	10	14	within
fs32k	15	all	9	0.6866985559463501	fusion	10	0	10	14	within
fs32k	15	all	10	0.6902536153793335	fusion	10	0	10	14	within
fs32k	15	all	11	0.6965494155883789	fusion	10	0	10	14	within
fs32k	15	all	1	0.6739227175712585	fusion	10	0	10	15	within
fs32k	15	all	2	0.6321967244148254	fusion	10	0	10	15	within
fs32k	15	all	3	0.6988652944564819	fusion	10	0	10	15	within
fs32k	15	all	4	0.7374718189239502	fusion	10	0	10	15	within
fs32k	15	all	5	0.6565046310424805	fusion	10	0	10	15	within
fs32k	15	all	6	0.7133655548095703	fusion	10	0	10	15	within
fs32k	15	all	7	0.6556113362312317	fusion	10	0	10	15	within
fs32k	15	all	8	0.6939409971237183	fusion	10	0	10	15	within
fs32k	15	all	9	0.6899467706680298	fusion	10	0	10	15	within
fs32k	15	all	10	0.6760855317115784	fusion	10	0	10	15	within
fs32k	15	all	11	0.697369396686554	fusion	10	0	10	15	within
fs32k	15	all	1	0.7164639234542847	fusion	10	0	11	12	within
fs32k	15	all	2	0.6937402486801147	fusion	10	0	11	12	within
fs32k	15	all	3	0.6446090936660767	fusion	10	0	11	12	within
fs32k	15	all	4	0.7177150845527649	fusion	10	0	11	12	within
fs32k	15	all	5	0.7084946632385254	fusion	10	0	11	12	within
fs32k	15	all	6	0.6952150464057922	fusion	10	0	11	12	within
fs32k	15	all	7	0.6499686241149902	fusion	10	0	11	12	within
fs32k	15	all	8	0.6909794211387634	fusion	10	0	11	12	within
fs32k	15	all	9	0.7001388072967529	fusion	10	0	11	12	within
fs32k	15	all	10	0.6845852732658386	fusion	10	0	11	12	within
fs32k	15	all	11	0.7093415260314941	fusion	10	0	11	12	within
fs32k	15	all	1	0.6731595993041992	fusion	10	0	11	13	within
fs32k	15	all	2	0.651570200920105	fusion	10	0	11	13	within
fs32k	15	all	3	0.6355187892913818	fusion	10	0	11	13	within
fs32k	15	all	4	0.6918869614601135	fusion	10	0	11	13	within
fs32k	15	all	5	0.7128795385360718	fusion	10	0	11	13	within
fs32k	15	all	6	0.6985682249069214	fusion	10	0	11	13	within
fs32k	15	all	7	0.6453472375869751	fusion	10	0	11	13	within
fs32k	15	all	8	0.6684538125991821	fusion	10	0	11	13	within
fs32k	15	all	9	0.6668056845664978	fusion	10	0	11	13	within
fs32k	15	all	10	0.7046463489532471	fusion	10	0	11	13	within
fs32k	15	all	11	0.6994373798370361	fusion	10	0	11	13	within
fs32k	15	all	1	0.7051959037780762	fusion	10	0	11	14	within
fs32k	15	all	2	0.6693711876869202	fusion	10	0	11	14	within
fs32k	15	all	3	0.6779978275299072	fusion	10	0	11	14	within
fs32k	15	all	4	0.7442111968994141	fusion	10	0	11	14	within
fs32k	15	all	5	0.7463074922561646	fusion	10	0	11	14	within
fs32k	15	all	6	0.6916702389717102	fusion	10	0	11	14	within
fs32k	15	all	7	0.6391378045082092	fusion	10	0	11	14	within
fs32k	15	all	8	0.6542755365371704	fusion	10	0	11	14	within
fs32k	15	all	9	0.6457973718643188	fusion	10	0	11	14	within
fs32k	15	all	10	0.6543430685997009	fusion	10	0	11	14	within
fs32k	15	all	11	0.681175947189331	fusion	10	0	11	14	within
fs32k	15	all	1	0.7111212611198425	fusion	10	0	11	15	within
fs32k	15	all	2	0.6528820395469666	fusion	10	0	11	15	within
fs32k	15	all	3	0.6584743857383728	fusion	10	0	11	15	within
fs32k	15	all	4	0.748805820941925	fusion	10	0	11	15	within
fs32k	15	all	5	0.7003642320632935	fusion	10	0	11	15	within
fs32k	15	all	6	0.7140428423881531	fusion	10	0	11	15	within
fs32k	15	all	7	0.6380460262298584	fusion	10	0	11	15	within
fs32k	15	all	8	0.6619576215744019	fusion	10	0	11	15	within
fs32k	15	all	9	0.6801517605781555	fusion	10	0	11	15	within
fs32k	15	all	10	0.7103971242904663	fusion	10	0	11	15	within
fs32k	15	all	11	0.7264711260795593	fusion	10	0	11	15	within
fs32k	15	all	1	0.6349367499351501	fusion	10	0	12	13	within
fs32k	15	all	2	0.6542232632637024	fusion	10	0	12	13	within
fs32k	15	all	3	0.664422869682312	fusion	10	0	12	13	within
fs32k	15	all	4	0.751559853553772	fusion	10	0	12	13	within
fs32k	15	all	5	0.7062559127807617	fusion	10	0	12	13	within
fs32k	15	all	6	0.7010432481765747	fusion	10	0	12	13	within
fs32k	15	all	7	0.6581169366836548	fusion	10	0	12	13	within
fs32k	15	all	8	0.6932940483093262	fusion	10	0	12	13	within
fs32k	15	all	9	0.7075684070587158	fusion	10	0	12	13	within
fs32k	15	all	10	0.6902967095375061	fusion	10	0	12	13	within
fs32k	15	all	11	0.6942503452301025	fusion	10	0	12	13	within
fs32k	15	all	1	0.6843706965446472	fusion	10	0	12	14	within
fs32k	15	all	2	0.6677171587944031	fusion	10	0	12	14	within
fs32k	15	all	3	0.6730227470397949	fusion	10	0	12	14	within
fs32k	15	all	4	0.7178760766983032	fusion	10	0	12	14	within
fs32k	15	all	5	0.7128958702087402	fusion	10	0	12	14	within
fs32k	15	all	6	0.685434877872467	fusion	10	0	12	14	within
fs32k	15	all	7	0.6480497121810913	fusion	10	0	12	14	within
fs32k	15	all	8	0.6739355325698853	fusion	10	0	12	14	within
fs32k	15	all	9	0.6957670450210571	fusion	10	0	12	14	within
fs32k	15	all	10	0.652613639831543	fusion	10	0	12	14	within
fs32k	15	all	11	0.6761950254440308	fusion	10	0	12	14	within
fs32k	15	all	1	0.6945675015449524	fusion	10	0	12	15	within
fs32k	15	all	2	0.6524946093559265	fusion	10	0	12	15	within
fs32k	15	all	3	0.643304169178009	fusion	10	0	12	15	within
fs32k	15	all	4	0.7303393483161926	fusion	10	0	12	15	within
fs32k	15	all	5	0.6992107033729553	fusion	10	0	12	15	within
fs32k	15	all	6	0.6953909397125244	fusion	10	0	12	15	within
fs32k	15	all	7	0.6448166966438293	fusion	10	0	12	15	within
fs32k	15	all	8	0.6844233274459839	fusion	10	0	12	15	within
fs32k	15	all	9	0.6922532320022583	fusion	10	0	12	15	within
fs32k	15	all	10	0.6700971126556396	fusion	10	0	12	15	within
fs32k	15	all	11	0.6977584362030029	fusion	10	0	12	15	within
fs32k	15	all	1	0.6826832890510559	fusion	10	0	13	14	within
fs32k	15	all	2	0.6870337724685669	fusion	10	0	13	14	within
fs32k	15	all	3	0.6607763767242432	fusion	10	0	13	14	within
fs32k	15	all	4	0.6980026364326477	fusion	10	0	13	14	within
fs32k	15	all	5	0.7310487627983093	fusion	10	0	13	14	within
fs32k	15	all	6	0.6938663721084595	fusion	10	0	13	14	within
fs32k	15	all	7	0.6494302749633789	fusion	10	0	13	14	within
fs32k	15	all	8	0.697238564491272	fusion	10	0	13	14	within
fs32k	15	all	9	0.6800327897071838	fusion	10	0	13	14	within
fs32k	15	all	10	0.7001813650131226	fusion	10	0	13	14	within
fs32k	15	all	11	0.7031532526016235	fusion	10	0	13	14	within
fs32k	15	all	1	0.6379700899124146	fusion	10	0	13	15	within
fs32k	15	all	2	0.603299081325531	fusion	10	0	13	15	within
fs32k	15	all	3	0.6675504446029663	fusion	10	0	13	15	within
fs32k	15	all	4	0.7124574184417725	fusion	10	0	13	15	within
fs32k	15	all	5	0.6854177117347717	fusion	10	0	13	15	within
fs32k	15	all	6	0.6906468868255615	fusion	10	0	13	15	within
fs32k	15	all	7	0.6533015370368958	fusion	10	0	13	15	within
fs32k	15	all	8	0.7143265008926392	fusion	10	0	13	15	within
fs32k	15	all	9	0.6526837944984436	fusion	10	0	13	15	within
fs32k	15	all	10	0.6964600086212158	fusion	10	0	13	15	within
fs32k	15	all	11	0.7086301445960999	fusion	10	0	13	15	within
fs32k	15	all	1	0.6855054497718811	fusion	10	0	14	15	within
fs32k	15	all	2	0.6178644895553589	fusion	10	0	14	15	within
fs32k	15	all	3	0.6743872761726379	fusion	10	0	14	15	within
fs32k	15	all	4	0.73475182056427	fusion	10	0	14	15	within
fs32k	15	all	5	0.7066118121147156	fusion	10	0	14	15	within
fs32k	15	all	6	0.7076202034950256	fusion	10	0	14	15	within
fs32k	15	all	7	0.6674979329109192	fusion	10	0	14	15	within
fs32k	15	all	8	0.7128976583480835	fusion	10	0	14	15	within
fs32k	15	all	9	0.6449862718582153	fusion	10	0	14	15	within
fs32k	15	all	10	0.6549283862113953	fusion	10	0	14	15	within
fs32k	15	all	11	0.6764582395553589	fusion	10	0	14	15	within
fs32k	15	all	1	0.4582743346691131	rest	10	0	1	2	between
fs32k	15	all	2	0.4884769916534424	rest	10	0	1	2	between
fs32k	15	all	3	0.4818687438964844	rest	10	0	1	2	between
fs32k	15	all	4	0.4796891808509826	rest	10	0	1	2	between
fs32k	15	all	5	0.4526636302471161	rest	10	0	1	2	between
fs32k	15	all	6	0.4723786115646362	rest	10	0	1	2	between
fs32k	15	all	7	0.4722165763378143	rest	10	0	1	2	between
fs32k	15	all	8	0.4757399260997772	rest	10	0	1	2	between
fs32k	15	all	9	0.4818748533725738	rest	10	0	1	2	between
fs32k	15	all	10	0.4841605126857757	rest	10	0	1	2	between
fs32k	15	all	11	0.5114256143569946	rest	10	0	1	2	between
fs32k	15	all	12	0.5160963535308838	rest	10	0	1	2	between
fs32k	15	all	13	0.5032781362533569	rest	10	0	1	2	between
fs32k	15	all	14	0.4841945171356201	rest	10	0	1	2	between
fs32k	15	all	15	0.4699522256851196	rest	10	0	1	2	between
fs32k	15	all	16	0.4946222901344299	rest	10	0	1	2	between
fs32k	15	all	17	0.486092746257782	rest	10	0	1	2	between
fs32k	15	all	18	0.4804553985595703	rest	10	0	1	2	between
fs32k	15	all	19	0.4715803265571594	rest	10	0	1	2	between
fs32k	15	all	20	0.509983241558075	rest	10	0	1	2	between
fs32k	15	all	21	0.514029324054718	rest	10	0	1	2	between
fs32k	15	all	22	0.4766837656497955	rest	10	0	1	2	between
fs32k	15	all	23	0.4694563448429107	rest	10	0	1	2	between
fs32k	15	all	24	0.4921737909317016	rest	10	0	1	2	between
fs32k	15	all	25	0.4929024577140808	rest	10	0	1	2	between
fs32k	15	all	26	0.490565687417984	rest	10	0	1	2	between
fs32k	15	all	27	0.4844841659069061	rest	10	0	1	2	between
fs32k	15	all	28	0.5195726156234741	rest	10	0	1	2	between
fs32k	15	all	29	0.4884122312068939	rest	10	0	1	2	between
fs32k	15	all	30	0.4567136168479919	rest	10	0	1	2	between
fs32k	15	all	31	0.4998188614845276	rest	10	0	1	2	between
fs32k	15	all	32	0.4718614518642425	rest	10	0	1	2	between
fs32k	15	all	33	0.4873879849910736	rest	10	0	1	2	between
fs32k	15	all	34	0.49093097448349	rest	10	0	1	2	between
fs32k	15	all	35	0.4904013872146606	rest	10	0	1	2	between
fs32k	15	all	36	0.4638512134552002	rest	10	0	1	2	between
fs32k	15	all	37	0.4910326302051544	rest	10	0	1	2	between
fs32k	15	all	38	0.4809093177318573	rest	10	0	1	2	between
fs32k	15	all	39	0.4816069006919861	rest	10	0	1	2	between
fs32k	15	all	40	0.4632126986980438	rest	10	0	1	2	between
fs32k	15	all	41	0.4537064731121063	rest	10	0	1	2	between
fs32k	15	all	42	0.4671937525272369	rest	10	0	1	2	between
fs32k	15	all	43	0.4825001955032348	rest	10	0	1	2	between
fs32k	15	all	44	0.4765158891677856	rest	10	0	1	2	between
fs32k	15	all	45	0.4322000741958618	rest	10	0	1	2	between
fs32k	15	all	46	0.4689866900444031	rest	10	0	1	2	between
fs32k	15	all	47	0.4849861860275268	rest	10	0	1	2	between
fs32k	15	all	48	0.4613262414932251	rest	10	0	1	2	between
fs32k	15	all	49	0.4584939479827881	rest	10	0	1	2	between
fs32k	15	all	50	0.4752826392650604	rest	10	0	1	2	between
fs32k	15	all	51	0.4772940278053283	rest	10	0	1	2	between
fs32k	15	all	52	0.4757857322692871	rest	10	0	1	2	between
fs32k	15	all	53	0.4822075963020324	rest	10	0	1	2	between
fs32k	15	all	54	0.4841041564941406	rest	10	0	1	2	between
fs32k	15	all	55	0.4710235297679901	rest	10	0	1	2	between
fs32k	15	all	1	0.4706189036369324	rest	10	0	1	3	between
fs32k	15	all	2	0.479684054851532	rest	10	0	1	3	between
fs32k	15	all	3	0.4856908917427063	rest	10	0	1	3	between
fs32k	15	all	4	0.484216570854187	rest	10	0	1	3	between
fs32k	15	all	5	0.4742818474769592	rest	10	0	1	3	between
fs32k	15	all	6	0.4941892623901367	rest	10	0	1	3	between
fs32k	15	all	7	0.4805668890476227	rest	10	0	1	3	between
fs32k	15	all	8	0.4840115904808044	rest	10	0	1	3	between
fs32k	15	all	9	0.496179461479187	rest	10	0	1	3	between
fs32k	15	all	10	0.4886526465415954	rest	10	0	1	3	between
fs32k	15	all	11	0.4964646697044372	rest	10	0	1	3	between
fs32k	15	all	12	0.5173258781433105	rest	10	0	1	3	between
fs32k	15	all	13	0.4870949983596802	rest	10	0	1	3	between
fs32k	15	all	14	0.4830392301082611	rest	10	0	1	3	between
fs32k	15	all	15	0.467450886964798	rest	10	0	1	3	between
fs32k	15	all	16	0.495732307434082	rest	10	0	1	3	between
fs32k	15	all	17	0.4856782853603363	rest	10	0	1	3	between
fs32k	15	all	18	0.487787127494812	rest	10	0	1	3	between
fs32k	15	all	19	0.4940447807312011	rest	10	0	1	3	between
fs32k	15	all	20	0.4854313135147095	rest	10	0	1	3	between
fs32k	15	all	21	0.4886302351951599	rest	10	0	1	3	between
fs32k	15	all	22	0.4811627268791199	rest	10	0	1	3	between
fs32k	15	all	23	0.4620644450187683	rest	10	0	1	3	between
fs32k	15	all	24	0.4760364890098572	rest	10	0	1	3	between
fs32k	15	all	25	0.4902341365814209	rest	10	0	1	3	between
fs32k	15	all	26	0.4916589260101318	rest	10	0	1	3	between
fs32k	15	all	27	0.4799215793609619	rest	10	0	1	3	between
fs32k	15	all	28	0.5138290524482727	rest	10	0	1	3	between
fs32k	15	all	29	0.4887662529945373	rest	10	0	1	3	between
fs32k	15	all	30	0.4708192944526672	rest	10	0	1	3	between
fs32k	15	all	31	0.5121240615844727	rest	10	0	1	3	between
fs32k	15	all	32	0.4717694520950317	rest	10	0	1	3	between
fs32k	15	all	33	0.5064644813537598	rest	10	0	1	3	between
fs32k	15	all	34	0.5055007934570312	rest	10	0	1	3	between
fs32k	15	all	35	0.4853598773479461	rest	10	0	1	3	between
fs32k	15	all	36	0.4606949388980865	rest	10	0	1	3	between
fs32k	15	all	37	0.4896804988384247	rest	10	0	1	3	between
fs32k	15	all	38	0.4725019931793213	rest	10	0	1	3	between
fs32k	15	all	39	0.4995308220386505	rest	10	0	1	3	between
fs32k	15	all	40	0.465390145778656	rest	10	0	1	3	between
fs32k	15	all	41	0.4662165641784668	rest	10	0	1	3	between
fs32k	15	all	42	0.4798369705677032	rest	10	0	1	3	between
fs32k	15	all	43	0.4962623119354248	rest	10	0	1	3	between
fs32k	15	all	44	0.4918902516365051	rest	10	0	1	3	between
fs32k	15	all	45	0.4609119296073913	rest	10	0	1	3	between
fs32k	15	all	46	0.4757969379425049	rest	10	0	1	3	between
fs32k	15	all	47	0.483180284500122	rest	10	0	1	3	between
fs32k	15	all	48	0.4775659441947937	rest	10	0	1	3	between
fs32k	15	all	49	0.4704756736755371	rest	10	0	1	3	between
fs32k	15	all	50	0.4775506258010864	rest	10	0	1	3	between
fs32k	15	all	51	0.4898894131183624	rest	10	0	1	3	between
fs32k	15	all	52	0.4871954917907715	rest	10	0	1	3	between
fs32k	15	all	53	0.4936044812202453	rest	10	0	1	3	between
fs32k	15	all	54	0.4937573075294494	rest	10	0	1	3	between
fs32k	15	all	55	0.4829061925411224	rest	10	0	1	3	between
fs32k	15	all	1	0.4773773849010467	rest	10	0	1	4	between
fs32k	15	all	2	0.4929966926574707	rest	10	0	1	4	between
fs32k	15	all	3	0.4998846352100372	rest	10	0	1	4	between
fs32k	15	all	4	0.4925162494182586	rest	10	0	1	4	between
fs32k	15	all	5	0.4872565269470215	rest	10	0	1	4	between
fs32k	15	all	6	0.4792543053627014	rest	10	0	1	4	between
fs32k	15	all	7	0.4851724207401275	rest	10	0	1	4	between
fs32k	15	all	8	0.4736569225788116	rest	10	0	1	4	between
fs32k	15	all	9	0.487824022769928	rest	10	0	1	4	between
fs32k	15	all	10	0.4927096366882324	rest	10	0	1	4	between
fs32k	15	all	11	0.4980795085430145	rest	10	0	1	4	between
fs32k	15	all	12	0.5184338688850403	rest	10	0	1	4	between
fs32k	15	all	13	0.5042780637741089	rest	10	0	1	4	between
fs32k	15	all	14	0.4921643733978271	rest	10	0	1	4	between
fs32k	15	all	15	0.4774196445941925	rest	10	0	1	4	between
fs32k	15	all	16	0.4962043762207031	rest	10	0	1	4	between
fs32k	15	all	17	0.4791805148124695	rest	10	0	1	4	between
fs32k	15	all	18	0.4954765439033508	rest	10	0	1	4	between
fs32k	15	all	19	0.4833570122718811	rest	10	0	1	4	between
fs32k	15	all	20	0.4885336756706238	rest	10	0	1	4	between
fs32k	15	all	21	0.4972715079784393	rest	10	0	1	4	between
fs32k	15	all	22	0.4849118292331695	rest	10	0	1	4	between
fs32k	15	all	23	0.4646100103855133	rest	10	0	1	4	between
fs32k	15	all	24	0.4850310087203979	rest	10	0	1	4	between
fs32k	15	all	25	0.4902272224426269	rest	10	0	1	4	between
fs32k	15	all	26	0.4907412827014923	rest	10	0	1	4	between
fs32k	15	all	27	0.4884814321994781	rest	10	0	1	4	between
fs32k	15	all	28	0.5131018161773682	rest	10	0	1	4	between
fs32k	15	all	29	0.4994767308235168	rest	10	0	1	4	between
fs32k	15	all	30	0.475097507238388	rest	10	0	1	4	between
fs32k	15	all	31	0.504021406173706	rest	10	0	1	4	between
fs32k	15	all	32	0.4616633057594299	rest	10	0	1	4	between
fs32k	15	all	33	0.5149712562561035	rest	10	0	1	4	between
fs32k	15	all	34	0.504361093044281	rest	10	0	1	4	between
fs32k	15	all	35	0.5087895393371582	rest	10	0	1	4	between
fs32k	15	all	36	0.4783335626125335	rest	10	0	1	4	between
fs32k	15	all	37	0.4847539365291595	rest	10	0	1	4	between
fs32k	15	all	38	0.4754335284233093	rest	10	0	1	4	between
fs32k	15	all	39	0.5045956969261169	rest	10	0	1	4	between
fs32k	15	all	40	0.4787288308143616	rest	10	0	1	4	between
fs32k	15	all	41	0.4768507778644562	rest	10	0	1	4	between
fs32k	15	all	42	0.4806253015995025	rest	10	0	1	4	between
fs32k	15	all	43	0.483124315738678	rest	10	0	1	4	between
fs32k	15	all	44	0.5046681761741638	rest	10	0	1	4	between
fs32k	15	all	45	0.462956964969635	rest	10	0	1	4	between
fs32k	15	all	46	0.4765669107437134	rest	10	0	1	4	between
fs32k	15	all	47	0.4703707098960876	rest	10	0	1	4	between
fs32k	15	all	48	0.4691311717033386	rest	10	0	1	4	between
fs32k	15	all	49	0.4650123417377472	rest	10	0	1	4	between
fs32k	15	all	50	0.4763244390487671	rest	10	0	1	4	between
fs32k	15	all	51	0.4811363220214844	rest	10	0	1	4	between
fs32k	15	all	52	0.4924222826957702	rest	10	0	1	4	between
fs32k	15	all	53	0.4755618274211883	rest	10	0	1	4	between
fs32k	15	all	54	0.4777026772499084	rest	10	0	1	4	between
fs32k	15	all	55	0.4801213443279266	rest	10	0	1	4	between
fs32k	15	all	1	0.4437040090560913	rest	10	0	1	5	between
fs32k	15	all	2	0.4801377058029175	rest	10	0	1	5	between
fs32k	15	all	3	0.4776607155799866	rest	10	0	1	5	between
fs32k	15	all	4	0.4729393124580383	rest	10	0	1	5	between
fs32k	15	all	5	0.4644850492477417	rest	10	0	1	5	between
fs32k	15	all	6	0.4797905087471008	rest	10	0	1	5	between
fs32k	15	all	7	0.4816431701183319	rest	10	0	1	5	between
fs32k	15	all	8	0.470759242773056	rest	10	0	1	5	between
fs32k	15	all	9	0.4826374650001526	rest	10	0	1	5	between
fs32k	15	all	10	0.4680830240249634	rest	10	0	1	5	between
fs32k	15	all	11	0.4887087345123291	rest	10	0	1	5	between
fs32k	15	all	12	0.5051806569099426	rest	10	0	1	5	between
fs32k	15	all	13	0.481456309556961	rest	10	0	1	5	between
fs32k	15	all	14	0.4831406772136688	rest	10	0	1	5	between
fs32k	15	all	15	0.4496144652366638	rest	10	0	1	5	between
fs32k	15	all	16	0.4846637547016144	rest	10	0	1	5	between
fs32k	15	all	17	0.4678877294063568	rest	10	0	1	5	between
fs32k	15	all	18	0.4737545549869537	rest	10	0	1	5	between
fs32k	15	all	19	0.4876611232757568	rest	10	0	1	5	between
fs32k	15	all	20	0.4978096187114715	rest	10	0	1	5	between
fs32k	15	all	21	0.4974302649497986	rest	10	0	1	5	between
fs32k	15	all	22	0.4861157238483429	rest	10	0	1	5	between
fs32k	15	all	23	0.4616192579269409	rest	10	0	1	5	between
fs32k	15	all	24	0.4905711412429809	rest	10	0	1	5	between
fs32k	15	all	25	0.4907059073448181	rest	10	0	1	5	between
fs32k	15	all	26	0.4894214570522308	rest	10	0	1	5	between
fs32k	15	all	27	0.4865458607673645	rest	10	0	1	5	between
fs32k	15	all	28	0.5125373601913452	rest	10	0	1	5	between
fs32k	15	all	29	0.4970529079437256	rest	10	0	1	5	between
fs32k	15	all	30	0.4568563103675842	rest	10	0	1	5	between
fs32k	15	all	31	0.511458158493042	rest	10	0	1	5	between
fs32k	15	all	32	0.4670682549476623	rest	10	0	1	5	between
fs32k	15	all	33	0.5093179941177368	rest	10	0	1	5	between
fs32k	15	all	34	0.5032190084457397	rest	10	0	1	5	between
fs32k	15	all	35	0.4946485459804535	rest	10	0	1	5	between
fs32k	15	all	36	0.4591449797153473	rest	10	0	1	5	between
fs32k	15	all	37	0.4930196106433868	rest	10	0	1	5	between
fs32k	15	all	38	0.473480761051178	rest	10	0	1	5	between
fs32k	15	all	39	0.4938541650772095	rest	10	0	1	5	between
fs32k	15	all	40	0.4856754243373871	rest	10	0	1	5	between
fs32k	15	all	41	0.4551156163215637	rest	10	0	1	5	between
fs32k	15	all	42	0.4863838851451874	rest	10	0	1	5	between
fs32k	15	all	43	0.4802215099334717	rest	10	0	1	5	between
fs32k	15	all	44	0.4898150563240051	rest	10	0	1	5	between
fs32k	15	all	45	0.4665466547012329	rest	10	0	1	5	between
fs32k	15	all	46	0.4715982973575592	rest	10	0	1	5	between
fs32k	15	all	47	0.4725154340267181	rest	10	0	1	5	between
fs32k	15	all	48	0.4584496021270752	rest	10	0	1	5	between
fs32k	15	all	49	0.457516610622406	rest	10	0	1	5	between
fs32k	15	all	50	0.4839260280132293	rest	10	0	1	5	between
fs32k	15	all	51	0.491250991821289	rest	10	0	1	5	between
fs32k	15	all	52	0.486348807811737	rest	10	0	1	5	between
fs32k	15	all	53	0.4729204773902893	rest	10	0	1	5	between
fs32k	15	all	54	0.4751067757606506	rest	10	0	1	5	between
fs32k	15	all	55	0.4752651154994964	rest	10	0	1	5	between
fs32k	15	all	1	0.4873170256614685	rest	10	0	1	6	between
fs32k	15	all	2	0.4828163385391235	rest	10	0	1	6	between
fs32k	15	all	3	0.4977832436561584	rest	10	0	1	6	between
fs32k	15	all	4	0.5058736801147461	rest	10	0	1	6	between
fs32k	15	all	5	0.4932122230529785	rest	10	0	1	6	between
fs32k	15	all	6	0.4789710342884063	rest	10	0	1	6	between
fs32k	15	all	7	0.4889320433139801	rest	10	0	1	6	between
fs32k	15	all	8	0.4782963097095489	rest	10	0	1	6	between
fs32k	15	all	9	0.4962100088596344	rest	10	0	1	6	between
fs32k	15	all	10	0.4795613884925842	rest	10	0	1	6	between
fs32k	15	all	11	0.4967866539955139	rest	10	0	1	6	between
fs32k	15	all	12	0.5253628492355347	rest	10	0	1	6	between
fs32k	15	all	13	0.5170921683311462	rest	10	0	1	6	between
fs32k	15	all	14	0.4909339845180511	rest	10	0	1	6	between
fs32k	15	all	15	0.4705795645713806	rest	10	0	1	6	between
fs32k	15	all	16	0.5054881572723389	rest	10	0	1	6	between
fs32k	15	all	17	0.4956284761428833	rest	10	0	1	6	between
fs32k	15	all	18	0.4960829615592956	rest	10	0	1	6	between
fs32k	15	all	19	0.489052802324295	rest	10	0	1	6	between
fs32k	15	all	20	0.4848660230636596	rest	10	0	1	6	between
fs32k	15	all	21	0.4953824579715729	rest	10	0	1	6	between
fs32k	15	all	22	0.4791167080402374	rest	10	0	1	6	between
fs32k	15	all	23	0.4647360742092132	rest	10	0	1	6	between
fs32k	15	all	24	0.4809011816978454	rest	10	0	1	6	between
fs32k	15	all	25	0.4957547187805176	rest	10	0	1	6	between
fs32k	15	all	26	0.4805119037628174	rest	10	0	1	6	between
fs32k	15	all	27	0.4790552854537964	rest	10	0	1	6	between
fs32k	15	all	28	0.5178935527801514	rest	10	0	1	6	between
fs32k	15	all	29	0.4858654141426086	rest	10	0	1	6	between
fs32k	15	all	30	0.4624149799346924	rest	10	0	1	6	between
fs32k	15	all	31	0.5005767345428467	rest	10	0	1	6	between
fs32k	15	all	32	0.4772214293479919	rest	10	0	1	6	between
fs32k	15	all	33	0.5100311636924744	rest	10	0	1	6	between
fs32k	15	all	34	0.5016154646873474	rest	10	0	1	6	between
fs32k	15	all	35	0.497355043888092	rest	10	0	1	6	between
fs32k	15	all	36	0.4724887609481811	rest	10	0	1	6	between
fs32k	15	all	37	0.4990039765834808	rest	10	0	1	6	between
fs32k	15	all	38	0.497020959854126	rest	10	0	1	6	between
fs32k	15	all	39	0.4941658675670624	rest	10	0	1	6	between
fs32k	15	all	40	0.4691077172756195	rest	10	0	1	6	between
fs32k	15	all	41	0.4532387554645538	rest	10	0	1	6	between
fs32k	15	all	42	0.4790253639221191	rest	10	0	1	6	between
fs32k	15	all	43	0.4938444197177887	rest	10	0	1	6	between
fs32k	15	all	44	0.4912597835063934	rest	10	0	1	6	between
fs32k	15	all	45	0.4530402421951294	rest	10	0	1	6	between
fs32k	15	all	46	0.4685884118080139	rest	10	0	1	6	between
fs32k	15	all	47	0.4784939885139465	rest	10	0	1	6	between
fs32k	15	all	48	0.4561407566070556	rest	10	0	1	6	between
fs32k	15	all	49	0.4582622945308685	rest	10	0	1	6	between
fs32k	15	all	50	0.4818500280380249	rest	10	0	1	6	between
fs32k	15	all	51	0.4831060171127319	rest	10	0	1	6	between
fs32k	15	all	52	0.4759838581085205	rest	10	0	1	6	between
fs32k	15	all	53	0.4879182577133178	rest	10	0	1	6	between
fs32k	15	all	54	0.4885475933551788	rest	10	0	1	6	between
fs32k	15	all	55	0.4833238124847412	rest	10	0	1	6	between
fs32k	15	all	1	0.4783718585968017	rest	10	0	1	7	between
fs32k	15	all	2	0.4864401817321777	rest	10	0	1	7	between
fs32k	15	all	3	0.5015332698822021	rest	10	0	1	7	between
fs32k	15	all	4	0.5077120065689087	rest	10	0	1	7	between
fs32k	15	all	5	0.487582802772522	rest	10	0	1	7	between
fs32k	15	all	6	0.4972879886627197	rest	10	0	1	7	between
fs32k	15	all	7	0.4875093102455139	rest	10	0	1	7	between
fs32k	15	all	8	0.4828791916370392	rest	10	0	1	7	between
fs32k	15	all	9	0.49972003698349	rest	10	0	1	7	between
fs32k	15	all	10	0.4852365851402282	rest	10	0	1	7	between
fs32k	15	all	11	0.4889478981494903	rest	10	0	1	7	between
fs32k	15	all	12	0.5162533521652222	rest	10	0	1	7	between
fs32k	15	all	13	0.500392496585846	rest	10	0	1	7	between
fs32k	15	all	14	0.4801071584224701	rest	10	0	1	7	between
fs32k	15	all	15	0.4811208844184875	rest	10	0	1	7	between
fs32k	15	all	16	0.500649094581604	rest	10	0	1	7	between
fs32k	15	all	17	0.4795406460762024	rest	10	0	1	7	between
fs32k	15	all	18	0.4946276545524597	rest	10	0	1	7	between
fs32k	15	all	19	0.4887472093105316	rest	10	0	1	7	between
fs32k	15	all	20	0.488585352897644	rest	10	0	1	7	between
fs32k	15	all	21	0.5007668733596802	rest	10	0	1	7	between
fs32k	15	all	22	0.4760275781154632	rest	10	0	1	7	between
fs32k	15	all	23	0.4769798219203949	rest	10	0	1	7	between
fs32k	15	all	24	0.4804201126098633	rest	10	0	1	7	between
fs32k	15	all	25	0.4895575046539306	rest	10	0	1	7	between
fs32k	15	all	26	0.4818376898765564	rest	10	0	1	7	between
fs32k	15	all	27	0.4762572944164276	rest	10	0	1	7	between
fs32k	15	all	28	0.5193704962730408	rest	10	0	1	7	between
fs32k	15	all	29	0.4948602020740509	rest	10	0	1	7	between
fs32k	15	all	30	0.4761064052581787	rest	10	0	1	7	between
fs32k	15	all	31	0.5130655169487	rest	10	0	1	7	between
fs32k	15	all	32	0.4857092499732971	rest	10	0	1	7	between
fs32k	15	all	33	0.5222766399383545	rest	10	0	1	7	between
fs32k	15	all	34	0.5189785957336426	rest	10	0	1	7	between
fs32k	15	all	35	0.4896098673343658	rest	10	0	1	7	between
fs32k	15	all	36	0.4879288077354431	rest	10	0	1	7	between
fs32k	15	all	37	0.4908127784729004	rest	10	0	1	7	between
fs32k	15	all	38	0.4889122247695923	rest	10	0	1	7	between
fs32k	15	all	39	0.501095712184906	rest	10	0	1	7	between
fs32k	15	all	40	0.4898598492145538	rest	10	0	1	7	between
fs32k	15	all	41	0.4670680165290832	rest	10	0	1	7	between
fs32k	15	all	42	0.4726109504699707	rest	10	0	1	7	between
fs32k	15	all	43	0.4828787744045257	rest	10	0	1	7	between
fs32k	15	all	44	0.4916800856590271	rest	10	0	1	7	between
fs32k	15	all	45	0.4641180038452148	rest	10	0	1	7	between
fs32k	15	all	46	0.4773877263069153	rest	10	0	1	7	between
fs32k	15	all	47	0.4813440144062042	rest	10	0	1	7	between
fs32k	15	all	48	0.4743613600730896	rest	10	0	1	7	between
fs32k	15	all	49	0.4736009538173675	rest	10	0	1	7	between
fs32k	15	all	50	0.4814971387386322	rest	10	0	1	7	between
fs32k	15	all	51	0.488202840089798	rest	10	0	1	7	between
fs32k	15	all	52	0.4900035858154297	rest	10	0	1	7	between
fs32k	15	all	53	0.4877726435661316	rest	10	0	1	7	between
fs32k	15	all	54	0.4882460534572601	rest	10	0	1	7	between
fs32k	15	all	55	0.4868203997611999	rest	10	0	1	7	between
fs32k	15	all	1	0.4727237820625305	rest	10	0	1	8	between
fs32k	15	all	2	0.4786036014556885	rest	10	0	1	8	between
fs32k	15	all	3	0.4963622689247131	rest	10	0	1	8	between
fs32k	15	all	4	0.492051362991333	rest	10	0	1	8	between
fs32k	15	all	5	0.4743105471134186	rest	10	0	1	8	between
fs32k	15	all	6	0.4859656393527984	rest	10	0	1	8	between
fs32k	15	all	7	0.4700847268104553	rest	10	0	1	8	between
fs32k	15	all	8	0.4722436070442199	rest	10	0	1	8	between
fs32k	15	all	9	0.4830221533775329	rest	10	0	1	8	between
fs32k	15	all	10	0.4770659804344177	rest	10	0	1	8	between
fs32k	15	all	11	0.4904256165027618	rest	10	0	1	8	between
fs32k	15	all	12	0.5249127745628357	rest	10	0	1	8	between
fs32k	15	all	13	0.5099368095397949	rest	10	0	1	8	between
fs32k	15	all	14	0.4834316372871399	rest	10	0	1	8	between
fs32k	15	all	15	0.4698624312877655	rest	10	0	1	8	between
fs32k	15	all	16	0.5033060312271118	rest	10	0	1	8	between
fs32k	15	all	17	0.47902911901474	rest	10	0	1	8	between
fs32k	15	all	18	0.4978758692741394	rest	10	0	1	8	between
fs32k	15	all	19	0.4927567541599273	rest	10	0	1	8	between
fs32k	15	all	20	0.4973517656326294	rest	10	0	1	8	between
fs32k	15	all	21	0.501164972782135	rest	10	0	1	8	between
fs32k	15	all	22	0.4827805757522583	rest	10	0	1	8	between
fs32k	15	all	23	0.4633761346340179	rest	10	0	1	8	between
fs32k	15	all	24	0.482856273651123	rest	10	0	1	8	between
fs32k	15	all	25	0.4875135719776153	rest	10	0	1	8	between
fs32k	15	all	26	0.4888030290603637	rest	10	0	1	8	between
fs32k	15	all	27	0.4774545431137085	rest	10	0	1	8	between
fs32k	15	all	28	0.5170631408691406	rest	10	0	1	8	between
fs32k	15	all	29	0.4936370849609375	rest	10	0	1	8	between
fs32k	15	all	30	0.4816866219043731	rest	10	0	1	8	between
fs32k	15	all	31	0.5137925148010254	rest	10	0	1	8	between
fs32k	15	all	32	0.4879779815673828	rest	10	0	1	8	between
fs32k	15	all	33	0.5218286514282227	rest	10	0	1	8	between
fs32k	15	all	34	0.5139395594596863	rest	10	0	1	8	between
fs32k	15	all	35	0.4940954744815826	rest	10	0	1	8	between
fs32k	15	all	36	0.4771482348442077	rest	10	0	1	8	between
fs32k	15	all	37	0.4925723373889923	rest	10	0	1	8	between
fs32k	15	all	38	0.4879434406757355	rest	10	0	1	8	between
fs32k	15	all	39	0.5000065565109253	rest	10	0	1	8	between
fs32k	15	all	40	0.4859215021133423	rest	10	0	1	8	between
fs32k	15	all	41	0.4642548859119415	rest	10	0	1	8	between
fs32k	15	all	42	0.4716935753822326	rest	10	0	1	8	between
fs32k	15	all	43	0.4868089854717254	rest	10	0	1	8	between
fs32k	15	all	44	0.4914254546165466	rest	10	0	1	8	between
fs32k	15	all	45	0.4615268409252167	rest	10	0	1	8	between
fs32k	15	all	46	0.4733221232891083	rest	10	0	1	8	between
fs32k	15	all	47	0.4843611121177673	rest	10	0	1	8	between
fs32k	15	all	48	0.4670883119106293	rest	10	0	1	8	between
fs32k	15	all	49	0.4652019143104553	rest	10	0	1	8	between
fs32k	15	all	50	0.4826392531394958	rest	10	0	1	8	between
fs32k	15	all	51	0.4829055070877075	rest	10	0	1	8	between
fs32k	15	all	52	0.4777162075042724	rest	10	0	1	8	between
fs32k	15	all	53	0.4816222190856933	rest	10	0	1	8	between
fs32k	15	all	54	0.4840451180934906	rest	10	0	1	8	between
fs32k	15	all	55	0.4838319420814514	rest	10	0	1	8	between
fs32k	15	all	1	0.4803891777992248	rest	10	0	1	9	between
fs32k	15	all	2	0.4944386482238769	rest	10	0	1	9	between
fs32k	15	all	3	0.4916902780532837	rest	10	0	1	9	between
fs32k	15	all	4	0.4980022311210632	rest	10	0	1	9	between
fs32k	15	all	5	0.4858134388923645	rest	10	0	1	9	between
fs32k	15	all	6	0.4811954796314239	rest	10	0	1	9	between
fs32k	15	all	7	0.4860499501228332	rest	10	0	1	9	between
fs32k	15	all	8	0.4897661805152893	rest	10	0	1	9	between
fs32k	15	all	9	0.501392662525177	rest	10	0	1	9	between
fs32k	15	all	10	0.4836580157279968	rest	10	0	1	9	between
fs32k	15	all	11	0.4996179342269897	rest	10	0	1	9	between
fs32k	15	all	12	0.5129003524780273	rest	10	0	1	9	between
fs32k	15	all	13	0.507779598236084	rest	10	0	1	9	between
fs32k	15	all	14	0.486427754163742	rest	10	0	1	9	between
fs32k	15	all	15	0.4683586657047272	rest	10	0	1	9	between
fs32k	15	all	16	0.4895867705345154	rest	10	0	1	9	between
fs32k	15	all	17	0.4849109947681427	rest	10	0	1	9	between
fs32k	15	all	18	0.5087146759033203	rest	10	0	1	9	between
fs32k	15	all	19	0.4925101697444916	rest	10	0	1	9	between
fs32k	15	all	20	0.4900895357131958	rest	10	0	1	9	between
fs32k	15	all	21	0.507236123085022	rest	10	0	1	9	between
fs32k	15	all	22	0.4950842261314392	rest	10	0	1	9	between
fs32k	15	all	23	0.4665908813476562	rest	10	0	1	9	between
fs32k	15	all	24	0.4814684391021728	rest	10	0	1	9	between
fs32k	15	all	25	0.5020546913146973	rest	10	0	1	9	between
fs32k	15	all	26	0.5029517412185669	rest	10	0	1	9	between
fs32k	15	all	27	0.4821045994758606	rest	10	0	1	9	between
fs32k	15	all	28	0.4993934035301208	rest	10	0	1	9	between
fs32k	15	all	29	0.4851581752300262	rest	10	0	1	9	between
fs32k	15	all	30	0.4585583806037903	rest	10	0	1	9	between
fs32k	15	all	31	0.4812750816345215	rest	10	0	1	9	between
fs32k	15	all	32	0.4676067233085632	rest	10	0	1	9	between
fs32k	15	all	33	0.5089319944381714	rest	10	0	1	9	between
fs32k	15	all	34	0.4869866669178009	rest	10	0	1	9	between
fs32k	15	all	35	0.4979154467582702	rest	10	0	1	9	between
fs32k	15	all	36	0.4636832773685455	rest	10	0	1	9	between
fs32k	15	all	37	0.4829652011394501	rest	10	0	1	9	between
fs32k	15	all	38	0.4936510920524597	rest	10	0	1	9	between
fs32k	15	all	39	0.5063521265983582	rest	10	0	1	9	between
fs32k	15	all	40	0.4777781665325165	rest	10	0	1	9	between
fs32k	15	all	41	0.458711564540863	rest	10	0	1	9	between
fs32k	15	all	42	0.4632131159305572	rest	10	0	1	9	between
fs32k	15	all	43	0.4953251481056213	rest	10	0	1	9	between
fs32k	15	all	44	0.4949347674846649	rest	10	0	1	9	between
fs32k	15	all	45	0.4554679691791534	rest	10	0	1	9	between
fs32k	15	all	46	0.4711406230926513	rest	10	0	1	9	between
fs32k	15	all	47	0.4895156919956207	rest	10	0	1	9	between
fs32k	15	all	48	0.4672120809555053	rest	10	0	1	9	between
fs32k	15	all	49	0.4587637782096863	rest	10	0	1	9	between
fs32k	15	all	50	0.476137101650238	rest	10	0	1	9	between
fs32k	15	all	51	0.4884425401687622	rest	10	0	1	9	between
fs32k	15	all	52	0.4824808239936828	rest	10	0	1	9	between
fs32k	15	all	53	0.4894605875015259	rest	10	0	1	9	between
fs32k	15	all	54	0.477652370929718	rest	10	0	1	9	between
fs32k	15	all	55	0.4826217889785766	rest	10	0	1	9	between
fs32k	15	all	1	0.4809164106845855	rest	10	0	1	10	between
fs32k	15	all	2	0.4913186430931091	rest	10	0	1	10	between
fs32k	15	all	3	0.4940235912799835	rest	10	0	1	10	between
fs32k	15	all	4	0.4929480850696563	rest	10	0	1	10	between
fs32k	15	all	5	0.4850597381591797	rest	10	0	1	10	between
fs32k	15	all	6	0.4922497868537903	rest	10	0	1	10	between
fs32k	15	all	7	0.4918589293956756	rest	10	0	1	10	between
fs32k	15	all	8	0.4957343935966491	rest	10	0	1	10	between
fs32k	15	all	9	0.4957538247108459	rest	10	0	1	10	between
fs32k	15	all	10	0.4888990521430969	rest	10	0	1	10	between
fs32k	15	all	11	0.5100934505462646	rest	10	0	1	10	between
fs32k	15	all	12	0.5197904706001282	rest	10	0	1	10	between
fs32k	15	all	13	0.5144217014312744	rest	10	0	1	10	between
fs32k	15	all	14	0.5073534846305847	rest	10	0	1	10	between
fs32k	15	all	15	0.4907702207565307	rest	10	0	1	10	between
fs32k	15	all	16	0.4983938932418823	rest	10	0	1	10	between
fs32k	15	all	17	0.4955940842628479	rest	10	0	1	10	between
fs32k	15	all	18	0.5099518299102783	rest	10	0	1	10	between
fs32k	15	all	19	0.5194563269615173	rest	10	0	1	10	between
fs32k	15	all	20	0.5029757618904114	rest	10	0	1	10	between
fs32k	15	all	21	0.5080499649047852	rest	10	0	1	10	between
fs32k	15	all	22	0.4916125535964966	rest	10	0	1	10	between
fs32k	15	all	23	0.4848043620586395	rest	10	0	1	10	between
fs32k	15	all	24	0.4857390224933624	rest	10	0	1	10	between
fs32k	15	all	25	0.4945865273475647	rest	10	0	1	10	between
fs32k	15	all	26	0.4953606128692627	rest	10	0	1	10	between
fs32k	15	all	27	0.4954373240470886	rest	10	0	1	10	between
fs32k	15	all	28	0.5097938179969788	rest	10	0	1	10	between
fs32k	15	all	29	0.4997281432151794	rest	10	0	1	10	between
fs32k	15	all	30	0.4826829135417938	rest	10	0	1	10	between
fs32k	15	all	31	0.4926921129226684	rest	10	0	1	10	between
fs32k	15	all	32	0.4777709543704986	rest	10	0	1	10	between
fs32k	15	all	33	0.5128725171089172	rest	10	0	1	10	between
fs32k	15	all	34	0.5163264870643616	rest	10	0	1	10	between
fs32k	15	all	35	0.5088033080101013	rest	10	0	1	10	between
fs32k	15	all	36	0.4818795621395111	rest	10	0	1	10	between
fs32k	15	all	37	0.4856073558330536	rest	10	0	1	10	between
fs32k	15	all	38	0.4940475225448608	rest	10	0	1	10	between
fs32k	15	all	39	0.5050038695335388	rest	10	0	1	10	between
fs32k	15	all	40	0.5024685263633728	rest	10	0	1	10	between
fs32k	15	all	41	0.4734916985034942	rest	10	0	1	10	between
fs32k	15	all	42	0.477220207452774	rest	10	0	1	10	between
fs32k	15	all	43	0.4933781921863556	rest	10	0	1	10	between
fs32k	15	all	44	0.5113415718078613	rest	10	0	1	10	between
fs32k	15	all	45	0.4823117256164551	rest	10	0	1	10	between
fs32k	15	all	46	0.4758642613887787	rest	10	0	1	10	between
fs32k	15	all	47	0.4901575446128845	rest	10	0	1	10	between
fs32k	15	all	48	0.4746673107147217	rest	10	0	1	10	between
fs32k	15	all	49	0.4737694859504699	rest	10	0	1	10	between
fs32k	15	all	50	0.4832410216331482	rest	10	0	1	10	between
fs32k	15	all	51	0.4855800569057464	rest	10	0	1	10	between
fs32k	15	all	52	0.4883160293102264	rest	10	0	1	10	between
fs32k	15	all	53	0.48909592628479	rest	10	0	1	10	between
fs32k	15	all	54	0.4913904666900635	rest	10	0	1	10	between
fs32k	15	all	55	0.4941998720169067	rest	10	0	1	10	between
fs32k	15	all	1	0.4814137518405914	rest	10	0	1	11	between
fs32k	15	all	2	0.5012089014053345	rest	10	0	1	11	between
fs32k	15	all	3	0.507527232170105	rest	10	0	1	11	between
fs32k	15	all	4	0.509117066860199	rest	10	0	1	11	between
fs32k	15	all	5	0.4938041567802429	rest	10	0	1	11	between
fs32k	15	all	6	0.4892063736915588	rest	10	0	1	11	between
fs32k	15	all	7	0.498712956905365	rest	10	0	1	11	between
fs32k	15	all	8	0.4971482455730438	rest	10	0	1	11	between
fs32k	15	all	9	0.5056472420692444	rest	10	0	1	11	between
fs32k	15	all	10	0.4837962388992309	rest	10	0	1	11	between
fs32k	15	all	11	0.4853470921516418	rest	10	0	1	11	between
fs32k	15	all	12	0.5130312442779541	rest	10	0	1	11	between
fs32k	15	all	13	0.502545177936554	rest	10	0	1	11	between
fs32k	15	all	14	0.4886826574802398	rest	10	0	1	11	between
fs32k	15	all	15	0.481570690870285	rest	10	0	1	11	between
fs32k	15	all	16	0.4872701168060303	rest	10	0	1	11	between
fs32k	15	all	17	0.5020853281021118	rest	10	0	1	11	between
fs32k	15	all	18	0.4837119281291961	rest	10	0	1	11	between
fs32k	15	all	19	0.4937086701393127	rest	10	0	1	11	between
fs32k	15	all	20	0.4854114651679992	rest	10	0	1	11	between
fs32k	15	all	21	0.4979617595672607	rest	10	0	1	11	between
fs32k	15	all	22	0.482177585363388	rest	10	0	1	11	between
fs32k	15	all	23	0.4709974229335785	rest	10	0	1	11	between
fs32k	15	all	24	0.4946133494377136	rest	10	0	1	11	between
fs32k	15	all	25	0.4988020956516266	rest	10	0	1	11	between
fs32k	15	all	26	0.4917250871658325	rest	10	0	1	11	between
fs32k	15	all	27	0.4842706322669983	rest	10	0	1	11	between
fs32k	15	all	28	0.5156375765800476	rest	10	0	1	11	between
fs32k	15	all	29	0.5035991072654724	rest	10	0	1	11	between
fs32k	15	all	30	0.474991112947464	rest	10	0	1	11	between
fs32k	15	all	31	0.5003246665000916	rest	10	0	1	11	between
fs32k	15	all	32	0.5091434121131897	rest	10	0	1	11	between
fs32k	15	all	33	0.5056127309799194	rest	10	0	1	11	between
fs32k	15	all	34	0.5110881924629211	rest	10	0	1	11	between
fs32k	15	all	35	0.5058332681655884	rest	10	0	1	11	between
fs32k	15	all	36	0.48372682929039	rest	10	0	1	11	between
fs32k	15	all	37	0.4912884533405304	rest	10	0	1	11	between
fs32k	15	all	38	0.5106329321861267	rest	10	0	1	11	between
fs32k	15	all	39	0.504141092300415	rest	10	0	1	11	between
fs32k	15	all	40	0.4871537685394287	rest	10	0	1	11	between
fs32k	15	all	41	0.4691190123558044	rest	10	0	1	11	between
fs32k	15	all	42	0.4786544144153595	rest	10	0	1	11	between
fs32k	15	all	43	0.5129026770591736	rest	10	0	1	11	between
fs32k	15	all	44	0.4944363832473755	rest	10	0	1	11	between
fs32k	15	all	45	0.4742896258831024	rest	10	0	1	11	between
fs32k	15	all	46	0.4775324463844299	rest	10	0	1	11	between
fs32k	15	all	47	0.4904353320598602	rest	10	0	1	11	between
fs32k	15	all	48	0.4711184501647949	rest	10	0	1	11	between
fs32k	15	all	49	0.4641993343830108	rest	10	0	1	11	between
fs32k	15	all	50	0.4924201667308807	rest	10	0	1	11	between
fs32k	15	all	51	0.4846665263175964	rest	10	0	1	11	between
fs32k	15	all	52	0.4904329776763916	rest	10	0	1	11	between
fs32k	15	all	53	0.5008422136306763	rest	10	0	1	11	between
fs32k	15	all	54	0.5002820491790771	rest	10	0	1	11	between
fs32k	15	all	55	0.4807232618331909	rest	10	0	1	11	between
fs32k	15	all	1	0.4746229648590088	rest	10	0	1	12	between
fs32k	15	all	2	0.4740898311138153	rest	10	0	1	12	between
fs32k	15	all	3	0.4853315949440002	rest	10	0	1	12	between
fs32k	15	all	4	0.4898304641246795	rest	10	0	1	12	between
fs32k	15	all	5	0.4763447940349579	rest	10	0	1	12	between
fs32k	15	all	6	0.4726839363574981	rest	10	0	1	12	between
fs32k	15	all	7	0.4813419878482818	rest	10	0	1	12	between
fs32k	15	all	8	0.4751476645469665	rest	10	0	1	12	between
fs32k	15	all	9	0.4863774180412292	rest	10	0	1	12	between
fs32k	15	all	10	0.4742069840431213	rest	10	0	1	12	between
fs32k	15	all	11	0.4940464496612549	rest	10	0	1	12	between
fs32k	15	all	12	0.5225533246994019	rest	10	0	1	12	between
fs32k	15	all	13	0.5113910436630249	rest	10	0	1	12	between
fs32k	15	all	14	0.4979097247123718	rest	10	0	1	12	between
fs32k	15	all	15	0.4722552299499511	rest	10	0	1	12	between
fs32k	15	all	16	0.5015869736671448	rest	10	0	1	12	between
fs32k	15	all	17	0.4872058928012848	rest	10	0	1	12	between
fs32k	15	all	18	0.4785473644733429	rest	10	0	1	12	between
fs32k	15	all	19	0.4984492659568786	rest	10	0	1	12	between
fs32k	15	all	20	0.4833279252052307	rest	10	0	1	12	between
fs32k	15	all	21	0.4850177764892578	rest	10	0	1	12	between
fs32k	15	all	22	0.4676569998264313	rest	10	0	1	12	between
fs32k	15	all	23	0.4613739550113678	rest	10	0	1	12	between
fs32k	15	all	24	0.4805819690227508	rest	10	0	1	12	between
fs32k	15	all	25	0.4864153861999511	rest	10	0	1	12	between
fs32k	15	all	26	0.4691393971443176	rest	10	0	1	12	between
fs32k	15	all	27	0.4852768182754516	rest	10	0	1	12	between
fs32k	15	all	28	0.50857013463974	rest	10	0	1	12	between
fs32k	15	all	29	0.4969578087329864	rest	10	0	1	12	between
fs32k	15	all	30	0.4645861983299255	rest	10	0	1	12	between
fs32k	15	all	31	0.505660891532898	rest	10	0	1	12	between
fs32k	15	all	32	0.4759408831596374	rest	10	0	1	12	between
fs32k	15	all	33	0.4860676825046539	rest	10	0	1	12	between
fs32k	15	all	34	0.5035809278488159	rest	10	0	1	12	between
fs32k	15	all	35	0.4986947178840637	rest	10	0	1	12	between
fs32k	15	all	36	0.4673153162002563	rest	10	0	1	12	between
fs32k	15	all	37	0.4826937913894653	rest	10	0	1	12	between
fs32k	15	all	38	0.4867017865180969	rest	10	0	1	12	between
fs32k	15	all	39	0.4725984036922455	rest	10	0	1	12	between
fs32k	15	all	40	0.4810145497322082	rest	10	0	1	12	between
fs32k	15	all	41	0.46021568775177	rest	10	0	1	12	between
fs32k	15	all	42	0.4750928580760956	rest	10	0	1	12	between
fs32k	15	all	43	0.4880571365356445	rest	10	0	1	12	between
fs32k	15	all	44	0.4779393374919891	rest	10	0	1	12	between
fs32k	15	all	45	0.4658345282077789	rest	10	0	1	12	between
fs32k	15	all	46	0.4647625684738159	rest	10	0	1	12	between
fs32k	15	all	47	0.4789207279682159	rest	10	0	1	12	between
fs32k	15	all	48	0.4480229020118713	rest	10	0	1	12	between
fs32k	15	all	49	0.4567262232303619	rest	10	0	1	12	between
fs32k	15	all	50	0.4840624630451202	rest	10	0	1	12	between
fs32k	15	all	51	0.4679247736930847	rest	10	0	1	12	between
fs32k	15	all	52	0.4896640181541443	rest	10	0	1	12	between
fs32k	15	all	53	0.4781268835067749	rest	10	0	1	12	between
fs32k	15	all	54	0.4811252951622009	rest	10	0	1	12	between
fs32k	15	all	55	0.4678808152675628	rest	10	0	1	12	between
fs32k	15	all	1	0.4673883616924286	rest	10	0	1	13	between
fs32k	15	all	2	0.4779440760612488	rest	10	0	1	13	between
fs32k	15	all	3	0.485222578048706	rest	10	0	1	13	between
fs32k	15	all	4	0.4854263961315155	rest	10	0	1	13	between
fs32k	15	all	5	0.4600937664508819	rest	10	0	1	13	between
fs32k	15	all	6	0.4727726578712463	rest	10	0	1	13	between
fs32k	15	all	7	0.4783068895339966	rest	10	0	1	13	between
fs32k	15	all	8	0.4768515527248382	rest	10	0	1	13	between
fs32k	15	all	9	0.4924046695232391	rest	10	0	1	13	between
fs32k	15	all	10	0.4803415238857269	rest	10	0	1	13	between
fs32k	15	all	11	0.4977312684059143	rest	10	0	1	13	between
fs32k	15	all	12	0.5025635361671448	rest	10	0	1	13	between
fs32k	15	all	13	0.4979144930839538	rest	10	0	1	13	between
fs32k	15	all	14	0.47930908203125	rest	10	0	1	13	between
fs32k	15	all	15	0.4677778482437134	rest	10	0	1	13	between
fs32k	15	all	16	0.5049331188201904	rest	10	0	1	13	between
fs32k	15	all	17	0.4836071133613586	rest	10	0	1	13	between
fs32k	15	all	18	0.4920410513877868	rest	10	0	1	13	between
fs32k	15	all	19	0.4960612058639526	rest	10	0	1	13	between
fs32k	15	all	20	0.4901356399059295	rest	10	0	1	13	between
fs32k	15	all	21	0.5017296075820923	rest	10	0	1	13	between
fs32k	15	all	22	0.4780012369155884	rest	10	0	1	13	between
fs32k	15	all	23	0.4648695886135101	rest	10	0	1	13	between
fs32k	15	all	24	0.4966200590133667	rest	10	0	1	13	between
fs32k	15	all	25	0.4850225448608398	rest	10	0	1	13	between
fs32k	15	all	26	0.4902708530426025	rest	10	0	1	13	between
fs32k	15	all	27	0.4904742538928985	rest	10	0	1	13	between
fs32k	15	all	28	0.5091264247894287	rest	10	0	1	13	between
fs32k	15	all	29	0.4858819246292114	rest	10	0	1	13	between
fs32k	15	all	30	0.4607648253440857	rest	10	0	1	13	between
fs32k	15	all	31	0.5154302716255188	rest	10	0	1	13	between
fs32k	15	all	32	0.469644159078598	rest	10	0	1	13	between
fs32k	15	all	33	0.5052458643913269	rest	10	0	1	13	between
fs32k	15	all	34	0.4999246299266815	rest	10	0	1	13	between
fs32k	15	all	35	0.4958494305610657	rest	10	0	1	13	between
fs32k	15	all	36	0.4624486565589905	rest	10	0	1	13	between
fs32k	15	all	37	0.4991727769374847	rest	10	0	1	13	between
fs32k	15	all	38	0.4907887578010559	rest	10	0	1	13	between
fs32k	15	all	39	0.4981998801231384	rest	10	0	1	13	between
fs32k	15	all	40	0.4881356656551361	rest	10	0	1	13	between
fs32k	15	all	41	0.4493756592273712	rest	10	0	1	13	between
fs32k	15	all	42	0.4786240756511688	rest	10	0	1	13	between
fs32k	15	all	43	0.4806919395923614	rest	10	0	1	13	between
fs32k	15	all	44	0.490777313709259	rest	10	0	1	13	between
fs32k	15	all	45	0.4602347314357757	rest	10	0	1	13	between
fs32k	15	all	46	0.4723865091800689	rest	10	0	1	13	between
fs32k	15	all	47	0.4805081486701965	rest	10	0	1	13	between
fs32k	15	all	48	0.465320348739624	rest	10	0	1	13	between
fs32k	15	all	49	0.4718304276466369	rest	10	0	1	13	between
fs32k	15	all	50	0.4840424060821533	rest	10	0	1	13	between
fs32k	15	all	51	0.4903715550899505	rest	10	0	1	13	between
fs32k	15	all	52	0.5058383941650391	rest	10	0	1	13	between
fs32k	15	all	53	0.4852578341960907	rest	10	0	1	13	between
fs32k	15	all	54	0.4861048460006714	rest	10	0	1	13	between
fs32k	15	all	55	0.485607385635376	rest	10	0	1	13	between
fs32k	15	all	1	0.4674203097820282	rest	10	0	1	14	between
fs32k	15	all	2	0.502377986907959	rest	10	0	1	14	between
fs32k	15	all	3	0.4841114282608032	rest	10	0	1	14	between
fs32k	15	all	4	0.488494336605072	rest	10	0	1	14	between
fs32k	15	all	5	0.4721024632453918	rest	10	0	1	14	between
fs32k	15	all	6	0.4756291806697845	rest	10	0	1	14	between
fs32k	15	all	7	0.4852000772953033	rest	10	0	1	14	between
fs32k	15	all	8	0.4836807250976562	rest	10	0	1	14	between
fs32k	15	all	9	0.4911577999591827	rest	10	0	1	14	between
fs32k	15	all	10	0.4852866530418396	rest	10	0	1	14	between
fs32k	15	all	11	0.5029922127723694	rest	10	0	1	14	between
fs32k	15	all	12	0.514901876449585	rest	10	0	1	14	between
fs32k	15	all	13	0.5034139156341553	rest	10	0	1	14	between
fs32k	15	all	14	0.4875357151031494	rest	10	0	1	14	between
fs32k	15	all	15	0.4773434698581695	rest	10	0	1	14	between
fs32k	15	all	16	0.4849500656127929	rest	10	0	1	14	between
fs32k	15	all	17	0.4877702593803406	rest	10	0	1	14	between
fs32k	15	all	18	0.4871382713317871	rest	10	0	1	14	between
fs32k	15	all	19	0.5083087682723999	rest	10	0	1	14	between
fs32k	15	all	20	0.497857391834259	rest	10	0	1	14	between
fs32k	15	all	21	0.5015249252319336	rest	10	0	1	14	between
fs32k	15	all	22	0.4853723049163818	rest	10	0	1	14	between
fs32k	15	all	23	0.473077118396759	rest	10	0	1	14	between
fs32k	15	all	24	0.4955131709575653	rest	10	0	1	14	between
fs32k	15	all	25	0.5049169659614563	rest	10	0	1	14	between
fs32k	15	all	26	0.4914090037345886	rest	10	0	1	14	between
fs32k	15	all	27	0.5008783936500549	rest	10	0	1	14	between
fs32k	15	all	28	0.5120778679847717	rest	10	0	1	14	between
fs32k	15	all	29	0.485132098197937	rest	10	0	1	14	between
fs32k	15	all	30	0.4771277606487274	rest	10	0	1	14	between
fs32k	15	all	31	0.4982739090919494	rest	10	0	1	14	between
fs32k	15	all	32	0.4694878756999969	rest	10	0	1	14	between
fs32k	15	all	33	0.4977262616157532	rest	10	0	1	14	between
fs32k	15	all	34	0.5090093016624451	rest	10	0	1	14	between
fs32k	15	all	35	0.5026477575302124	rest	10	0	1	14	between
fs32k	15	all	36	0.4767611026763916	rest	10	0	1	14	between
fs32k	15	all	37	0.4871518313884735	rest	10	0	1	14	between
fs32k	15	all	38	0.4883864521980285	rest	10	0	1	14	between
fs32k	15	all	39	0.4943683743476867	rest	10	0	1	14	between
fs32k	15	all	40	0.4896998703479767	rest	10	0	1	14	between
fs32k	15	all	41	0.4698956608772278	rest	10	0	1	14	between
fs32k	15	all	42	0.4720915555953979	rest	10	0	1	14	between
fs32k	15	all	43	0.4833850860595703	rest	10	0	1	14	between
fs32k	15	all	44	0.4841733872890472	rest	10	0	1	14	between
fs32k	15	all	45	0.4672259986400604	rest	10	0	1	14	between
fs32k	15	all	46	0.4774423837661743	rest	10	0	1	14	between
fs32k	15	all	47	0.4790930151939392	rest	10	0	1	14	between
fs32k	15	all	48	0.4730667769908905	rest	10	0	1	14	between
fs32k	15	all	49	0.475677490234375	rest	10	0	1	14	between
fs32k	15	all	50	0.4737582504749298	rest	10	0	1	14	between
fs32k	15	all	51	0.4833207130432129	rest	10	0	1	14	between
fs32k	15	all	52	0.4871005415916443	rest	10	0	1	14	between
fs32k	15	all	53	0.4789479374885559	rest	10	0	1	14	between
fs32k	15	all	54	0.4856153726577759	rest	10	0	1	14	between
fs32k	15	all	55	0.4830211102962494	rest	10	0	1	14	between
fs32k	15	all	1	0.4597974121570587	rest	10	0	1	15	between
fs32k	15	all	2	0.491148293018341	rest	10	0	1	15	between
fs32k	15	all	3	0.4955535531044006	rest	10	0	1	15	between
fs32k	15	all	4	0.4959216713905334	rest	10	0	1	15	between
fs32k	15	all	5	0.4945449233055115	rest	10	0	1	15	between
fs32k	15	all	6	0.4840984940528869	rest	10	0	1	15	between
fs32k	15	all	7	0.4854635000228882	rest	10	0	1	15	between
fs32k	15	all	8	0.4821333587169647	rest	10	0	1	15	between
fs32k	15	all	9	0.4984065294265747	rest	10	0	1	15	between
fs32k	15	all	10	0.4820936620235443	rest	10	0	1	15	between
fs32k	15	all	11	0.490097165107727	rest	10	0	1	15	between
fs32k	15	all	12	0.5053912997245789	rest	10	0	1	15	between
fs32k	15	all	13	0.4893907606601715	rest	10	0	1	15	between
fs32k	15	all	14	0.4759323298931122	rest	10	0	1	15	between
fs32k	15	all	15	0.4697616100311279	rest	10	0	1	15	between
fs32k	15	all	16	0.4826430976390838	rest	10	0	1	15	between
fs32k	15	all	17	0.4714917540550232	rest	10	0	1	15	between
fs32k	15	all	18	0.4857130348682403	rest	10	0	1	15	between
fs32k	15	all	19	0.4682510793209076	rest	10	0	1	15	between
fs32k	15	all	20	0.498130738735199	rest	10	0	1	15	between
fs32k	15	all	21	0.507124662399292	rest	10	0	1	15	between
fs32k	15	all	22	0.4987634718418121	rest	10	0	1	15	between
fs32k	15	all	23	0.4692708253860473	rest	10	0	1	15	between
fs32k	15	all	24	0.4885784983634949	rest	10	0	1	15	between
fs32k	15	all	25	0.4984986186027527	rest	10	0	1	15	between
fs32k	15	all	26	0.4947181344032287	rest	10	0	1	15	between
fs32k	15	all	27	0.4843789637088775	rest	10	0	1	15	between
fs32k	15	all	28	0.5150133967399597	rest	10	0	1	15	between
fs32k	15	all	29	0.4985882937908172	rest	10	0	1	15	between
fs32k	15	all	30	0.4811029434204101	rest	10	0	1	15	between
fs32k	15	all	31	0.5126523971557617	rest	10	0	1	15	between
fs32k	15	all	32	0.4709455072879791	rest	10	0	1	15	between
fs32k	15	all	33	0.5143753290176392	rest	10	0	1	15	between
fs32k	15	all	34	0.4924502372741699	rest	10	0	1	15	between
fs32k	15	all	35	0.5076671838760376	rest	10	0	1	15	between
fs32k	15	all	36	0.480465829372406	rest	10	0	1	15	between
fs32k	15	all	37	0.4864559173583984	rest	10	0	1	15	between
fs32k	15	all	38	0.4861495494842529	rest	10	0	1	15	between
fs32k	15	all	39	0.5056576728820801	rest	10	0	1	15	between
fs32k	15	all	40	0.4751334190368652	rest	10	0	1	15	between
fs32k	15	all	41	0.4786787033081054	rest	10	0	1	15	between
fs32k	15	all	42	0.4821615815162658	rest	10	0	1	15	between
fs32k	15	all	43	0.4997167587280273	rest	10	0	1	15	between
fs32k	15	all	44	0.5056669116020203	rest	10	0	1	15	between
fs32k	15	all	45	0.4683943688869476	rest	10	0	1	15	between
fs32k	15	all	46	0.4781738817691803	rest	10	0	1	15	between
fs32k	15	all	47	0.4719922542572021	rest	10	0	1	15	between
fs32k	15	all	48	0.4790138006210327	rest	10	0	1	15	between
fs32k	15	all	49	0.4621922969818115	rest	10	0	1	15	between
fs32k	15	all	50	0.475620687007904	rest	10	0	1	15	between
fs32k	15	all	51	0.4952408075332641	rest	10	0	1	15	between
fs32k	15	all	52	0.4854165315628052	rest	10	0	1	15	between
fs32k	15	all	53	0.482035756111145	rest	10	0	1	15	between
fs32k	15	all	54	0.4890709519386291	rest	10	0	1	15	between
fs32k	15	all	55	0.477643758058548	rest	10	0	1	15	between
fs32k	15	all	1	0.462263286113739	rest	10	0	2	3	between
fs32k	15	all	2	0.4881818890571594	rest	10	0	2	3	between
fs32k	15	all	3	0.4965414404869079	rest	10	0	2	3	between
fs32k	15	all	4	0.4770238101482391	rest	10	0	2	3	between
fs32k	15	all	5	0.4745157361030578	rest	10	0	2	3	between
fs32k	15	all	6	0.4974998235702514	rest	10	0	2	3	between
fs32k	15	all	7	0.4832993149757385	rest	10	0	2	3	between
fs32k	15	all	8	0.4850056767463684	rest	10	0	2	3	between
fs32k	15	all	9	0.4931852519512176	rest	10	0	2	3	between
fs32k	15	all	10	0.4946987628936767	rest	10	0	2	3	between
fs32k	15	all	11	0.4979806542396545	rest	10	0	2	3	between
fs32k	15	all	12	0.5054309368133545	rest	10	0	2	3	between
fs32k	15	all	13	0.4780710637569427	rest	10	0	2	3	between
fs32k	15	all	14	0.4776903390884399	rest	10	0	2	3	between
fs32k	15	all	15	0.4585397243499756	rest	10	0	2	3	between
fs32k	15	all	16	0.4884382486343384	rest	10	0	2	3	between
fs32k	15	all	17	0.4808933734893799	rest	10	0	2	3	between
fs32k	15	all	18	0.472712755203247	rest	10	0	2	3	between
fs32k	15	all	19	0.4704164862632751	rest	10	0	2	3	between
fs32k	15	all	20	0.499030202627182	rest	10	0	2	3	between
fs32k	15	all	21	0.49208664894104	rest	10	0	2	3	between
fs32k	15	all	22	0.4702011942863464	rest	10	0	2	3	between
fs32k	15	all	23	0.4670584201812744	rest	10	0	2	3	between
fs32k	15	all	24	0.4852493405342102	rest	10	0	2	3	between
fs32k	15	all	25	0.4851782023906708	rest	10	0	2	3	between
fs32k	15	all	26	0.4901511669158935	rest	10	0	2	3	between
fs32k	15	all	27	0.4823079407215118	rest	10	0	2	3	between
fs32k	15	all	28	0.5188878178596497	rest	10	0	2	3	between
fs32k	15	all	29	0.487605333328247	rest	10	0	2	3	between
fs32k	15	all	30	0.4635162353515625	rest	10	0	2	3	between
fs32k	15	all	31	0.5098540782928467	rest	10	0	2	3	between
fs32k	15	all	32	0.4695411920547485	rest	10	0	2	3	between
fs32k	15	all	33	0.4911570250988006	rest	10	0	2	3	between
fs32k	15	all	34	0.5011645555496216	rest	10	0	2	3	between
fs32k	15	all	35	0.4689358472824096	rest	10	0	2	3	between
fs32k	15	all	36	0.4455710649490356	rest	10	0	2	3	between
fs32k	15	all	37	0.4848510921001434	rest	10	0	2	3	between
fs32k	15	all	38	0.4609814882278442	rest	10	0	2	3	between
fs32k	15	all	39	0.4662102460861206	rest	10	0	2	3	between
fs32k	15	all	40	0.4591157138347626	rest	10	0	2	3	between
fs32k	15	all	41	0.4647710919380188	rest	10	0	2	3	between
fs32k	15	all	42	0.4718042910099029	rest	10	0	2	3	between
fs32k	15	all	43	0.4839723110198974	rest	10	0	2	3	between
fs32k	15	all	44	0.4751262962818146	rest	10	0	2	3	between
fs32k	15	all	45	0.4475242793560028	rest	10	0	2	3	between
fs32k	15	all	46	0.4639906287193298	rest	10	0	2	3	between
fs32k	15	all	47	0.492974191904068	rest	10	0	2	3	between
fs32k	15	all	48	0.478511095046997	rest	10	0	2	3	between
fs32k	15	all	49	0.4800564646720886	rest	10	0	2	3	between
fs32k	15	all	50	0.4692041873931885	rest	10	0	2	3	between
fs32k	15	all	51	0.4749630093574524	rest	10	0	2	3	between
fs32k	15	all	52	0.4840945601463318	rest	10	0	2	3	between
fs32k	15	all	53	0.4960113763809204	rest	10	0	2	3	between
fs32k	15	all	54	0.4860709607601166	rest	10	0	2	3	between
fs32k	15	all	55	0.483464628458023	rest	10	0	2	3	between
fs32k	15	all	1	0.4695395231246948	rest	10	0	2	4	between
fs32k	15	all	2	0.506116509437561	rest	10	0	2	4	between
fs32k	15	all	3	0.5102152824401855	rest	10	0	2	4	between
fs32k	15	all	4	0.4868369102478027	rest	10	0	2	4	between
fs32k	15	all	5	0.4835398197174072	rest	10	0	2	4	between
fs32k	15	all	6	0.4842284321784973	rest	10	0	2	4	between
fs32k	15	all	7	0.4843193590641022	rest	10	0	2	4	between
fs32k	15	all	8	0.4713593125343323	rest	10	0	2	4	between
fs32k	15	all	9	0.4815542101860046	rest	10	0	2	4	between
fs32k	15	all	10	0.492771565914154	rest	10	0	2	4	between
fs32k	15	all	11	0.4996166229248047	rest	10	0	2	4	between
fs32k	15	all	12	0.5097177028656006	rest	10	0	2	4	between
fs32k	15	all	13	0.4926542341709137	rest	10	0	2	4	between
fs32k	15	all	14	0.4893699586391449	rest	10	0	2	4	between
fs32k	15	all	15	0.4672434628009796	rest	10	0	2	4	between
fs32k	15	all	16	0.4936996400356293	rest	10	0	2	4	between
fs32k	15	all	17	0.4819844663143158	rest	10	0	2	4	between
fs32k	15	all	18	0.4798710942268371	rest	10	0	2	4	between
fs32k	15	all	19	0.4686504900455475	rest	10	0	2	4	between
fs32k	15	all	20	0.5054949522018433	rest	10	0	2	4	between
fs32k	15	all	21	0.4995635449886322	rest	10	0	2	4	between
fs32k	15	all	22	0.4827435314655304	rest	10	0	2	4	between
fs32k	15	all	23	0.4788488745689392	rest	10	0	2	4	between
fs32k	15	all	24	0.4984659552574157	rest	10	0	2	4	between
fs32k	15	all	25	0.4918266534805298	rest	10	0	2	4	between
fs32k	15	all	26	0.4888059496879577	rest	10	0	2	4	between
fs32k	15	all	27	0.4944215416908264	rest	10	0	2	4	between
fs32k	15	all	28	0.5199307203292847	rest	10	0	2	4	between
fs32k	15	all	29	0.498618483543396	rest	10	0	2	4	between
fs32k	15	all	30	0.4690356850624084	rest	10	0	2	4	between
fs32k	15	all	31	0.4988711774349212	rest	10	0	2	4	between
fs32k	15	all	32	0.4593371152877807	rest	10	0	2	4	between
fs32k	15	all	33	0.4971902668476105	rest	10	0	2	4	between
fs32k	15	all	34	0.4985413551330566	rest	10	0	2	4	between
fs32k	15	all	35	0.493704617023468	rest	10	0	2	4	between
fs32k	15	all	36	0.4671312570571899	rest	10	0	2	4	between
fs32k	15	all	37	0.4803025126457214	rest	10	0	2	4	between
fs32k	15	all	38	0.4590359926223755	rest	10	0	2	4	between
fs32k	15	all	39	0.4730281829833984	rest	10	0	2	4	between
fs32k	15	all	40	0.4706181287765503	rest	10	0	2	4	between
fs32k	15	all	41	0.4734924435615539	rest	10	0	2	4	between
fs32k	15	all	42	0.4784955978393554	rest	10	0	2	4	between
fs32k	15	all	43	0.4781959652900696	rest	10	0	2	4	between
fs32k	15	all	44	0.4867478907108307	rest	10	0	2	4	between
fs32k	15	all	45	0.4580177068710327	rest	10	0	2	4	between
fs32k	15	all	46	0.47058767080307	rest	10	0	2	4	between
fs32k	15	all	47	0.4837218225002289	rest	10	0	2	4	between
fs32k	15	all	48	0.4642620086669922	rest	10	0	2	4	between
fs32k	15	all	49	0.4738237857818603	rest	10	0	2	4	between
fs32k	15	all	50	0.4780089855194092	rest	10	0	2	4	between
fs32k	15	all	51	0.4722681641578674	rest	10	0	2	4	between
fs32k	15	all	52	0.4962091743946075	rest	10	0	2	4	between
fs32k	15	all	53	0.4825858473777771	rest	10	0	2	4	between
fs32k	15	all	54	0.4859018921852112	rest	10	0	2	4	between
fs32k	15	all	55	0.4868845641613006	rest	10	0	2	4	between
fs32k	15	all	1	0.4362427890300751	rest	10	0	2	5	between
fs32k	15	all	2	0.4938538670539856	rest	10	0	2	5	between
fs32k	15	all	3	0.486622154712677	rest	10	0	2	5	between
fs32k	15	all	4	0.4694516360759735	rest	10	0	2	5	between
fs32k	15	all	5	0.4651698470115661	rest	10	0	2	5	between
fs32k	15	all	6	0.4836383163928985	rest	10	0	2	5	between
fs32k	15	all	7	0.4855306446552276	rest	10	0	2	5	between
fs32k	15	all	8	0.4759974479675293	rest	10	0	2	5	between
fs32k	15	all	9	0.4892534911632538	rest	10	0	2	5	between
fs32k	15	all	10	0.4768495559692383	rest	10	0	2	5	between
fs32k	15	all	11	0.4886143803596496	rest	10	0	2	5	between
fs32k	15	all	12	0.4954645037651062	rest	10	0	2	5	between
fs32k	15	all	13	0.4723360240459442	rest	10	0	2	5	between
fs32k	15	all	14	0.4812329709529876	rest	10	0	2	5	between
fs32k	15	all	15	0.4392814338207245	rest	10	0	2	5	between
fs32k	15	all	16	0.4828703701496124	rest	10	0	2	5	between
fs32k	15	all	17	0.4683365821838379	rest	10	0	2	5	between
fs32k	15	all	18	0.4581077396869659	rest	10	0	2	5	between
fs32k	15	all	19	0.4733743369579315	rest	10	0	2	5	between
fs32k	15	all	20	0.5137588381767273	rest	10	0	2	5	between
fs32k	15	all	21	0.5014391541481018	rest	10	0	2	5	between
fs32k	15	all	22	0.4786116480827331	rest	10	0	2	5	between
fs32k	15	all	23	0.4590553343296051	rest	10	0	2	5	between
fs32k	15	all	24	0.5014752745628357	rest	10	0	2	5	between
fs32k	15	all	25	0.4875680208206177	rest	10	0	2	5	between
fs32k	15	all	26	0.4861931502819061	rest	10	0	2	5	between
fs32k	15	all	27	0.4883769154548645	rest	10	0	2	5	between
fs32k	15	all	28	0.5192219018936157	rest	10	0	2	5	between
fs32k	15	all	29	0.4941394329071045	rest	10	0	2	5	between
fs32k	15	all	30	0.4480361342430115	rest	10	0	2	5	between
fs32k	15	all	31	0.5098056197166443	rest	10	0	2	5	between
fs32k	15	all	32	0.4607880413532257	rest	10	0	2	5	between
fs32k	15	all	33	0.4889487326145172	rest	10	0	2	5	between
fs32k	15	all	34	0.4941157400608063	rest	10	0	2	5	between
fs32k	15	all	35	0.4848590195178985	rest	10	0	2	5	between
fs32k	15	all	36	0.4474186301231384	rest	10	0	2	5	between
fs32k	15	all	37	0.4878093600273132	rest	10	0	2	5	between
fs32k	15	all	38	0.4586203098297119	rest	10	0	2	5	between
fs32k	15	all	39	0.4620175361633301	rest	10	0	2	5	between
fs32k	15	all	40	0.4793340563774109	rest	10	0	2	5	between
fs32k	15	all	41	0.4492666721343994	rest	10	0	2	5	between
fs32k	15	all	42	0.4805480241775512	rest	10	0	2	5	between
fs32k	15	all	43	0.4743549227714538	rest	10	0	2	5	between
fs32k	15	all	44	0.4723900854587555	rest	10	0	2	5	between
fs32k	15	all	45	0.4609384536743164	rest	10	0	2	5	between
fs32k	15	all	46	0.4628686904907226	rest	10	0	2	5	between
fs32k	15	all	47	0.4827213585376739	rest	10	0	2	5	between
fs32k	15	all	48	0.4651576578617096	rest	10	0	2	5	between
fs32k	15	all	49	0.4653175473213196	rest	10	0	2	5	between
fs32k	15	all	50	0.481937974691391	rest	10	0	2	5	between
fs32k	15	all	51	0.4800305664539337	rest	10	0	2	5	between
fs32k	15	all	52	0.4905675649642944	rest	10	0	2	5	between
fs32k	15	all	53	0.4810197353363037	rest	10	0	2	5	between
fs32k	15	all	54	0.4735620319843292	rest	10	0	2	5	between
fs32k	15	all	55	0.4781694412231445	rest	10	0	2	5	between
fs32k	15	all	1	0.4815118014812469	rest	10	0	2	6	between
fs32k	15	all	2	0.4880065321922302	rest	10	0	2	6	between
fs32k	15	all	3	0.5066426396369934	rest	10	0	2	6	between
fs32k	15	all	4	0.5016818046569824	rest	10	0	2	6	between
fs32k	15	all	5	0.4933511018753052	rest	10	0	2	6	between
fs32k	15	all	6	0.4874267578125	rest	10	0	2	6	between
fs32k	15	all	7	0.4939556121826172	rest	10	0	2	6	between
fs32k	15	all	8	0.480965793132782	rest	10	0	2	6	between
fs32k	15	all	9	0.4911589622497558	rest	10	0	2	6	between
fs32k	15	all	10	0.4849927723407745	rest	10	0	2	6	between
fs32k	15	all	11	0.5039366483688354	rest	10	0	2	6	between
fs32k	15	all	12	0.5173476934432983	rest	10	0	2	6	between
fs32k	15	all	13	0.5105468034744263	rest	10	0	2	6	between
fs32k	15	all	14	0.4893190860748291	rest	10	0	2	6	between
fs32k	15	all	15	0.4636639952659607	rest	10	0	2	6	between
fs32k	15	all	16	0.5029863119125366	rest	10	0	2	6	between
fs32k	15	all	17	0.494669497013092	rest	10	0	2	6	between
fs32k	15	all	18	0.4786044359207153	rest	10	0	2	6	between
fs32k	15	all	19	0.4713911414146423	rest	10	0	2	6	between
fs32k	15	all	20	0.49799245595932	rest	10	0	2	6	between
fs32k	15	all	21	0.4975662529468536	rest	10	0	2	6	between
fs32k	15	all	22	0.472830057144165	rest	10	0	2	6	between
fs32k	15	all	23	0.4643070101737976	rest	10	0	2	6	between
fs32k	15	all	24	0.4904245138168335	rest	10	0	2	6	between
fs32k	15	all	25	0.4912734925746918	rest	10	0	2	6	between
fs32k	15	all	26	0.4828197956085205	rest	10	0	2	6	between
fs32k	15	all	27	0.4779914319515228	rest	10	0	2	6	between
fs32k	15	all	28	0.5205626487731934	rest	10	0	2	6	between
fs32k	15	all	29	0.4847428202629089	rest	10	0	2	6	between
fs32k	15	all	30	0.4544446170330047	rest	10	0	2	6	between
fs32k	15	all	31	0.4996360838413238	rest	10	0	2	6	between
fs32k	15	all	32	0.4711568355560303	rest	10	0	2	6	between
fs32k	15	all	33	0.4959261119365692	rest	10	0	2	6	between
fs32k	15	all	34	0.488780677318573	rest	10	0	2	6	between
fs32k	15	all	35	0.4884034395217895	rest	10	0	2	6	between
fs32k	15	all	36	0.4591438174247741	rest	10	0	2	6	between
fs32k	15	all	37	0.4922869205474853	rest	10	0	2	6	between
fs32k	15	all	38	0.4857496619224548	rest	10	0	2	6	between
fs32k	15	all	39	0.467296302318573	rest	10	0	2	6	between
fs32k	15	all	40	0.4570876955986023	rest	10	0	2	6	between
fs32k	15	all	41	0.4529137015342712	rest	10	0	2	6	between
fs32k	15	all	42	0.4749890565872192	rest	10	0	2	6	between
fs32k	15	all	43	0.4864023327827453	rest	10	0	2	6	between
fs32k	15	all	44	0.4716223478317261	rest	10	0	2	6	between
fs32k	15	all	45	0.4455111622810364	rest	10	0	2	6	between
fs32k	15	all	46	0.4627090394496918	rest	10	0	2	6	between
fs32k	15	all	47	0.4913031458854675	rest	10	0	2	6	between
fs32k	15	all	48	0.4641832113265991	rest	10	0	2	6	between
fs32k	15	all	49	0.4663892686367035	rest	10	0	2	6	between
fs32k	15	all	50	0.4829863309860229	rest	10	0	2	6	between
fs32k	15	all	51	0.4703062176704407	rest	10	0	2	6	between
fs32k	15	all	52	0.4789845645427704	rest	10	0	2	6	between
fs32k	15	all	53	0.4929919838905334	rest	10	0	2	6	between
fs32k	15	all	54	0.4857608079910278	rest	10	0	2	6	between
fs32k	15	all	55	0.4868501126766205	rest	10	0	2	6	between
fs32k	15	all	1	0.4725238084793091	rest	10	0	2	7	between
fs32k	15	all	2	0.4982029795646667	rest	10	0	2	7	between
fs32k	15	all	3	0.5120546817779541	rest	10	0	2	7	between
fs32k	15	all	4	0.5042269229888916	rest	10	0	2	7	between
fs32k	15	all	5	0.4901703000068664	rest	10	0	2	7	between
fs32k	15	all	6	0.5012243986129761	rest	10	0	2	7	between
fs32k	15	all	7	0.4995325207710266	rest	10	0	2	7	between
fs32k	15	all	8	0.4862006306648254	rest	10	0	2	7	between
fs32k	15	all	9	0.4964482486248016	rest	10	0	2	7	between
fs32k	15	all	10	0.4927254617214203	rest	10	0	2	7	between
fs32k	15	all	11	0.4924141466617584	rest	10	0	2	7	between
fs32k	15	all	12	0.5072263479232788	rest	10	0	2	7	between
fs32k	15	all	13	0.4921106398105621	rest	10	0	2	7	between
fs32k	15	all	14	0.4717265367507934	rest	10	0	2	7	between
fs32k	15	all	15	0.4705827832221985	rest	10	0	2	7	between
fs32k	15	all	16	0.4962668418884277	rest	10	0	2	7	between
fs32k	15	all	17	0.4786397516727447	rest	10	0	2	7	between
fs32k	15	all	18	0.4734008312225342	rest	10	0	2	7	between
fs32k	15	all	19	0.4741057455539703	rest	10	0	2	7	between
fs32k	15	all	20	0.5032464265823364	rest	10	0	2	7	between
fs32k	15	all	21	0.5028166174888611	rest	10	0	2	7	between
fs32k	15	all	22	0.4677819907665252	rest	10	0	2	7	between
fs32k	15	all	23	0.4780041575431824	rest	10	0	2	7	between
fs32k	15	all	24	0.491746723651886	rest	10	0	2	7	between
fs32k	15	all	25	0.4894068241119385	rest	10	0	2	7	between
fs32k	15	all	26	0.4855249524116516	rest	10	0	2	7	between
fs32k	15	all	27	0.4789396524429321	rest	10	0	2	7	between
fs32k	15	all	28	0.5241618156433105	rest	10	0	2	7	between
fs32k	15	all	29	0.4972666501998901	rest	10	0	2	7	between
fs32k	15	all	30	0.4706031084060669	rest	10	0	2	7	between
fs32k	15	all	31	0.5095900297164917	rest	10	0	2	7	between
fs32k	15	all	32	0.4840983748435974	rest	10	0	2	7	between
fs32k	15	all	33	0.5081498622894287	rest	10	0	2	7	between
fs32k	15	all	34	0.5089355707168579	rest	10	0	2	7	between
fs32k	15	all	35	0.4827480912208557	rest	10	0	2	7	between
fs32k	15	all	36	0.472676157951355	rest	10	0	2	7	between
fs32k	15	all	37	0.488766610622406	rest	10	0	2	7	between
fs32k	15	all	38	0.4782136082649231	rest	10	0	2	7	between
fs32k	15	all	39	0.473389983177185	rest	10	0	2	7	between
fs32k	15	all	40	0.4773644804954529	rest	10	0	2	7	between
fs32k	15	all	41	0.4680434167385101	rest	10	0	2	7	between
fs32k	15	all	42	0.4693341851234436	rest	10	0	2	7	between
fs32k	15	all	43	0.4765922427177429	rest	10	0	2	7	between
fs32k	15	all	44	0.4731305241584778	rest	10	0	2	7	between
fs32k	15	all	45	0.4582067131996155	rest	10	0	2	7	between
fs32k	15	all	46	0.4737997651100158	rest	10	0	2	7	between
fs32k	15	all	47	0.4905842244625091	rest	10	0	2	7	between
fs32k	15	all	48	0.47492116689682	rest	10	0	2	7	between
fs32k	15	all	49	0.4754434823989868	rest	10	0	2	7	between
fs32k	15	all	50	0.4770668745040893	rest	10	0	2	7	between
fs32k	15	all	51	0.4732611179351806	rest	10	0	2	7	between
fs32k	15	all	52	0.4882815480232239	rest	10	0	2	7	between
fs32k	15	all	53	0.4918791949748993	rest	10	0	2	7	between
fs32k	15	all	54	0.491477221250534	rest	10	0	2	7	between
fs32k	15	all	55	0.4903893172740936	rest	10	0	2	7	between
fs32k	15	all	1	0.4663665890693664	rest	10	0	2	8	between
fs32k	15	all	2	0.4860593676567077	rest	10	0	2	8	between
fs32k	15	all	3	0.5020699501037598	rest	10	0	2	8	between
fs32k	15	all	4	0.4865290522575378	rest	10	0	2	8	between
fs32k	15	all	5	0.4752157926559448	rest	10	0	2	8	between
fs32k	15	all	6	0.4845501184463501	rest	10	0	2	8	between
fs32k	15	all	7	0.4759624600410461	rest	10	0	2	8	between
fs32k	15	all	8	0.4716897308826446	rest	10	0	2	8	between
fs32k	15	all	9	0.4803628027439117	rest	10	0	2	8	between
fs32k	15	all	10	0.4870494902133941	rest	10	0	2	8	between
fs32k	15	all	11	0.4960389137268066	rest	10	0	2	8	between
fs32k	15	all	12	0.5141416192054749	rest	10	0	2	8	between
fs32k	15	all	13	0.501368522644043	rest	10	0	2	8	between
fs32k	15	all	14	0.478277325630188	rest	10	0	2	8	between
fs32k	15	all	15	0.4634146094322204	rest	10	0	2	8	between
fs32k	15	all	16	0.497774213552475	rest	10	0	2	8	between
fs32k	15	all	17	0.4808052480220794	rest	10	0	2	8	between
fs32k	15	all	18	0.4798779189586639	rest	10	0	2	8	between
fs32k	15	all	19	0.4765998125076294	rest	10	0	2	8	between
fs32k	15	all	20	0.5072221159934998	rest	10	0	2	8	between
fs32k	15	all	21	0.5021848082542419	rest	10	0	2	8	between
fs32k	15	all	22	0.4715460538864136	rest	10	0	2	8	between
fs32k	15	all	23	0.4575737118721008	rest	10	0	2	8	between
fs32k	15	all	24	0.4943117499351501	rest	10	0	2	8	between
fs32k	15	all	25	0.4799681603908539	rest	10	0	2	8	between
fs32k	15	all	26	0.482813149690628	rest	10	0	2	8	between
fs32k	15	all	27	0.4793711006641388	rest	10	0	2	8	between
fs32k	15	all	28	0.522799551486969	rest	10	0	2	8	between
fs32k	15	all	29	0.4923796951770782	rest	10	0	2	8	between
fs32k	15	all	30	0.4706970453262329	rest	10	0	2	8	between
fs32k	15	all	31	0.5103816986083984	rest	10	0	2	8	between
fs32k	15	all	32	0.4801237881183624	rest	10	0	2	8	between
fs32k	15	all	33	0.5028678178787231	rest	10	0	2	8	between
fs32k	15	all	34	0.5014467239379883	rest	10	0	2	8	between
fs32k	15	all	35	0.4847227931022644	rest	10	0	2	8	between
fs32k	15	all	36	0.4671587944030761	rest	10	0	2	8	between
fs32k	15	all	37	0.4915748536586761	rest	10	0	2	8	between
fs32k	15	all	38	0.4751002490520477	rest	10	0	2	8	between
fs32k	15	all	39	0.470853179693222	rest	10	0	2	8	between
fs32k	15	all	40	0.4800676703453064	rest	10	0	2	8	between
fs32k	15	all	41	0.4627936780452728	rest	10	0	2	8	between
fs32k	15	all	42	0.4656018614768982	rest	10	0	2	8	between
fs32k	15	all	43	0.4808618128299713	rest	10	0	2	8	between
fs32k	15	all	44	0.4740663766860962	rest	10	0	2	8	between
fs32k	15	all	45	0.4580364525318146	rest	10	0	2	8	between
fs32k	15	all	46	0.4605828523635864	rest	10	0	2	8	between
fs32k	15	all	47	0.4883100688457489	rest	10	0	2	8	between
fs32k	15	all	48	0.4681711792945862	rest	10	0	2	8	between
fs32k	15	all	49	0.4665497839450836	rest	10	0	2	8	between
fs32k	15	all	50	0.4755187630653381	rest	10	0	2	8	between
fs32k	15	all	51	0.4682164192199707	rest	10	0	2	8	between
fs32k	15	all	52	0.4752683639526367	rest	10	0	2	8	between
fs32k	15	all	53	0.4852746427059173	rest	10	0	2	8	between
fs32k	15	all	54	0.4818907380104065	rest	10	0	2	8	between
fs32k	15	all	55	0.4810143709182739	rest	10	0	2	8	between
fs32k	15	all	1	0.4793039858341217	rest	10	0	2	9	between
fs32k	15	all	2	0.505316972732544	rest	10	0	2	9	between
fs32k	15	all	3	0.5046607851982117	rest	10	0	2	9	between
fs32k	15	all	4	0.49091237783432	rest	10	0	2	9	between
fs32k	15	all	5	0.4786610305309295	rest	10	0	2	9	between
fs32k	15	all	6	0.4859934747219085	rest	10	0	2	9	between
fs32k	15	all	7	0.4933054149150848	rest	10	0	2	9	between
fs32k	15	all	8	0.4881060421466827	rest	10	0	2	9	between
fs32k	15	all	9	0.4956743121147156	rest	10	0	2	9	between
fs32k	15	all	10	0.4925794899463653	rest	10	0	2	9	between
fs32k	15	all	11	0.505069375038147	rest	10	0	2	9	between
fs32k	15	all	12	0.5051334500312805	rest	10	0	2	9	between
fs32k	15	all	13	0.5034338235855103	rest	10	0	2	9	between
fs32k	15	all	14	0.4876914322376251	rest	10	0	2	9	between
fs32k	15	all	15	0.4661257863044739	rest	10	0	2	9	between
fs32k	15	all	16	0.4862032234668731	rest	10	0	2	9	between
fs32k	15	all	17	0.4859859347343445	rest	10	0	2	9	between
fs32k	15	all	18	0.4860396385192871	rest	10	0	2	9	between
fs32k	15	all	19	0.4784664213657379	rest	10	0	2	9	between
fs32k	15	all	20	0.4980206787586212	rest	10	0	2	9	between
fs32k	15	all	21	0.5113077759742737	rest	10	0	2	9	between
fs32k	15	all	22	0.4802579581737518	rest	10	0	2	9	between
fs32k	15	all	23	0.4682928919792175	rest	10	0	2	9	between
fs32k	15	all	24	0.4944474101066589	rest	10	0	2	9	between
fs32k	15	all	25	0.4982433915138244	rest	10	0	2	9	between
fs32k	15	all	26	0.5000005960464478	rest	10	0	2	9	between
fs32k	15	all	27	0.493324339389801	rest	10	0	2	9	between
fs32k	15	all	28	0.5046313405036926	rest	10	0	2	9	between
fs32k	15	all	29	0.4839244782924652	rest	10	0	2	9	between
fs32k	15	all	30	0.453153908252716	rest	10	0	2	9	between
fs32k	15	all	31	0.4768698811531067	rest	10	0	2	9	between
fs32k	15	all	32	0.4645991921424866	rest	10	0	2	9	between
fs32k	15	all	33	0.4948532879352569	rest	10	0	2	9	between
fs32k	15	all	34	0.4815657138824463	rest	10	0	2	9	between
fs32k	15	all	35	0.4834855198860168	rest	10	0	2	9	between
fs32k	15	all	36	0.4504994750022888	rest	10	0	2	9	between
fs32k	15	all	37	0.4764343500137329	rest	10	0	2	9	between
fs32k	15	all	38	0.4767385721206665	rest	10	0	2	9	between
fs32k	15	all	39	0.4778337180614471	rest	10	0	2	9	between
fs32k	15	all	40	0.4719668626785278	rest	10	0	2	9	between
fs32k	15	all	41	0.4539761543273926	rest	10	0	2	9	between
fs32k	15	all	42	0.4659242630004883	rest	10	0	2	9	between
fs32k	15	all	43	0.4853285849094391	rest	10	0	2	9	between
fs32k	15	all	44	0.476730465888977	rest	10	0	2	9	between
fs32k	15	all	45	0.4467813968658447	rest	10	0	2	9	between
fs32k	15	all	46	0.4650861620903015	rest	10	0	2	9	between
fs32k	15	all	47	0.49420365691185	rest	10	0	2	9	between
fs32k	15	all	48	0.4684517979621887	rest	10	0	2	9	between
fs32k	15	all	49	0.4708598852157593	rest	10	0	2	9	between
fs32k	15	all	50	0.4825994670391083	rest	10	0	2	9	between
fs32k	15	all	51	0.4793062508106231	rest	10	0	2	9	between
fs32k	15	all	52	0.4908720254898071	rest	10	0	2	9	between
fs32k	15	all	53	0.4910016655921936	rest	10	0	2	9	between
fs32k	15	all	54	0.4834006726741791	rest	10	0	2	9	between
fs32k	15	all	55	0.4860249161720276	rest	10	0	2	9	between
fs32k	15	all	1	0.474333792924881	rest	10	0	2	10	between
fs32k	15	all	2	0.4966401159763336	rest	10	0	2	10	between
fs32k	15	all	3	0.5019356608390808	rest	10	0	2	10	between
fs32k	15	all	4	0.4866173863410949	rest	10	0	2	10	between
fs32k	15	all	5	0.4868437945842743	rest	10	0	2	10	between
fs32k	15	all	6	0.4969427585601806	rest	10	0	2	10	between
fs32k	15	all	7	0.4928242564201355	rest	10	0	2	10	between
fs32k	15	all	8	0.4921795129776001	rest	10	0	2	10	between
fs32k	15	all	9	0.4935173392295837	rest	10	0	2	10	between
fs32k	15	all	10	0.4936286807060241	rest	10	0	2	10	between
fs32k	15	all	11	0.5134727358818054	rest	10	0	2	10	between
fs32k	15	all	12	0.5118923783302307	rest	10	0	2	10	between
fs32k	15	all	13	0.507236123085022	rest	10	0	2	10	between
fs32k	15	all	14	0.4983207881450653	rest	10	0	2	10	between
fs32k	15	all	15	0.4804542064666748	rest	10	0	2	10	between
fs32k	15	all	16	0.4924246966838836	rest	10	0	2	10	between
fs32k	15	all	17	0.4933248162269592	rest	10	0	2	10	between
fs32k	15	all	18	0.4880231022834778	rest	10	0	2	10	between
fs32k	15	all	19	0.5039111971855164	rest	10	0	2	10	between
fs32k	15	all	20	0.5098519921302795	rest	10	0	2	10	between
fs32k	15	all	21	0.5062658786773682	rest	10	0	2	10	between
fs32k	15	all	22	0.4845257401466369	rest	10	0	2	10	between
fs32k	15	all	23	0.477017730474472	rest	10	0	2	10	between
fs32k	15	all	24	0.4961288273334503	rest	10	0	2	10	between
fs32k	15	all	25	0.4871938228607178	rest	10	0	2	10	between
fs32k	15	all	26	0.490892082452774	rest	10	0	2	10	between
fs32k	15	all	27	0.4945371150970459	rest	10	0	2	10	between
fs32k	15	all	28	0.5098457932472229	rest	10	0	2	10	between
fs32k	15	all	29	0.4960037469863891	rest	10	0	2	10	between
fs32k	15	all	30	0.4731497466564178	rest	10	0	2	10	between
fs32k	15	all	31	0.4892222285270691	rest	10	0	2	10	between
fs32k	15	all	32	0.4669318199157715	rest	10	0	2	10	between
fs32k	15	all	33	0.4936519861221313	rest	10	0	2	10	between
fs32k	15	all	34	0.5070024132728577	rest	10	0	2	10	between
fs32k	15	all	35	0.5009652376174927	rest	10	0	2	10	between
fs32k	15	all	36	0.4686374962329864	rest	10	0	2	10	between
fs32k	15	all	37	0.4799585342407226	rest	10	0	2	10	between
fs32k	15	all	38	0.4787602424621582	rest	10	0	2	10	between
fs32k	15	all	39	0.4746524691581726	rest	10	0	2	10	between
fs32k	15	all	40	0.494346022605896	rest	10	0	2	10	between
fs32k	15	all	41	0.4696227312088012	rest	10	0	2	10	between
fs32k	15	all	42	0.470505028963089	rest	10	0	2	10	between
fs32k	15	all	43	0.4832367897033691	rest	10	0	2	10	between
fs32k	15	all	44	0.4846948385238647	rest	10	0	2	10	between
fs32k	15	all	45	0.4730680584907532	rest	10	0	2	10	between
fs32k	15	all	46	0.4697133004665375	rest	10	0	2	10	between
fs32k	15	all	47	0.4903852343559265	rest	10	0	2	10	between
fs32k	15	all	48	0.4689315557479858	rest	10	0	2	10	between
fs32k	15	all	49	0.4726919531822204	rest	10	0	2	10	between
fs32k	15	all	50	0.4823195934295654	rest	10	0	2	10	between
fs32k	15	all	51	0.4771735668182373	rest	10	0	2	10	between
fs32k	15	all	52	0.4935347437858581	rest	10	0	2	10	between
fs32k	15	all	53	0.4899809658527374	rest	10	0	2	10	between
fs32k	15	all	54	0.4858871698379516	rest	10	0	2	10	between
fs32k	15	all	55	0.4884591698646545	rest	10	0	2	10	between
fs32k	15	all	1	0.4689887464046478	rest	10	0	2	11	between
fs32k	15	all	2	0.505321741104126	rest	10	0	2	11	between
fs32k	15	all	3	0.5134092569351196	rest	10	0	2	11	between
fs32k	15	all	4	0.5064891576766968	rest	10	0	2	11	between
fs32k	15	all	5	0.4811416566371918	rest	10	0	2	11	between
fs32k	15	all	6	0.4927791357040405	rest	10	0	2	11	between
fs32k	15	all	7	0.4981945157051086	rest	10	0	2	11	between
fs32k	15	all	8	0.489235520362854	rest	10	0	2	11	between
fs32k	15	all	9	0.4887301921844482	rest	10	0	2	11	between
fs32k	15	all	10	0.4828346371650696	rest	10	0	2	11	between
fs32k	15	all	11	0.4849592745304107	rest	10	0	2	11	between
fs32k	15	all	12	0.5050754547119141	rest	10	0	2	11	between
fs32k	15	all	13	0.4927031099796295	rest	10	0	2	11	between
fs32k	15	all	14	0.4850740730762481	rest	10	0	2	11	between
fs32k	15	all	15	0.4676904380321502	rest	10	0	2	11	between
fs32k	15	all	16	0.4838903546333313	rest	10	0	2	11	between
fs32k	15	all	17	0.4992463290691376	rest	10	0	2	11	between
fs32k	15	all	18	0.4671501219272613	rest	10	0	2	11	between
fs32k	15	all	19	0.4783529639244079	rest	10	0	2	11	between
fs32k	15	all	20	0.4947186410427093	rest	10	0	2	11	between
fs32k	15	all	21	0.4967312514781952	rest	10	0	2	11	between
fs32k	15	all	22	0.4680444598197937	rest	10	0	2	11	between
fs32k	15	all	23	0.4765132069587707	rest	10	0	2	11	between
fs32k	15	all	24	0.4983451962471008	rest	10	0	2	11	between
fs32k	15	all	25	0.4920964539051056	rest	10	0	2	11	between
fs32k	15	all	26	0.4933276772499084	rest	10	0	2	11	between
fs32k	15	all	27	0.4875722527503967	rest	10	0	2	11	between
fs32k	15	all	28	0.5197281837463379	rest	10	0	2	11	between
fs32k	15	all	29	0.4937696456909179	rest	10	0	2	11	between
fs32k	15	all	30	0.4672414660453796	rest	10	0	2	11	between
fs32k	15	all	31	0.4957492649555206	rest	10	0	2	11	between
fs32k	15	all	32	0.496913343667984	rest	10	0	2	11	between
fs32k	15	all	33	0.4872063398361206	rest	10	0	2	11	between
fs32k	15	all	34	0.4946840703487396	rest	10	0	2	11	between
fs32k	15	all	35	0.4873072803020477	rest	10	0	2	11	between
fs32k	15	all	36	0.474664568901062	rest	10	0	2	11	between
fs32k	15	all	37	0.4816146790981293	rest	10	0	2	11	between
fs32k	15	all	38	0.4963844716548919	rest	10	0	2	11	between
fs32k	15	all	39	0.4711584150791168	rest	10	0	2	11	between
fs32k	15	all	40	0.4766284525394439	rest	10	0	2	11	between
fs32k	15	all	41	0.457464337348938	rest	10	0	2	11	between
fs32k	15	all	42	0.4730953872203827	rest	10	0	2	11	between
fs32k	15	all	43	0.4944406151771545	rest	10	0	2	11	between
fs32k	15	all	44	0.4699772596359253	rest	10	0	2	11	between
fs32k	15	all	45	0.4594771862030029	rest	10	0	2	11	between
fs32k	15	all	46	0.4699541330337524	rest	10	0	2	11	between
fs32k	15	all	47	0.4861531257629394	rest	10	0	2	11	between
fs32k	15	all	48	0.4584464728832245	rest	10	0	2	11	between
fs32k	15	all	49	0.4604872465133667	rest	10	0	2	11	between
fs32k	15	all	50	0.4900862276554107	rest	10	0	2	11	between
fs32k	15	all	51	0.4755203425884247	rest	10	0	2	11	between
fs32k	15	all	52	0.4929419159889221	rest	10	0	2	11	between
fs32k	15	all	53	0.4839286804199219	rest	10	0	2	11	between
fs32k	15	all	54	0.483662337064743	rest	10	0	2	11	between
fs32k	15	all	55	0.4785470366477966	rest	10	0	2	11	between
fs32k	15	all	1	0.4715888798236847	rest	10	0	2	12	between
fs32k	15	all	2	0.4881983399391174	rest	10	0	2	12	between
fs32k	15	all	3	0.5024905800819397	rest	10	0	2	12	between
fs32k	15	all	4	0.4864862263202667	rest	10	0	2	12	between
fs32k	15	all	5	0.4795014858245849	rest	10	0	2	12	between
fs32k	15	all	6	0.4765814542770386	rest	10	0	2	12	between
fs32k	15	all	7	0.483337938785553	rest	10	0	2	12	between
fs32k	15	all	8	0.4780791401863098	rest	10	0	2	12	between
fs32k	15	all	9	0.476769208908081	rest	10	0	2	12	between
fs32k	15	all	10	0.4817150831222534	rest	10	0	2	12	between
fs32k	15	all	11	0.4948845505714416	rest	10	0	2	12	between
fs32k	15	all	12	0.5180031061172485	rest	10	0	2	12	between
fs32k	15	all	13	0.5030065774917603	rest	10	0	2	12	between
fs32k	15	all	14	0.4992632269859314	rest	10	0	2	12	between
fs32k	15	all	15	0.4654873013496399	rest	10	0	2	12	between
fs32k	15	all	16	0.4982615113258362	rest	10	0	2	12	between
fs32k	15	all	17	0.4901173114776611	rest	10	0	2	12	between
fs32k	15	all	18	0.4634660184383392	rest	10	0	2	12	between
fs32k	15	all	19	0.485836923122406	rest	10	0	2	12	between
fs32k	15	all	20	0.5010216236114502	rest	10	0	2	12	between
fs32k	15	all	21	0.4879817962646484	rest	10	0	2	12	between
fs32k	15	all	22	0.4677959382534027	rest	10	0	2	12	between
fs32k	15	all	23	0.4689711928367615	rest	10	0	2	12	between
fs32k	15	all	24	0.4855945408344269	rest	10	0	2	12	between
fs32k	15	all	25	0.4823417067527771	rest	10	0	2	12	between
fs32k	15	all	26	0.472404271364212	rest	10	0	2	12	between
fs32k	15	all	27	0.4885206222534179	rest	10	0	2	12	between
fs32k	15	all	28	0.5162523984909058	rest	10	0	2	12	between
fs32k	15	all	29	0.5010861158370972	rest	10	0	2	12	between
fs32k	15	all	30	0.459418773651123	rest	10	0	2	12	between
fs32k	15	all	31	0.5033218860626221	rest	10	0	2	12	between
fs32k	15	all	32	0.4763888120651245	rest	10	0	2	12	between
fs32k	15	all	33	0.4746472835540771	rest	10	0	2	12	between
fs32k	15	all	34	0.5027283430099487	rest	10	0	2	12	between
fs32k	15	all	35	0.487522542476654	rest	10	0	2	12	between
fs32k	15	all	36	0.4546433687210083	rest	10	0	2	12	between
fs32k	15	all	37	0.4768884778022766	rest	10	0	2	12	between
fs32k	15	all	38	0.4741480350494385	rest	10	0	2	12	between
fs32k	15	all	39	0.4462303221225738	rest	10	0	2	12	between
fs32k	15	all	40	0.4717291593551636	rest	10	0	2	12	between
fs32k	15	all	41	0.4571613669395447	rest	10	0	2	12	between
fs32k	15	all	42	0.4724953174591064	rest	10	0	2	12	between
fs32k	15	all	43	0.4836501181125641	rest	10	0	2	12	between
fs32k	15	all	44	0.45977583527565	rest	10	0	2	12	between
fs32k	15	all	45	0.4613610208034515	rest	10	0	2	12	between
fs32k	15	all	46	0.4551516473293304	rest	10	0	2	12	between
fs32k	15	all	47	0.4858061373233795	rest	10	0	2	12	between
fs32k	15	all	48	0.4550429880619049	rest	10	0	2	12	between
fs32k	15	all	49	0.4612522721290588	rest	10	0	2	12	between
fs32k	15	all	50	0.4801564812660217	rest	10	0	2	12	between
fs32k	15	all	51	0.457138180732727	rest	10	0	2	12	between
fs32k	15	all	52	0.4917270541191101	rest	10	0	2	12	between
fs32k	15	all	53	0.4828528761863708	rest	10	0	2	12	between
fs32k	15	all	54	0.4808322787284851	rest	10	0	2	12	between
fs32k	15	all	55	0.476619690656662	rest	10	0	2	12	between
fs32k	15	all	1	0.4601150751113891	rest	10	0	2	13	between
fs32k	15	all	2	0.4966939687728882	rest	10	0	2	13	between
fs32k	15	all	3	0.4997845590114593	rest	10	0	2	13	between
fs32k	15	all	4	0.4870540499687195	rest	10	0	2	13	between
fs32k	15	all	5	0.4630774557590484	rest	10	0	2	13	between
fs32k	15	all	6	0.4836136996746063	rest	10	0	2	13	between
fs32k	15	all	7	0.4852606058120727	rest	10	0	2	13	between
fs32k	15	all	8	0.4856024086475372	rest	10	0	2	13	between
fs32k	15	all	9	0.4914268255233764	rest	10	0	2	13	between
fs32k	15	all	10	0.4879074990749359	rest	10	0	2	13	between
fs32k	15	all	11	0.4982583522796631	rest	10	0	2	13	between
fs32k	15	all	12	0.4944362342357635	rest	10	0	2	13	between
fs32k	15	all	13	0.4850959181785583	rest	10	0	2	13	between
fs32k	15	all	14	0.4762605428695678	rest	10	0	2	13	between
fs32k	15	all	15	0.4612436890602112	rest	10	0	2	13	between
fs32k	15	all	16	0.4969131648540497	rest	10	0	2	13	between
fs32k	15	all	17	0.4853473901748657	rest	10	0	2	13	between
fs32k	15	all	18	0.4798857569694519	rest	10	0	2	13	between
fs32k	15	all	19	0.4849068224430084	rest	10	0	2	13	between
fs32k	15	all	20	0.5107775926589966	rest	10	0	2	13	between
fs32k	15	all	21	0.5123194456100464	rest	10	0	2	13	between
fs32k	15	all	22	0.4768219292163849	rest	10	0	2	13	between
fs32k	15	all	23	0.471045583486557	rest	10	0	2	13	between
fs32k	15	all	24	0.5103364586830139	rest	10	0	2	13	between
fs32k	15	all	25	0.4887054562568664	rest	10	0	2	13	between
fs32k	15	all	26	0.4862352311611175	rest	10	0	2	13	between
fs32k	15	all	27	0.4978865385055542	rest	10	0	2	13	between
fs32k	15	all	28	0.5181096196174622	rest	10	0	2	13	between
fs32k	15	all	29	0.490965723991394	rest	10	0	2	13	between
fs32k	15	all	30	0.4596860110759735	rest	10	0	2	13	between
fs32k	15	all	31	0.5137553215026855	rest	10	0	2	13	between
fs32k	15	all	32	0.4748921692371368	rest	10	0	2	13	between
fs32k	15	all	33	0.4913361072540283	rest	10	0	2	13	between
fs32k	15	all	34	0.5022678375244141	rest	10	0	2	13	between
fs32k	15	all	35	0.4911242425441742	rest	10	0	2	13	between
fs32k	15	all	36	0.4550430476665497	rest	10	0	2	13	between
fs32k	15	all	37	0.4970038533210754	rest	10	0	2	13	between
fs32k	15	all	38	0.4763609170913696	rest	10	0	2	13	between
fs32k	15	all	39	0.4672253131866455	rest	10	0	2	13	between
fs32k	15	all	40	0.4817686676979065	rest	10	0	2	13	between
fs32k	15	all	41	0.4486673474311828	rest	10	0	2	13	between
fs32k	15	all	42	0.4763594269752502	rest	10	0	2	13	between
fs32k	15	all	43	0.4763168394565582	rest	10	0	2	13	between
fs32k	15	all	44	0.4707685708999634	rest	10	0	2	13	between
fs32k	15	all	45	0.4536107778549194	rest	10	0	2	13	between
fs32k	15	all	46	0.4606883525848388	rest	10	0	2	13	between
fs32k	15	all	47	0.4879412055015564	rest	10	0	2	13	between
fs32k	15	all	48	0.4673232436180115	rest	10	0	2	13	between
fs32k	15	all	49	0.4774323105812073	rest	10	0	2	13	between
fs32k	15	all	50	0.4839591383934021	rest	10	0	2	13	between
fs32k	15	all	51	0.4735819697380066	rest	10	0	2	13	between
fs32k	15	all	52	0.5056539177894592	rest	10	0	2	13	between
fs32k	15	all	53	0.4860003292560577	rest	10	0	2	13	between
fs32k	15	all	54	0.4918574690818786	rest	10	0	2	13	between
fs32k	15	all	55	0.4905711114406585	rest	10	0	2	13	between
fs32k	15	all	1	0.4637840390205383	rest	10	0	2	14	between
fs32k	15	all	2	0.512753427028656	rest	10	0	2	14	between
fs32k	15	all	3	0.4985400736331939	rest	10	0	2	14	between
fs32k	15	all	4	0.4843865036964416	rest	10	0	2	14	between
fs32k	15	all	5	0.4716605544090271	rest	10	0	2	14	between
fs32k	15	all	6	0.4804182052612304	rest	10	0	2	14	between
fs32k	15	all	7	0.4898591637611389	rest	10	0	2	14	between
fs32k	15	all	8	0.4867351651191711	rest	10	0	2	14	between
fs32k	15	all	9	0.4934560060501098	rest	10	0	2	14	between
fs32k	15	all	10	0.495351105928421	rest	10	0	2	14	between
fs32k	15	all	11	0.5057348608970642	rest	10	0	2	14	between
fs32k	15	all	12	0.5085980892181396	rest	10	0	2	14	between
fs32k	15	all	13	0.4942753314971924	rest	10	0	2	14	between
fs32k	15	all	14	0.4872044324874878	rest	10	0	2	14	between
fs32k	15	all	15	0.4724336564540863	rest	10	0	2	14	between
fs32k	15	all	16	0.4819726347923279	rest	10	0	2	14	between
fs32k	15	all	17	0.4866895079612732	rest	10	0	2	14	between
fs32k	15	all	18	0.4716010689735412	rest	10	0	2	14	between
fs32k	15	all	19	0.4919910132884979	rest	10	0	2	14	between
fs32k	15	all	20	0.5166513323783875	rest	10	0	2	14	between
fs32k	15	all	21	0.5038163661956787	rest	10	0	2	14	between
fs32k	15	all	22	0.4800391793251037	rest	10	0	2	14	between
fs32k	15	all	23	0.4782816767692566	rest	10	0	2	14	between
fs32k	15	all	24	0.5039418339729309	rest	10	0	2	14	between
fs32k	15	all	25	0.499517947435379	rest	10	0	2	14	between
fs32k	15	all	26	0.4911312460899353	rest	10	0	2	14	between
fs32k	15	all	27	0.5033949613571167	rest	10	0	2	14	between
fs32k	15	all	28	0.5172398090362549	rest	10	0	2	14	between
fs32k	15	all	29	0.4879396557807922	rest	10	0	2	14	between
fs32k	15	all	30	0.4726877808570862	rest	10	0	2	14	between
fs32k	15	all	31	0.4953843057155609	rest	10	0	2	14	between
fs32k	15	all	32	0.4642442166805267	rest	10	0	2	14	between
fs32k	15	all	33	0.4823904931545257	rest	10	0	2	14	between
fs32k	15	all	34	0.5051099061965942	rest	10	0	2	14	between
fs32k	15	all	35	0.4936894178390503	rest	10	0	2	14	between
fs32k	15	all	36	0.466174840927124	rest	10	0	2	14	between
fs32k	15	all	37	0.4825349748134613	rest	10	0	2	14	between
fs32k	15	all	38	0.4791465699672699	rest	10	0	2	14	between
fs32k	15	all	39	0.4624567031860351	rest	10	0	2	14	between
fs32k	15	all	40	0.4842021763324737	rest	10	0	2	14	between
fs32k	15	all	41	0.46828693151474	rest	10	0	2	14	between
fs32k	15	all	42	0.4690466821193695	rest	10	0	2	14	between
fs32k	15	all	43	0.4809511601924896	rest	10	0	2	14	between
fs32k	15	all	44	0.466531902551651	rest	10	0	2	14	between
fs32k	15	all	45	0.4656150937080383	rest	10	0	2	14	between
fs32k	15	all	46	0.4672607183456421	rest	10	0	2	14	between
fs32k	15	all	47	0.4838830828666687	rest	10	0	2	14	between
fs32k	15	all	48	0.464531660079956	rest	10	0	2	14	between
fs32k	15	all	49	0.4765843451023102	rest	10	0	2	14	between
fs32k	15	all	50	0.4730912446975708	rest	10	0	2	14	between
fs32k	15	all	51	0.4746929407119751	rest	10	0	2	14	between
fs32k	15	all	52	0.4911417961120605	rest	10	0	2	14	between
fs32k	15	all	53	0.4827244281768799	rest	10	0	2	14	between
fs32k	15	all	54	0.4847105741500854	rest	10	0	2	14	between
fs32k	15	all	55	0.4872366786003113	rest	10	0	2	14	between
fs32k	15	all	1	0.4534722566604614	rest	10	0	2	15	between
fs32k	15	all	2	0.4935312867164612	rest	10	0	2	15	between
fs32k	15	all	3	0.5043762922286987	rest	10	0	2	15	between
fs32k	15	all	4	0.4863900542259216	rest	10	0	2	15	between
fs32k	15	all	5	0.487903892993927	rest	10	0	2	15	between
fs32k	15	all	6	0.4813097715377807	rest	10	0	2	15	between
fs32k	15	all	7	0.4948576986789703	rest	10	0	2	15	between
fs32k	15	all	8	0.4757808446884155	rest	10	0	2	15	between
fs32k	15	all	9	0.488634705543518	rest	10	0	2	15	between
fs32k	15	all	10	0.4800377786159515	rest	10	0	2	15	between
fs32k	15	all	11	0.490850955247879	rest	10	0	2	15	between
fs32k	15	all	12	0.4965496659278869	rest	10	0	2	15	between
fs32k	15	all	13	0.4854559898376465	rest	10	0	2	15	between
fs32k	15	all	14	0.4739791750907898	rest	10	0	2	15	between
fs32k	15	all	15	0.4563120603561401	rest	10	0	2	15	between
fs32k	15	all	16	0.4759387373924255	rest	10	0	2	15	between
fs32k	15	all	17	0.4677427411079407	rest	10	0	2	15	between
fs32k	15	all	18	0.4699847102165222	rest	10	0	2	15	between
fs32k	15	all	19	0.4531602561473846	rest	10	0	2	15	between
fs32k	15	all	20	0.5087156295776367	rest	10	0	2	15	between
fs32k	15	all	21	0.5044415593147278	rest	10	0	2	15	between
fs32k	15	all	22	0.4882868528366089	rest	10	0	2	15	between
fs32k	15	all	23	0.4659305810928345	rest	10	0	2	15	between
fs32k	15	all	24	0.497394323348999	rest	10	0	2	15	between
fs32k	15	all	25	0.4876733124256134	rest	10	0	2	15	between
fs32k	15	all	26	0.489887535572052	rest	10	0	2	15	between
fs32k	15	all	27	0.4817538261413574	rest	10	0	2	15	between
fs32k	15	all	28	0.5177314281463623	rest	10	0	2	15	between
fs32k	15	all	29	0.4933944642543793	rest	10	0	2	15	between
fs32k	15	all	30	0.467528760433197	rest	10	0	2	15	between
fs32k	15	all	31	0.5088881254196167	rest	10	0	2	15	between
fs32k	15	all	32	0.4655756652355194	rest	10	0	2	15	between
fs32k	15	all	33	0.4956544637680053	rest	10	0	2	15	between
fs32k	15	all	34	0.4795262217521667	rest	10	0	2	15	between
fs32k	15	all	35	0.49044930934906	rest	10	0	2	15	between
fs32k	15	all	36	0.4679549634456634	rest	10	0	2	15	between
fs32k	15	all	37	0.4838224053382873	rest	10	0	2	15	between
fs32k	15	all	38	0.4674427509307861	rest	10	0	2	15	between
fs32k	15	all	39	0.4740108847618103	rest	10	0	2	15	between
fs32k	15	all	40	0.4588532745838165	rest	10	0	2	15	between
fs32k	15	all	41	0.4724456667900085	rest	10	0	2	15	between
fs32k	15	all	42	0.4745526909828186	rest	10	0	2	15	between
fs32k	15	all	43	0.4851109087467193	rest	10	0	2	15	between
fs32k	15	all	44	0.485617458820343	rest	10	0	2	15	between
fs32k	15	all	45	0.4556620717048645	rest	10	0	2	15	between
fs32k	15	all	46	0.4643176198005676	rest	10	0	2	15	between
fs32k	15	all	47	0.4709620475769043	rest	10	0	2	15	between
fs32k	15	all	48	0.4720484316349029	rest	10	0	2	15	between
fs32k	15	all	49	0.4625998437404632	rest	10	0	2	15	between
fs32k	15	all	50	0.4656584858894348	rest	10	0	2	15	between
fs32k	15	all	51	0.4783245325088501	rest	10	0	2	15	between
fs32k	15	all	52	0.4818431138992309	rest	10	0	2	15	between
fs32k	15	all	53	0.4818912744522095	rest	10	0	2	15	between
fs32k	15	all	54	0.4832184016704559	rest	10	0	2	15	between
fs32k	15	all	55	0.4818211793899536	rest	10	0	2	15	between
fs32k	15	all	1	0.4848439395427704	rest	10	0	3	4	between
fs32k	15	all	2	0.4867286086082458	rest	10	0	3	4	between
fs32k	15	all	3	0.5091722011566162	rest	10	0	3	4	between
fs32k	15	all	4	0.4875470399856567	rest	10	0	3	4	between
fs32k	15	all	5	0.5024356842041016	rest	10	0	3	4	between
fs32k	15	all	6	0.5016038417816162	rest	10	0	3	4	between
fs32k	15	all	7	0.496630847454071	rest	10	0	3	4	between
fs32k	15	all	8	0.4762870967388153	rest	10	0	3	4	between
fs32k	15	all	9	0.4997041821479797	rest	10	0	3	4	between
fs32k	15	all	10	0.5017613768577576	rest	10	0	3	4	between
fs32k	15	all	11	0.4853733479976654	rest	10	0	3	4	between
fs32k	15	all	12	0.5081120133399963	rest	10	0	3	4	between
fs32k	15	all	13	0.4766060411930084	rest	10	0	3	4	between
fs32k	15	all	14	0.485008955001831	rest	10	0	3	4	between
fs32k	15	all	15	0.4663101434707641	rest	10	0	3	4	between
fs32k	15	all	16	0.4939121305942535	rest	10	0	3	4	between
fs32k	15	all	17	0.4727873206138611	rest	10	0	3	4	between
fs32k	15	all	18	0.4841466844081878	rest	10	0	3	4	between
fs32k	15	all	19	0.4854605197906494	rest	10	0	3	4	between
fs32k	15	all	20	0.4802733957767486	rest	10	0	3	4	between
fs32k	15	all	21	0.4768617153167724	rest	10	0	3	4	between
fs32k	15	all	22	0.4804418683052063	rest	10	0	3	4	between
fs32k	15	all	23	0.4640619158744812	rest	10	0	3	4	between
fs32k	15	all	24	0.480496883392334	rest	10	0	3	4	between
fs32k	15	all	25	0.483995109796524	rest	10	0	3	4	between
fs32k	15	all	26	0.4848157167434692	rest	10	0	3	4	between
fs32k	15	all	27	0.4827727079391479	rest	10	0	3	4	between
fs32k	15	all	28	0.5121119022369385	rest	10	0	3	4	between
fs32k	15	all	29	0.4964091777801513	rest	10	0	3	4	between
fs32k	15	all	30	0.480262279510498	rest	10	0	3	4	between
fs32k	15	all	31	0.510162889957428	rest	10	0	3	4	between
fs32k	15	all	32	0.4591809511184692	rest	10	0	3	4	between
fs32k	15	all	33	0.5160144567489624	rest	10	0	3	4	between
fs32k	15	all	34	0.5128803849220276	rest	10	0	3	4	between
fs32k	15	all	35	0.4812251329421997	rest	10	0	3	4	between
fs32k	15	all	36	0.4589904546737671	rest	10	0	3	4	between
fs32k	15	all	37	0.4774309992790222	rest	10	0	3	4	between
fs32k	15	all	38	0.4491047859191894	rest	10	0	3	4	between
fs32k	15	all	39	0.4944464266300201	rest	10	0	3	4	between
fs32k	15	all	40	0.4709815382957458	rest	10	0	3	4	between
fs32k	15	all	41	0.4914371371269226	rest	10	0	3	4	between
fs32k	15	all	42	0.4932280480861664	rest	10	0	3	4	between
fs32k	15	all	43	0.4924741387367248	rest	10	0	3	4	between
fs32k	15	all	44	0.4968835413455963	rest	10	0	3	4	between
fs32k	15	all	45	0.4803977608680725	rest	10	0	3	4	between
fs32k	15	all	46	0.4770497977733612	rest	10	0	3	4	between
fs32k	15	all	47	0.4833707809448242	rest	10	0	3	4	between
fs32k	15	all	48	0.4794545173645019	rest	10	0	3	4	between
fs32k	15	all	49	0.4866057634353637	rest	10	0	3	4	between
fs32k	15	all	50	0.4773228466510772	rest	10	0	3	4	between
fs32k	15	all	51	0.4794846773147583	rest	10	0	3	4	between
fs32k	15	all	52	0.5075521469116211	rest	10	0	3	4	between
fs32k	15	all	53	0.4834771156311035	rest	10	0	3	4	between
fs32k	15	all	54	0.4799196720123291	rest	10	0	3	4	between
fs32k	15	all	55	0.4892232418060303	rest	10	0	3	4	between
fs32k	15	all	1	0.4487740397453308	rest	10	0	3	5	between
fs32k	15	all	2	0.4791726171970367	rest	10	0	3	5	between
fs32k	15	all	3	0.4908183217048645	rest	10	0	3	5	between
fs32k	15	all	4	0.4701727628707886	rest	10	0	3	5	between
fs32k	15	all	5	0.4832822978496551	rest	10	0	3	5	between
fs32k	15	all	6	0.4999073445796966	rest	10	0	3	5	between
fs32k	15	all	7	0.4899637699127197	rest	10	0	3	5	between
fs32k	15	all	8	0.4827326536178589	rest	10	0	3	5	between
fs32k	15	all	9	0.4992851614952087	rest	10	0	3	5	between
fs32k	15	all	10	0.4843993186950683	rest	10	0	3	5	between
fs32k	15	all	11	0.4782814979553222	rest	10	0	3	5	between
fs32k	15	all	12	0.4971330165863037	rest	10	0	3	5	between
fs32k	15	all	13	0.4574047029018402	rest	10	0	3	5	between
fs32k	15	all	14	0.4696588516235351	rest	10	0	3	5	between
fs32k	15	all	15	0.4372878670692444	rest	10	0	3	5	between
fs32k	15	all	16	0.4831908345222473	rest	10	0	3	5	between
fs32k	15	all	17	0.4595202207565307	rest	10	0	3	5	between
fs32k	15	all	18	0.4629808366298675	rest	10	0	3	5	between
fs32k	15	all	19	0.4814512133598327	rest	10	0	3	5	between
fs32k	15	all	20	0.4888709783554077	rest	10	0	3	5	between
fs32k	15	all	21	0.4809106588363647	rest	10	0	3	5	between
fs32k	15	all	22	0.4742226004600525	rest	10	0	3	5	between
fs32k	15	all	23	0.4509932696819305	rest	10	0	3	5	between
fs32k	15	all	24	0.4800801277160644	rest	10	0	3	5	between
fs32k	15	all	25	0.4805665910243988	rest	10	0	3	5	between
fs32k	15	all	26	0.4857763946056366	rest	10	0	3	5	between
fs32k	15	all	27	0.4790329039096832	rest	10	0	3	5	between
fs32k	15	all	28	0.5109997987747192	rest	10	0	3	5	between
fs32k	15	all	29	0.4884609282016754	rest	10	0	3	5	between
fs32k	15	all	30	0.4593259394168854	rest	10	0	3	5	between
fs32k	15	all	31	0.5169441103935242	rest	10	0	3	5	between
fs32k	15	all	32	0.4625789821147918	rest	10	0	3	5	between
fs32k	15	all	33	0.5095587968826294	rest	10	0	3	5	between
fs32k	15	all	34	0.5107019543647766	rest	10	0	3	5	between
fs32k	15	all	35	0.4684539437294006	rest	10	0	3	5	between
fs32k	15	all	36	0.4419134259223938	rest	10	0	3	5	between
fs32k	15	all	37	0.4799543917179107	rest	10	0	3	5	between
fs32k	15	all	38	0.4482378661632538	rest	10	0	3	5	between
fs32k	15	all	39	0.4798234105110168	rest	10	0	3	5	between
fs32k	15	all	40	0.4819274842739105	rest	10	0	3	5	between
fs32k	15	all	41	0.4678986370563507	rest	10	0	3	5	between
fs32k	15	all	42	0.4927201271057129	rest	10	0	3	5	between
fs32k	15	all	43	0.4877961277961731	rest	10	0	3	5	between
fs32k	15	all	44	0.4887275695800781	rest	10	0	3	5	between
fs32k	15	all	45	0.4726009368896484	rest	10	0	3	5	between
fs32k	15	all	46	0.4667476415634155	rest	10	0	3	5	between
fs32k	15	all	47	0.4803774952888489	rest	10	0	3	5	between
fs32k	15	all	48	0.4765380918979645	rest	10	0	3	5	between
fs32k	15	all	49	0.4684456884860992	rest	10	0	3	5	between
fs32k	15	all	50	0.481900542974472	rest	10	0	3	5	between
fs32k	15	all	51	0.4922315180301666	rest	10	0	3	5	between
fs32k	15	all	52	0.5009578466415405	rest	10	0	3	5	between
fs32k	15	all	53	0.4862648844718933	rest	10	0	3	5	between
fs32k	15	all	54	0.468981921672821	rest	10	0	3	5	between
fs32k	15	all	55	0.4865595698356628	rest	10	0	3	5	between
fs32k	15	all	1	0.4939214289188385	rest	10	0	3	6	between
fs32k	15	all	2	0.4785526394844055	rest	10	0	3	6	between
fs32k	15	all	3	0.5088118314743042	rest	10	0	3	6	between
fs32k	15	all	4	0.5035529732704163	rest	10	0	3	6	between
fs32k	15	all	5	0.5052648186683655	rest	10	0	3	6	between
fs32k	15	all	6	0.4976428151130676	rest	10	0	3	6	between
fs32k	15	all	7	0.4986041784286499	rest	10	0	3	6	between
fs32k	15	all	8	0.4872335195541382	rest	10	0	3	6	between
fs32k	15	all	9	0.5040210485458374	rest	10	0	3	6	between
fs32k	15	all	10	0.4930558800697326	rest	10	0	3	6	between
fs32k	15	all	11	0.4917578101158142	rest	10	0	3	6	between
fs32k	15	all	12	0.5243252515792847	rest	10	0	3	6	between
fs32k	15	all	13	0.4925062358379364	rest	10	0	3	6	between
fs32k	15	all	14	0.4895530939102173	rest	10	0	3	6	between
fs32k	15	all	15	0.4692327976226806	rest	10	0	3	6	between
fs32k	15	all	16	0.500552773475647	rest	10	0	3	6	between
fs32k	15	all	17	0.4903657734394073	rest	10	0	3	6	between
fs32k	15	all	18	0.4892722964286804	rest	10	0	3	6	between
fs32k	15	all	19	0.4926843643188476	rest	10	0	3	6	between
fs32k	15	all	20	0.4735869169235229	rest	10	0	3	6	between
fs32k	15	all	21	0.4784820079803467	rest	10	0	3	6	between
fs32k	15	all	22	0.4667175412178039	rest	10	0	3	6	between
fs32k	15	all	23	0.4592055082321167	rest	10	0	3	6	between
fs32k	15	all	24	0.4740805625915527	rest	10	0	3	6	between
fs32k	15	all	25	0.4832015335559845	rest	10	0	3	6	between
fs32k	15	all	26	0.4775756299495697	rest	10	0	3	6	between
fs32k	15	all	27	0.4687047600746155	rest	10	0	3	6	between
fs32k	15	all	28	0.5120577216148376	rest	10	0	3	6	between
fs32k	15	all	29	0.4863238036632538	rest	10	0	3	6	between
fs32k	15	all	30	0.465249091386795	rest	10	0	3	6	between
fs32k	15	all	31	0.5122696161270142	rest	10	0	3	6	between
fs32k	15	all	32	0.4717361330986023	rest	10	0	3	6	between
fs32k	15	all	33	0.5116782784461975	rest	10	0	3	6	between
fs32k	15	all	34	0.5053860545158386	rest	10	0	3	6	between
fs32k	15	all	35	0.4727970957756042	rest	10	0	3	6	between
fs32k	15	all	36	0.4517610073089599	rest	10	0	3	6	between
fs32k	15	all	37	0.4929704070091247	rest	10	0	3	6	between
fs32k	15	all	38	0.4725863337516784	rest	10	0	3	6	between
fs32k	15	all	39	0.4810469150543213	rest	10	0	3	6	between
fs32k	15	all	40	0.4583340287208557	rest	10	0	3	6	between
fs32k	15	all	41	0.4799329340457916	rest	10	0	3	6	between
fs32k	15	all	42	0.4919319152832031	rest	10	0	3	6	between
fs32k	15	all	43	0.5073727369308472	rest	10	0	3	6	between
fs32k	15	all	44	0.496045857667923	rest	10	0	3	6	between
fs32k	15	all	45	0.4725607633590698	rest	10	0	3	6	between
fs32k	15	all	46	0.4679031670093536	rest	10	0	3	6	between
fs32k	15	all	47	0.500442385673523	rest	10	0	3	6	between
fs32k	15	all	48	0.4814849495887756	rest	10	0	3	6	between
fs32k	15	all	49	0.4801919758319855	rest	10	0	3	6	between
fs32k	15	all	50	0.4831266701221466	rest	10	0	3	6	between
fs32k	15	all	51	0.4863350093364715	rest	10	0	3	6	between
fs32k	15	all	52	0.49186572432518	rest	10	0	3	6	between
fs32k	15	all	53	0.4966202676296234	rest	10	0	3	6	between
fs32k	15	all	54	0.4891098737716675	rest	10	0	3	6	between
fs32k	15	all	55	0.4985497295856476	rest	10	0	3	6	between
fs32k	15	all	1	0.4829311966896057	rest	10	0	3	7	between
fs32k	15	all	2	0.4867163300514221	rest	10	0	3	7	between
fs32k	15	all	3	0.5163969397544861	rest	10	0	3	7	between
fs32k	15	all	4	0.5046603679656982	rest	10	0	3	7	between
fs32k	15	all	5	0.4952049255371094	rest	10	0	3	7	between
fs32k	15	all	6	0.5173068642616272	rest	10	0	3	7	between
fs32k	15	all	7	0.4978244304656982	rest	10	0	3	7	between
fs32k	15	all	8	0.4882022440433502	rest	10	0	3	7	between
fs32k	15	all	9	0.5073784589767456	rest	10	0	3	7	between
fs32k	15	all	10	0.5015512704849243	rest	10	0	3	7	between
fs32k	15	all	11	0.4807383418083191	rest	10	0	3	7	between
fs32k	15	all	12	0.5115657448768616	rest	10	0	3	7	between
fs32k	15	all	13	0.4748302698135376	rest	10	0	3	7	between
fs32k	15	all	14	0.4661639630794525	rest	10	0	3	7	between
fs32k	15	all	15	0.4690180420875549	rest	10	0	3	7	between
fs32k	15	all	16	0.4900808930397033	rest	10	0	3	7	between
fs32k	15	all	17	0.4702568054199219	rest	10	0	3	7	between
fs32k	15	all	18	0.4844751358032226	rest	10	0	3	7	between
fs32k	15	all	19	0.4887528419494629	rest	10	0	3	7	between
fs32k	15	all	20	0.4808203876018524	rest	10	0	3	7	between
fs32k	15	all	21	0.4863128066062927	rest	10	0	3	7	between
fs32k	15	all	22	0.4593446850776672	rest	10	0	3	7	between
fs32k	15	all	23	0.4685034453868866	rest	10	0	3	7	between
fs32k	15	all	24	0.4692504405975342	rest	10	0	3	7	between
fs32k	15	all	25	0.475634753704071	rest	10	0	3	7	between
fs32k	15	all	26	0.4804067611694336	rest	10	0	3	7	between
fs32k	15	all	27	0.4700756371021271	rest	10	0	3	7	between
fs32k	15	all	28	0.515587568283081	rest	10	0	3	7	between
fs32k	15	all	29	0.4938393831253052	rest	10	0	3	7	between
fs32k	15	all	30	0.4827136397361755	rest	10	0	3	7	between
fs32k	15	all	31	0.5189406871795654	rest	10	0	3	7	between
fs32k	15	all	32	0.4838961958885193	rest	10	0	3	7	between
fs32k	15	all	33	0.5245078802108765	rest	10	0	3	7	between
fs32k	15	all	34	0.5245204567909241	rest	10	0	3	7	between
fs32k	15	all	35	0.465572714805603	rest	10	0	3	7	between
fs32k	15	all	36	0.4651220738887787	rest	10	0	3	7	between
fs32k	15	all	37	0.4845015108585357	rest	10	0	3	7	between
fs32k	15	all	38	0.4631404280662536	rest	10	0	3	7	between
fs32k	15	all	39	0.4873804748058319	rest	10	0	3	7	between
fs32k	15	all	40	0.4788472056388855	rest	10	0	3	7	between
fs32k	15	all	41	0.4831713140010834	rest	10	0	3	7	between
fs32k	15	all	42	0.4824195504188537	rest	10	0	3	7	between
fs32k	15	all	43	0.4938566386699676	rest	10	0	3	7	between
fs32k	15	all	44	0.4841260612010956	rest	10	0	3	7	between
fs32k	15	all	45	0.4734293222427368	rest	10	0	3	7	between
fs32k	15	all	46	0.4740853905677795	rest	10	0	3	7	between
fs32k	15	all	47	0.4906326532363891	rest	10	0	3	7	between
fs32k	15	all	48	0.4901743829250335	rest	10	0	3	7	between
fs32k	15	all	49	0.4854882061481476	rest	10	0	3	7	between
fs32k	15	all	50	0.4805863797664642	rest	10	0	3	7	between
fs32k	15	all	51	0.4863791465759277	rest	10	0	3	7	between
fs32k	15	all	52	0.5014299154281616	rest	10	0	3	7	between
fs32k	15	all	53	0.4936113357543945	rest	10	0	3	7	between
fs32k	15	all	54	0.4864422976970672	rest	10	0	3	7	between
fs32k	15	all	55	0.5010436177253723	rest	10	0	3	7	between
fs32k	15	all	1	0.4761918187141418	rest	10	0	3	8	between
fs32k	15	all	2	0.4761596620082855	rest	10	0	3	8	between
fs32k	15	all	3	0.5082999467849731	rest	10	0	3	8	between
fs32k	15	all	4	0.4892864525318146	rest	10	0	3	8	between
fs32k	15	all	5	0.4859089851379394	rest	10	0	3	8	between
fs32k	15	all	6	0.4988062381744385	rest	10	0	3	8	between
fs32k	15	all	7	0.4790295958518982	rest	10	0	3	8	between
fs32k	15	all	8	0.4736223816871643	rest	10	0	3	8	between
fs32k	15	all	9	0.4937674403190613	rest	10	0	3	8	between
fs32k	15	all	10	0.4962084889411926	rest	10	0	3	8	between
fs32k	15	all	11	0.4813867509365082	rest	10	0	3	8	between
fs32k	15	all	12	0.5178974866867065	rest	10	0	3	8	between
fs32k	15	all	13	0.482859194278717	rest	10	0	3	8	between
fs32k	15	all	14	0.4715376496315002	rest	10	0	3	8	between
fs32k	15	all	15	0.4614154696464538	rest	10	0	3	8	between
fs32k	15	all	16	0.4904046356678009	rest	10	0	3	8	between
fs32k	15	all	17	0.4728587865829468	rest	10	0	3	8	between
fs32k	15	all	18	0.484292209148407	rest	10	0	3	8	between
fs32k	15	all	19	0.492090106010437	rest	10	0	3	8	between
fs32k	15	all	20	0.4905049800872803	rest	10	0	3	8	between
fs32k	15	all	21	0.4855866432189941	rest	10	0	3	8	between
fs32k	15	all	22	0.4596183001995086	rest	10	0	3	8	between
fs32k	15	all	23	0.4525032341480255	rest	10	0	3	8	between
fs32k	15	all	24	0.4748636782169342	rest	10	0	3	8	between
fs32k	15	all	25	0.4743133783340454	rest	10	0	3	8	between
fs32k	15	all	26	0.486240416765213	rest	10	0	3	8	between
fs32k	15	all	27	0.4705524444580078	rest	10	0	3	8	between
fs32k	15	all	28	0.5139585137367249	rest	10	0	3	8	between
fs32k	15	all	29	0.4883787035942077	rest	10	0	3	8	between
fs32k	15	all	30	0.4797714650630951	rest	10	0	3	8	between
fs32k	15	all	31	0.5189814567565918	rest	10	0	3	8	between
fs32k	15	all	32	0.4827345013618469	rest	10	0	3	8	between
fs32k	15	all	33	0.5235313773155212	rest	10	0	3	8	between
fs32k	15	all	34	0.5184338092803955	rest	10	0	3	8	between
fs32k	15	all	35	0.4697131514549255	rest	10	0	3	8	between
fs32k	15	all	36	0.4571661055088043	rest	10	0	3	8	between
fs32k	15	all	37	0.4870354831218719	rest	10	0	3	8	between
fs32k	15	all	38	0.464390754699707	rest	10	0	3	8	between
fs32k	15	all	39	0.4830736815929413	rest	10	0	3	8	between
fs32k	15	all	40	0.479396104812622	rest	10	0	3	8	between
fs32k	15	all	41	0.4746167063713074	rest	10	0	3	8	between
fs32k	15	all	42	0.4748105108737945	rest	10	0	3	8	between
fs32k	15	all	43	0.4909022450447082	rest	10	0	3	8	between
fs32k	15	all	44	0.4813739061355591	rest	10	0	3	8	between
fs32k	15	all	45	0.4679367840290069	rest	10	0	3	8	between
fs32k	15	all	46	0.4660870432853699	rest	10	0	3	8	between
fs32k	15	all	47	0.4852927625179291	rest	10	0	3	8	between
fs32k	15	all	48	0.477664440870285	rest	10	0	3	8	between
fs32k	15	all	49	0.4749501943588257	rest	10	0	3	8	between
fs32k	15	all	50	0.4788332283496856	rest	10	0	3	8	between
fs32k	15	all	51	0.4828370809555053	rest	10	0	3	8	between
fs32k	15	all	52	0.4875553548336029	rest	10	0	3	8	between
fs32k	15	all	53	0.4829654991626739	rest	10	0	3	8	between
fs32k	15	all	54	0.4776676297187805	rest	10	0	3	8	between
fs32k	15	all	55	0.4893900156021118	rest	10	0	3	8	between
fs32k	15	all	1	0.492223173379898	rest	10	0	3	9	between
fs32k	15	all	2	0.4939666390419006	rest	10	0	3	9	between
fs32k	15	all	3	0.5027043223381042	rest	10	0	3	9	between
fs32k	15	all	4	0.4897390007972717	rest	10	0	3	9	between
fs32k	15	all	5	0.4924854338169098	rest	10	0	3	9	between
fs32k	15	all	6	0.5023279190063477	rest	10	0	3	9	between
fs32k	15	all	7	0.4959894716739654	rest	10	0	3	9	between
fs32k	15	all	8	0.4931569099426269	rest	10	0	3	9	between
fs32k	15	all	9	0.5119770765304565	rest	10	0	3	9	between
fs32k	15	all	10	0.4987233579158783	rest	10	0	3	9	between
fs32k	15	all	11	0.4860647022724151	rest	10	0	3	9	between
fs32k	15	all	12	0.5066673159599304	rest	10	0	3	9	between
fs32k	15	all	13	0.4818418323993683	rest	10	0	3	9	between
fs32k	15	all	14	0.4776148200035095	rest	10	0	3	9	between
fs32k	15	all	15	0.4629553556442261	rest	10	0	3	9	between
fs32k	15	all	16	0.4882845282554626	rest	10	0	3	9	between
fs32k	15	all	17	0.4801800847053528	rest	10	0	3	9	between
fs32k	15	all	18	0.4969545900821686	rest	10	0	3	9	between
fs32k	15	all	19	0.4918221533298492	rest	10	0	3	9	between
fs32k	15	all	20	0.4816548228263855	rest	10	0	3	9	between
fs32k	15	all	21	0.4908544421195984	rest	10	0	3	9	between
fs32k	15	all	22	0.4755885303020477	rest	10	0	3	9	between
fs32k	15	all	23	0.4568921327590942	rest	10	0	3	9	between
fs32k	15	all	24	0.4714067876338959	rest	10	0	3	9	between
fs32k	15	all	25	0.492098331451416	rest	10	0	3	9	between
fs32k	15	all	26	0.4988601207733154	rest	10	0	3	9	between
fs32k	15	all	27	0.4791295528411865	rest	10	0	3	9	between
fs32k	15	all	28	0.4952467083930969	rest	10	0	3	9	between
fs32k	15	all	29	0.482519119977951	rest	10	0	3	9	between
fs32k	15	all	30	0.4560524523258209	rest	10	0	3	9	between
fs32k	15	all	31	0.4894227683544159	rest	10	0	3	9	between
fs32k	15	all	32	0.4657911956310272	rest	10	0	3	9	between
fs32k	15	all	33	0.507121741771698	rest	10	0	3	9	between
fs32k	15	all	34	0.4921730756759643	rest	10	0	3	9	between
fs32k	15	all	35	0.469343364238739	rest	10	0	3	9	between
fs32k	15	all	36	0.4426863491535187	rest	10	0	3	9	between
fs32k	15	all	37	0.4744254946708679	rest	10	0	3	9	between
fs32k	15	all	38	0.4668947160243988	rest	10	0	3	9	between
fs32k	15	all	39	0.4899169504642486	rest	10	0	3	9	between
fs32k	15	all	40	0.4701161384582519	rest	10	0	3	9	between
fs32k	15	all	41	0.4724319279193878	rest	10	0	3	9	between
fs32k	15	all	42	0.4762050807476043	rest	10	0	3	9	between
fs32k	15	all	43	0.4913729429244995	rest	10	0	3	9	between
fs32k	15	all	44	0.4898246824741363	rest	10	0	3	9	between
fs32k	15	all	45	0.4674838185310364	rest	10	0	3	9	between
fs32k	15	all	46	0.4721470177173614	rest	10	0	3	9	between
fs32k	15	all	47	0.494929701089859	rest	10	0	3	9	between
fs32k	15	all	48	0.4834834635257721	rest	10	0	3	9	between
fs32k	15	all	49	0.4726349413394928	rest	10	0	3	9	between
fs32k	15	all	50	0.4782494008541107	rest	10	0	3	9	between
fs32k	15	all	51	0.4892997145652771	rest	10	0	3	9	between
fs32k	15	all	52	0.4967625141143799	rest	10	0	3	9	between
fs32k	15	all	53	0.4986336827278137	rest	10	0	3	9	between
fs32k	15	all	54	0.4795634150505066	rest	10	0	3	9	between
fs32k	15	all	55	0.4903656244277954	rest	10	0	3	9	between
fs32k	15	all	1	0.4890140295028686	rest	10	0	3	10	between
fs32k	15	all	2	0.4897365570068359	rest	10	0	3	10	between
fs32k	15	all	3	0.5069164037704468	rest	10	0	3	10	between
fs32k	15	all	4	0.4893571436405182	rest	10	0	3	10	between
fs32k	15	all	5	0.5047702789306641	rest	10	0	3	10	between
fs32k	15	all	6	0.5146129727363586	rest	10	0	3	10	between
fs32k	15	all	7	0.5000845193862915	rest	10	0	3	10	between
fs32k	15	all	8	0.5000331401824951	rest	10	0	3	10	between
fs32k	15	all	9	0.5109024047851562	rest	10	0	3	10	between
fs32k	15	all	10	0.5039458870887756	rest	10	0	3	10	between
fs32k	15	all	11	0.4999616742134094	rest	10	0	3	10	between
fs32k	15	all	12	0.5160988569259644	rest	10	0	3	10	between
fs32k	15	all	13	0.4901164770126343	rest	10	0	3	10	between
fs32k	15	all	14	0.4898959100246429	rest	10	0	3	10	between
fs32k	15	all	15	0.4793181121349334	rest	10	0	3	10	between
fs32k	15	all	16	0.4927343130111694	rest	10	0	3	10	between
fs32k	15	all	17	0.4862510859966278	rest	10	0	3	10	between
fs32k	15	all	18	0.4988687634468078	rest	10	0	3	10	between
fs32k	15	all	19	0.5157372951507568	rest	10	0	3	10	between
fs32k	15	all	20	0.495382010936737	rest	10	0	3	10	between
fs32k	15	all	21	0.4916574954986572	rest	10	0	3	10	between
fs32k	15	all	22	0.4721806943416595	rest	10	0	3	10	between
fs32k	15	all	23	0.4693669080734253	rest	10	0	3	10	between
fs32k	15	all	24	0.4766558408737182	rest	10	0	3	10	between
fs32k	15	all	25	0.4766278862953186	rest	10	0	3	10	between
fs32k	15	all	26	0.493402749300003	rest	10	0	3	10	between
fs32k	15	all	27	0.4904339909553528	rest	10	0	3	10	between
fs32k	15	all	28	0.5042256712913513	rest	10	0	3	10	between
fs32k	15	all	29	0.494283378124237	rest	10	0	3	10	between
fs32k	15	all	30	0.4847045540809631	rest	10	0	3	10	between
fs32k	15	all	31	0.4990943074226379	rest	10	0	3	10	between
fs32k	15	all	32	0.4705337285995483	rest	10	0	3	10	between
fs32k	15	all	33	0.5172879695892334	rest	10	0	3	10	between
fs32k	15	all	34	0.5217052698135376	rest	10	0	3	10	between
fs32k	15	all	35	0.4834092259407043	rest	10	0	3	10	between
fs32k	15	all	36	0.4634999632835388	rest	10	0	3	10	between
fs32k	15	all	37	0.4787524044513702	rest	10	0	3	10	between
fs32k	15	all	38	0.4716923534870147	rest	10	0	3	10	between
fs32k	15	all	39	0.4930703043937683	rest	10	0	3	10	between
fs32k	15	all	40	0.4980182945728302	rest	10	0	3	10	between
fs32k	15	all	41	0.4831363260746002	rest	10	0	3	10	between
fs32k	15	all	42	0.4868814945220947	rest	10	0	3	10	between
fs32k	15	all	43	0.4995625615119934	rest	10	0	3	10	between
fs32k	15	all	44	0.4972161054611206	rest	10	0	3	10	between
fs32k	15	all	45	0.4869635999202728	rest	10	0	3	10	between
fs32k	15	all	46	0.476274311542511	rest	10	0	3	10	between
fs32k	15	all	47	0.4924986958503723	rest	10	0	3	10	between
fs32k	15	all	48	0.486491858959198	rest	10	0	3	10	between
fs32k	15	all	49	0.4827471077442169	rest	10	0	3	10	between
fs32k	15	all	50	0.482985109090805	rest	10	0	3	10	between
fs32k	15	all	51	0.4857508242130279	rest	10	0	3	10	between
fs32k	15	all	52	0.5022925734519958	rest	10	0	3	10	between
fs32k	15	all	53	0.4972604513168335	rest	10	0	3	10	between
fs32k	15	all	54	0.4861989021301269	rest	10	0	3	10	between
fs32k	15	all	55	0.5001343488693237	rest	10	0	3	10	between
fs32k	15	all	1	0.4822972118854522	rest	10	0	3	11	between
fs32k	15	all	2	0.4990828931331634	rest	10	0	3	11	between
fs32k	15	all	3	0.5178176164627075	rest	10	0	3	11	between
fs32k	15	all	4	0.5116885900497437	rest	10	0	3	11	between
fs32k	15	all	5	0.4970351457595825	rest	10	0	3	11	between
fs32k	15	all	6	0.5040187239646912	rest	10	0	3	11	between
fs32k	15	all	7	0.506475567817688	rest	10	0	3	11	between
fs32k	15	all	8	0.5009589195251465	rest	10	0	3	11	between
fs32k	15	all	9	0.510863184928894	rest	10	0	3	11	between
fs32k	15	all	10	0.4971764683723449	rest	10	0	3	11	between
fs32k	15	all	11	0.4815452694892883	rest	10	0	3	11	between
fs32k	15	all	12	0.5123084783554077	rest	10	0	3	11	between
fs32k	15	all	13	0.4801520705223083	rest	10	0	3	11	between
fs32k	15	all	14	0.4760302007198334	rest	10	0	3	11	between
fs32k	15	all	15	0.4629447758197784	rest	10	0	3	11	between
fs32k	15	all	16	0.4861644506454468	rest	10	0	3	11	between
fs32k	15	all	17	0.4908256232738495	rest	10	0	3	11	between
fs32k	15	all	18	0.4792487621307373	rest	10	0	3	11	between
fs32k	15	all	19	0.4925654232501983	rest	10	0	3	11	between
fs32k	15	all	20	0.4795100688934326	rest	10	0	3	11	between
fs32k	15	all	21	0.4815612137317657	rest	10	0	3	11	between
fs32k	15	all	22	0.4711879193782806	rest	10	0	3	11	between
fs32k	15	all	23	0.464465320110321	rest	10	0	3	11	between
fs32k	15	all	24	0.4851232171058655	rest	10	0	3	11	between
fs32k	15	all	25	0.4850518107414245	rest	10	0	3	11	between
fs32k	15	all	26	0.495911180973053	rest	10	0	3	11	between
fs32k	15	all	27	0.4808156788349151	rest	10	0	3	11	between
fs32k	15	all	28	0.510903000831604	rest	10	0	3	11	between
fs32k	15	all	29	0.4953440427780151	rest	10	0	3	11	between
fs32k	15	all	30	0.475472092628479	rest	10	0	3	11	between
fs32k	15	all	31	0.50800621509552	rest	10	0	3	11	between
fs32k	15	all	32	0.4993356764316559	rest	10	0	3	11	between
fs32k	15	all	33	0.5058435201644897	rest	10	0	3	11	between
fs32k	15	all	34	0.5141861438751221	rest	10	0	3	11	between
fs32k	15	all	35	0.4766136705875397	rest	10	0	3	11	between
fs32k	15	all	36	0.4649156928062439	rest	10	0	3	11	between
fs32k	15	all	37	0.4821046888828277	rest	10	0	3	11	between
fs32k	15	all	38	0.4856490790843963	rest	10	0	3	11	between
fs32k	15	all	39	0.4876655340194702	rest	10	0	3	11	between
fs32k	15	all	40	0.4760125577449798	rest	10	0	3	11	between
fs32k	15	all	41	0.4715918600559234	rest	10	0	3	11	between
fs32k	15	all	42	0.4881393909454345	rest	10	0	3	11	between
fs32k	15	all	43	0.4983733296394348	rest	10	0	3	11	between
fs32k	15	all	44	0.4864664673805237	rest	10	0	3	11	between
fs32k	15	all	45	0.4777708053588867	rest	10	0	3	11	between
fs32k	15	all	46	0.4764723777770996	rest	10	0	3	11	between
fs32k	15	all	47	0.4923556447029114	rest	10	0	3	11	between
fs32k	15	all	48	0.4769875109195709	rest	10	0	3	11	between
fs32k	15	all	49	0.4729931652545929	rest	10	0	3	11	between
fs32k	15	all	50	0.491689920425415	rest	10	0	3	11	between
fs32k	15	all	51	0.4902681410312652	rest	10	0	3	11	between
fs32k	15	all	52	0.5053147077560425	rest	10	0	3	11	between
fs32k	15	all	53	0.4977815151214599	rest	10	0	3	11	between
fs32k	15	all	54	0.4904678165912628	rest	10	0	3	11	between
fs32k	15	all	55	0.4886915981769562	rest	10	0	3	11	between
fs32k	15	all	1	0.4785802364349365	rest	10	0	3	12	between
fs32k	15	all	2	0.4740582704544067	rest	10	0	3	12	between
fs32k	15	all	3	0.5010009407997131	rest	10	0	3	12	between
fs32k	15	all	4	0.4890694916248321	rest	10	0	3	12	between
fs32k	15	all	5	0.4854825437068939	rest	10	0	3	12	between
fs32k	15	all	6	0.4886879622936249	rest	10	0	3	12	between
fs32k	15	all	7	0.4864895045757293	rest	10	0	3	12	between
fs32k	15	all	8	0.4836392402648926	rest	10	0	3	12	between
fs32k	15	all	9	0.4920037388801574	rest	10	0	3	12	between
fs32k	15	all	10	0.4909731745719909	rest	10	0	3	12	between
fs32k	15	all	11	0.4803414046764374	rest	10	0	3	12	between
fs32k	15	all	12	0.5132729411125183	rest	10	0	3	12	between
fs32k	15	all	13	0.4884155690670013	rest	10	0	3	12	between
fs32k	15	all	14	0.4862319827079773	rest	10	0	3	12	between
fs32k	15	all	15	0.4653183221817016	rest	10	0	3	12	between
fs32k	15	all	16	0.4939579665660858	rest	10	0	3	12	between
fs32k	15	all	17	0.4808712601661682	rest	10	0	3	12	between
fs32k	15	all	18	0.4732984006404876	rest	10	0	3	12	between
fs32k	15	all	19	0.4978443384170532	rest	10	0	3	12	between
fs32k	15	all	20	0.4793554544448852	rest	10	0	3	12	between
fs32k	15	all	21	0.4704654216766357	rest	10	0	3	12	between
fs32k	15	all	22	0.4616512656211853	rest	10	0	3	12	between
fs32k	15	all	23	0.4603258967399597	rest	10	0	3	12	between
fs32k	15	all	24	0.4751599729061126	rest	10	0	3	12	between
fs32k	15	all	25	0.4763309061527252	rest	10	0	3	12	between
fs32k	15	all	26	0.4717688858509063	rest	10	0	3	12	between
fs32k	15	all	27	0.4777218699455261	rest	10	0	3	12	between
fs32k	15	all	28	0.5070501565933228	rest	10	0	3	12	between
fs32k	15	all	29	0.4975544810295105	rest	10	0	3	12	between
fs32k	15	all	30	0.4673929214477539	rest	10	0	3	12	between
fs32k	15	all	31	0.5130981802940369	rest	10	0	3	12	between
fs32k	15	all	32	0.4750901460647583	rest	10	0	3	12	between
fs32k	15	all	33	0.4922966361045837	rest	10	0	3	12	between
fs32k	15	all	34	0.5128502249717712	rest	10	0	3	12	between
fs32k	15	all	35	0.4686453640460968	rest	10	0	3	12	between
fs32k	15	all	36	0.4451399445533752	rest	10	0	3	12	between
fs32k	15	all	37	0.4769090414047241	rest	10	0	3	12	between
fs32k	15	all	38	0.4618480503559112	rest	10	0	3	12	between
fs32k	15	all	39	0.4618803262710571	rest	10	0	3	12	between
fs32k	15	all	40	0.4727591574192047	rest	10	0	3	12	between
fs32k	15	all	41	0.4733831584453583	rest	10	0	3	12	between
fs32k	15	all	42	0.4839449226856231	rest	10	0	3	12	between
fs32k	15	all	43	0.4937793612480163	rest	10	0	3	12	between
fs32k	15	all	44	0.4750061929225921	rest	10	0	3	12	between
fs32k	15	all	45	0.4804736971855163	rest	10	0	3	12	between
fs32k	15	all	46	0.4607665538787842	rest	10	0	3	12	between
fs32k	15	all	47	0.4849937558174133	rest	10	0	3	12	between
fs32k	15	all	48	0.467098593711853	rest	10	0	3	12	between
fs32k	15	all	49	0.4688111841678619	rest	10	0	3	12	between
fs32k	15	all	50	0.4752423167228699	rest	10	0	3	12	between
fs32k	15	all	51	0.4704997539520263	rest	10	0	3	12	between
fs32k	15	all	52	0.5038056373596191	rest	10	0	3	12	between
fs32k	15	all	53	0.4868869483470917	rest	10	0	3	12	between
fs32k	15	all	54	0.4793707132339477	rest	10	0	3	12	between
fs32k	15	all	55	0.4767239093780517	rest	10	0	3	12	between
fs32k	15	all	1	0.4736874997615814	rest	10	0	3	13	between
fs32k	15	all	2	0.4790454506874084	rest	10	0	3	13	between
fs32k	15	all	3	0.5004475712776184	rest	10	0	3	13	between
fs32k	15	all	4	0.4839475750923157	rest	10	0	3	13	between
fs32k	15	all	5	0.480324387550354	rest	10	0	3	13	between
fs32k	15	all	6	0.4936196506023407	rest	10	0	3	13	between
fs32k	15	all	7	0.489727258682251	rest	10	0	3	13	between
fs32k	15	all	8	0.487837016582489	rest	10	0	3	13	between
fs32k	15	all	9	0.5055042505264282	rest	10	0	3	13	between
fs32k	15	all	10	0.4966192841529846	rest	10	0	3	13	between
fs32k	15	all	11	0.4836188852787018	rest	10	0	3	13	between
fs32k	15	all	12	0.4955819845199585	rest	10	0	3	13	between
fs32k	15	all	13	0.4716066420078277	rest	10	0	3	13	between
fs32k	15	all	14	0.4701972603797912	rest	10	0	3	13	between
fs32k	15	all	15	0.4608553946018219	rest	10	0	3	13	between
fs32k	15	all	16	0.4946168959140777	rest	10	0	3	13	between
fs32k	15	all	17	0.4776102900505066	rest	10	0	3	13	between
fs32k	15	all	18	0.484295904636383	rest	10	0	3	13	between
fs32k	15	all	19	0.4927446246147156	rest	10	0	3	13	between
fs32k	15	all	20	0.488077163696289	rest	10	0	3	13	between
fs32k	15	all	21	0.484060525894165	rest	10	0	3	13	between
fs32k	15	all	22	0.4665488004684448	rest	10	0	3	13	between
fs32k	15	all	23	0.4552755355834961	rest	10	0	3	13	between
fs32k	15	all	24	0.4883782267570495	rest	10	0	3	13	between
fs32k	15	all	25	0.4740982055664062	rest	10	0	3	13	between
fs32k	15	all	26	0.4840132594108581	rest	10	0	3	13	between
fs32k	15	all	27	0.4891514778137207	rest	10	0	3	13	between
fs32k	15	all	28	0.5084756016731262	rest	10	0	3	13	between
fs32k	15	all	29	0.4834758341312408	rest	10	0	3	13	between
fs32k	15	all	30	0.4657239913940429	rest	10	0	3	13	between
fs32k	15	all	31	0.5192292928695679	rest	10	0	3	13	between
fs32k	15	all	32	0.4693775773048401	rest	10	0	3	13	between
fs32k	15	all	33	0.5084244012832642	rest	10	0	3	13	between
fs32k	15	all	34	0.514076292514801	rest	10	0	3	13	between
fs32k	15	all	35	0.4745389521121979	rest	10	0	3	13	between
fs32k	15	all	36	0.4478732347488403	rest	10	0	3	13	between
fs32k	15	all	37	0.4916793704032898	rest	10	0	3	13	between
fs32k	15	all	38	0.4657450318336487	rest	10	0	3	13	between
fs32k	15	all	39	0.4826021194458008	rest	10	0	3	13	between
fs32k	15	all	40	0.4869206547737121	rest	10	0	3	13	between
fs32k	15	all	41	0.4683052897453308	rest	10	0	3	13	between
fs32k	15	all	42	0.4899685680866241	rest	10	0	3	13	between
fs32k	15	all	43	0.4885928332805633	rest	10	0	3	13	between
fs32k	15	all	44	0.4821797609329223	rest	10	0	3	13	between
fs32k	15	all	45	0.4709027409553528	rest	10	0	3	13	between
fs32k	15	all	46	0.4707763195037842	rest	10	0	3	13	between
fs32k	15	all	47	0.4914668202400207	rest	10	0	3	13	between
fs32k	15	all	48	0.4814602434635162	rest	10	0	3	13	between
fs32k	15	all	49	0.4802687466144562	rest	10	0	3	13	between
fs32k	15	all	50	0.4864334166049957	rest	10	0	3	13	between
fs32k	15	all	51	0.4885205626487732	rest	10	0	3	13	between
fs32k	15	all	52	0.517106831073761	rest	10	0	3	13	between
fs32k	15	all	53	0.4939415156841278	rest	10	0	3	13	between
fs32k	15	all	54	0.4843111932277679	rest	10	0	3	13	between
fs32k	15	all	55	0.4967436492443084	rest	10	0	3	13	between
fs32k	15	all	1	0.4771619439125061	rest	10	0	3	14	between
fs32k	15	all	2	0.5019644498825073	rest	10	0	3	14	between
fs32k	15	all	3	0.4997045993804931	rest	10	0	3	14	between
fs32k	15	all	4	0.4886192083358764	rest	10	0	3	14	between
fs32k	15	all	5	0.4871898293495178	rest	10	0	3	14	between
fs32k	15	all	6	0.4990664720535278	rest	10	0	3	14	between
fs32k	15	all	7	0.4952626824378967	rest	10	0	3	14	between
fs32k	15	all	8	0.4919160604476928	rest	10	0	3	14	between
fs32k	15	all	9	0.5075947642326355	rest	10	0	3	14	between
fs32k	15	all	10	0.5003127455711365	rest	10	0	3	14	between
fs32k	15	all	11	0.4952624440193176	rest	10	0	3	14	between
fs32k	15	all	12	0.5093668699264526	rest	10	0	3	14	between
fs32k	15	all	13	0.4757860004901886	rest	10	0	3	14	between
fs32k	15	all	14	0.4760319888591766	rest	10	0	3	14	between
fs32k	15	all	15	0.4663946628570556	rest	10	0	3	14	between
fs32k	15	all	16	0.483474850654602	rest	10	0	3	14	between
fs32k	15	all	17	0.4763444066047668	rest	10	0	3	14	between
fs32k	15	all	18	0.4731974601745605	rest	10	0	3	14	between
fs32k	15	all	19	0.5023787617683411	rest	10	0	3	14	between
fs32k	15	all	20	0.4891558587551117	rest	10	0	3	14	between
fs32k	15	all	21	0.4791239500045776	rest	10	0	3	14	between
fs32k	15	all	22	0.4812893271446228	rest	10	0	3	14	between
fs32k	15	all	23	0.4727011322975158	rest	10	0	3	14	between
fs32k	15	all	24	0.4876695573329925	rest	10	0	3	14	between
fs32k	15	all	25	0.4942443370819092	rest	10	0	3	14	between
fs32k	15	all	26	0.491585910320282	rest	10	0	3	14	between
fs32k	15	all	27	0.4929652214050293	rest	10	0	3	14	between
fs32k	15	all	28	0.5076634883880615	rest	10	0	3	14	between
fs32k	15	all	29	0.4851483702659607	rest	10	0	3	14	between
fs32k	15	all	30	0.4806214869022369	rest	10	0	3	14	between
fs32k	15	all	31	0.5050535798072815	rest	10	0	3	14	between
fs32k	15	all	32	0.4633969962596893	rest	10	0	3	14	between
fs32k	15	all	33	0.5044825077056885	rest	10	0	3	14	between
fs32k	15	all	34	0.5182129740715027	rest	10	0	3	14	between
fs32k	15	all	35	0.479795902967453	rest	10	0	3	14	between
fs32k	15	all	36	0.4576400816440582	rest	10	0	3	14	between
fs32k	15	all	37	0.4768088459968567	rest	10	0	3	14	between
fs32k	15	all	38	0.4666388928890228	rest	10	0	3	14	between
fs32k	15	all	39	0.4819033145904541	rest	10	0	3	14	between
fs32k	15	all	40	0.4857522547245025	rest	10	0	3	14	between
fs32k	15	all	41	0.4753893911838531	rest	10	0	3	14	between
fs32k	15	all	42	0.4774634540081024	rest	10	0	3	14	between
fs32k	15	all	43	0.4876139163970947	rest	10	0	3	14	between
fs32k	15	all	44	0.4757319390773773	rest	10	0	3	14	between
fs32k	15	all	45	0.4768658578395843	rest	10	0	3	14	between
fs32k	15	all	46	0.4750309884548187	rest	10	0	3	14	between
fs32k	15	all	47	0.4816977083683014	rest	10	0	3	14	between
fs32k	15	all	48	0.479394257068634	rest	10	0	3	14	between
fs32k	15	all	49	0.483812004327774	rest	10	0	3	14	between
fs32k	15	all	50	0.4742452204227447	rest	10	0	3	14	between
fs32k	15	all	51	0.4825766086578369	rest	10	0	3	14	between
fs32k	15	all	52	0.5006656646728516	rest	10	0	3	14	between
fs32k	15	all	53	0.485050618648529	rest	10	0	3	14	between
fs32k	15	all	54	0.4854981005191803	rest	10	0	3	14	between
fs32k	15	all	55	0.4912065267562866	rest	10	0	3	14	between
fs32k	15	all	1	0.4633753299713135	rest	10	0	3	15	between
fs32k	15	all	2	0.4872115552425384	rest	10	0	3	15	between
fs32k	15	all	3	0.5085835456848145	rest	10	0	3	15	between
fs32k	15	all	4	0.4907923638820648	rest	10	0	3	15	between
fs32k	15	all	5	0.4996006488800049	rest	10	0	3	15	between
fs32k	15	all	6	0.4986055195331573	rest	10	0	3	15	between
fs32k	15	all	7	0.4962286353111267	rest	10	0	3	15	between
fs32k	15	all	8	0.4793646335601806	rest	10	0	3	15	between
fs32k	15	all	9	0.5107013583183289	rest	10	0	3	15	between
fs32k	15	all	10	0.4929358661174774	rest	10	0	3	15	between
fs32k	15	all	11	0.4801479578018188	rest	10	0	3	15	between
fs32k	15	all	12	0.4979931712150574	rest	10	0	3	15	between
fs32k	15	all	13	0.463550329208374	rest	10	0	3	15	between
fs32k	15	all	14	0.4665871262550354	rest	10	0	3	15	between
fs32k	15	all	15	0.4556404650211334	rest	10	0	3	15	between
fs32k	15	all	16	0.4755203127861023	rest	10	0	3	15	between
fs32k	15	all	17	0.4634735882282257	rest	10	0	3	15	between
fs32k	15	all	18	0.4755634069442749	rest	10	0	3	15	between
fs32k	15	all	19	0.4685193300247192	rest	10	0	3	15	between
fs32k	15	all	20	0.4903753995895386	rest	10	0	3	15	between
fs32k	15	all	21	0.4905991852283478	rest	10	0	3	15	between
fs32k	15	all	22	0.4804757237434387	rest	10	0	3	15	between
fs32k	15	all	23	0.4575353860855102	rest	10	0	3	15	between
fs32k	15	all	24	0.4740793704986572	rest	10	0	3	15	between
fs32k	15	all	25	0.4822454750537872	rest	10	0	3	15	between
fs32k	15	all	26	0.4878932535648346	rest	10	0	3	15	between
fs32k	15	all	27	0.4787147641181946	rest	10	0	3	15	between
fs32k	15	all	28	0.5099693536758423	rest	10	0	3	15	between
fs32k	15	all	29	0.4931488037109375	rest	10	0	3	15	between
fs32k	15	all	30	0.4773646593093872	rest	10	0	3	15	between
fs32k	15	all	31	0.5194214582443237	rest	10	0	3	15	between
fs32k	15	all	32	0.4654992222785949	rest	10	0	3	15	between
fs32k	15	all	33	0.5145244598388672	rest	10	0	3	15	between
fs32k	15	all	34	0.4982079565525055	rest	10	0	3	15	between
fs32k	15	all	35	0.4770292639732361	rest	10	0	3	15	between
fs32k	15	all	36	0.4552172422409057	rest	10	0	3	15	between
fs32k	15	all	37	0.4766955077648163	rest	10	0	3	15	between
fs32k	15	all	38	0.4575686752796173	rest	10	0	3	15	between
fs32k	15	all	39	0.4899035990238189	rest	10	0	3	15	between
fs32k	15	all	40	0.4622692465782165	rest	10	0	3	15	between
fs32k	15	all	41	0.4840377271175384	rest	10	0	3	15	between
fs32k	15	all	42	0.4886105060577392	rest	10	0	3	15	between
fs32k	15	all	43	0.4965494275093078	rest	10	0	3	15	between
fs32k	15	all	44	0.4996294975280761	rest	10	0	3	15	between
fs32k	15	all	45	0.4781595766544342	rest	10	0	3	15	between
fs32k	15	all	46	0.4721598029136657	rest	10	0	3	15	between
fs32k	15	all	47	0.4711110591888428	rest	10	0	3	15	between
fs32k	15	all	48	0.483894407749176	rest	10	0	3	15	between
fs32k	15	all	49	0.4728536009788513	rest	10	0	3	15	between
fs32k	15	all	50	0.4710907936096191	rest	10	0	3	15	between
fs32k	15	all	51	0.4946766197681427	rest	10	0	3	15	between
fs32k	15	all	52	0.4962114095687866	rest	10	0	3	15	between
fs32k	15	all	53	0.4845578074455261	rest	10	0	3	15	between
fs32k	15	all	54	0.4834532737731933	rest	10	0	3	15	between
fs32k	15	all	55	0.4923819303512573	rest	10	0	3	15	between
fs32k	15	all	1	0.4582031667232513	rest	10	0	4	5	between
fs32k	15	all	2	0.4947192370891571	rest	10	0	4	5	between
fs32k	15	all	3	0.5048824548721313	rest	10	0	4	5	between
fs32k	15	all	4	0.4778991043567657	rest	10	0	4	5	between
fs32k	15	all	5	0.497055172920227	rest	10	0	4	5	between
fs32k	15	all	6	0.4888526201248169	rest	10	0	4	5	between
fs32k	15	all	7	0.4951261281967163	rest	10	0	4	5	between
fs32k	15	all	8	0.4726978540420532	rest	10	0	4	5	between
fs32k	15	all	9	0.4984118044376373	rest	10	0	4	5	between
fs32k	15	all	10	0.4902482628822326	rest	10	0	4	5	between
fs32k	15	all	11	0.4813273251056671	rest	10	0	4	5	between
fs32k	15	all	12	0.500525712966919	rest	10	0	4	5	between
fs32k	15	all	13	0.4749205112457275	rest	10	0	4	5	between
fs32k	15	all	14	0.4865987002849579	rest	10	0	4	5	between
fs32k	15	all	15	0.4507116675376892	rest	10	0	4	5	between
fs32k	15	all	16	0.4834813475608825	rest	10	0	4	5	between
fs32k	15	all	17	0.4572314023971557	rest	10	0	4	5	between
fs32k	15	all	18	0.4679391384124756	rest	10	0	4	5	between
fs32k	15	all	19	0.4869245588779449	rest	10	0	4	5	between
fs32k	15	all	20	0.4930179417133331	rest	10	0	4	5	between
fs32k	15	all	21	0.4896427094936371	rest	10	0	4	5	between
fs32k	15	all	22	0.4891271591186523	rest	10	0	4	5	between
fs32k	15	all	23	0.4648706912994385	rest	10	0	4	5	between
fs32k	15	all	24	0.4967427253723144	rest	10	0	4	5	between
fs32k	15	all	25	0.4856600761413574	rest	10	0	4	5	between
fs32k	15	all	26	0.4911396503448486	rest	10	0	4	5	between
fs32k	15	all	27	0.4910472929477691	rest	10	0	4	5	between
fs32k	15	all	28	0.5156859159469604	rest	10	0	4	5	between
fs32k	15	all	29	0.5051624774932861	rest	10	0	4	5	between
fs32k	15	all	30	0.4657430946826935	rest	10	0	4	5	between
fs32k	15	all	31	0.510154128074646	rest	10	0	4	5	between
fs32k	15	all	32	0.4589313864707947	rest	10	0	4	5	between
fs32k	15	all	33	0.5186083316802979	rest	10	0	4	5	between
fs32k	15	all	34	0.5170946717262268	rest	10	0	4	5	between
fs32k	15	all	35	0.4999518394470215	rest	10	0	4	5	between
fs32k	15	all	36	0.4641496539115906	rest	10	0	4	5	between
fs32k	15	all	37	0.4781891703605652	rest	10	0	4	5	between
fs32k	15	all	38	0.4487351179122925	rest	10	0	4	5	between
fs32k	15	all	39	0.4942050576210022	rest	10	0	4	5	between
fs32k	15	all	40	0.4990177452564239	rest	10	0	4	5	between
fs32k	15	all	41	0.4790727198123932	rest	10	0	4	5	between
fs32k	15	all	42	0.4964708089828491	rest	10	0	4	5	between
fs32k	15	all	43	0.4817732870578766	rest	10	0	4	5	between
fs32k	15	all	44	0.501946210861206	rest	10	0	4	5	between
fs32k	15	all	45	0.4915492534637451	rest	10	0	4	5	between
fs32k	15	all	46	0.4730884134769439	rest	10	0	4	5	between
fs32k	15	all	47	0.4785461723804474	rest	10	0	4	5	between
fs32k	15	all	48	0.469590961933136	rest	10	0	4	5	between
fs32k	15	all	49	0.4751114249229431	rest	10	0	4	5	between
fs32k	15	all	50	0.4884706735610962	rest	10	0	4	5	between
fs32k	15	all	51	0.4862394332885742	rest	10	0	4	5	between
fs32k	15	all	52	0.505597710609436	rest	10	0	4	5	between
fs32k	15	all	53	0.4742554426193237	rest	10	0	4	5	between
fs32k	15	all	54	0.4693742394447326	rest	10	0	4	5	between
fs32k	15	all	55	0.4975585341453552	rest	10	0	4	5	between
fs32k	15	all	1	0.5011564493179321	rest	10	0	4	6	between
fs32k	15	all	2	0.4932238757610321	rest	10	0	4	6	between
fs32k	15	all	3	0.5266830921173096	rest	10	0	4	6	between
fs32k	15	all	4	0.5127787590026855	rest	10	0	4	6	between
fs32k	15	all	5	0.5166043639183044	rest	10	0	4	6	between
fs32k	15	all	6	0.4968425035476684	rest	10	0	4	6	between
fs32k	15	all	7	0.4976863265037536	rest	10	0	4	6	between
fs32k	15	all	8	0.4757373929023742	rest	10	0	4	6	between
fs32k	15	all	9	0.5108355283737183	rest	10	0	4	6	between
fs32k	15	all	10	0.502621591091156	rest	10	0	4	6	between
fs32k	15	all	11	0.4941791296005249	rest	10	0	4	6	between
fs32k	15	all	12	0.5213718414306641	rest	10	0	4	6	between
fs32k	15	all	13	0.5099216103553772	rest	10	0	4	6	between
fs32k	15	all	14	0.4995443820953369	rest	10	0	4	6	between
fs32k	15	all	15	0.4747845232486725	rest	10	0	4	6	between
fs32k	15	all	16	0.5049384832382202	rest	10	0	4	6	between
fs32k	15	all	17	0.4893598258495331	rest	10	0	4	6	between
fs32k	15	all	18	0.4949350953102112	rest	10	0	4	6	between
fs32k	15	all	19	0.4886365532875061	rest	10	0	4	6	between
fs32k	15	all	20	0.4774302244186401	rest	10	0	4	6	between
fs32k	15	all	21	0.4831101298332214	rest	10	0	4	6	between
fs32k	15	all	22	0.4832758903503418	rest	10	0	4	6	between
fs32k	15	all	23	0.4637868106365204	rest	10	0	4	6	between
fs32k	15	all	24	0.4900166988372803	rest	10	0	4	6	between
fs32k	15	all	25	0.4900094270706177	rest	10	0	4	6	between
fs32k	15	all	26	0.4753730893135071	rest	10	0	4	6	between
fs32k	15	all	27	0.4816847145557403	rest	10	0	4	6	between
fs32k	15	all	28	0.5171891450881958	rest	10	0	4	6	between
fs32k	15	all	29	0.4951502680778503	rest	10	0	4	6	between
fs32k	15	all	30	0.4697898626327514	rest	10	0	4	6	between
fs32k	15	all	31	0.5015001893043518	rest	10	0	4	6	between
fs32k	15	all	32	0.4644738435745239	rest	10	0	4	6	between
fs32k	15	all	33	0.5132463574409485	rest	10	0	4	6	between
fs32k	15	all	34	0.5082940459251404	rest	10	0	4	6	between
fs32k	15	all	35	0.4980815947055816	rest	10	0	4	6	between
fs32k	15	all	36	0.4698994159698486	rest	10	0	4	6	between
fs32k	15	all	37	0.4876665472984314	rest	10	0	4	6	between
fs32k	15	all	38	0.4745494127273559	rest	10	0	4	6	between
fs32k	15	all	39	0.4880011677742004	rest	10	0	4	6	between
fs32k	15	all	40	0.4712189435958862	rest	10	0	4	6	between
fs32k	15	all	41	0.4799506068229675	rest	10	0	4	6	between
fs32k	15	all	42	0.4936988353729248	rest	10	0	4	6	between
fs32k	15	all	43	0.4992566406726837	rest	10	0	4	6	between
fs32k	15	all	44	0.4997068047523498	rest	10	0	4	6	between
fs32k	15	all	45	0.4771840572357178	rest	10	0	4	6	between
fs32k	15	all	46	0.4758621156215668	rest	10	0	4	6	between
fs32k	15	all	47	0.4869066178798675	rest	10	0	4	6	between
fs32k	15	all	48	0.4654861688613891	rest	10	0	4	6	between
fs32k	15	all	49	0.4718044102191925	rest	10	0	4	6	between
fs32k	15	all	50	0.4898442924022674	rest	10	0	4	6	between
fs32k	15	all	51	0.4768939614295959	rest	10	0	4	6	between
fs32k	15	all	52	0.4962372779846191	rest	10	0	4	6	between
fs32k	15	all	53	0.4858386814594269	rest	10	0	4	6	between
fs32k	15	all	54	0.4810047745704651	rest	10	0	4	6	between
fs32k	15	all	55	0.4900863170623779	rest	10	0	4	6	between
fs32k	15	all	1	0.4941075444221496	rest	10	0	4	7	between
fs32k	15	all	2	0.4961591958999634	rest	10	0	4	7	between
fs32k	15	all	3	0.5286160707473755	rest	10	0	4	7	between
fs32k	15	all	4	0.5128908157348633	rest	10	0	4	7	between
fs32k	15	all	5	0.5153871774673462	rest	10	0	4	7	between
fs32k	15	all	6	0.5198041796684265	rest	10	0	4	7	between
fs32k	15	all	7	0.5008450150489807	rest	10	0	4	7	between
fs32k	15	all	8	0.4841348230838775	rest	10	0	4	7	between
fs32k	15	all	9	0.5131098031997681	rest	10	0	4	7	between
fs32k	15	all	10	0.5161101818084717	rest	10	0	4	7	between
fs32k	15	all	11	0.4819569587707519	rest	10	0	4	7	between
fs32k	15	all	12	0.5110903382301331	rest	10	0	4	7	between
fs32k	15	all	13	0.4934579730033874	rest	10	0	4	7	between
fs32k	15	all	14	0.4827176332473755	rest	10	0	4	7	between
fs32k	15	all	15	0.4835067391395569	rest	10	0	4	7	between
fs32k	15	all	16	0.4946557581424713	rest	10	0	4	7	between
fs32k	15	all	17	0.4724956154823303	rest	10	0	4	7	between
fs32k	15	all	18	0.4925373196601867	rest	10	0	4	7	between
fs32k	15	all	19	0.4896017611026764	rest	10	0	4	7	between
fs32k	15	all	20	0.4844861626625061	rest	10	0	4	7	between
fs32k	15	all	21	0.4909161627292633	rest	10	0	4	7	between
fs32k	15	all	22	0.4797054529190063	rest	10	0	4	7	between
fs32k	15	all	23	0.4772609770298004	rest	10	0	4	7	between
fs32k	15	all	24	0.488631010055542	rest	10	0	4	7	between
fs32k	15	all	25	0.4861111640930176	rest	10	0	4	7	between
fs32k	15	all	26	0.4763570129871368	rest	10	0	4	7	between
fs32k	15	all	27	0.4783350229263305	rest	10	0	4	7	between
fs32k	15	all	28	0.5183267593383789	rest	10	0	4	7	between
fs32k	15	all	29	0.5047945976257324	rest	10	0	4	7	between
fs32k	15	all	30	0.4900083541870117	rest	10	0	4	7	between
fs32k	15	all	31	0.5079889893531799	rest	10	0	4	7	between
fs32k	15	all	32	0.4785420894622803	rest	10	0	4	7	between
fs32k	15	all	33	0.5328946709632874	rest	10	0	4	7	between
fs32k	15	all	34	0.5303487777709961	rest	10	0	4	7	between
fs32k	15	all	35	0.4937665462493896	rest	10	0	4	7	between
fs32k	15	all	36	0.4876368641853332	rest	10	0	4	7	between
fs32k	15	all	37	0.4818542599678039	rest	10	0	4	7	between
fs32k	15	all	38	0.4664718508720398	rest	10	0	4	7	between
fs32k	15	all	39	0.4935964941978454	rest	10	0	4	7	between
fs32k	15	all	40	0.4936220645904541	rest	10	0	4	7	between
fs32k	15	all	41	0.4950716197490692	rest	10	0	4	7	between
fs32k	15	all	42	0.4843708276748657	rest	10	0	4	7	between
fs32k	15	all	43	0.4882556796073913	rest	10	0	4	7	between
fs32k	15	all	44	0.5060124397277832	rest	10	0	4	7	between
fs32k	15	all	45	0.4898078143596649	rest	10	0	4	7	between
fs32k	15	all	46	0.4821723997592926	rest	10	0	4	7	between
fs32k	15	all	47	0.4903593361377716	rest	10	0	4	7	between
fs32k	15	all	48	0.4885681271553039	rest	10	0	4	7	between
fs32k	15	all	49	0.496085911989212	rest	10	0	4	7	between
fs32k	15	all	50	0.4864198863506317	rest	10	0	4	7	between
fs32k	15	all	51	0.481381744146347	rest	10	0	4	7	between
fs32k	15	all	52	0.5065912008285522	rest	10	0	4	7	between
fs32k	15	all	53	0.4884004294872284	rest	10	0	4	7	between
fs32k	15	all	54	0.4882290363311767	rest	10	0	4	7	between
fs32k	15	all	55	0.5137202739715576	rest	10	0	4	7	between
fs32k	15	all	1	0.4888971447944641	rest	10	0	4	8	between
fs32k	15	all	2	0.4902750849723816	rest	10	0	4	8	between
fs32k	15	all	3	0.5213642716407776	rest	10	0	4	8	between
fs32k	15	all	4	0.4954573810100555	rest	10	0	4	8	between
fs32k	15	all	5	0.5035297274589539	rest	10	0	4	8	between
fs32k	15	all	6	0.4932308793067932	rest	10	0	4	8	between
fs32k	15	all	7	0.4871434867382049	rest	10	0	4	8	between
fs32k	15	all	8	0.4663079082965851	rest	10	0	4	8	between
fs32k	15	all	9	0.4930093288421631	rest	10	0	4	8	between
fs32k	15	all	10	0.5051277875900269	rest	10	0	4	8	between
fs32k	15	all	11	0.4855002164840698	rest	10	0	4	8	between
fs32k	15	all	12	0.5177901983261108	rest	10	0	4	8	between
fs32k	15	all	13	0.5046414136886597	rest	10	0	4	8	between
fs32k	15	all	14	0.4885067939758301	rest	10	0	4	8	between
fs32k	15	all	15	0.4737276434898376	rest	10	0	4	8	between
fs32k	15	all	16	0.4972023069858551	rest	10	0	4	8	between
fs32k	15	all	17	0.4720898270606994	rest	10	0	4	8	between
fs32k	15	all	18	0.497266560792923	rest	10	0	4	8	between
fs32k	15	all	19	0.4907558560371399	rest	10	0	4	8	between
fs32k	15	all	20	0.4906890988349914	rest	10	0	4	8	between
fs32k	15	all	21	0.4911792874336242	rest	10	0	4	8	between
fs32k	15	all	22	0.4827585816383362	rest	10	0	4	8	between
fs32k	15	all	23	0.4610348045825958	rest	10	0	4	8	between
fs32k	15	all	24	0.4834799170494079	rest	10	0	4	8	between
fs32k	15	all	25	0.4760823845863342	rest	10	0	4	8	between
fs32k	15	all	26	0.4827379584312439	rest	10	0	4	8	between
fs32k	15	all	27	0.4886677265167236	rest	10	0	4	8	between
fs32k	15	all	28	0.516498863697052	rest	10	0	4	8	between
fs32k	15	all	29	0.5028554201126099	rest	10	0	4	8	between
fs32k	15	all	30	0.4876385927200317	rest	10	0	4	8	between
fs32k	15	all	31	0.510332465171814	rest	10	0	4	8	between
fs32k	15	all	32	0.4759087264537811	rest	10	0	4	8	between
fs32k	15	all	33	0.5295042991638184	rest	10	0	4	8	between
fs32k	15	all	34	0.5251877307891846	rest	10	0	4	8	between
fs32k	15	all	35	0.4994783997535705	rest	10	0	4	8	between
fs32k	15	all	36	0.4808226227760315	rest	10	0	4	8	between
fs32k	15	all	37	0.4862442016601562	rest	10	0	4	8	between
fs32k	15	all	38	0.4639166891574859	rest	10	0	4	8	between
fs32k	15	all	39	0.4935274720191955	rest	10	0	4	8	between
fs32k	15	all	40	0.4917067289352417	rest	10	0	4	8	between
fs32k	15	all	41	0.4867593944072723	rest	10	0	4	8	between
fs32k	15	all	42	0.4796774685382843	rest	10	0	4	8	between
fs32k	15	all	43	0.4854389131069183	rest	10	0	4	8	between
fs32k	15	all	44	0.5024946928024292	rest	10	0	4	8	between
fs32k	15	all	45	0.4887941479682922	rest	10	0	4	8	between
fs32k	15	all	46	0.4757882356643677	rest	10	0	4	8	between
fs32k	15	all	47	0.4826951920986175	rest	10	0	4	8	between
fs32k	15	all	48	0.4760571122169494	rest	10	0	4	8	between
fs32k	15	all	49	0.4858749210834503	rest	10	0	4	8	between
fs32k	15	all	50	0.4777081608772278	rest	10	0	4	8	between
fs32k	15	all	51	0.4778335094451904	rest	10	0	4	8	between
fs32k	15	all	52	0.4932285845279693	rest	10	0	4	8	between
fs32k	15	all	53	0.4789889454841614	rest	10	0	4	8	between
fs32k	15	all	54	0.4861352741718292	rest	10	0	4	8	between
fs32k	15	all	55	0.5037533044815063	rest	10	0	4	8	between
fs32k	15	all	1	0.4969291090965271	rest	10	0	4	9	between
fs32k	15	all	2	0.5042780041694641	rest	10	0	4	9	between
fs32k	15	all	3	0.5191166996955872	rest	10	0	4	9	between
fs32k	15	all	4	0.5046135783195496	rest	10	0	4	9	between
fs32k	15	all	5	0.508287787437439	rest	10	0	4	9	between
fs32k	15	all	6	0.4940809309482574	rest	10	0	4	9	between
fs32k	15	all	7	0.4934670031070709	rest	10	0	4	9	between
fs32k	15	all	8	0.4836421906948089	rest	10	0	4	9	between
fs32k	15	all	9	0.5143912434577942	rest	10	0	4	9	between
fs32k	15	all	10	0.5093783140182495	rest	10	0	4	9	between
fs32k	15	all	11	0.4970974922180176	rest	10	0	4	9	between
fs32k	15	all	12	0.5084254741668701	rest	10	0	4	9	between
fs32k	15	all	13	0.5053145885467529	rest	10	0	4	9	between
fs32k	15	all	14	0.4977652132511139	rest	10	0	4	9	between
fs32k	15	all	15	0.4772332310676574	rest	10	0	4	9	between
fs32k	15	all	16	0.4904335439205169	rest	10	0	4	9	between
fs32k	15	all	17	0.4818359613418579	rest	10	0	4	9	between
fs32k	15	all	18	0.5097724795341492	rest	10	0	4	9	between
fs32k	15	all	19	0.4962754845619201	rest	10	0	4	9	between
fs32k	15	all	20	0.4853957593441009	rest	10	0	4	9	between
fs32k	15	all	21	0.4961963295936584	rest	10	0	4	9	between
fs32k	15	all	22	0.4925622344017029	rest	10	0	4	9	between
fs32k	15	all	23	0.4688860177993774	rest	10	0	4	9	between
fs32k	15	all	24	0.4923492670059204	rest	10	0	4	9	between
fs32k	15	all	25	0.494228184223175	rest	10	0	4	9	between
fs32k	15	all	26	0.4990781545639038	rest	10	0	4	9	between
fs32k	15	all	27	0.4964167475700378	rest	10	0	4	9	between
fs32k	15	all	28	0.5027867555618286	rest	10	0	4	9	between
fs32k	15	all	29	0.4909846186637878	rest	10	0	4	9	between
fs32k	15	all	30	0.4650841951370239	rest	10	0	4	9	between
fs32k	15	all	31	0.4842845797538757	rest	10	0	4	9	between
fs32k	15	all	32	0.4599857032299042	rest	10	0	4	9	between
fs32k	15	all	33	0.517626941204071	rest	10	0	4	9	between
fs32k	15	all	34	0.497443288564682	rest	10	0	4	9	between
fs32k	15	all	35	0.5010254979133606	rest	10	0	4	9	between
fs32k	15	all	36	0.4635427892208099	rest	10	0	4	9	between
fs32k	15	all	37	0.4693559110164642	rest	10	0	4	9	between
fs32k	15	all	38	0.4684656858444214	rest	10	0	4	9	between
fs32k	15	all	39	0.5035987496376038	rest	10	0	4	9	between
fs32k	15	all	40	0.4855154454708099	rest	10	0	4	9	between
fs32k	15	all	41	0.4774772524833679	rest	10	0	4	9	between
fs32k	15	all	42	0.4823520183563232	rest	10	0	4	9	between
fs32k	15	all	43	0.4888777732849121	rest	10	0	4	9	between
fs32k	15	all	44	0.5024667382240295	rest	10	0	4	9	between
fs32k	15	all	45	0.4825272560119629	rest	10	0	4	9	between
fs32k	15	all	46	0.4803606867790222	rest	10	0	4	9	between
fs32k	15	all	47	0.4905841052532196	rest	10	0	4	9	between
fs32k	15	all	48	0.4746288061141968	rest	10	0	4	9	between
fs32k	15	all	49	0.4838525652885437	rest	10	0	4	9	between
fs32k	15	all	50	0.4901500642299652	rest	10	0	4	9	between
fs32k	15	all	51	0.4872553944587707	rest	10	0	4	9	between
fs32k	15	all	52	0.5097442269325256	rest	10	0	4	9	between
fs32k	15	all	53	0.4846702516078949	rest	10	0	4	9	between
fs32k	15	all	54	0.4800949394702911	rest	10	0	4	9	between
fs32k	15	all	55	0.4996518492698669	rest	10	0	4	9	between
fs32k	15	all	1	0.4971500635147095	rest	10	0	4	10	between
fs32k	15	all	2	0.5038127899169922	rest	10	0	4	10	between
fs32k	15	all	3	0.5213589668273926	rest	10	0	4	10	between
fs32k	15	all	4	0.499442458152771	rest	10	0	4	10	between
fs32k	15	all	5	0.5168253183364868	rest	10	0	4	10	between
fs32k	15	all	6	0.5073921084403992	rest	10	0	4	10	between
fs32k	15	all	7	0.4997751712799072	rest	10	0	4	10	between
fs32k	15	all	8	0.4877151250839233	rest	10	0	4	10	between
fs32k	15	all	9	0.5058415532112122	rest	10	0	4	10	between
fs32k	15	all	10	0.5099180936813354	rest	10	0	4	10	between
fs32k	15	all	11	0.5052645206451416	rest	10	0	4	10	between
fs32k	15	all	12	0.5183445811271667	rest	10	0	4	10	between
fs32k	15	all	13	0.5058369636535645	rest	10	0	4	10	between
fs32k	15	all	14	0.5041013956069946	rest	10	0	4	10	between
fs32k	15	all	15	0.4892013072967529	rest	10	0	4	10	between
fs32k	15	all	16	0.4948640465736389	rest	10	0	4	10	between
fs32k	15	all	17	0.4833874106407165	rest	10	0	4	10	between
fs32k	15	all	18	0.507235050201416	rest	10	0	4	10	between
fs32k	15	all	19	0.5178619623184204	rest	10	0	4	10	between
fs32k	15	all	20	0.4968852400779724	rest	10	0	4	10	between
fs32k	15	all	21	0.4958347976207733	rest	10	0	4	10	between
fs32k	15	all	22	0.4922476410865783	rest	10	0	4	10	between
fs32k	15	all	23	0.4757550954818725	rest	10	0	4	10	between
fs32k	15	all	24	0.4907727241516113	rest	10	0	4	10	between
fs32k	15	all	25	0.4825349152088165	rest	10	0	4	10	between
fs32k	15	all	26	0.48853400349617	rest	10	0	4	10	between
fs32k	15	all	27	0.4997360706329345	rest	10	0	4	10	between
fs32k	15	all	28	0.5088367462158203	rest	10	0	4	10	between
fs32k	15	all	29	0.5075216889381409	rest	10	0	4	10	between
fs32k	15	all	30	0.4856766760349273	rest	10	0	4	10	between
fs32k	15	all	31	0.4896137118339538	rest	10	0	4	10	between
fs32k	15	all	32	0.462979793548584	rest	10	0	4	10	between
fs32k	15	all	33	0.5217686891555786	rest	10	0	4	10	between
fs32k	15	all	34	0.5251237154006958	rest	10	0	4	10	between
fs32k	15	all	35	0.5116593837738037	rest	10	0	4	10	between
fs32k	15	all	36	0.4829981923103332	rest	10	0	4	10	between
fs32k	15	all	37	0.4752446711063385	rest	10	0	4	10	between
fs32k	15	all	38	0.4714890718460083	rest	10	0	4	10	between
fs32k	15	all	39	0.503572404384613	rest	10	0	4	10	between
fs32k	15	all	40	0.5137711763381958	rest	10	0	4	10	between
fs32k	15	all	41	0.4913859963417053	rest	10	0	4	10	between
fs32k	15	all	42	0.4917438626289367	rest	10	0	4	10	between
fs32k	15	all	43	0.4930303394794464	rest	10	0	4	10	between
fs32k	15	all	44	0.5158298015594482	rest	10	0	4	10	between
fs32k	15	all	45	0.5042069554328918	rest	10	0	4	10	between
fs32k	15	all	46	0.4770678877830505	rest	10	0	4	10	between
fs32k	15	all	47	0.4817116856575012	rest	10	0	4	10	between
fs32k	15	all	48	0.4804796278476715	rest	10	0	4	10	between
fs32k	15	all	49	0.4904815256595611	rest	10	0	4	10	between
fs32k	15	all	50	0.489069253206253	rest	10	0	4	10	between
fs32k	15	all	51	0.479297399520874	rest	10	0	4	10	between
fs32k	15	all	52	0.5022683143615723	rest	10	0	4	10	between
fs32k	15	all	53	0.4801175594329834	rest	10	0	4	10	between
fs32k	15	all	54	0.4823166131973266	rest	10	0	4	10	between
fs32k	15	all	55	0.5113624334335327	rest	10	0	4	10	between
fs32k	15	all	1	0.489787757396698	rest	10	0	4	11	between
fs32k	15	all	2	0.5065924525260925	rest	10	0	4	11	between
fs32k	15	all	3	0.5382577180862427	rest	10	0	4	11	between
fs32k	15	all	4	0.5232597589492798	rest	10	0	4	11	between
fs32k	15	all	5	0.5182026624679565	rest	10	0	4	11	between
fs32k	15	all	6	0.5075008869171143	rest	10	0	4	11	between
fs32k	15	all	7	0.50203537940979	rest	10	0	4	11	between
fs32k	15	all	8	0.4971482157707214	rest	10	0	4	11	between
fs32k	15	all	9	0.5097239017486572	rest	10	0	4	11	between
fs32k	15	all	10	0.509350597858429	rest	10	0	4	11	between
fs32k	15	all	11	0.4778793752193451	rest	10	0	4	11	between
fs32k	15	all	12	0.509848952293396	rest	10	0	4	11	between
fs32k	15	all	13	0.498576670885086	rest	10	0	4	11	between
fs32k	15	all	14	0.4913365542888641	rest	10	0	4	11	between
fs32k	15	all	15	0.4748498797416687	rest	10	0	4	11	between
fs32k	15	all	16	0.4876822829246521	rest	10	0	4	11	between
fs32k	15	all	17	0.4854161143302917	rest	10	0	4	11	between
fs32k	15	all	18	0.4858649373054504	rest	10	0	4	11	between
fs32k	15	all	19	0.4930779635906219	rest	10	0	4	11	between
fs32k	15	all	20	0.4786601364612579	rest	10	0	4	11	between
fs32k	15	all	21	0.4860910177230835	rest	10	0	4	11	between
fs32k	15	all	22	0.4820649921894073	rest	10	0	4	11	between
fs32k	15	all	23	0.4687668681144714	rest	10	0	4	11	between
fs32k	15	all	24	0.4996005296707153	rest	10	0	4	11	between
fs32k	15	all	25	0.4858302175998688	rest	10	0	4	11	between
fs32k	15	all	26	0.4882059097290039	rest	10	0	4	11	between
fs32k	15	all	27	0.4842854142189026	rest	10	0	4	11	between
fs32k	15	all	28	0.5187010765075684	rest	10	0	4	11	between
fs32k	15	all	29	0.5048844814300537	rest	10	0	4	11	between
fs32k	15	all	30	0.4793756008148193	rest	10	0	4	11	between
fs32k	15	all	31	0.4978524446487427	rest	10	0	4	11	between
fs32k	15	all	32	0.491581380367279	rest	10	0	4	11	between
fs32k	15	all	33	0.5118756890296936	rest	10	0	4	11	between
fs32k	15	all	34	0.5192765593528748	rest	10	0	4	11	between
fs32k	15	all	35	0.5051624178886414	rest	10	0	4	11	between
fs32k	15	all	36	0.4841894507408142	rest	10	0	4	11	between
fs32k	15	all	37	0.4781007468700409	rest	10	0	4	11	between
fs32k	15	all	38	0.4850508868694305	rest	10	0	4	11	between
fs32k	15	all	39	0.500310480594635	rest	10	0	4	11	between
fs32k	15	all	40	0.4893569648265838	rest	10	0	4	11	between
fs32k	15	all	41	0.4806148707866668	rest	10	0	4	11	between
fs32k	15	all	42	0.4875863790512085	rest	10	0	4	11	between
fs32k	15	all	43	0.4893596768379211	rest	10	0	4	11	between
fs32k	15	all	44	0.4983686208724975	rest	10	0	4	11	between
fs32k	15	all	45	0.4879066348075866	rest	10	0	4	11	between
fs32k	15	all	46	0.4735659658908844	rest	10	0	4	11	between
fs32k	15	all	47	0.4856197834014892	rest	10	0	4	11	between
fs32k	15	all	48	0.4718473255634308	rest	10	0	4	11	between
fs32k	15	all	49	0.4780825972557068	rest	10	0	4	11	between
fs32k	15	all	50	0.4884809851646423	rest	10	0	4	11	between
fs32k	15	all	51	0.476390540599823	rest	10	0	4	11	between
fs32k	15	all	52	0.5031973123550415	rest	10	0	4	11	between
fs32k	15	all	53	0.4843237400054931	rest	10	0	4	11	between
fs32k	15	all	54	0.4871923625469208	rest	10	0	4	11	between
fs32k	15	all	55	0.4860857725143432	rest	10	0	4	11	between
fs32k	15	all	1	0.4905534386634826	rest	10	0	4	12	between
fs32k	15	all	2	0.4887387156486511	rest	10	0	4	12	between
fs32k	15	all	3	0.5149191617965698	rest	10	0	4	12	between
fs32k	15	all	4	0.4980206489562988	rest	10	0	4	12	between
fs32k	15	all	5	0.5057774186134338	rest	10	0	4	12	between
fs32k	15	all	6	0.4913778305053711	rest	10	0	4	12	between
fs32k	15	all	7	0.490685760974884	rest	10	0	4	12	between
fs32k	15	all	8	0.4745457768440246	rest	10	0	4	12	between
fs32k	15	all	9	0.4959702789783478	rest	10	0	4	12	between
fs32k	15	all	10	0.5043810606002808	rest	10	0	4	12	between
fs32k	15	all	11	0.4861129522323608	rest	10	0	4	12	between
fs32k	15	all	12	0.5196926593780518	rest	10	0	4	12	between
fs32k	15	all	13	0.5080511569976807	rest	10	0	4	12	between
fs32k	15	all	14	0.5073058605194092	rest	10	0	4	12	between
fs32k	15	all	15	0.4748611748218536	rest	10	0	4	12	between
fs32k	15	all	16	0.500569760799408	rest	10	0	4	12	between
fs32k	15	all	17	0.4811104536056518	rest	10	0	4	12	between
fs32k	15	all	18	0.4820119440555572	rest	10	0	4	12	between
fs32k	15	all	19	0.5026859641075134	rest	10	0	4	12	between
fs32k	15	all	20	0.4841103553771972	rest	10	0	4	12	between
fs32k	15	all	21	0.4765280783176422	rest	10	0	4	12	between
fs32k	15	all	22	0.4768016338348388	rest	10	0	4	12	between
fs32k	15	all	23	0.4659872651100158	rest	10	0	4	12	between
fs32k	15	all	24	0.4911419153213501	rest	10	0	4	12	between
fs32k	15	all	25	0.4832956790924072	rest	10	0	4	12	between
fs32k	15	all	26	0.4671912789344787	rest	10	0	4	12	between
fs32k	15	all	27	0.4907565116882324	rest	10	0	4	12	between
fs32k	15	all	28	0.5099888443946838	rest	10	0	4	12	between
fs32k	15	all	29	0.5081559419631958	rest	10	0	4	12	between
fs32k	15	all	30	0.4782714247703552	rest	10	0	4	12	between
fs32k	15	all	31	0.5056893229484558	rest	10	0	4	12	between
fs32k	15	all	32	0.4730796217918396	rest	10	0	4	12	between
fs32k	15	all	33	0.4990436732769012	rest	10	0	4	12	between
fs32k	15	all	34	0.5221351385116577	rest	10	0	4	12	between
fs32k	15	all	35	0.4988555908203125	rest	10	0	4	12	between
fs32k	15	all	36	0.467241495847702	rest	10	0	4	12	between
fs32k	15	all	37	0.4738790690898895	rest	10	0	4	12	between
fs32k	15	all	38	0.4674525856971741	rest	10	0	4	12	between
fs32k	15	all	39	0.470587283372879	rest	10	0	4	12	between
fs32k	15	all	40	0.4862837791442871	rest	10	0	4	12	between
fs32k	15	all	41	0.4821859300136566	rest	10	0	4	12	between
fs32k	15	all	42	0.4862949252128601	rest	10	0	4	12	between
fs32k	15	all	43	0.4921270310878753	rest	10	0	4	12	between
fs32k	15	all	44	0.4906783699989319	rest	10	0	4	12	between
fs32k	15	all	45	0.4957928657531738	rest	10	0	4	12	between
fs32k	15	all	46	0.4645098745822906	rest	10	0	4	12	between
fs32k	15	all	47	0.4832231402397156	rest	10	0	4	12	between
fs32k	15	all	48	0.4564502537250519	rest	10	0	4	12	between
fs32k	15	all	49	0.4769459366798401	rest	10	0	4	12	between
fs32k	15	all	50	0.481547474861145	rest	10	0	4	12	between
fs32k	15	all	51	0.463496059179306	rest	10	0	4	12	between
fs32k	15	all	52	0.5066545009613037	rest	10	0	4	12	between
fs32k	15	all	53	0.4800313115119934	rest	10	0	4	12	between
fs32k	15	all	54	0.4810184836387634	rest	10	0	4	12	between
fs32k	15	all	55	0.4816245138645172	rest	10	0	4	12	between
fs32k	15	all	1	0.4793239533901214	rest	10	0	4	13	between
fs32k	15	all	2	0.4954596161842346	rest	10	0	4	13	between
fs32k	15	all	3	0.5084763765335083	rest	10	0	4	13	between
fs32k	15	all	4	0.4936646819114685	rest	10	0	4	13	between
fs32k	15	all	5	0.4922083616256714	rest	10	0	4	13	between
fs32k	15	all	6	0.4917762875556946	rest	10	0	4	13	between
fs32k	15	all	7	0.4965040683746338	rest	10	0	4	13	between
fs32k	15	all	8	0.4817954897880554	rest	10	0	4	13	between
fs32k	15	all	9	0.4970709681510925	rest	10	0	4	13	between
fs32k	15	all	10	0.5013390779495239	rest	10	0	4	13	between
fs32k	15	all	11	0.4920331835746765	rest	10	0	4	13	between
fs32k	15	all	12	0.5009413957595825	rest	10	0	4	13	between
fs32k	15	all	13	0.4941074848175049	rest	10	0	4	13	between
fs32k	15	all	14	0.4858554303646087	rest	10	0	4	13	between
fs32k	15	all	15	0.4667413830757141	rest	10	0	4	13	between
fs32k	15	all	16	0.5008971691131592	rest	10	0	4	13	between
fs32k	15	all	17	0.4775256812572479	rest	10	0	4	13	between
fs32k	15	all	18	0.4906953275203705	rest	10	0	4	13	between
fs32k	15	all	19	0.4986109137535095	rest	10	0	4	13	between
fs32k	15	all	20	0.4917052388191223	rest	10	0	4	13	between
fs32k	15	all	21	0.496496319770813	rest	10	0	4	13	between
fs32k	15	all	22	0.4880110025405884	rest	10	0	4	13	between
fs32k	15	all	23	0.4741081297397613	rest	10	0	4	13	between
fs32k	15	all	24	0.5041566491127014	rest	10	0	4	13	between
fs32k	15	all	25	0.4882051348686218	rest	10	0	4	13	between
fs32k	15	all	26	0.4882311820983886	rest	10	0	4	13	between
fs32k	15	all	27	0.5047007203102112	rest	10	0	4	13	between
fs32k	15	all	28	0.5112295746803284	rest	10	0	4	13	between
fs32k	15	all	29	0.5027234554290771	rest	10	0	4	13	between
fs32k	15	all	30	0.475877583026886	rest	10	0	4	13	between
fs32k	15	all	31	0.5170294642448425	rest	10	0	4	13	between
fs32k	15	all	32	0.4724050164222717	rest	10	0	4	13	between
fs32k	15	all	33	0.5226984620094299	rest	10	0	4	13	between
fs32k	15	all	34	0.5236420631408691	rest	10	0	4	13	between
fs32k	15	all	35	0.5049175024032593	rest	10	0	4	13	between
fs32k	15	all	36	0.4704878032207489	rest	10	0	4	13	between
fs32k	15	all	37	0.4903272092342376	rest	10	0	4	13	between
fs32k	15	all	38	0.4702360332012176	rest	10	0	4	13	between
fs32k	15	all	39	0.4929679632186889	rest	10	0	4	13	between
fs32k	15	all	40	0.4992847442626953	rest	10	0	4	13	between
fs32k	15	all	41	0.4764741361141205	rest	10	0	4	13	between
fs32k	15	all	42	0.4936800599098205	rest	10	0	4	13	between
fs32k	15	all	43	0.4859465360641479	rest	10	0	4	13	between
fs32k	15	all	44	0.4997126460075378	rest	10	0	4	13	between
fs32k	15	all	45	0.4875063300132751	rest	10	0	4	13	between
fs32k	15	all	46	0.481280654668808	rest	10	0	4	13	between
fs32k	15	all	47	0.4850668013095855	rest	10	0	4	13	between
fs32k	15	all	48	0.4720464646816253	rest	10	0	4	13	between
fs32k	15	all	49	0.4882595837116241	rest	10	0	4	13	between
fs32k	15	all	50	0.4908854365348816	rest	10	0	4	13	between
fs32k	15	all	51	0.4857190251350403	rest	10	0	4	13	between
fs32k	15	all	52	0.526382565498352	rest	10	0	4	13	between
fs32k	15	all	53	0.4843368530273437	rest	10	0	4	13	between
fs32k	15	all	54	0.4891546964645386	rest	10	0	4	13	between
fs32k	15	all	55	0.5015191435813904	rest	10	0	4	13	between
fs32k	15	all	1	0.4857126474380493	rest	10	0	4	14	between
fs32k	15	all	2	0.5175098180770874	rest	10	0	4	14	between
fs32k	15	all	3	0.5155237913131714	rest	10	0	4	14	between
fs32k	15	all	4	0.4984294474124908	rest	10	0	4	14	between
fs32k	15	all	5	0.5025487542152405	rest	10	0	4	14	between
fs32k	15	all	6	0.4953193664550781	rest	10	0	4	14	between
fs32k	15	all	7	0.497387945652008	rest	10	0	4	14	between
fs32k	15	all	8	0.483045220375061	rest	10	0	4	14	between
fs32k	15	all	9	0.4999168515205383	rest	10	0	4	14	between
fs32k	15	all	10	0.50983065366745	rest	10	0	4	14	between
fs32k	15	all	11	0.4995156526565552	rest	10	0	4	14	between
fs32k	15	all	12	0.5132924914360046	rest	10	0	4	14	between
fs32k	15	all	13	0.4966809153556824	rest	10	0	4	14	between
fs32k	15	all	14	0.4951738715171814	rest	10	0	4	14	between
fs32k	15	all	15	0.4812149405479431	rest	10	0	4	14	between
fs32k	15	all	16	0.4842610657215118	rest	10	0	4	14	between
fs32k	15	all	17	0.4760785400867462	rest	10	0	4	14	between
fs32k	15	all	18	0.4843932390213012	rest	10	0	4	14	between
fs32k	15	all	19	0.5053337216377258	rest	10	0	4	14	between
fs32k	15	all	20	0.4950621128082275	rest	10	0	4	14	between
fs32k	15	all	21	0.489890843629837	rest	10	0	4	14	between
fs32k	15	all	22	0.4947007596492767	rest	10	0	4	14	between
fs32k	15	all	23	0.4799526929855346	rest	10	0	4	14	between
fs32k	15	all	24	0.5053284168243408	rest	10	0	4	14	between
fs32k	15	all	25	0.5068589448928833	rest	10	0	4	14	between
fs32k	15	all	26	0.4925704300403595	rest	10	0	4	14	between
fs32k	15	all	27	0.5071693658828735	rest	10	0	4	14	between
fs32k	15	all	28	0.5135864019393921	rest	10	0	4	14	between
fs32k	15	all	29	0.5021098852157593	rest	10	0	4	14	between
fs32k	15	all	30	0.490030974149704	rest	10	0	4	14	between
fs32k	15	all	31	0.498088538646698	rest	10	0	4	14	between
fs32k	15	all	32	0.4618447721004486	rest	10	0	4	14	between
fs32k	15	all	33	0.5100159645080566	rest	10	0	4	14	between
fs32k	15	all	34	0.5214855074882507	rest	10	0	4	14	between
fs32k	15	all	35	0.5102309584617615	rest	10	0	4	14	between
fs32k	15	all	36	0.4812784790992737	rest	10	0	4	14	between
fs32k	15	all	37	0.4776609241962433	rest	10	0	4	14	between
fs32k	15	all	38	0.4700279533863067	rest	10	0	4	14	between
fs32k	15	all	39	0.4953821301460266	rest	10	0	4	14	between
fs32k	15	all	40	0.5000161528587341	rest	10	0	4	14	between
fs32k	15	all	41	0.491890013217926	rest	10	0	4	14	between
fs32k	15	all	42	0.4853331446647644	rest	10	0	4	14	between
fs32k	15	all	43	0.4868074059486389	rest	10	0	4	14	between
fs32k	15	all	44	0.500906229019165	rest	10	0	4	14	between
fs32k	15	all	45	0.4972749054431915	rest	10	0	4	14	between
fs32k	15	all	46	0.4779236912727356	rest	10	0	4	14	between
fs32k	15	all	47	0.4793198704719543	rest	10	0	4	14	between
fs32k	15	all	48	0.4851746559143066	rest	10	0	4	14	between
fs32k	15	all	49	0.5003586411476135	rest	10	0	4	14	between
fs32k	15	all	50	0.4838119149208069	rest	10	0	4	14	between
fs32k	15	all	51	0.4813461303710937	rest	10	0	4	14	between
fs32k	15	all	52	0.5081138014793396	rest	10	0	4	14	between
fs32k	15	all	53	0.4822593629360199	rest	10	0	4	14	between
fs32k	15	all	54	0.4847009479999542	rest	10	0	4	14	between
fs32k	15	all	55	0.5066474080085754	rest	10	0	4	14	between
fs32k	15	all	1	0.4794509708881378	rest	10	0	4	15	between
fs32k	15	all	2	0.4980445504188537	rest	10	0	4	15	between
fs32k	15	all	3	0.5266895294189453	rest	10	0	4	15	between
fs32k	15	all	4	0.5060751438140869	rest	10	0	4	15	between
fs32k	15	all	5	0.5155073404312134	rest	10	0	4	15	between
fs32k	15	all	6	0.5034051537513733	rest	10	0	4	15	between
fs32k	15	all	7	0.4998493194580078	rest	10	0	4	15	between
fs32k	15	all	8	0.4694089591503143	rest	10	0	4	15	between
fs32k	15	all	9	0.5132083296775818	rest	10	0	4	15	between
fs32k	15	all	10	0.5013054013252258	rest	10	0	4	15	between
fs32k	15	all	11	0.4803427457809448	rest	10	0	4	15	between
fs32k	15	all	12	0.5012913346290588	rest	10	0	4	15	between
fs32k	15	all	13	0.4802896380424499	rest	10	0	4	15	between
fs32k	15	all	14	0.479671448469162	rest	10	0	4	15	between
fs32k	15	all	15	0.4637294709682464	rest	10	0	4	15	between
fs32k	15	all	16	0.4761185646057129	rest	10	0	4	15	between
fs32k	15	all	17	0.459109365940094	rest	10	0	4	15	between
fs32k	15	all	18	0.4835655093193054	rest	10	0	4	15	between
fs32k	15	all	19	0.4699644148349762	rest	10	0	4	15	between
fs32k	15	all	20	0.4902767241001129	rest	10	0	4	15	between
fs32k	15	all	21	0.4913172125816345	rest	10	0	4	15	between
fs32k	15	all	22	0.4983518123626709	rest	10	0	4	15	between
fs32k	15	all	23	0.4674512147903442	rest	10	0	4	15	between
fs32k	15	all	24	0.4912156462669372	rest	10	0	4	15	between
fs32k	15	all	25	0.4815000295639038	rest	10	0	4	15	between
fs32k	15	all	26	0.4881813824176788	rest	10	0	4	15	between
fs32k	15	all	27	0.4897528886795044	rest	10	0	4	15	between
fs32k	15	all	28	0.5142134428024292	rest	10	0	4	15	between
fs32k	15	all	29	0.5055370926856995	rest	10	0	4	15	between
fs32k	15	all	30	0.4887834191322326	rest	10	0	4	15	between
fs32k	15	all	31	0.5108369588851929	rest	10	0	4	15	between
fs32k	15	all	32	0.4601256847381592	rest	10	0	4	15	between
fs32k	15	all	33	0.5221726894378662	rest	10	0	4	15	between
fs32k	15	all	34	0.5057042241096497	rest	10	0	4	15	between
fs32k	15	all	35	0.5013459324836731	rest	10	0	4	15	between
fs32k	15	all	36	0.4742525815963745	rest	10	0	4	15	between
fs32k	15	all	37	0.4741110205650329	rest	10	0	4	15	between
fs32k	15	all	38	0.4573553204536438	rest	10	0	4	15	between
fs32k	15	all	39	0.4980446994304657	rest	10	0	4	15	between
fs32k	15	all	40	0.4766623377799988	rest	10	0	4	15	between
fs32k	15	all	41	0.4918528199195862	rest	10	0	4	15	between
fs32k	15	all	42	0.495552122592926	rest	10	0	4	15	between
fs32k	15	all	43	0.4879786372184753	rest	10	0	4	15	between
fs32k	15	all	44	0.5107736587524414	rest	10	0	4	15	between
fs32k	15	all	45	0.4872117936611175	rest	10	0	4	15	between
fs32k	15	all	46	0.4771164655685425	rest	10	0	4	15	between
fs32k	15	all	47	0.4627835154533386	rest	10	0	4	15	between
fs32k	15	all	48	0.4885792434215545	rest	10	0	4	15	between
fs32k	15	all	49	0.47637739777565	rest	10	0	4	15	between
fs32k	15	all	50	0.4742262065410614	rest	10	0	4	15	between
fs32k	15	all	51	0.4905605316162109	rest	10	0	4	15	between
fs32k	15	all	52	0.5059062838554382	rest	10	0	4	15	between
fs32k	15	all	53	0.4692726135253906	rest	10	0	4	15	between
fs32k	15	all	54	0.4747323989868164	rest	10	0	4	15	between
fs32k	15	all	55	0.4883649945259094	rest	10	0	4	15	between
fs32k	15	all	1	0.4670037627220154	rest	10	0	5	6	between
fs32k	15	all	2	0.4786757230758667	rest	10	0	5	6	between
fs32k	15	all	3	0.4985244870185852	rest	10	0	5	6	between
fs32k	15	all	4	0.4951749145984649	rest	10	0	5	6	between
fs32k	15	all	5	0.5019428730010986	rest	10	0	5	6	between
fs32k	15	all	6	0.4871188402175903	rest	10	0	5	6	between
fs32k	15	all	7	0.4981150925159454	rest	10	0	5	6	between
fs32k	15	all	8	0.4803128242492676	rest	10	0	5	6	between
fs32k	15	all	9	0.5066965818405151	rest	10	0	5	6	between
fs32k	15	all	10	0.4841704368591308	rest	10	0	5	6	between
fs32k	15	all	11	0.4833008646965027	rest	10	0	5	6	between
fs32k	15	all	12	0.506830632686615	rest	10	0	5	6	between
fs32k	15	all	13	0.491710752248764	rest	10	0	5	6	between
fs32k	15	all	14	0.4817382097244262	rest	10	0	5	6	between
fs32k	15	all	15	0.4439809322357178	rest	10	0	5	6	between
fs32k	15	all	16	0.4920038282871246	rest	10	0	5	6	between
fs32k	15	all	17	0.4737991690635681	rest	10	0	5	6	between
fs32k	15	all	18	0.470388650894165	rest	10	0	5	6	between
fs32k	15	all	19	0.4848732352256775	rest	10	0	5	6	between
fs32k	15	all	20	0.4883167743682861	rest	10	0	5	6	between
fs32k	15	all	21	0.4848835468292236	rest	10	0	5	6	between
fs32k	15	all	22	0.4724434316158294	rest	10	0	5	6	between
fs32k	15	all	23	0.451552152633667	rest	10	0	5	6	between
fs32k	15	all	24	0.4920774698257446	rest	10	0	5	6	between
fs32k	15	all	25	0.4823684692382812	rest	10	0	5	6	between
fs32k	15	all	26	0.4721413850784302	rest	10	0	5	6	between
fs32k	15	all	27	0.4746116995811462	rest	10	0	5	6	between
fs32k	15	all	28	0.5138821005821228	rest	10	0	5	6	between
fs32k	15	all	29	0.488499104976654	rest	10	0	5	6	between
fs32k	15	all	30	0.4489808976650238	rest	10	0	5	6	between
fs32k	15	all	31	0.5121233463287354	rest	10	0	5	6	between
fs32k	15	all	32	0.466045469045639	rest	10	0	5	6	between
fs32k	15	all	33	0.5078210830688477	rest	10	0	5	6	between
fs32k	15	all	34	0.5029445886611938	rest	10	0	5	6	between
fs32k	15	all	35	0.4893491268157959	rest	10	0	5	6	between
fs32k	15	all	36	0.4497438371181488	rest	10	0	5	6	between
fs32k	15	all	37	0.496350347995758	rest	10	0	5	6	between
fs32k	15	all	38	0.4759657382965088	rest	10	0	5	6	between
fs32k	15	all	39	0.4756427705287933	rest	10	0	5	6	between
fs32k	15	all	40	0.4827274680137634	rest	10	0	5	6	between
fs32k	15	all	41	0.463706374168396	rest	10	0	5	6	between
fs32k	15	all	42	0.4986766874790191	rest	10	0	5	6	between
fs32k	15	all	43	0.4907073974609375	rest	10	0	5	6	between
fs32k	15	all	44	0.4894981980323791	rest	10	0	5	6	between
fs32k	15	all	45	0.4649891555309295	rest	10	0	5	6	between
fs32k	15	all	46	0.4676785469055176	rest	10	0	5	6	between
fs32k	15	all	47	0.4817765653133392	rest	10	0	5	6	between
fs32k	15	all	48	0.4649863839149475	rest	10	0	5	6	between
fs32k	15	all	49	0.4580774009227752	rest	10	0	5	6	between
fs32k	15	all	50	0.493350476026535	rest	10	0	5	6	between
fs32k	15	all	51	0.4860543012619018	rest	10	0	5	6	between
fs32k	15	all	52	0.4910450875759125	rest	10	0	5	6	between
fs32k	15	all	53	0.4835008382797241	rest	10	0	5	6	between
fs32k	15	all	54	0.4710585474967956	rest	10	0	5	6	between
fs32k	15	all	55	0.4838230609893799	rest	10	0	5	6	between
fs32k	15	all	1	0.4574390351772308	rest	10	0	5	7	between
fs32k	15	all	2	0.4899248778820038	rest	10	0	5	7	between
fs32k	15	all	3	0.5084328651428223	rest	10	0	5	7	between
fs32k	15	all	4	0.4965184926986694	rest	10	0	5	7	between
fs32k	15	all	5	0.4978049397468567	rest	10	0	5	7	between
fs32k	15	all	6	0.5024533867835999	rest	10	0	5	7	between
fs32k	15	all	7	0.502769947052002	rest	10	0	5	7	between
fs32k	15	all	8	0.4891237914562225	rest	10	0	5	7	between
fs32k	15	all	9	0.5068243741989136	rest	10	0	5	7	between
fs32k	15	all	10	0.4956170320510864	rest	10	0	5	7	between
fs32k	15	all	11	0.4782962799072265	rest	10	0	5	7	between
fs32k	15	all	12	0.4994966983795166	rest	10	0	5	7	between
fs32k	15	all	13	0.4748654961585998	rest	10	0	5	7	between
fs32k	15	all	14	0.4656325578689575	rest	10	0	5	7	between
fs32k	15	all	15	0.4527528285980224	rest	10	0	5	7	between
fs32k	15	all	16	0.4836729764938354	rest	10	0	5	7	between
fs32k	15	all	17	0.4594650566577911	rest	10	0	5	7	between
fs32k	15	all	18	0.4613134562969208	rest	10	0	5	7	between
fs32k	15	all	19	0.4887559711933136	rest	10	0	5	7	between
fs32k	15	all	20	0.4938332736492157	rest	10	0	5	7	between
fs32k	15	all	21	0.492090493440628	rest	10	0	5	7	between
fs32k	15	all	22	0.4725182652473449	rest	10	0	5	7	between
fs32k	15	all	23	0.4634693264961242	rest	10	0	5	7	between
fs32k	15	all	24	0.4869753420352936	rest	10	0	5	7	between
fs32k	15	all	25	0.4860013723373413	rest	10	0	5	7	between
fs32k	15	all	26	0.4769479930400848	rest	10	0	5	7	between
fs32k	15	all	27	0.4831004738807678	rest	10	0	5	7	between
fs32k	15	all	28	0.5201877951622009	rest	10	0	5	7	between
fs32k	15	all	29	0.4977244734764099	rest	10	0	5	7	between
fs32k	15	all	30	0.466207891702652	rest	10	0	5	7	between
fs32k	15	all	31	0.5181424617767334	rest	10	0	5	7	between
fs32k	15	all	32	0.4824342727661133	rest	10	0	5	7	between
fs32k	15	all	33	0.5241984128952026	rest	10	0	5	7	between
fs32k	15	all	34	0.5248562097549438	rest	10	0	5	7	between
fs32k	15	all	35	0.4844401478767395	rest	10	0	5	7	between
fs32k	15	all	36	0.4673704504966736	rest	10	0	5	7	between
fs32k	15	all	37	0.4883015751838684	rest	10	0	5	7	between
fs32k	15	all	38	0.4682557880878448	rest	10	0	5	7	between
fs32k	15	all	39	0.4798595011234283	rest	10	0	5	7	between
fs32k	15	all	40	0.5017311573028564	rest	10	0	5	7	between
fs32k	15	all	41	0.4732623100280761	rest	10	0	5	7	between
fs32k	15	all	42	0.4877390265464782	rest	10	0	5	7	between
fs32k	15	all	43	0.4814516603946686	rest	10	0	5	7	between
fs32k	15	all	44	0.4908989071846008	rest	10	0	5	7	between
fs32k	15	all	45	0.4797065854072571	rest	10	0	5	7	between
fs32k	15	all	46	0.4721659123897552	rest	10	0	5	7	between
fs32k	15	all	47	0.481708288192749	rest	10	0	5	7	between
fs32k	15	all	48	0.4768322706222534	rest	10	0	5	7	between
fs32k	15	all	49	0.4764540493488312	rest	10	0	5	7	between
fs32k	15	all	50	0.489843487739563	rest	10	0	5	7	between
fs32k	15	all	51	0.4958853125572204	rest	10	0	5	7	between
fs32k	15	all	52	0.5019494891166687	rest	10	0	5	7	between
fs32k	15	all	53	0.4881162941455841	rest	10	0	5	7	between
fs32k	15	all	54	0.4790844321250915	rest	10	0	5	7	between
fs32k	15	all	55	0.4993962943553924	rest	10	0	5	7	between
fs32k	15	all	1	0.4554796814918518	rest	10	0	5	8	between
fs32k	15	all	2	0.4806054830551147	rest	10	0	5	8	between
fs32k	15	all	3	0.4979990720748901	rest	10	0	5	8	between
fs32k	15	all	4	0.4790601134300232	rest	10	0	5	8	between
fs32k	15	all	5	0.4856437742710113	rest	10	0	5	8	between
fs32k	15	all	6	0.4902087450027466	rest	10	0	5	8	between
fs32k	15	all	7	0.4800128936767578	rest	10	0	5	8	between
fs32k	15	all	8	0.4721668362617492	rest	10	0	5	8	between
fs32k	15	all	9	0.4889116585254669	rest	10	0	5	8	between
fs32k	15	all	10	0.4850819706916809	rest	10	0	5	8	between
fs32k	15	all	11	0.476938784122467	rest	10	0	5	8	between
fs32k	15	all	12	0.5038778781890869	rest	10	0	5	8	between
fs32k	15	all	13	0.4870250225067138	rest	10	0	5	8	between
fs32k	15	all	14	0.4730663597583771	rest	10	0	5	8	between
fs32k	15	all	15	0.4463646411895752	rest	10	0	5	8	between
fs32k	15	all	16	0.4882499575614929	rest	10	0	5	8	between
fs32k	15	all	17	0.4610009789466858	rest	10	0	5	8	between
fs32k	15	all	18	0.473471999168396	rest	10	0	5	8	between
fs32k	15	all	19	0.4929359257221222	rest	10	0	5	8	between
fs32k	15	all	20	0.5067334771156311	rest	10	0	5	8	between
fs32k	15	all	21	0.4910741746425628	rest	10	0	5	8	between
fs32k	15	all	22	0.4712256193161011	rest	10	0	5	8	between
fs32k	15	all	23	0.4443745017051697	rest	10	0	5	8	between
fs32k	15	all	24	0.4888503551483154	rest	10	0	5	8	between
fs32k	15	all	25	0.4830609560012817	rest	10	0	5	8	between
fs32k	15	all	26	0.4802011549472809	rest	10	0	5	8	between
fs32k	15	all	27	0.4901835024356842	rest	10	0	5	8	between
fs32k	15	all	28	0.5169642567634583	rest	10	0	5	8	between
fs32k	15	all	29	0.4970352053642273	rest	10	0	5	8	between
fs32k	15	all	30	0.4671609103679657	rest	10	0	5	8	between
fs32k	15	all	31	0.5205308794975281	rest	10	0	5	8	between
fs32k	15	all	32	0.4817312955856323	rest	10	0	5	8	between
fs32k	15	all	33	0.5199201107025146	rest	10	0	5	8	between
fs32k	15	all	34	0.524453341960907	rest	10	0	5	8	between
fs32k	15	all	35	0.4889614284038543	rest	10	0	5	8	between
fs32k	15	all	36	0.4593743681907654	rest	10	0	5	8	between
fs32k	15	all	37	0.4874067008495331	rest	10	0	5	8	between
fs32k	15	all	38	0.4650540351867676	rest	10	0	5	8	between
fs32k	15	all	39	0.4761745631694793	rest	10	0	5	8	between
fs32k	15	all	40	0.505212128162384	rest	10	0	5	8	between
fs32k	15	all	41	0.4687858521938324	rest	10	0	5	8	between
fs32k	15	all	42	0.4840052425861358	rest	10	0	5	8	between
fs32k	15	all	43	0.4805374145507812	rest	10	0	5	8	between
fs32k	15	all	44	0.4911454617977142	rest	10	0	5	8	between
fs32k	15	all	45	0.4859207272529602	rest	10	0	5	8	between
fs32k	15	all	46	0.4622510075569153	rest	10	0	5	8	between
fs32k	15	all	47	0.4787338376045227	rest	10	0	5	8	between
fs32k	15	all	48	0.4611396789550781	rest	10	0	5	8	between
fs32k	15	all	49	0.4659306406974792	rest	10	0	5	8	between
fs32k	15	all	50	0.484900951385498	rest	10	0	5	8	between
fs32k	15	all	51	0.4869697093963623	rest	10	0	5	8	between
fs32k	15	all	52	0.4929248094558716	rest	10	0	5	8	between
fs32k	15	all	53	0.4758850336074829	rest	10	0	5	8	between
fs32k	15	all	54	0.4727334082126617	rest	10	0	5	8	between
fs32k	15	all	55	0.4954964220523834	rest	10	0	5	8	between
fs32k	15	all	1	0.4640121459960937	rest	10	0	5	9	between
fs32k	15	all	2	0.5013325810432434	rest	10	0	5	9	between
fs32k	15	all	3	0.5006359219551086	rest	10	0	5	9	between
fs32k	15	all	4	0.483387291431427	rest	10	0	5	9	between
fs32k	15	all	5	0.4902048110961914	rest	10	0	5	9	between
fs32k	15	all	6	0.4904620051383972	rest	10	0	5	9	between
fs32k	15	all	7	0.5088655948638916	rest	10	0	5	9	between
fs32k	15	all	8	0.4935370087623596	rest	10	0	5	9	between
fs32k	15	all	9	0.5103797316551208	rest	10	0	5	9	between
fs32k	15	all	10	0.4907382428646087	rest	10	0	5	9	between
fs32k	15	all	11	0.4837649464607239	rest	10	0	5	9	between
fs32k	15	all	12	0.4979863464832306	rest	10	0	5	9	between
fs32k	15	all	13	0.4862784147262573	rest	10	0	5	9	between
fs32k	15	all	14	0.4866423010826111	rest	10	0	5	9	between
fs32k	15	all	15	0.4459077417850494	rest	10	0	5	9	between
fs32k	15	all	16	0.4764114618301391	rest	10	0	5	9	between
fs32k	15	all	17	0.4672317504882812	rest	10	0	5	9	between
fs32k	15	all	18	0.4848368167877197	rest	10	0	5	9	between
fs32k	15	all	19	0.4961183965206146	rest	10	0	5	9	between
fs32k	15	all	20	0.4939009547233581	rest	10	0	5	9	between
fs32k	15	all	21	0.5046538710594177	rest	10	0	5	9	between
fs32k	15	all	22	0.4881022274494171	rest	10	0	5	9	between
fs32k	15	all	23	0.4571514725685119	rest	10	0	5	9	between
fs32k	15	all	24	0.4911541044712066	rest	10	0	5	9	between
fs32k	15	all	25	0.500891923904419	rest	10	0	5	9	between
fs32k	15	all	26	0.4973679184913635	rest	10	0	5	9	between
fs32k	15	all	27	0.4938176274299621	rest	10	0	5	9	between
fs32k	15	all	28	0.5007774233818054	rest	10	0	5	9	between
fs32k	15	all	29	0.4889428615570068	rest	10	0	5	9	between
fs32k	15	all	30	0.446729451417923	rest	10	0	5	9	between
fs32k	15	all	31	0.4919968247413635	rest	10	0	5	9	between
fs32k	15	all	32	0.4663744568824768	rest	10	0	5	9	between
fs32k	15	all	33	0.5104542374610901	rest	10	0	5	9	between
fs32k	15	all	34	0.4955986142158508	rest	10	0	5	9	between
fs32k	15	all	35	0.4845599234104156	rest	10	0	5	9	between
fs32k	15	all	36	0.4444587230682373	rest	10	0	5	9	between
fs32k	15	all	37	0.478706032037735	rest	10	0	5	9	between
fs32k	15	all	38	0.472108781337738	rest	10	0	5	9	between
fs32k	15	all	39	0.4870006740093231	rest	10	0	5	9	between
fs32k	15	all	40	0.4966774582862854	rest	10	0	5	9	between
fs32k	15	all	41	0.4609526395797729	rest	10	0	5	9	between
fs32k	15	all	42	0.4803600311279297	rest	10	0	5	9	between
fs32k	15	all	43	0.4848355650901794	rest	10	0	5	9	between
fs32k	15	all	44	0.4911246001720428	rest	10	0	5	9	between
fs32k	15	all	45	0.4850945174694061	rest	10	0	5	9	between
fs32k	15	all	46	0.4721873104572296	rest	10	0	5	9	between
fs32k	15	all	47	0.4885357618331909	rest	10	0	5	9	between
fs32k	15	all	48	0.4663414657115936	rest	10	0	5	9	between
fs32k	15	all	49	0.4637182354927063	rest	10	0	5	9	between
fs32k	15	all	50	0.4939765632152557	rest	10	0	5	9	between
fs32k	15	all	51	0.4978055953979492	rest	10	0	5	9	between
fs32k	15	all	52	0.4954630136489868	rest	10	0	5	9	between
fs32k	15	all	53	0.4779950082302093	rest	10	0	5	9	between
fs32k	15	all	54	0.4734520614147186	rest	10	0	5	9	between
fs32k	15	all	55	0.4930082559585571	rest	10	0	5	9	between
fs32k	15	all	1	0.4577809274196625	rest	10	0	5	10	between
fs32k	15	all	2	0.4882700443267822	rest	10	0	5	10	between
fs32k	15	all	3	0.492490291595459	rest	10	0	5	10	between
fs32k	15	all	4	0.4779873192310333	rest	10	0	5	10	between
fs32k	15	all	5	0.4974891543388366	rest	10	0	5	10	between
fs32k	15	all	6	0.498400330543518	rest	10	0	5	10	between
fs32k	15	all	7	0.506738007068634	rest	10	0	5	10	between
fs32k	15	all	8	0.4933703243732452	rest	10	0	5	10	between
fs32k	15	all	9	0.5020923614501953	rest	10	0	5	10	between
fs32k	15	all	10	0.4826986491680145	rest	10	0	5	10	between
fs32k	15	all	11	0.4952540397644043	rest	10	0	5	10	between
fs32k	15	all	12	0.5060796141624451	rest	10	0	5	10	between
fs32k	15	all	13	0.4894613027572632	rest	10	0	5	10	between
fs32k	15	all	14	0.4904595017433166	rest	10	0	5	10	between
fs32k	15	all	15	0.4624810516834259	rest	10	0	5	10	between
fs32k	15	all	16	0.4821017980575561	rest	10	0	5	10	between
fs32k	15	all	17	0.4698086082935333	rest	10	0	5	10	between
fs32k	15	all	18	0.483849823474884	rest	10	0	5	10	between
fs32k	15	all	19	0.5182891488075256	rest	10	0	5	10	between
fs32k	15	all	20	0.5080340504646301	rest	10	0	5	10	between
fs32k	15	all	21	0.4975769817829132	rest	10	0	5	10	between
fs32k	15	all	22	0.4835323393344879	rest	10	0	5	10	between
fs32k	15	all	23	0.465455949306488	rest	10	0	5	10	between
fs32k	15	all	24	0.492630124092102	rest	10	0	5	10	between
fs32k	15	all	25	0.4850249588489532	rest	10	0	5	10	between
fs32k	15	all	26	0.4876119792461395	rest	10	0	5	10	between
fs32k	15	all	27	0.505993127822876	rest	10	0	5	10	between
fs32k	15	all	28	0.5078991055488586	rest	10	0	5	10	between
fs32k	15	all	29	0.5021688938140869	rest	10	0	5	10	between
fs32k	15	all	30	0.4723994135856628	rest	10	0	5	10	between
fs32k	15	all	31	0.5009357929229736	rest	10	0	5	10	between
fs32k	15	all	32	0.466382771730423	rest	10	0	5	10	between
fs32k	15	all	33	0.5178313255310059	rest	10	0	5	10	between
fs32k	15	all	34	0.5291412472724915	rest	10	0	5	10	between
fs32k	15	all	35	0.5000192523002625	rest	10	0	5	10	between
fs32k	15	all	36	0.46270552277565	rest	10	0	5	10	between
fs32k	15	all	37	0.4819532632827759	rest	10	0	5	10	between
fs32k	15	all	38	0.4720910489559173	rest	10	0	5	10	between
fs32k	15	all	39	0.4893385469913482	rest	10	0	5	10	between
fs32k	15	all	40	0.5222339630126953	rest	10	0	5	10	between
fs32k	15	all	41	0.4721913039684295	rest	10	0	5	10	between
fs32k	15	all	42	0.4935112595558166	rest	10	0	5	10	between
fs32k	15	all	43	0.4858796000480652	rest	10	0	5	10	between
fs32k	15	all	44	0.503821849822998	rest	10	0	5	10	between
fs32k	15	all	45	0.5025456547737122	rest	10	0	5	10	between
fs32k	15	all	46	0.4757024049758911	rest	10	0	5	10	between
fs32k	15	all	47	0.4826955795288086	rest	10	0	5	10	between
fs32k	15	all	48	0.4678023755550384	rest	10	0	5	10	between
fs32k	15	all	49	0.471312403678894	rest	10	0	5	10	between
fs32k	15	all	50	0.492525577545166	rest	10	0	5	10	between
fs32k	15	all	51	0.4909316301345825	rest	10	0	5	10	between
fs32k	15	all	52	0.4971422553062439	rest	10	0	5	10	between
fs32k	15	all	53	0.4788026809692383	rest	10	0	5	10	between
fs32k	15	all	54	0.4727360606193542	rest	10	0	5	10	between
fs32k	15	all	55	0.5011922121047974	rest	10	0	5	10	between
fs32k	15	all	1	0.4555005729198456	rest	10	0	5	11	between
fs32k	15	all	2	0.498840868473053	rest	10	0	5	11	between
fs32k	15	all	3	0.508377730846405	rest	10	0	5	11	between
fs32k	15	all	4	0.5018584132194519	rest	10	0	5	11	between
fs32k	15	all	5	0.4915699958801269	rest	10	0	5	11	between
fs32k	15	all	6	0.494743287563324	rest	10	0	5	11	between
fs32k	15	all	7	0.5038681030273438	rest	10	0	5	11	between
fs32k	15	all	8	0.4865104854106903	rest	10	0	5	11	between
fs32k	15	all	9	0.5068639516830444	rest	10	0	5	11	between
fs32k	15	all	10	0.4839402437210083	rest	10	0	5	11	between
fs32k	15	all	11	0.4717155694961548	rest	10	0	5	11	between
fs32k	15	all	12	0.498508095741272	rest	10	0	5	11	between
fs32k	15	all	13	0.4791946113109588	rest	10	0	5	11	between
fs32k	15	all	14	0.479714035987854	rest	10	0	5	11	between
fs32k	15	all	15	0.4448640346527099	rest	10	0	5	11	between
fs32k	15	all	16	0.4759554266929626	rest	10	0	5	11	between
fs32k	15	all	17	0.4771623313426971	rest	10	0	5	11	between
fs32k	15	all	18	0.455277144908905	rest	10	0	5	11	between
fs32k	15	all	19	0.5016998052597046	rest	10	0	5	11	between
fs32k	15	all	20	0.4876068234443664	rest	10	0	5	11	between
fs32k	15	all	21	0.4900223612785339	rest	10	0	5	11	between
fs32k	15	all	22	0.4776562750339508	rest	10	0	5	11	between
fs32k	15	all	23	0.4631023705005646	rest	10	0	5	11	between
fs32k	15	all	24	0.4997202754020691	rest	10	0	5	11	between
fs32k	15	all	25	0.4904826879501343	rest	10	0	5	11	between
fs32k	15	all	26	0.4863530993461609	rest	10	0	5	11	between
fs32k	15	all	27	0.4844349026679992	rest	10	0	5	11	between
fs32k	15	all	28	0.5178970098495483	rest	10	0	5	11	between
fs32k	15	all	29	0.501879096031189	rest	10	0	5	11	between
fs32k	15	all	30	0.4622718095779419	rest	10	0	5	11	between
fs32k	15	all	31	0.5090427398681641	rest	10	0	5	11	between
fs32k	15	all	32	0.5001776814460754	rest	10	0	5	11	between
fs32k	15	all	33	0.5080583095550537	rest	10	0	5	11	between
fs32k	15	all	34	0.518928050994873	rest	10	0	5	11	between
fs32k	15	all	35	0.4911996722221374	rest	10	0	5	11	between
fs32k	15	all	36	0.4694414138793945	rest	10	0	5	11	between
fs32k	15	all	37	0.4823411405086517	rest	10	0	5	11	between
fs32k	15	all	38	0.486236423254013	rest	10	0	5	11	between
fs32k	15	all	39	0.4856992065906524	rest	10	0	5	11	between
fs32k	15	all	40	0.5024564266204834	rest	10	0	5	11	between
fs32k	15	all	41	0.4604262709617615	rest	10	0	5	11	between
fs32k	15	all	42	0.4914402663707733	rest	10	0	5	11	between
fs32k	15	all	43	0.4872388839721679	rest	10	0	5	11	between
fs32k	15	all	44	0.4847964644432068	rest	10	0	5	11	between
fs32k	15	all	45	0.4926787316799164	rest	10	0	5	11	between
fs32k	15	all	46	0.4721382856369018	rest	10	0	5	11	between
fs32k	15	all	47	0.4746446311473846	rest	10	0	5	11	between
fs32k	15	all	48	0.4657700955867767	rest	10	0	5	11	between
fs32k	15	all	49	0.4579003453254699	rest	10	0	5	11	between
fs32k	15	all	50	0.4966852068901062	rest	10	0	5	11	between
fs32k	15	all	51	0.4863793849945068	rest	10	0	5	11	between
fs32k	15	all	52	0.5009486675262451	rest	10	0	5	11	between
fs32k	15	all	53	0.4818351864814758	rest	10	0	5	11	between
fs32k	15	all	54	0.4842950701713562	rest	10	0	5	11	between
fs32k	15	all	55	0.4819386899471283	rest	10	0	5	11	between
fs32k	15	all	1	0.4558912813663482	rest	10	0	5	12	between
fs32k	15	all	2	0.4798591136932373	rest	10	0	5	12	between
fs32k	15	all	3	0.4965369999408722	rest	10	0	5	12	between
fs32k	15	all	4	0.4837352037429809	rest	10	0	5	12	between
fs32k	15	all	5	0.4894085526466369	rest	10	0	5	12	between
fs32k	15	all	6	0.4774085879325866	rest	10	0	5	12	between
fs32k	15	all	7	0.4919705390930176	rest	10	0	5	12	between
fs32k	15	all	8	0.482839822769165	rest	10	0	5	12	between
fs32k	15	all	9	0.4952542781829834	rest	10	0	5	12	between
fs32k	15	all	10	0.4804768562316894	rest	10	0	5	12	between
fs32k	15	all	11	0.4797262549400329	rest	10	0	5	12	between
fs32k	15	all	12	0.5069467425346375	rest	10	0	5	12	between
fs32k	15	all	13	0.4908288717269897	rest	10	0	5	12	between
fs32k	15	all	14	0.4918138980865478	rest	10	0	5	12	between
fs32k	15	all	15	0.4474820792675018	rest	10	0	5	12	between
fs32k	15	all	16	0.4867053031921386	rest	10	0	5	12	between
fs32k	15	all	17	0.4669085144996643	rest	10	0	5	12	between
fs32k	15	all	18	0.4550462961196899	rest	10	0	5	12	between
fs32k	15	all	19	0.5078260898590088	rest	10	0	5	12	between
fs32k	15	all	20	0.4918440878391266	rest	10	0	5	12	between
fs32k	15	all	21	0.4775089025497436	rest	10	0	5	12	between
fs32k	15	all	22	0.4730204343795776	rest	10	0	5	12	between
fs32k	15	all	23	0.4543582201004028	rest	10	0	5	12	between
fs32k	15	all	24	0.4921575784683227	rest	10	0	5	12	between
fs32k	15	all	25	0.4841280579566955	rest	10	0	5	12	between
fs32k	15	all	26	0.4685063660144806	rest	10	0	5	12	between
fs32k	15	all	27	0.4861546158790588	rest	10	0	5	12	between
fs32k	15	all	28	0.5113592147827148	rest	10	0	5	12	between
fs32k	15	all	29	0.5056394934654236	rest	10	0	5	12	between
fs32k	15	all	30	0.4542807638645172	rest	10	0	5	12	between
fs32k	15	all	31	0.5120412707328796	rest	10	0	5	12	between
fs32k	15	all	32	0.4760952591896057	rest	10	0	5	12	between
fs32k	15	all	33	0.488386332988739	rest	10	0	5	12	between
fs32k	15	all	34	0.5193902254104614	rest	10	0	5	12	between
fs32k	15	all	35	0.4886801838874817	rest	10	0	5	12	between
fs32k	15	all	36	0.447728157043457	rest	10	0	5	12	between
fs32k	15	all	37	0.479885846376419	rest	10	0	5	12	between
fs32k	15	all	38	0.4686198830604553	rest	10	0	5	12	between
fs32k	15	all	39	0.4572167098522186	rest	10	0	5	12	between
fs32k	15	all	40	0.4998401403427124	rest	10	0	5	12	between
fs32k	15	all	41	0.4598870873451233	rest	10	0	5	12	between
fs32k	15	all	42	0.4873639941215515	rest	10	0	5	12	between
fs32k	15	all	43	0.4870340228080749	rest	10	0	5	12	between
fs32k	15	all	44	0.4751894474029541	rest	10	0	5	12	between
fs32k	15	all	45	0.494226336479187	rest	10	0	5	12	between
fs32k	15	all	46	0.460871934890747	rest	10	0	5	12	between
fs32k	15	all	47	0.4777832329273224	rest	10	0	5	12	between
fs32k	15	all	48	0.4519631862640381	rest	10	0	5	12	between
fs32k	15	all	49	0.4564303755760193	rest	10	0	5	12	between
fs32k	15	all	50	0.488310843706131	rest	10	0	5	12	between
fs32k	15	all	51	0.4747924208641052	rest	10	0	5	12	between
fs32k	15	all	52	0.5032575726509094	rest	10	0	5	12	between
fs32k	15	all	53	0.4772669970989227	rest	10	0	5	12	between
fs32k	15	all	54	0.4694851040840149	rest	10	0	5	12	between
fs32k	15	all	55	0.4725368022918701	rest	10	0	5	12	between
fs32k	15	all	1	0.4469195604324341	rest	10	0	5	13	between
fs32k	15	all	2	0.4848982691764831	rest	10	0	5	13	between
fs32k	15	all	3	0.4948081374168396	rest	10	0	5	13	between
fs32k	15	all	4	0.4771876633167267	rest	10	0	5	13	between
fs32k	15	all	5	0.4750734567642212	rest	10	0	5	13	between
fs32k	15	all	6	0.4861128032207489	rest	10	0	5	13	between
fs32k	15	all	7	0.4957799911499023	rest	10	0	5	13	between
fs32k	15	all	8	0.4884644746780395	rest	10	0	5	13	between
fs32k	15	all	9	0.5024814009666443	rest	10	0	5	13	between
fs32k	15	all	10	0.4771191477775574	rest	10	0	5	13	between
fs32k	15	all	11	0.4835981130599975	rest	10	0	5	13	between
fs32k	15	all	12	0.4857552647590637	rest	10	0	5	13	between
fs32k	15	all	13	0.470848023891449	rest	10	0	5	13	between
fs32k	15	all	14	0.4712156057357788	rest	10	0	5	13	between
fs32k	15	all	15	0.4431401491165161	rest	10	0	5	13	between
fs32k	15	all	16	0.4852193593978882	rest	10	0	5	13	between
fs32k	15	all	17	0.4611282646656036	rest	10	0	5	13	between
fs32k	15	all	18	0.4703825712203979	rest	10	0	5	13	between
fs32k	15	all	19	0.4979797601699829	rest	10	0	5	13	between
fs32k	15	all	20	0.4990336000919342	rest	10	0	5	13	between
fs32k	15	all	21	0.4952997863292694	rest	10	0	5	13	between
fs32k	15	all	22	0.4805197119712829	rest	10	0	5	13	between
fs32k	15	all	23	0.4548226296901703	rest	10	0	5	13	between
fs32k	15	all	24	0.5029828548431396	rest	10	0	5	13	between
fs32k	15	all	25	0.4846797585487366	rest	10	0	5	13	between
fs32k	15	all	26	0.4866662323474884	rest	10	0	5	13	between
fs32k	15	all	27	0.5058801174163818	rest	10	0	5	13	between
fs32k	15	all	28	0.5119901895523071	rest	10	0	5	13	between
fs32k	15	all	29	0.4956239461898803	rest	10	0	5	13	between
fs32k	15	all	30	0.4540799260139465	rest	10	0	5	13	between
fs32k	15	all	31	0.522994339466095	rest	10	0	5	13	between
fs32k	15	all	32	0.4740323424339294	rest	10	0	5	13	between
fs32k	15	all	33	0.512275755405426	rest	10	0	5	13	between
fs32k	15	all	34	0.5199182033538818	rest	10	0	5	13	between
fs32k	15	all	35	0.4904305636882782	rest	10	0	5	13	between
fs32k	15	all	36	0.4477629959583282	rest	10	0	5	13	between
fs32k	15	all	37	0.4965402483940124	rest	10	0	5	13	between
fs32k	15	all	38	0.468703031539917	rest	10	0	5	13	between
fs32k	15	all	39	0.4817528426647186	rest	10	0	5	13	between
fs32k	15	all	40	0.5089842081069946	rest	10	0	5	13	between
fs32k	15	all	41	0.4537687301635742	rest	10	0	5	13	between
fs32k	15	all	42	0.4945130348205566	rest	10	0	5	13	between
fs32k	15	all	43	0.4775108397006988	rest	10	0	5	13	between
fs32k	15	all	44	0.488059788942337	rest	10	0	5	13	between
fs32k	15	all	45	0.4841821193695068	rest	10	0	5	13	between
fs32k	15	all	46	0.4691138863563537	rest	10	0	5	13	between
fs32k	15	all	47	0.4839313626289367	rest	10	0	5	13	between
fs32k	15	all	48	0.4666252434253692	rest	10	0	5	13	between
fs32k	15	all	49	0.4667246043682098	rest	10	0	5	13	between
fs32k	15	all	50	0.4952891767024994	rest	10	0	5	13	between
fs32k	15	all	51	0.4960087537765503	rest	10	0	5	13	between
fs32k	15	all	52	0.5171250104904175	rest	10	0	5	13	between
fs32k	15	all	53	0.4864952266216278	rest	10	0	5	13	between
fs32k	15	all	54	0.4778387546539306	rest	10	0	5	13	between
fs32k	15	all	55	0.4894435107707977	rest	10	0	5	13	between
fs32k	15	all	1	0.4518344104290008	rest	10	0	5	14	between
fs32k	15	all	2	0.5075335502624512	rest	10	0	5	14	between
fs32k	15	all	3	0.4902591407299042	rest	10	0	5	14	between
fs32k	15	all	4	0.4799736738204956	rest	10	0	5	14	between
fs32k	15	all	5	0.4845278859138489	rest	10	0	5	14	between
fs32k	15	all	6	0.4896450340747833	rest	10	0	5	14	between
fs32k	15	all	7	0.5049924850463867	rest	10	0	5	14	between
fs32k	15	all	8	0.4875200390815735	rest	10	0	5	14	between
fs32k	15	all	9	0.5063945651054382	rest	10	0	5	14	between
fs32k	15	all	10	0.4893867969512939	rest	10	0	5	14	between
fs32k	15	all	11	0.4862083792686462	rest	10	0	5	14	between
fs32k	15	all	12	0.4955687522888183	rest	10	0	5	14	between
fs32k	15	all	13	0.4775896370410919	rest	10	0	5	14	between
fs32k	15	all	14	0.480477511882782	rest	10	0	5	14	between
fs32k	15	all	15	0.4540614783763885	rest	10	0	5	14	between
fs32k	15	all	16	0.4698303341865539	rest	10	0	5	14	between
fs32k	15	all	17	0.4633902311325073	rest	10	0	5	14	between
fs32k	15	all	18	0.4652454257011413	rest	10	0	5	14	between
fs32k	15	all	19	0.5120729207992554	rest	10	0	5	14	between
fs32k	15	all	20	0.5049837231636047	rest	10	0	5	14	between
fs32k	15	all	21	0.4937438070774078	rest	10	0	5	14	between
fs32k	15	all	22	0.4883986711502075	rest	10	0	5	14	between
fs32k	15	all	23	0.4695384800434112	rest	10	0	5	14	between
fs32k	15	all	24	0.5046796202659607	rest	10	0	5	14	between
fs32k	15	all	25	0.500119686126709	rest	10	0	5	14	between
fs32k	15	all	26	0.4915148317813873	rest	10	0	5	14	between
fs32k	15	all	27	0.5021622776985168	rest	10	0	5	14	between
fs32k	15	all	28	0.512122631072998	rest	10	0	5	14	between
fs32k	15	all	29	0.4953036308288574	rest	10	0	5	14	between
fs32k	15	all	30	0.4701778888702392	rest	10	0	5	14	between
fs32k	15	all	31	0.5053232908248901	rest	10	0	5	14	between
fs32k	15	all	32	0.4619806408882141	rest	10	0	5	14	between
fs32k	15	all	33	0.5002368092536926	rest	10	0	5	14	between
fs32k	15	all	34	0.522313117980957	rest	10	0	5	14	between
fs32k	15	all	35	0.4998157024383545	rest	10	0	5	14	between
fs32k	15	all	36	0.4664168357849121	rest	10	0	5	14	between
fs32k	15	all	37	0.4835169613361358	rest	10	0	5	14	between
fs32k	15	all	38	0.4685899019241333	rest	10	0	5	14	between
fs32k	15	all	39	0.4804627597332001	rest	10	0	5	14	between
fs32k	15	all	40	0.5126723647117615	rest	10	0	5	14	between
fs32k	15	all	41	0.4679502248764038	rest	10	0	5	14	between
fs32k	15	all	42	0.4829801023006439	rest	10	0	5	14	between
fs32k	15	all	43	0.4820914268493652	rest	10	0	5	14	between
fs32k	15	all	44	0.4788135886192322	rest	10	0	5	14	between
fs32k	15	all	45	0.4958557188510895	rest	10	0	5	14	between
fs32k	15	all	46	0.4754182696342468	rest	10	0	5	14	between
fs32k	15	all	47	0.474489152431488	rest	10	0	5	14	between
fs32k	15	all	48	0.4752623438835144	rest	10	0	5	14	between
fs32k	15	all	49	0.4798912107944488	rest	10	0	5	14	between
fs32k	15	all	50	0.4890708923339844	rest	10	0	5	14	between
fs32k	15	all	51	0.4899386763572693	rest	10	0	5	14	between
fs32k	15	all	52	0.4943776428699493	rest	10	0	5	14	between
fs32k	15	all	53	0.4807022511959076	rest	10	0	5	14	between
fs32k	15	all	54	0.4757566750049591	rest	10	0	5	14	between
fs32k	15	all	55	0.4944053292274475	rest	10	0	5	14	between
fs32k	15	all	1	0.4385139644145965	rest	10	0	5	15	between
fs32k	15	all	2	0.4875327348709106	rest	10	0	5	15	between
fs32k	15	all	3	0.5022589564323425	rest	10	0	5	15	between
fs32k	15	all	4	0.4808140695095062	rest	10	0	5	15	between
fs32k	15	all	5	0.4966939687728882	rest	10	0	5	15	between
fs32k	15	all	6	0.4852526783943176	rest	10	0	5	15	between
fs32k	15	all	7	0.497772216796875	rest	10	0	5	15	between
fs32k	15	all	8	0.4748988449573517	rest	10	0	5	15	between
fs32k	15	all	9	0.4990464448928833	rest	10	0	5	15	between
fs32k	15	all	10	0.4834128618240356	rest	10	0	5	15	between
fs32k	15	all	11	0.4767350554466247	rest	10	0	5	15	between
fs32k	15	all	12	0.4916814565658569	rest	10	0	5	15	between
fs32k	15	all	13	0.4646222591400146	rest	10	0	5	15	between
fs32k	15	all	14	0.4666644036769867	rest	10	0	5	15	between
fs32k	15	all	15	0.4349434077739715	rest	10	0	5	15	between
fs32k	15	all	16	0.4651719331741333	rest	10	0	5	15	between
fs32k	15	all	17	0.4472705423831939	rest	10	0	5	15	between
fs32k	15	all	18	0.4593089818954468	rest	10	0	5	15	between
fs32k	15	all	19	0.4694044589996338	rest	10	0	5	15	between
fs32k	15	all	20	0.5030664205551147	rest	10	0	5	15	between
fs32k	15	all	21	0.4944948852062225	rest	10	0	5	15	between
fs32k	15	all	22	0.4919486343860626	rest	10	0	5	15	between
fs32k	15	all	23	0.4567683935165405	rest	10	0	5	15	between
fs32k	15	all	24	0.4931016862392425	rest	10	0	5	15	between
fs32k	15	all	25	0.4871422946453094	rest	10	0	5	15	between
fs32k	15	all	26	0.485905647277832	rest	10	0	5	15	between
fs32k	15	all	27	0.4909663498401642	rest	10	0	5	15	between
fs32k	15	all	28	0.5147124528884888	rest	10	0	5	15	between
fs32k	15	all	29	0.4995166659355163	rest	10	0	5	15	between
fs32k	15	all	30	0.4689132571220398	rest	10	0	5	15	between
fs32k	15	all	31	0.520126223564148	rest	10	0	5	15	between
fs32k	15	all	32	0.4652013182640075	rest	10	0	5	15	between
fs32k	15	all	33	0.5139223337173462	rest	10	0	5	15	between
fs32k	15	all	34	0.5052698254585266	rest	10	0	5	15	between
fs32k	15	all	35	0.4921583533287048	rest	10	0	5	15	between
fs32k	15	all	36	0.4616066813468933	rest	10	0	5	15	between
fs32k	15	all	37	0.4822144508361816	rest	10	0	5	15	between
fs32k	15	all	38	0.4570450186729431	rest	10	0	5	15	between
fs32k	15	all	39	0.4852862060070038	rest	10	0	5	15	between
fs32k	15	all	40	0.4850193858146667	rest	10	0	5	15	between
fs32k	15	all	41	0.4715709686279297	rest	10	0	5	15	between
fs32k	15	all	42	0.4932388067245483	rest	10	0	5	15	between
fs32k	15	all	43	0.4833545088768005	rest	10	0	5	15	between
fs32k	15	all	44	0.501686155796051	rest	10	0	5	15	between
fs32k	15	all	45	0.4862514734268188	rest	10	0	5	15	between
fs32k	15	all	46	0.4741155207157135	rest	10	0	5	15	between
fs32k	15	all	47	0.467022180557251	rest	10	0	5	15	between
fs32k	15	all	48	0.4776070117950439	rest	10	0	5	15	between
fs32k	15	all	49	0.4658544659614563	rest	10	0	5	15	between
fs32k	15	all	50	0.4803084135055542	rest	10	0	5	15	between
fs32k	15	all	51	0.5004549622535706	rest	10	0	5	15	between
fs32k	15	all	52	0.4966163337230682	rest	10	0	5	15	between
fs32k	15	all	53	0.4658008217811584	rest	10	0	5	15	between
fs32k	15	all	54	0.4712084829807281	rest	10	0	5	15	between
fs32k	15	all	55	0.4885456264019012	rest	10	0	5	15	between
fs32k	15	all	1	0.5057467222213745	rest	10	0	6	7	between
fs32k	15	all	2	0.4791441261768341	rest	10	0	6	7	between
fs32k	15	all	3	0.5225042104721069	rest	10	0	6	7	between
fs32k	15	all	4	0.5200079083442688	rest	10	0	6	7	between
fs32k	15	all	5	0.5129971504211426	rest	10	0	6	7	between
fs32k	15	all	6	0.511042058467865	rest	10	0	6	7	between
fs32k	15	all	7	0.5073044300079346	rest	10	0	6	7	between
fs32k	15	all	8	0.4898302257061004	rest	10	0	6	7	between
fs32k	15	all	9	0.5095466375350952	rest	10	0	6	7	between
fs32k	15	all	10	0.5011154413223267	rest	10	0	6	7	between
fs32k	15	all	11	0.4854071736335754	rest	10	0	6	7	between
fs32k	15	all	12	0.5226398706436157	rest	10	0	6	7	between
fs32k	15	all	13	0.5041871070861816	rest	10	0	6	7	between
fs32k	15	all	14	0.4834988713264465	rest	10	0	6	7	between
fs32k	15	all	15	0.4773211479187011	rest	10	0	6	7	between
fs32k	15	all	16	0.5000084638595581	rest	10	0	6	7	between
fs32k	15	all	17	0.4868815243244171	rest	10	0	6	7	between
fs32k	15	all	18	0.4884466230869293	rest	10	0	6	7	between
fs32k	15	all	19	0.491165429353714	rest	10	0	6	7	between
fs32k	15	all	20	0.482943445444107	rest	10	0	6	7	between
fs32k	15	all	21	0.4935104846954345	rest	10	0	6	7	between
fs32k	15	all	22	0.460789144039154	rest	10	0	6	7	between
fs32k	15	all	23	0.4690988659858703	rest	10	0	6	7	between
fs32k	15	all	24	0.4758070111274719	rest	10	0	6	7	between
fs32k	15	all	25	0.4820268154144287	rest	10	0	6	7	between
fs32k	15	all	26	0.4665899276733398	rest	10	0	6	7	between
fs32k	15	all	27	0.4662418365478515	rest	10	0	6	7	between
fs32k	15	all	28	0.5257334113121033	rest	10	0	6	7	between
fs32k	15	all	29	0.4911150932312011	rest	10	0	6	7	between
fs32k	15	all	30	0.4745958149433136	rest	10	0	6	7	between
fs32k	15	all	31	0.5099412202835083	rest	10	0	6	7	between
fs32k	15	all	32	0.4879101514816284	rest	10	0	6	7	between
fs32k	15	all	33	0.5272634029388428	rest	10	0	6	7	between
fs32k	15	all	34	0.5151674151420593	rest	10	0	6	7	between
fs32k	15	all	35	0.479396641254425	rest	10	0	6	7	between
fs32k	15	all	36	0.4792758822441101	rest	10	0	6	7	between
fs32k	15	all	37	0.4961890578269958	rest	10	0	6	7	between
fs32k	15	all	38	0.4871455132961273	rest	10	0	6	7	between
fs32k	15	all	39	0.4803848564624786	rest	10	0	6	7	between
fs32k	15	all	40	0.4786099791526794	rest	10	0	6	7	between
fs32k	15	all	41	0.4778108596801758	rest	10	0	6	7	between
fs32k	15	all	42	0.4815848469734192	rest	10	0	6	7	between
fs32k	15	all	43	0.4974020719528198	rest	10	0	6	7	between
fs32k	15	all	44	0.4934489130973816	rest	10	0	6	7	between
fs32k	15	all	45	0.4652444720268249	rest	10	0	6	7	between
fs32k	15	all	46	0.4740663766860962	rest	10	0	6	7	between
fs32k	15	all	47	0.4935378730297088	rest	10	0	6	7	between
fs32k	15	all	48	0.4710759222507477	rest	10	0	6	7	between
fs32k	15	all	49	0.4713889956474304	rest	10	0	6	7	between
fs32k	15	all	50	0.4886410236358642	rest	10	0	6	7	between
fs32k	15	all	51	0.4836329221725464	rest	10	0	6	7	between
fs32k	15	all	52	0.4898770153522491	rest	10	0	6	7	between
fs32k	15	all	53	0.4975059032440185	rest	10	0	6	7	between
fs32k	15	all	54	0.4871945381164551	rest	10	0	6	7	between
fs32k	15	all	55	0.495130717754364	rest	10	0	6	7	between
fs32k	15	all	1	0.4992491602897644	rest	10	0	6	8	between
fs32k	15	all	2	0.4751865863800049	rest	10	0	6	8	between
fs32k	15	all	3	0.515286386013031	rest	10	0	6	8	between
fs32k	15	all	4	0.5069122910499573	rest	10	0	6	8	between
fs32k	15	all	5	0.5078544020652771	rest	10	0	6	8	between
fs32k	15	all	6	0.486690878868103	rest	10	0	6	8	between
fs32k	15	all	7	0.4896039664745331	rest	10	0	6	8	between
fs32k	15	all	8	0.4738442897796631	rest	10	0	6	8	between
fs32k	15	all	9	0.4913409352302551	rest	10	0	6	8	between
fs32k	15	all	10	0.4953425526618957	rest	10	0	6	8	between
fs32k	15	all	11	0.4822009205818176	rest	10	0	6	8	between
fs32k	15	all	12	0.5250383615493774	rest	10	0	6	8	between
fs32k	15	all	13	0.5099654793739319	rest	10	0	6	8	between
fs32k	15	all	14	0.4886165559291839	rest	10	0	6	8	between
fs32k	15	all	15	0.4660757184028625	rest	10	0	6	8	between
fs32k	15	all	16	0.498453676700592	rest	10	0	6	8	between
fs32k	15	all	17	0.4891054928302765	rest	10	0	6	8	between
fs32k	15	all	18	0.4908857345581054	rest	10	0	6	8	between
fs32k	15	all	19	0.494980126619339	rest	10	0	6	8	between
fs32k	15	all	20	0.4890810847282409	rest	10	0	6	8	between
fs32k	15	all	21	0.489642858505249	rest	10	0	6	8	between
fs32k	15	all	22	0.4589838981628418	rest	10	0	6	8	between
fs32k	15	all	23	0.4464890360832214	rest	10	0	6	8	between
fs32k	15	all	24	0.4740652740001678	rest	10	0	6	8	between
fs32k	15	all	25	0.4752432703971863	rest	10	0	6	8	between
fs32k	15	all	26	0.4657547175884247	rest	10	0	6	8	between
fs32k	15	all	27	0.4636111259460449	rest	10	0	6	8	between
fs32k	15	all	28	0.5199548602104187	rest	10	0	6	8	between
fs32k	15	all	29	0.486706018447876	rest	10	0	6	8	between
fs32k	15	all	30	0.4737006723880768	rest	10	0	6	8	between
fs32k	15	all	31	0.5083388686180115	rest	10	0	6	8	between
fs32k	15	all	32	0.4844558238983154	rest	10	0	6	8	between
fs32k	15	all	33	0.5180867314338684	rest	10	0	6	8	between
fs32k	15	all	34	0.5110689401626587	rest	10	0	6	8	between
fs32k	15	all	35	0.4831387102603912	rest	10	0	6	8	between
fs32k	15	all	36	0.4717452526092529	rest	10	0	6	8	between
fs32k	15	all	37	0.4973881840705871	rest	10	0	6	8	between
fs32k	15	all	38	0.4889717996120453	rest	10	0	6	8	between
fs32k	15	all	39	0.4805163145065307	rest	10	0	6	8	between
fs32k	15	all	40	0.4743244647979736	rest	10	0	6	8	between
fs32k	15	all	41	0.4644408226013183	rest	10	0	6	8	between
fs32k	15	all	42	0.4746494889259338	rest	10	0	6	8	between
fs32k	15	all	43	0.4944541752338409	rest	10	0	6	8	between
fs32k	15	all	44	0.4807233214378357	rest	10	0	6	8	between
fs32k	15	all	45	0.468037337064743	rest	10	0	6	8	between
fs32k	15	all	46	0.4654747545719147	rest	10	0	6	8	between
fs32k	15	all	47	0.4862891435623169	rest	10	0	6	8	between
fs32k	15	all	48	0.4608401656150818	rest	10	0	6	8	between
fs32k	15	all	49	0.4622657299041748	rest	10	0	6	8	between
fs32k	15	all	50	0.4846457540988922	rest	10	0	6	8	between
fs32k	15	all	51	0.4744534194469452	rest	10	0	6	8	between
fs32k	15	all	52	0.4740936458110809	rest	10	0	6	8	between
fs32k	15	all	53	0.4793968498706817	rest	10	0	6	8	between
fs32k	15	all	54	0.4759831130504608	rest	10	0	6	8	between
fs32k	15	all	55	0.4855819046497345	rest	10	0	6	8	between
fs32k	15	all	1	0.5140991806983948	rest	10	0	6	9	between
fs32k	15	all	2	0.4965031445026397	rest	10	0	6	9	between
fs32k	15	all	3	0.5157740116119385	rest	10	0	6	9	between
fs32k	15	all	4	0.5149109959602356	rest	10	0	6	9	between
fs32k	15	all	5	0.5073937177658081	rest	10	0	6	9	between
fs32k	15	all	6	0.4866456091403961	rest	10	0	6	9	between
fs32k	15	all	7	0.5066323280334473	rest	10	0	6	9	between
fs32k	15	all	8	0.4915195107460022	rest	10	0	6	9	between
fs32k	15	all	9	0.5113531947135925	rest	10	0	6	9	between
fs32k	15	all	10	0.4994813501834869	rest	10	0	6	9	between
fs32k	15	all	11	0.4927142858505249	rest	10	0	6	9	between
fs32k	15	all	12	0.5147743821144104	rest	10	0	6	9	between
fs32k	15	all	13	0.5106073617935181	rest	10	0	6	9	between
fs32k	15	all	14	0.4948290586471557	rest	10	0	6	9	between
fs32k	15	all	15	0.4671787023544311	rest	10	0	6	9	between
fs32k	15	all	16	0.5004425048828125	rest	10	0	6	9	between
fs32k	15	all	17	0.4964772760868072	rest	10	0	6	9	between
fs32k	15	all	18	0.504846453666687	rest	10	0	6	9	between
fs32k	15	all	19	0.4970634579658508	rest	10	0	6	9	between
fs32k	15	all	20	0.4792264401912689	rest	10	0	6	9	between
fs32k	15	all	21	0.4975841045379638	rest	10	0	6	9	between
fs32k	15	all	22	0.4779340028762817	rest	10	0	6	9	between
fs32k	15	all	23	0.4576278030872345	rest	10	0	6	9	between
fs32k	15	all	24	0.4834323525428772	rest	10	0	6	9	between
fs32k	15	all	25	0.4926825165748596	rest	10	0	6	9	between
fs32k	15	all	26	0.4829416275024414	rest	10	0	6	9	between
fs32k	15	all	27	0.4742389321327209	rest	10	0	6	9	between
fs32k	15	all	28	0.5050047636032104	rest	10	0	6	9	between
fs32k	15	all	29	0.4776601791381836	rest	10	0	6	9	between
fs32k	15	all	30	0.45529505610466	rest	10	0	6	9	between
fs32k	15	all	31	0.4818906784057617	rest	10	0	6	9	between
fs32k	15	all	32	0.467424213886261	rest	10	0	6	9	between
fs32k	15	all	33	0.5114612579345703	rest	10	0	6	9	between
fs32k	15	all	34	0.4839266240596771	rest	10	0	6	9	between
fs32k	15	all	35	0.4898440241813659	rest	10	0	6	9	between
fs32k	15	all	36	0.4550950527191162	rest	10	0	6	9	between
fs32k	15	all	37	0.48548024892807	rest	10	0	6	9	between
fs32k	15	all	38	0.4924222230911255	rest	10	0	6	9	between
fs32k	15	all	39	0.4887811243534088	rest	10	0	6	9	between
fs32k	15	all	40	0.4723125994205475	rest	10	0	6	9	between
fs32k	15	all	41	0.4608759880065918	rest	10	0	6	9	between
fs32k	15	all	42	0.483034610748291	rest	10	0	6	9	between
fs32k	15	all	43	0.4962682127952575	rest	10	0	6	9	between
fs32k	15	all	44	0.4892770051956177	rest	10	0	6	9	between
fs32k	15	all	45	0.4639919400215149	rest	10	0	6	9	between
fs32k	15	all	46	0.4725488722324371	rest	10	0	6	9	between
fs32k	15	all	47	0.4957205653190613	rest	10	0	6	9	between
fs32k	15	all	48	0.4666138887405395	rest	10	0	6	9	between
fs32k	15	all	49	0.4650527536869049	rest	10	0	6	9	between
fs32k	15	all	50	0.4906949400901794	rest	10	0	6	9	between
fs32k	15	all	51	0.4863064289093017	rest	10	0	6	9	between
fs32k	15	all	52	0.4943510293960571	rest	10	0	6	9	between
fs32k	15	all	53	0.4892283380031585	rest	10	0	6	9	between
fs32k	15	all	54	0.4810927808284759	rest	10	0	6	9	between
fs32k	15	all	55	0.4892370998859405	rest	10	0	6	9	between
fs32k	15	all	1	0.5100128650665283	rest	10	0	6	10	between
fs32k	15	all	2	0.4923510253429413	rest	10	0	6	10	between
fs32k	15	all	3	0.5147573351860046	rest	10	0	6	10	between
fs32k	15	all	4	0.5159453749656677	rest	10	0	6	10	between
fs32k	15	all	5	0.5250788927078247	rest	10	0	6	10	between
fs32k	15	all	6	0.5030315518379211	rest	10	0	6	10	between
fs32k	15	all	7	0.5096486806869507	rest	10	0	6	10	between
fs32k	15	all	8	0.5005433559417725	rest	10	0	6	10	between
fs32k	15	all	9	0.5129442811012268	rest	10	0	6	10	between
fs32k	15	all	10	0.5031288862228394	rest	10	0	6	10	between
fs32k	15	all	11	0.5032040476799011	rest	10	0	6	10	between
fs32k	15	all	12	0.5262172222137451	rest	10	0	6	10	between
fs32k	15	all	13	0.5208718180656433	rest	10	0	6	10	between
fs32k	15	all	14	0.5082966089248657	rest	10	0	6	10	between
fs32k	15	all	15	0.4820225834846496	rest	10	0	6	10	between
fs32k	15	all	16	0.5014334917068481	rest	10	0	6	10	between
fs32k	15	all	17	0.5005079507827759	rest	10	0	6	10	between
fs32k	15	all	18	0.5028849244117737	rest	10	0	6	10	between
fs32k	15	all	19	0.5189802050590515	rest	10	0	6	10	between
fs32k	15	all	20	0.4950225055217743	rest	10	0	6	10	between
fs32k	15	all	21	0.49855637550354	rest	10	0	6	10	between
fs32k	15	all	22	0.4708626568317413	rest	10	0	6	10	between
fs32k	15	all	23	0.470054417848587	rest	10	0	6	10	between
fs32k	15	all	24	0.4862898290157318	rest	10	0	6	10	between
fs32k	15	all	25	0.4826439917087555	rest	10	0	6	10	between
fs32k	15	all	26	0.4797400832176208	rest	10	0	6	10	between
fs32k	15	all	27	0.4827174544334411	rest	10	0	6	10	between
fs32k	15	all	28	0.5116199851036072	rest	10	0	6	10	between
fs32k	15	all	29	0.4918511509895324	rest	10	0	6	10	between
fs32k	15	all	30	0.4787673950195312	rest	10	0	6	10	between
fs32k	15	all	31	0.4892700314521789	rest	10	0	6	10	between
fs32k	15	all	32	0.4745242595672607	rest	10	0	6	10	between
fs32k	15	all	33	0.5172366499900818	rest	10	0	6	10	between
fs32k	15	all	34	0.5167016983032227	rest	10	0	6	10	between
fs32k	15	all	35	0.4996241331100464	rest	10	0	6	10	between
fs32k	15	all	36	0.4746782779693603	rest	10	0	6	10	between
fs32k	15	all	37	0.4895168542861938	rest	10	0	6	10	between
fs32k	15	all	38	0.4957895278930664	rest	10	0	6	10	between
fs32k	15	all	39	0.4901200532913208	rest	10	0	6	10	between
fs32k	15	all	40	0.4949293732643127	rest	10	0	6	10	between
fs32k	15	all	41	0.4727184772491455	rest	10	0	6	10	between
fs32k	15	all	42	0.4949178397655487	rest	10	0	6	10	between
fs32k	15	all	43	0.5077294111251831	rest	10	0	6	10	between
fs32k	15	all	44	0.5009232759475708	rest	10	0	6	10	between
fs32k	15	all	45	0.4806245565414428	rest	10	0	6	10	between
fs32k	15	all	46	0.474997878074646	rest	10	0	6	10	between
fs32k	15	all	47	0.4928998053073883	rest	10	0	6	10	between
fs32k	15	all	48	0.4704317152500152	rest	10	0	6	10	between
fs32k	15	all	49	0.470057725906372	rest	10	0	6	10	between
fs32k	15	all	50	0.4950229823589325	rest	10	0	6	10	between
fs32k	15	all	51	0.4836124777793884	rest	10	0	6	10	between
fs32k	15	all	52	0.4924794435501098	rest	10	0	6	10	between
fs32k	15	all	53	0.4912579953670501	rest	10	0	6	10	between
fs32k	15	all	54	0.4862721562385559	rest	10	0	6	10	between
fs32k	15	all	55	0.494998574256897	rest	10	0	6	10	between
fs32k	15	all	1	0.5039315223693848	rest	10	0	6	11	between
fs32k	15	all	2	0.4919617474079132	rest	10	0	6	11	between
fs32k	15	all	3	0.5281901359558105	rest	10	0	6	11	between
fs32k	15	all	4	0.5315563678741455	rest	10	0	6	11	between
fs32k	15	all	5	0.5117523670196533	rest	10	0	6	11	between
fs32k	15	all	6	0.5053915977478027	rest	10	0	6	11	between
fs32k	15	all	7	0.5089184641838074	rest	10	0	6	11	between
fs32k	15	all	8	0.5088711977005005	rest	10	0	6	11	between
fs32k	15	all	9	0.4997426271438598	rest	10	0	6	11	between
fs32k	15	all	10	0.4926418364048004	rest	10	0	6	11	between
fs32k	15	all	11	0.4896847307682037	rest	10	0	6	11	between
fs32k	15	all	12	0.5188348293304443	rest	10	0	6	11	between
fs32k	15	all	13	0.5122000575065613	rest	10	0	6	11	between
fs32k	15	all	14	0.4860851168632507	rest	10	0	6	11	between
fs32k	15	all	15	0.4694485366344452	rest	10	0	6	11	between
fs32k	15	all	16	0.4933053255081177	rest	10	0	6	11	between
fs32k	15	all	17	0.5045337677001953	rest	10	0	6	11	between
fs32k	15	all	18	0.4800736308097839	rest	10	0	6	11	between
fs32k	15	all	19	0.4935717284679413	rest	10	0	6	11	between
fs32k	15	all	20	0.4790686666965484	rest	10	0	6	11	between
fs32k	15	all	21	0.4889122545719147	rest	10	0	6	11	between
fs32k	15	all	22	0.4768622815608978	rest	10	0	6	11	between
fs32k	15	all	23	0.4618645906448364	rest	10	0	6	11	between
fs32k	15	all	24	0.4983981251716614	rest	10	0	6	11	between
fs32k	15	all	25	0.4885791540145874	rest	10	0	6	11	between
fs32k	15	all	26	0.4838618636131286	rest	10	0	6	11	between
fs32k	15	all	27	0.478764921426773	rest	10	0	6	11	between
fs32k	15	all	28	0.521019458770752	rest	10	0	6	11	between
fs32k	15	all	29	0.4933755695819855	rest	10	0	6	11	between
fs32k	15	all	30	0.4684523046016693	rest	10	0	6	11	between
fs32k	15	all	31	0.4988865852355957	rest	10	0	6	11	between
fs32k	15	all	32	0.5051087737083435	rest	10	0	6	11	between
fs32k	15	all	33	0.5107245445251465	rest	10	0	6	11	between
fs32k	15	all	34	0.5130351781845093	rest	10	0	6	11	between
fs32k	15	all	35	0.4954047203063965	rest	10	0	6	11	between
fs32k	15	all	36	0.4751467406749725	rest	10	0	6	11	between
fs32k	15	all	37	0.4959388077259063	rest	10	0	6	11	between
fs32k	15	all	38	0.5081719160079956	rest	10	0	6	11	between
fs32k	15	all	39	0.4860740900039673	rest	10	0	6	11	between
fs32k	15	all	40	0.4818898141384125	rest	10	0	6	11	between
fs32k	15	all	41	0.4628502428531647	rest	10	0	6	11	between
fs32k	15	all	42	0.4884132742881775	rest	10	0	6	11	between
fs32k	15	all	43	0.4984180331230163	rest	10	0	6	11	between
fs32k	15	all	44	0.4856207072734833	rest	10	0	6	11	between
fs32k	15	all	45	0.4704688787460327	rest	10	0	6	11	between
fs32k	15	all	46	0.4777433574199676	rest	10	0	6	11	between
fs32k	15	all	47	0.4908365607261657	rest	10	0	6	11	between
fs32k	15	all	48	0.4636258482933044	rest	10	0	6	11	between
fs32k	15	all	49	0.458097755908966	rest	10	0	6	11	between
fs32k	15	all	50	0.493804395198822	rest	10	0	6	11	between
fs32k	15	all	51	0.4805994629859924	rest	10	0	6	11	between
fs32k	15	all	52	0.493335485458374	rest	10	0	6	11	between
fs32k	15	all	53	0.4926672279834747	rest	10	0	6	11	between
fs32k	15	all	54	0.4873783588409424	rest	10	0	6	11	between
fs32k	15	all	55	0.4859800934791565	rest	10	0	6	11	between
fs32k	15	all	1	0.50291907787323	rest	10	0	6	12	between
fs32k	15	all	2	0.4660452306270599	rest	10	0	6	12	between
fs32k	15	all	3	0.5096832513809204	rest	10	0	6	12	between
fs32k	15	all	4	0.5051920413970947	rest	10	0	6	12	between
fs32k	15	all	5	0.5067079067230225	rest	10	0	6	12	between
fs32k	15	all	6	0.4815213978290558	rest	10	0	6	12	between
fs32k	15	all	7	0.4949129819869995	rest	10	0	6	12	between
fs32k	15	all	8	0.4859628081321716	rest	10	0	6	12	between
fs32k	15	all	9	0.4841740727424621	rest	10	0	6	12	between
fs32k	15	all	10	0.4849207997322082	rest	10	0	6	12	between
fs32k	15	all	11	0.482143759727478	rest	10	0	6	12	between
fs32k	15	all	12	0.5238168239593506	rest	10	0	6	12	between
fs32k	15	all	13	0.5155812501907349	rest	10	0	6	12	between
fs32k	15	all	14	0.5034782886505127	rest	10	0	6	12	between
fs32k	15	all	15	0.4671134650707245	rest	10	0	6	12	between
fs32k	15	all	16	0.5051262378692627	rest	10	0	6	12	between
fs32k	15	all	17	0.4973983466625213	rest	10	0	6	12	between
fs32k	15	all	18	0.4758479595184326	rest	10	0	6	12	between
fs32k	15	all	19	0.4993705749511719	rest	10	0	6	12	between
fs32k	15	all	20	0.4757291972637176	rest	10	0	6	12	between
fs32k	15	all	21	0.4779507517814636	rest	10	0	6	12	between
fs32k	15	all	22	0.4580666422843933	rest	10	0	6	12	between
fs32k	15	all	23	0.4598379135131836	rest	10	0	6	12	between
fs32k	15	all	24	0.4806433320045471	rest	10	0	6	12	between
fs32k	15	all	25	0.4772163033485412	rest	10	0	6	12	between
fs32k	15	all	26	0.4648979008197784	rest	10	0	6	12	between
fs32k	15	all	27	0.4782321751117706	rest	10	0	6	12	between
fs32k	15	all	28	0.5161072015762329	rest	10	0	6	12	between
fs32k	15	all	29	0.4938443899154663	rest	10	0	6	12	between
fs32k	15	all	30	0.4605055749416351	rest	10	0	6	12	between
fs32k	15	all	31	0.5054326057434082	rest	10	0	6	12	between
fs32k	15	all	32	0.4777940809726715	rest	10	0	6	12	between
fs32k	15	all	33	0.4907260239124298	rest	10	0	6	12	between
fs32k	15	all	34	0.5074025392532349	rest	10	0	6	12	between
fs32k	15	all	35	0.4821668863296509	rest	10	0	6	12	between
fs32k	15	all	36	0.4617638885974884	rest	10	0	6	12	between
fs32k	15	all	37	0.486418753862381	rest	10	0	6	12	between
fs32k	15	all	38	0.4867220222949981	rest	10	0	6	12	between
fs32k	15	all	39	0.4594489634037018	rest	10	0	6	12	between
fs32k	15	all	40	0.4751065373420715	rest	10	0	6	12	between
fs32k	15	all	41	0.4568618535995483	rest	10	0	6	12	between
fs32k	15	all	42	0.4807010591030121	rest	10	0	6	12	between
fs32k	15	all	43	0.4960958361625671	rest	10	0	6	12	between
fs32k	15	all	44	0.477279931306839	rest	10	0	6	12	between
fs32k	15	all	45	0.4716387093067169	rest	10	0	6	12	between
fs32k	15	all	46	0.4590253829956054	rest	10	0	6	12	between
fs32k	15	all	47	0.4847041666507721	rest	10	0	6	12	between
fs32k	15	all	48	0.4490254819393158	rest	10	0	6	12	between
fs32k	15	all	49	0.4579836130142212	rest	10	0	6	12	between
fs32k	15	all	50	0.4852039217948913	rest	10	0	6	12	between
fs32k	15	all	51	0.4635623693466186	rest	10	0	6	12	between
fs32k	15	all	52	0.4935382604598999	rest	10	0	6	12	between
fs32k	15	all	53	0.484693318605423	rest	10	0	6	12	between
fs32k	15	all	54	0.4794210791587829	rest	10	0	6	12	between
fs32k	15	all	55	0.4813219606876373	rest	10	0	6	12	between
fs32k	15	all	1	0.4880644679069519	rest	10	0	6	13	between
fs32k	15	all	2	0.4819768369197845	rest	10	0	6	13	between
fs32k	15	all	3	0.511605978012085	rest	10	0	6	13	between
fs32k	15	all	4	0.5047261714935303	rest	10	0	6	13	between
fs32k	15	all	5	0.4981808662414551	rest	10	0	6	13	between
fs32k	15	all	6	0.4826407134532928	rest	10	0	6	13	between
fs32k	15	all	7	0.5061748623847961	rest	10	0	6	13	between
fs32k	15	all	8	0.4873420596122741	rest	10	0	6	13	between
fs32k	15	all	9	0.4977067112922668	rest	10	0	6	13	between
fs32k	15	all	10	0.4909444749355316	rest	10	0	6	13	between
fs32k	15	all	11	0.4923022091388702	rest	10	0	6	13	between
fs32k	15	all	12	0.5123695135116577	rest	10	0	6	13	between
fs32k	15	all	13	0.5053680539131165	rest	10	0	6	13	between
fs32k	15	all	14	0.4874421060085296	rest	10	0	6	13	between
fs32k	15	all	15	0.4650110602378845	rest	10	0	6	13	between
fs32k	15	all	16	0.5064586400985718	rest	10	0	6	13	between
fs32k	15	all	17	0.4932701885700226	rest	10	0	6	13	between
fs32k	15	all	18	0.4925726354122162	rest	10	0	6	13	between
fs32k	15	all	19	0.4997336566448211	rest	10	0	6	13	between
fs32k	15	all	20	0.4799878597259521	rest	10	0	6	13	between
fs32k	15	all	21	0.4897353947162628	rest	10	0	6	13	between
fs32k	15	all	22	0.4657191336154938	rest	10	0	6	13	between
fs32k	15	all	23	0.4593780040740967	rest	10	0	6	13	between
fs32k	15	all	24	0.4926092326641083	rest	10	0	6	13	between
fs32k	15	all	25	0.4775762557983398	rest	10	0	6	13	between
fs32k	15	all	26	0.4727212786674499	rest	10	0	6	13	between
fs32k	15	all	27	0.4796138107776642	rest	10	0	6	13	between
fs32k	15	all	28	0.5151529312133789	rest	10	0	6	13	between
fs32k	15	all	29	0.4901035130023956	rest	10	0	6	13	between
fs32k	15	all	30	0.4589025378227234	rest	10	0	6	13	between
fs32k	15	all	31	0.5123239159584045	rest	10	0	6	13	between
fs32k	15	all	32	0.4768873155117035	rest	10	0	6	13	between
fs32k	15	all	33	0.5096091628074646	rest	10	0	6	13	between
fs32k	15	all	34	0.5049377083778381	rest	10	0	6	13	between
fs32k	15	all	35	0.491061270236969	rest	10	0	6	13	between
fs32k	15	all	36	0.4609977602958679	rest	10	0	6	13	between
fs32k	15	all	37	0.5021369457244873	rest	10	0	6	13	between
fs32k	15	all	38	0.4893793165683746	rest	10	0	6	13	between
fs32k	15	all	39	0.4841805398464203	rest	10	0	6	13	between
fs32k	15	all	40	0.4862153828144073	rest	10	0	6	13	between
fs32k	15	all	41	0.4563476741313934	rest	10	0	6	13	between
fs32k	15	all	42	0.4926489591598511	rest	10	0	6	13	between
fs32k	15	all	43	0.4942261576652527	rest	10	0	6	13	between
fs32k	15	all	44	0.4899522364139557	rest	10	0	6	13	between
fs32k	15	all	45	0.4646427631378174	rest	10	0	6	13	between
fs32k	15	all	46	0.4680218994617462	rest	10	0	6	13	between
fs32k	15	all	47	0.4884234666824341	rest	10	0	6	13	between
fs32k	15	all	48	0.4677043557167053	rest	10	0	6	13	between
fs32k	15	all	49	0.4706892371177673	rest	10	0	6	13	between
fs32k	15	all	50	0.4917680919170379	rest	10	0	6	13	between
fs32k	15	all	51	0.4837231636047363	rest	10	0	6	13	between
fs32k	15	all	52	0.5069946050643921	rest	10	0	6	13	between
fs32k	15	all	53	0.4928619861602783	rest	10	0	6	13	between
fs32k	15	all	54	0.4852482080459595	rest	10	0	6	13	between
fs32k	15	all	55	0.4915428459644317	rest	10	0	6	13	between
fs32k	15	all	1	0.4986922740936279	rest	10	0	6	14	between
fs32k	15	all	2	0.5023038983345032	rest	10	0	6	14	between
fs32k	15	all	3	0.5089964866638184	rest	10	0	6	14	between
fs32k	15	all	4	0.5100008845329285	rest	10	0	6	14	between
fs32k	15	all	5	0.5070422887802124	rest	10	0	6	14	between
fs32k	15	all	6	0.4985040426254272	rest	10	0	6	14	between
fs32k	15	all	7	0.506486177444458	rest	10	0	6	14	between
fs32k	15	all	8	0.5021090507507324	rest	10	0	6	14	between
fs32k	15	all	9	0.5094108581542969	rest	10	0	6	14	between
fs32k	15	all	10	0.5059453845024109	rest	10	0	6	14	between
fs32k	15	all	11	0.502266526222229	rest	10	0	6	14	between
fs32k	15	all	12	0.520653486251831	rest	10	0	6	14	between
fs32k	15	all	13	0.5082810521125793	rest	10	0	6	14	between
fs32k	15	all	14	0.4907505810260772	rest	10	0	6	14	between
fs32k	15	all	15	0.4766135811805725	rest	10	0	6	14	between
fs32k	15	all	16	0.4943010807037353	rest	10	0	6	14	between
fs32k	15	all	17	0.4941521883010864	rest	10	0	6	14	between
fs32k	15	all	18	0.4863496124744415	rest	10	0	6	14	between
fs32k	15	all	19	0.5083138942718506	rest	10	0	6	14	between
fs32k	15	all	20	0.4926216006278991	rest	10	0	6	14	between
fs32k	15	all	21	0.4868538975715637	rest	10	0	6	14	between
fs32k	15	all	22	0.4786065220832824	rest	10	0	6	14	between
fs32k	15	all	23	0.4689370095729828	rest	10	0	6	14	between
fs32k	15	all	24	0.4923648238182068	rest	10	0	6	14	between
fs32k	15	all	25	0.4982461333274841	rest	10	0	6	14	between
fs32k	15	all	26	0.4847254157066345	rest	10	0	6	14	between
fs32k	15	all	27	0.4912909269332886	rest	10	0	6	14	between
fs32k	15	all	28	0.5141516923904419	rest	10	0	6	14	between
fs32k	15	all	29	0.4804955422878265	rest	10	0	6	14	between
fs32k	15	all	30	0.4730499982833862	rest	10	0	6	14	between
fs32k	15	all	31	0.4969024658203125	rest	10	0	6	14	between
fs32k	15	all	32	0.4672012329101562	rest	10	0	6	14	between
fs32k	15	all	33	0.5011216998100281	rest	10	0	6	14	between
fs32k	15	all	34	0.5086125135421753	rest	10	0	6	14	between
fs32k	15	all	35	0.4944336414337158	rest	10	0	6	14	between
fs32k	15	all	36	0.4675024747848511	rest	10	0	6	14	between
fs32k	15	all	37	0.4913206100463867	rest	10	0	6	14	between
fs32k	15	all	38	0.4894260168075561	rest	10	0	6	14	between
fs32k	15	all	39	0.4755460619926452	rest	10	0	6	14	between
fs32k	15	all	40	0.4841535985469818	rest	10	0	6	14	between
fs32k	15	all	41	0.464979350566864	rest	10	0	6	14	between
fs32k	15	all	42	0.4884679913520813	rest	10	0	6	14	between
fs32k	15	all	43	0.4945046007633209	rest	10	0	6	14	between
fs32k	15	all	44	0.4828637838363647	rest	10	0	6	14	between
fs32k	15	all	45	0.4717378914356231	rest	10	0	6	14	between
fs32k	15	all	46	0.4696263372898102	rest	10	0	6	14	between
fs32k	15	all	47	0.486231118440628	rest	10	0	6	14	between
fs32k	15	all	48	0.4651669859886169	rest	10	0	6	14	between
fs32k	15	all	49	0.4736600816249847	rest	10	0	6	14	between
fs32k	15	all	50	0.4831443727016449	rest	10	0	6	14	between
fs32k	15	all	51	0.4820118546485901	rest	10	0	6	14	between
fs32k	15	all	52	0.494503378868103	rest	10	0	6	14	between
fs32k	15	all	53	0.4872323274612427	rest	10	0	6	14	between
fs32k	15	all	54	0.4819990396499634	rest	10	0	6	14	between
fs32k	15	all	55	0.4904104173183441	rest	10	0	6	14	between
fs32k	15	all	1	0.4889109134674072	rest	10	0	6	15	between
fs32k	15	all	2	0.4883322715759277	rest	10	0	6	15	between
fs32k	15	all	3	0.5206712484359741	rest	10	0	6	15	between
fs32k	15	all	4	0.5131914615631104	rest	10	0	6	15	between
fs32k	15	all	5	0.5146218538284302	rest	10	0	6	15	between
fs32k	15	all	6	0.4971330463886261	rest	10	0	6	15	between
fs32k	15	all	7	0.5059692859649658	rest	10	0	6	15	between
fs32k	15	all	8	0.4804604649543762	rest	10	0	6	15	between
fs32k	15	all	9	0.5052740573883057	rest	10	0	6	15	between
fs32k	15	all	10	0.4862850308418274	rest	10	0	6	15	between
fs32k	15	all	11	0.4928591847419739	rest	10	0	6	15	between
fs32k	15	all	12	0.513129472732544	rest	10	0	6	15	between
fs32k	15	all	13	0.4953963160514831	rest	10	0	6	15	between
fs32k	15	all	14	0.4814360737800598	rest	10	0	6	15	between
fs32k	15	all	15	0.462792307138443	rest	10	0	6	15	between
fs32k	15	all	16	0.4878609180450439	rest	10	0	6	15	between
fs32k	15	all	17	0.4736456871032715	rest	10	0	6	15	between
fs32k	15	all	18	0.4834412634372711	rest	10	0	6	15	between
fs32k	15	all	19	0.4709987044334411	rest	10	0	6	15	between
fs32k	15	all	20	0.4911339879035949	rest	10	0	6	15	between
fs32k	15	all	21	0.4964607954025268	rest	10	0	6	15	between
fs32k	15	all	22	0.4828411638736725	rest	10	0	6	15	between
fs32k	15	all	23	0.4558891654014587	rest	10	0	6	15	between
fs32k	15	all	24	0.4819340407848358	rest	10	0	6	15	between
fs32k	15	all	25	0.4869285523891449	rest	10	0	6	15	between
fs32k	15	all	26	0.4756962358951568	rest	10	0	6	15	between
fs32k	15	all	27	0.4798769652843475	rest	10	0	6	15	between
fs32k	15	all	28	0.5201441049575806	rest	10	0	6	15	between
fs32k	15	all	29	0.4933450818061828	rest	10	0	6	15	between
fs32k	15	all	30	0.4720818996429443	rest	10	0	6	15	between
fs32k	15	all	31	0.5090237855911255	rest	10	0	6	15	between
fs32k	15	all	32	0.4695556759834289	rest	10	0	6	15	between
fs32k	15	all	33	0.5159587264060974	rest	10	0	6	15	between
fs32k	15	all	34	0.498625099658966	rest	10	0	6	15	between
fs32k	15	all	35	0.4915979206562042	rest	10	0	6	15	between
fs32k	15	all	36	0.4718712270259857	rest	10	0	6	15	between
fs32k	15	all	37	0.4858525395393371	rest	10	0	6	15	between
fs32k	15	all	38	0.4822837710380554	rest	10	0	6	15	between
fs32k	15	all	39	0.4859120845794678	rest	10	0	6	15	between
fs32k	15	all	40	0.4684002995491028	rest	10	0	6	15	between
fs32k	15	all	41	0.4715388417243957	rest	10	0	6	15	between
fs32k	15	all	42	0.4950615167617798	rest	10	0	6	15	between
fs32k	15	all	43	0.498310387134552	rest	10	0	6	15	between
fs32k	15	all	44	0.4994958639144897	rest	10	0	6	15	between
fs32k	15	all	45	0.4735284149646759	rest	10	0	6	15	between
fs32k	15	all	46	0.4668477475643158	rest	10	0	6	15	between
fs32k	15	all	47	0.4747494459152221	rest	10	0	6	15	between
fs32k	15	all	48	0.469976395368576	rest	10	0	6	15	between
fs32k	15	all	49	0.4605384171009063	rest	10	0	6	15	between
fs32k	15	all	50	0.4823862016201019	rest	10	0	6	15	between
fs32k	15	all	51	0.4915247559547424	rest	10	0	6	15	between
fs32k	15	all	52	0.4873082339763641	rest	10	0	6	15	between
fs32k	15	all	53	0.4824946224689483	rest	10	0	6	15	between
fs32k	15	all	54	0.4828095436096191	rest	10	0	6	15	between
fs32k	15	all	55	0.4872644245624542	rest	10	0	6	15	between
fs32k	15	all	1	0.4931556582450866	rest	10	0	7	8	between
fs32k	15	all	2	0.4942609071731567	rest	10	0	7	8	between
fs32k	15	all	3	0.5202649831771851	rest	10	0	7	8	between
fs32k	15	all	4	0.5112253427505493	rest	10	0	7	8	between
fs32k	15	all	5	0.5041064620018005	rest	10	0	7	8	between
fs32k	15	all	6	0.511989176273346	rest	10	0	7	8	between
fs32k	15	all	7	0.4920958578586578	rest	10	0	7	8	between
fs32k	15	all	8	0.4877831637859344	rest	10	0	7	8	between
fs32k	15	all	9	0.5061507225036621	rest	10	0	7	8	between
fs32k	15	all	10	0.5158658027648926	rest	10	0	7	8	between
fs32k	15	all	11	0.4801981449127197	rest	10	0	7	8	between
fs32k	15	all	12	0.5168009400367737	rest	10	0	7	8	between
fs32k	15	all	13	0.4941240549087524	rest	10	0	7	8	between
fs32k	15	all	14	0.4737060666084289	rest	10	0	7	8	between
fs32k	15	all	15	0.4744693338871002	rest	10	0	7	8	between
fs32k	15	all	16	0.4932707548141479	rest	10	0	7	8	between
fs32k	15	all	17	0.4752743244171142	rest	10	0	7	8	between
fs32k	15	all	18	0.4939830303192138	rest	10	0	7	8	between
fs32k	15	all	19	0.5013900995254517	rest	10	0	7	8	between
fs32k	15	all	20	0.4971961975097656	rest	10	0	7	8	between
fs32k	15	all	21	0.5023345351219177	rest	10	0	7	8	between
fs32k	15	all	22	0.4541953504085541	rest	10	0	7	8	between
fs32k	15	all	23	0.4708285927772522	rest	10	0	7	8	between
fs32k	15	all	24	0.4775065183639526	rest	10	0	7	8	between
fs32k	15	all	25	0.4766229093074798	rest	10	0	7	8	between
fs32k	15	all	26	0.4783394932746887	rest	10	0	7	8	between
fs32k	15	all	27	0.4792380928993225	rest	10	0	7	8	between
fs32k	15	all	28	0.5265753865242004	rest	10	0	7	8	between
fs32k	15	all	29	0.4949946999549866	rest	10	0	7	8	between
fs32k	15	all	30	0.4916644394397735	rest	10	0	7	8	between
fs32k	15	all	31	0.517600417137146	rest	10	0	7	8	between
fs32k	15	all	32	0.4986906051635742	rest	10	0	7	8	between
fs32k	15	all	33	0.53323894739151	rest	10	0	7	8	between
fs32k	15	all	34	0.5347612500190735	rest	10	0	7	8	between
fs32k	15	all	35	0.4790109694004059	rest	10	0	7	8	between
fs32k	15	all	36	0.4886801540851593	rest	10	0	7	8	between
fs32k	15	all	37	0.4932548403739929	rest	10	0	7	8	between
fs32k	15	all	38	0.4840520620346069	rest	10	0	7	8	between
fs32k	15	all	39	0.4920104444026947	rest	10	0	7	8	between
fs32k	15	all	40	0.4977144300937652	rest	10	0	7	8	between
fs32k	15	all	41	0.4799884557723999	rest	10	0	7	8	between
fs32k	15	all	42	0.4744105935096741	rest	10	0	7	8	between
fs32k	15	all	43	0.4858127236366272	rest	10	0	7	8	between
fs32k	15	all	44	0.4900080859661102	rest	10	0	7	8	between
fs32k	15	all	45	0.4788174629211426	rest	10	0	7	8	between
fs32k	15	all	46	0.47395721077919	rest	10	0	7	8	between
fs32k	15	all	47	0.4924070239067077	rest	10	0	7	8	between
fs32k	15	all	48	0.4779712855815887	rest	10	0	7	8	between
fs32k	15	all	49	0.4903176426887512	rest	10	0	7	8	between
fs32k	15	all	50	0.4788916110992431	rest	10	0	7	8	between
fs32k	15	all	51	0.4863911271095276	rest	10	0	7	8	between
fs32k	15	all	52	0.4907875657081604	rest	10	0	7	8	between
fs32k	15	all	53	0.4907490909099579	rest	10	0	7	8	between
fs32k	15	all	54	0.4951267838478088	rest	10	0	7	8	between
fs32k	15	all	55	0.5133110284805298	rest	10	0	7	8	between
fs32k	15	all	1	0.5013226866722107	rest	10	0	7	9	between
fs32k	15	all	2	0.504104495048523	rest	10	0	7	9	between
fs32k	15	all	3	0.5215808153152466	rest	10	0	7	9	between
fs32k	15	all	4	0.5149985551834106	rest	10	0	7	9	between
fs32k	15	all	5	0.5070030689239502	rest	10	0	7	9	between
fs32k	15	all	6	0.5153855681419373	rest	10	0	7	9	between
fs32k	15	all	7	0.5096445083618164	rest	10	0	7	9	between
fs32k	15	all	8	0.5044003129005432	rest	10	0	7	9	between
fs32k	15	all	9	0.5207349061965942	rest	10	0	7	9	between
fs32k	15	all	10	0.5230159759521484	rest	10	0	7	9	between
fs32k	15	all	11	0.4869280457496643	rest	10	0	7	9	between
fs32k	15	all	12	0.5043356418609619	rest	10	0	7	9	between
fs32k	15	all	13	0.4964326620101928	rest	10	0	7	9	between
fs32k	15	all	14	0.4801227152347564	rest	10	0	7	9	between
fs32k	15	all	15	0.4757772386074066	rest	10	0	7	9	between
fs32k	15	all	16	0.4924590587615967	rest	10	0	7	9	between
fs32k	15	all	17	0.4836387038230896	rest	10	0	7	9	between
fs32k	15	all	18	0.5064104795455933	rest	10	0	7	9	between
fs32k	15	all	19	0.500139594078064	rest	10	0	7	9	between
fs32k	15	all	20	0.4852796196937561	rest	10	0	7	9	between
fs32k	15	all	21	0.5031123161315918	rest	10	0	7	9	between
fs32k	15	all	22	0.473671019077301	rest	10	0	7	9	between
fs32k	15	all	23	0.4739197194576263	rest	10	0	7	9	between
fs32k	15	all	24	0.4775801301002502	rest	10	0	7	9	between
fs32k	15	all	25	0.4949292838573456	rest	10	0	7	9	between
fs32k	15	all	26	0.49178346991539	rest	10	0	7	9	between
fs32k	15	all	27	0.4860086739063263	rest	10	0	7	9	between
fs32k	15	all	28	0.5077503323554993	rest	10	0	7	9	between
fs32k	15	all	29	0.4903146624565124	rest	10	0	7	9	between
fs32k	15	all	30	0.4671278297901153	rest	10	0	7	9	between
fs32k	15	all	31	0.4966489672660827	rest	10	0	7	9	between
fs32k	15	all	32	0.4809867441654205	rest	10	0	7	9	between
fs32k	15	all	33	0.5190073847770691	rest	10	0	7	9	between
fs32k	15	all	34	0.5045050382614136	rest	10	0	7	9	between
fs32k	15	all	35	0.4825660586357116	rest	10	0	7	9	between
fs32k	15	all	36	0.4724127054214477	rest	10	0	7	9	between
fs32k	15	all	37	0.4768468141555786	rest	10	0	7	9	between
fs32k	15	all	38	0.4884475767612457	rest	10	0	7	9	between
fs32k	15	all	39	0.4979609251022339	rest	10	0	7	9	between
fs32k	15	all	40	0.4964963793754577	rest	10	0	7	9	between
fs32k	15	all	41	0.4735830128192901	rest	10	0	7	9	between
fs32k	15	all	42	0.4763230085372925	rest	10	0	7	9	between
fs32k	15	all	43	0.4881810545921325	rest	10	0	7	9	between
fs32k	15	all	44	0.4901845753192901	rest	10	0	7	9	between
fs32k	15	all	45	0.4756169617176056	rest	10	0	7	9	between
fs32k	15	all	46	0.4822573065757751	rest	10	0	7	9	between
fs32k	15	all	47	0.4992762207984924	rest	10	0	7	9	between
fs32k	15	all	48	0.4816249012947082	rest	10	0	7	9	between
fs32k	15	all	49	0.4819501042366028	rest	10	0	7	9	between
fs32k	15	all	50	0.4883342683315277	rest	10	0	7	9	between
fs32k	15	all	51	0.4957958459854126	rest	10	0	7	9	between
fs32k	15	all	52	0.5049980282783508	rest	10	0	7	9	between
fs32k	15	all	53	0.494329959154129	rest	10	0	7	9	between
fs32k	15	all	54	0.4937697947025299	rest	10	0	7	9	between
fs32k	15	all	55	0.5083222985267639	rest	10	0	7	9	between
fs32k	15	all	1	0.4959258735179901	rest	10	0	7	10	between
fs32k	15	all	2	0.4998869895935058	rest	10	0	7	10	between
fs32k	15	all	3	0.5195298790931702	rest	10	0	7	10	between
fs32k	15	all	4	0.5156253576278687	rest	10	0	7	10	between
fs32k	15	all	5	0.5155974626541138	rest	10	0	7	10	between
fs32k	15	all	6	0.5231736898422241	rest	10	0	7	10	between
fs32k	15	all	7	0.5056039690971375	rest	10	0	7	10	between
fs32k	15	all	8	0.5038187503814697	rest	10	0	7	10	between
fs32k	15	all	9	0.5173677206039429	rest	10	0	7	10	between
fs32k	15	all	10	0.5190834999084473	rest	10	0	7	10	between
fs32k	15	all	11	0.4965687692165375	rest	10	0	7	10	between
fs32k	15	all	12	0.5175280570983887	rest	10	0	7	10	between
fs32k	15	all	13	0.5014030933380127	rest	10	0	7	10	between
fs32k	15	all	14	0.4849920868873596	rest	10	0	7	10	between
fs32k	15	all	15	0.4940465688705444	rest	10	0	7	10	between
fs32k	15	all	16	0.4917364716529846	rest	10	0	7	10	between
fs32k	15	all	17	0.4849021434783935	rest	10	0	7	10	between
fs32k	15	all	18	0.5028669238090515	rest	10	0	7	10	between
fs32k	15	all	19	0.5190991163253784	rest	10	0	7	10	between
fs32k	15	all	20	0.496708333492279	rest	10	0	7	10	between
fs32k	15	all	21	0.5049717426300049	rest	10	0	7	10	between
fs32k	15	all	22	0.4639029502868652	rest	10	0	7	10	between
fs32k	15	all	23	0.4843686819076538	rest	10	0	7	10	between
fs32k	15	all	24	0.4809271693229675	rest	10	0	7	10	between
fs32k	15	all	25	0.4822593331336975	rest	10	0	7	10	between
fs32k	15	all	26	0.4852151274681091	rest	10	0	7	10	between
fs32k	15	all	27	0.4931890368461609	rest	10	0	7	10	between
fs32k	15	all	28	0.5164043307304382	rest	10	0	7	10	between
fs32k	15	all	29	0.498859703540802	rest	10	0	7	10	between
fs32k	15	all	30	0.4909180104732513	rest	10	0	7	10	between
fs32k	15	all	31	0.4948531687259674	rest	10	0	7	10	between
fs32k	15	all	32	0.4811200201511383	rest	10	0	7	10	between
fs32k	15	all	33	0.5251544713973999	rest	10	0	7	10	between
fs32k	15	all	34	0.5337113738059998	rest	10	0	7	10	between
fs32k	15	all	35	0.4919735491275787	rest	10	0	7	10	between
fs32k	15	all	36	0.4930151998996734	rest	10	0	7	10	between
fs32k	15	all	37	0.4812045097351074	rest	10	0	7	10	between
fs32k	15	all	38	0.4847744703292846	rest	10	0	7	10	between
fs32k	15	all	39	0.4950874447822571	rest	10	0	7	10	between
fs32k	15	all	40	0.5199536085128784	rest	10	0	7	10	between
fs32k	15	all	41	0.4837066829204559	rest	10	0	7	10	between
fs32k	15	all	42	0.4849473237991333	rest	10	0	7	10	between
fs32k	15	all	43	0.4913808107376098	rest	10	0	7	10	between
fs32k	15	all	44	0.5046769976615906	rest	10	0	7	10	between
fs32k	15	all	45	0.4931663572788238	rest	10	0	7	10	between
fs32k	15	all	46	0.4786346554756164	rest	10	0	7	10	between
fs32k	15	all	47	0.4927121996879577	rest	10	0	7	10	between
fs32k	15	all	48	0.4865440726280212	rest	10	0	7	10	between
fs32k	15	all	49	0.4971753656864166	rest	10	0	7	10	between
fs32k	15	all	50	0.4856519699096679	rest	10	0	7	10	between
fs32k	15	all	51	0.4876230955123901	rest	10	0	7	10	between
fs32k	15	all	52	0.5001416206359863	rest	10	0	7	10	between
fs32k	15	all	53	0.4950364232063293	rest	10	0	7	10	between
fs32k	15	all	54	0.4881277680397033	rest	10	0	7	10	between
fs32k	15	all	55	0.5142825841903687	rest	10	0	7	10	between
fs32k	15	all	1	0.4941917061805725	rest	10	0	7	11	between
fs32k	15	all	2	0.5002567172050476	rest	10	0	7	11	between
fs32k	15	all	3	0.5317432284355164	rest	10	0	7	11	between
fs32k	15	all	4	0.532179057598114	rest	10	0	7	11	between
fs32k	15	all	5	0.5063504576683044	rest	10	0	7	11	between
fs32k	15	all	6	0.5284609794616699	rest	10	0	7	11	between
fs32k	15	all	7	0.5093798637390137	rest	10	0	7	11	between
fs32k	15	all	8	0.5103693008422852	rest	10	0	7	11	between
fs32k	15	all	9	0.507817268371582	rest	10	0	7	11	between
fs32k	15	all	10	0.5136793255805969	rest	10	0	7	11	between
fs32k	15	all	11	0.4774999618530273	rest	10	0	7	11	between
fs32k	15	all	12	0.5101460814476013	rest	10	0	7	11	between
fs32k	15	all	13	0.4949246346950531	rest	10	0	7	11	between
fs32k	15	all	14	0.4714529514312744	rest	10	0	7	11	between
fs32k	15	all	15	0.4743843078613281	rest	10	0	7	11	between
fs32k	15	all	16	0.483456015586853	rest	10	0	7	11	between
fs32k	15	all	17	0.4899298846721649	rest	10	0	7	11	between
fs32k	15	all	18	0.479364275932312	rest	10	0	7	11	between
fs32k	15	all	19	0.50115966796875	rest	10	0	7	11	between
fs32k	15	all	20	0.4817903935909271	rest	10	0	7	11	between
fs32k	15	all	21	0.4909810125827789	rest	10	0	7	11	between
fs32k	15	all	22	0.4668865799903869	rest	10	0	7	11	between
fs32k	15	all	23	0.4740303456783294	rest	10	0	7	11	between
fs32k	15	all	24	0.488560676574707	rest	10	0	7	11	between
fs32k	15	all	25	0.4830163121223449	rest	10	0	7	11	between
fs32k	15	all	26	0.481625348329544	rest	10	0	7	11	between
fs32k	15	all	27	0.4767374694347381	rest	10	0	7	11	between
fs32k	15	all	28	0.5220203995704651	rest	10	0	7	11	between
fs32k	15	all	29	0.4986632466316223	rest	10	0	7	11	between
fs32k	15	all	30	0.4816330075263977	rest	10	0	7	11	between
fs32k	15	all	31	0.5072423219680786	rest	10	0	7	11	between
fs32k	15	all	32	0.5115311145782471	rest	10	0	7	11	between
fs32k	15	all	33	0.5167346596717834	rest	10	0	7	11	between
fs32k	15	all	34	0.5294889211654663	rest	10	0	7	11	between
fs32k	15	all	35	0.4887454211711883	rest	10	0	7	11	between
fs32k	15	all	36	0.4918395280838012	rest	10	0	7	11	between
fs32k	15	all	37	0.4874289035797119	rest	10	0	7	11	between
fs32k	15	all	38	0.4978652000427246	rest	10	0	7	11	between
fs32k	15	all	39	0.4905717074871063	rest	10	0	7	11	between
fs32k	15	all	40	0.5040973424911499	rest	10	0	7	11	between
fs32k	15	all	41	0.4775107204914093	rest	10	0	7	11	between
fs32k	15	all	42	0.4790449738502502	rest	10	0	7	11	between
fs32k	15	all	43	0.4880410432815552	rest	10	0	7	11	between
fs32k	15	all	44	0.4839669167995453	rest	10	0	7	11	between
fs32k	15	all	45	0.4785530567169189	rest	10	0	7	11	between
fs32k	15	all	46	0.4831385612487793	rest	10	0	7	11	between
fs32k	15	all	47	0.4946476817131042	rest	10	0	7	11	between
fs32k	15	all	48	0.4774202108383178	rest	10	0	7	11	between
fs32k	15	all	49	0.4838947057723999	rest	10	0	7	11	between
fs32k	15	all	50	0.4941779971122741	rest	10	0	7	11	between
fs32k	15	all	51	0.4817151427268982	rest	10	0	7	11	between
fs32k	15	all	52	0.4982670545578003	rest	10	0	7	11	between
fs32k	15	all	53	0.49701789021492	rest	10	0	7	11	between
fs32k	15	all	54	0.4983264505863189	rest	10	0	7	11	between
fs32k	15	all	55	0.4920842051506042	rest	10	0	7	11	between
fs32k	15	all	1	0.4959040284156799	rest	10	0	7	12	between
fs32k	15	all	2	0.4762324094772339	rest	10	0	7	12	between
fs32k	15	all	3	0.5228050947189331	rest	10	0	7	12	between
fs32k	15	all	4	0.5106431245803833	rest	10	0	7	12	between
fs32k	15	all	5	0.5051230788230896	rest	10	0	7	12	between
fs32k	15	all	6	0.5111826658248901	rest	10	0	7	12	between
fs32k	15	all	7	0.4997349083423614	rest	10	0	7	12	between
fs32k	15	all	8	0.4981625080108642	rest	10	0	7	12	between
fs32k	15	all	9	0.4946463704109192	rest	10	0	7	12	between
fs32k	15	all	10	0.5108629465103149	rest	10	0	7	12	between
fs32k	15	all	11	0.4741503000259399	rest	10	0	7	12	between
fs32k	15	all	12	0.5178312659263611	rest	10	0	7	12	between
fs32k	15	all	13	0.4988130033016205	rest	10	0	7	12	between
fs32k	15	all	14	0.4884218871593475	rest	10	0	7	12	between
fs32k	15	all	15	0.4758447408676147	rest	10	0	7	12	between
fs32k	15	all	16	0.4978167712688446	rest	10	0	7	12	between
fs32k	15	all	17	0.4834190011024475	rest	10	0	7	12	between
fs32k	15	all	18	0.4745912253856659	rest	10	0	7	12	between
fs32k	15	all	19	0.5050032138824463	rest	10	0	7	12	between
fs32k	15	all	20	0.4838787615299225	rest	10	0	7	12	between
fs32k	15	all	21	0.4887265861034393	rest	10	0	7	12	between
fs32k	15	all	22	0.4576961398124695	rest	10	0	7	12	between
fs32k	15	all	23	0.4687191247940063	rest	10	0	7	12	between
fs32k	15	all	24	0.4828423261642456	rest	10	0	7	12	between
fs32k	15	all	25	0.4801415801048279	rest	10	0	7	12	between
fs32k	15	all	26	0.4645242393016815	rest	10	0	7	12	between
fs32k	15	all	27	0.4793518185615539	rest	10	0	7	12	between
fs32k	15	all	28	0.5216070413589478	rest	10	0	7	12	between
fs32k	15	all	29	0.502409815788269	rest	10	0	7	12	between
fs32k	15	all	30	0.4803535938262939	rest	10	0	7	12	between
fs32k	15	all	31	0.5096644163131714	rest	10	0	7	12	between
fs32k	15	all	32	0.4945865273475647	rest	10	0	7	12	between
fs32k	15	all	33	0.5049840211868286	rest	10	0	7	12	between
fs32k	15	all	34	0.5317214131355286	rest	10	0	7	12	between
fs32k	15	all	35	0.4769490361213684	rest	10	0	7	12	between
fs32k	15	all	36	0.47730553150177	rest	10	0	7	12	between
fs32k	15	all	37	0.4778664708137512	rest	10	0	7	12	between
fs32k	15	all	38	0.4802152514457702	rest	10	0	7	12	between
fs32k	15	all	39	0.4628046154975891	rest	10	0	7	12	between
fs32k	15	all	40	0.5002186894416809	rest	10	0	7	12	between
fs32k	15	all	41	0.473192811012268	rest	10	0	7	12	between
fs32k	15	all	42	0.4812433421611786	rest	10	0	7	12	between
fs32k	15	all	43	0.4949195384979248	rest	10	0	7	12	between
fs32k	15	all	44	0.4799416065216064	rest	10	0	7	12	between
fs32k	15	all	45	0.489804208278656	rest	10	0	7	12	between
fs32k	15	all	46	0.469452828168869	rest	10	0	7	12	between
fs32k	15	all	47	0.4869697690010071	rest	10	0	7	12	between
fs32k	15	all	48	0.4596187472343445	rest	10	0	7	12	between
fs32k	15	all	49	0.4806933403015136	rest	10	0	7	12	between
fs32k	15	all	50	0.48621466755867	rest	10	0	7	12	between
fs32k	15	all	51	0.4671569466590881	rest	10	0	7	12	between
fs32k	15	all	52	0.5040150880813599	rest	10	0	7	12	between
fs32k	15	all	53	0.4894403219223022	rest	10	0	7	12	between
fs32k	15	all	54	0.4914757013320923	rest	10	0	7	12	between
fs32k	15	all	55	0.4893997311592102	rest	10	0	7	12	between
fs32k	15	all	1	0.4814597368240356	rest	10	0	7	13	between
fs32k	15	all	2	0.4950462579727173	rest	10	0	7	13	between
fs32k	15	all	3	0.5205072164535522	rest	10	0	7	13	between
fs32k	15	all	4	0.5114715695381165	rest	10	0	7	13	between
fs32k	15	all	5	0.4977796673774719	rest	10	0	7	13	between
fs32k	15	all	6	0.4982531368732452	rest	10	0	7	13	between
fs32k	15	all	7	0.5089989900588989	rest	10	0	7	13	between
fs32k	15	all	8	0.5017582774162292	rest	10	0	7	13	between
fs32k	15	all	9	0.5081915855407715	rest	10	0	7	13	between
fs32k	15	all	10	0.5074753761291504	rest	10	0	7	13	between
fs32k	15	all	11	0.4845142960548401	rest	10	0	7	13	between
fs32k	15	all	12	0.500617265701294	rest	10	0	7	13	between
fs32k	15	all	13	0.484887421131134	rest	10	0	7	13	between
fs32k	15	all	14	0.4687869548797607	rest	10	0	7	13	between
fs32k	15	all	15	0.4679380059242248	rest	10	0	7	13	between
fs32k	15	all	16	0.4919467866420746	rest	10	0	7	13	between
fs32k	15	all	17	0.4784170687198639	rest	10	0	7	13	between
fs32k	15	all	18	0.4884796440601349	rest	10	0	7	13	between
fs32k	15	all	19	0.5012285113334656	rest	10	0	7	13	between
fs32k	15	all	20	0.4883559942245483	rest	10	0	7	13	between
fs32k	15	all	21	0.4985623955726623	rest	10	0	7	13	between
fs32k	15	all	22	0.4687157273292541	rest	10	0	7	13	between
fs32k	15	all	23	0.4761117398738861	rest	10	0	7	13	between
fs32k	15	all	24	0.4972770810127258	rest	10	0	7	13	between
fs32k	15	all	25	0.4818836450576782	rest	10	0	7	13	between
fs32k	15	all	26	0.4871443212032318	rest	10	0	7	13	between
fs32k	15	all	27	0.4982954859733581	rest	10	0	7	13	between
fs32k	15	all	28	0.5167901515960693	rest	10	0	7	13	between
fs32k	15	all	29	0.497098445892334	rest	10	0	7	13	between
fs32k	15	all	30	0.4799310266971588	rest	10	0	7	13	between
fs32k	15	all	31	0.5204917192459106	rest	10	0	7	13	between
fs32k	15	all	32	0.4944106936454773	rest	10	0	7	13	between
fs32k	15	all	33	0.5261535048484802	rest	10	0	7	13	between
fs32k	15	all	34	0.5303696990013123	rest	10	0	7	13	between
fs32k	15	all	35	0.4885020554065704	rest	10	0	7	13	between
fs32k	15	all	36	0.4784578084945678	rest	10	0	7	13	between
fs32k	15	all	37	0.4983116388320923	rest	10	0	7	13	between
fs32k	15	all	38	0.4832255840301513	rest	10	0	7	13	between
fs32k	15	all	39	0.4932887256145477	rest	10	0	7	13	between
fs32k	15	all	40	0.5087023973464966	rest	10	0	7	13	between
fs32k	15	all	41	0.4677737653255462	rest	10	0	7	13	between
fs32k	15	all	42	0.4925203025341034	rest	10	0	7	13	between
fs32k	15	all	43	0.49039027094841	rest	10	0	7	13	between
fs32k	15	all	44	0.4926104247570038	rest	10	0	7	13	between
fs32k	15	all	45	0.4798837304115295	rest	10	0	7	13	between
fs32k	15	all	46	0.4820697009563446	rest	10	0	7	13	between
fs32k	15	all	47	0.4974169731140136	rest	10	0	7	13	between
fs32k	15	all	48	0.4786663651466369	rest	10	0	7	13	between
fs32k	15	all	49	0.488696277141571	rest	10	0	7	13	between
fs32k	15	all	50	0.496006429195404	rest	10	0	7	13	between
fs32k	15	all	51	0.4954554438591003	rest	10	0	7	13	between
fs32k	15	all	52	0.5235745906829834	rest	10	0	7	13	between
fs32k	15	all	53	0.4997971355915069	rest	10	0	7	13	between
fs32k	15	all	54	0.5005244016647339	rest	10	0	7	13	between
fs32k	15	all	55	0.5075788497924805	rest	10	0	7	13	between
fs32k	15	all	1	0.4858039021492004	rest	10	0	7	14	between
fs32k	15	all	2	0.5103014707565308	rest	10	0	7	14	between
fs32k	15	all	3	0.5159883499145508	rest	10	0	7	14	between
fs32k	15	all	4	0.5106911063194275	rest	10	0	7	14	between
fs32k	15	all	5	0.5060830116271973	rest	10	0	7	14	between
fs32k	15	all	6	0.5155718326568604	rest	10	0	7	14	between
fs32k	15	all	7	0.5079935789108276	rest	10	0	7	14	between
fs32k	15	all	8	0.5044342279434204	rest	10	0	7	14	between
fs32k	15	all	9	0.5110056400299072	rest	10	0	7	14	between
fs32k	15	all	10	0.5186381936073303	rest	10	0	7	14	between
fs32k	15	all	11	0.489642858505249	rest	10	0	7	14	between
fs32k	15	all	12	0.5108023881912231	rest	10	0	7	14	between
fs32k	15	all	13	0.4918517470359802	rest	10	0	7	14	between
fs32k	15	all	14	0.4756033420562744	rest	10	0	7	14	between
fs32k	15	all	15	0.4855180382728576	rest	10	0	7	14	between
fs32k	15	all	16	0.4845188558101654	rest	10	0	7	14	between
fs32k	15	all	17	0.4747766852378845	rest	10	0	7	14	between
fs32k	15	all	18	0.4831510782241821	rest	10	0	7	14	between
fs32k	15	all	19	0.5103538036346436	rest	10	0	7	14	between
fs32k	15	all	20	0.4953522086143493	rest	10	0	7	14	between
fs32k	15	all	21	0.4924175441265106	rest	10	0	7	14	between
fs32k	15	all	22	0.4772021770477295	rest	10	0	7	14	between
fs32k	15	all	23	0.482632040977478	rest	10	0	7	14	between
fs32k	15	all	24	0.4896605610847473	rest	10	0	7	14	between
fs32k	15	all	25	0.4982061088085174	rest	10	0	7	14	between
fs32k	15	all	26	0.4837180972099304	rest	10	0	7	14	between
fs32k	15	all	27	0.4922613501548767	rest	10	0	7	14	between
fs32k	15	all	28	0.5149832963943481	rest	10	0	7	14	between
fs32k	15	all	29	0.4935238361358642	rest	10	0	7	14	between
fs32k	15	all	30	0.4906960129737854	rest	10	0	7	14	between
fs32k	15	all	31	0.5036300420761108	rest	10	0	7	14	between
fs32k	15	all	32	0.4824346899986267	rest	10	0	7	14	between
fs32k	15	all	33	0.5140896439552307	rest	10	0	7	14	between
fs32k	15	all	34	0.5303112268447876	rest	10	0	7	14	between
fs32k	15	all	35	0.4907927513122558	rest	10	0	7	14	between
fs32k	15	all	36	0.480917364358902	rest	10	0	7	14	between
fs32k	15	all	37	0.4804815351963043	rest	10	0	7	14	between
fs32k	15	all	38	0.4811474680900574	rest	10	0	7	14	between
fs32k	15	all	39	0.4801996052265167	rest	10	0	7	14	between
fs32k	15	all	40	0.5056865215301514	rest	10	0	7	14	between
fs32k	15	all	41	0.482252687215805	rest	10	0	7	14	between
fs32k	15	all	42	0.481070876121521	rest	10	0	7	14	between
fs32k	15	all	43	0.4887381196022033	rest	10	0	7	14	between
fs32k	15	all	44	0.4863925576210022	rest	10	0	7	14	between
fs32k	15	all	45	0.4899641871452331	rest	10	0	7	14	between
fs32k	15	all	46	0.4818193316459656	rest	10	0	7	14	between
fs32k	15	all	47	0.4932479858398437	rest	10	0	7	14	between
fs32k	15	all	48	0.4864314794540405	rest	10	0	7	14	between
fs32k	15	all	49	0.5055361986160278	rest	10	0	7	14	between
fs32k	15	all	50	0.4866285920143127	rest	10	0	7	14	between
fs32k	15	all	51	0.4861503839492798	rest	10	0	7	14	between
fs32k	15	all	52	0.5061736106872559	rest	10	0	7	14	between
fs32k	15	all	53	0.4907811880111694	rest	10	0	7	14	between
fs32k	15	all	54	0.4935624003410339	rest	10	0	7	14	between
fs32k	15	all	55	0.5099404454231262	rest	10	0	7	14	between
fs32k	15	all	1	0.4786985218524933	rest	10	0	7	15	between
fs32k	15	all	2	0.4955528974533081	rest	10	0	7	15	between
fs32k	15	all	3	0.5272639989852905	rest	10	0	7	15	between
fs32k	15	all	4	0.5120478868484497	rest	10	0	7	15	between
fs32k	15	all	5	0.5085568428039551	rest	10	0	7	15	between
fs32k	15	all	6	0.5237292051315308	rest	10	0	7	15	between
fs32k	15	all	7	0.5047969818115234	rest	10	0	7	15	between
fs32k	15	all	8	0.4828811585903168	rest	10	0	7	15	between
fs32k	15	all	9	0.5097206830978394	rest	10	0	7	15	between
fs32k	15	all	10	0.5054814219474792	rest	10	0	7	15	between
fs32k	15	all	11	0.4794839322566986	rest	10	0	7	15	between
fs32k	15	all	12	0.5003893971443176	rest	10	0	7	15	between
fs32k	15	all	13	0.4788212180137634	rest	10	0	7	15	between
fs32k	15	all	14	0.4646381139755249	rest	10	0	7	15	between
fs32k	15	all	15	0.4678770899772644	rest	10	0	7	15	between
fs32k	15	all	16	0.4763416945934295	rest	10	0	7	15	between
fs32k	15	all	17	0.4598916471004486	rest	10	0	7	15	between
fs32k	15	all	18	0.4794842004776001	rest	10	0	7	15	between
fs32k	15	all	19	0.4753755331039428	rest	10	0	7	15	between
fs32k	15	all	20	0.4895858466625213	rest	10	0	7	15	between
fs32k	15	all	21	0.499910831451416	rest	10	0	7	15	between
fs32k	15	all	22	0.4768360555171966	rest	10	0	7	15	between
fs32k	15	all	23	0.4696590900421142	rest	10	0	7	15	between
fs32k	15	all	24	0.4762786030769348	rest	10	0	7	15	between
fs32k	15	all	25	0.4828795790672302	rest	10	0	7	15	between
fs32k	15	all	26	0.4832601547241211	rest	10	0	7	15	between
fs32k	15	all	27	0.4850998818874359	rest	10	0	7	15	between
fs32k	15	all	28	0.5202771425247192	rest	10	0	7	15	between
fs32k	15	all	29	0.4969281852245331	rest	10	0	7	15	between
fs32k	15	all	30	0.4924137592315674	rest	10	0	7	15	between
fs32k	15	all	31	0.516930103302002	rest	10	0	7	15	between
fs32k	15	all	32	0.4805060625076294	rest	10	0	7	15	between
fs32k	15	all	33	0.5240016579627991	rest	10	0	7	15	between
fs32k	15	all	34	0.5160412788391113	rest	10	0	7	15	between
fs32k	15	all	35	0.4833743870258331	rest	10	0	7	15	between
fs32k	15	all	36	0.4849483966827392	rest	10	0	7	15	between
fs32k	15	all	37	0.4796658754348755	rest	10	0	7	15	between
fs32k	15	all	38	0.4705544412136078	rest	10	0	7	15	between
fs32k	15	all	39	0.489815354347229	rest	10	0	7	15	between
fs32k	15	all	40	0.4881300032138824	rest	10	0	7	15	between
fs32k	15	all	41	0.48586106300354	rest	10	0	7	15	between
fs32k	15	all	42	0.4847299456596374	rest	10	0	7	15	between
fs32k	15	all	43	0.48369961977005	rest	10	0	7	15	between
fs32k	15	all	44	0.500285804271698	rest	10	0	7	15	between
fs32k	15	all	45	0.4767763316631317	rest	10	0	7	15	between
fs32k	15	all	46	0.477443665266037	rest	10	0	7	15	between
fs32k	15	all	47	0.4724221229553222	rest	10	0	7	15	between
fs32k	15	all	48	0.4908428788185119	rest	10	0	7	15	between
fs32k	15	all	49	0.4869851469993591	rest	10	0	7	15	between
fs32k	15	all	50	0.4762405157089233	rest	10	0	7	15	between
fs32k	15	all	51	0.5032981634140015	rest	10	0	7	15	between
fs32k	15	all	52	0.493965208530426	rest	10	0	7	15	between
fs32k	15	all	53	0.483220487833023	rest	10	0	7	15	between
fs32k	15	all	54	0.4849437177181244	rest	10	0	7	15	between
fs32k	15	all	55	0.4953145682811737	rest	10	0	7	15	between
fs32k	15	all	1	0.4967213273048401	rest	10	0	8	9	between
fs32k	15	all	2	0.5005892515182495	rest	10	0	8	9	between
fs32k	15	all	3	0.5164289474487305	rest	10	0	8	9	between
fs32k	15	all	4	0.4997114539146423	rest	10	0	8	9	between
fs32k	15	all	5	0.5025779604911804	rest	10	0	8	9	between
fs32k	15	all	6	0.4947993159294128	rest	10	0	8	9	between
fs32k	15	all	7	0.4937452673912048	rest	10	0	8	9	between
fs32k	15	all	8	0.4903975427150726	rest	10	0	8	9	between
fs32k	15	all	9	0.5077358484268188	rest	10	0	8	9	between
fs32k	15	all	10	0.5114729404449463	rest	10	0	8	9	between
fs32k	15	all	11	0.4856236279010772	rest	10	0	8	9	between
fs32k	15	all	12	0.5114213228225708	rest	10	0	8	9	between
fs32k	15	all	13	0.510694146156311	rest	10	0	8	9	between
fs32k	15	all	14	0.4852840602397918	rest	10	0	8	9	between
fs32k	15	all	15	0.4679917991161346	rest	10	0	8	9	between
fs32k	15	all	16	0.4930611252784729	rest	10	0	8	9	between
fs32k	15	all	17	0.4804638922214508	rest	10	0	8	9	between
fs32k	15	all	18	0.5054419040679932	rest	10	0	8	9	between
fs32k	15	all	19	0.506697416305542	rest	10	0	8	9	between
fs32k	15	all	20	0.4925096929073334	rest	10	0	8	9	between
fs32k	15	all	21	0.5053414106369019	rest	10	0	8	9	between
fs32k	15	all	22	0.4786518216133117	rest	10	0	8	9	between
fs32k	15	all	23	0.4564176797866821	rest	10	0	8	9	between
fs32k	15	all	24	0.4775662422180176	rest	10	0	8	9	between
fs32k	15	all	25	0.496459424495697	rest	10	0	8	9	between
fs32k	15	all	26	0.4962431192398071	rest	10	0	8	9	between
fs32k	15	all	27	0.4895229935646057	rest	10	0	8	9	between
fs32k	15	all	28	0.5077639222145081	rest	10	0	8	9	between
fs32k	15	all	29	0.488915741443634	rest	10	0	8	9	between
fs32k	15	all	30	0.4756314754486084	rest	10	0	8	9	between
fs32k	15	all	31	0.4997561573982239	rest	10	0	8	9	between
fs32k	15	all	32	0.4864956140518188	rest	10	0	8	9	between
fs32k	15	all	33	0.5274725556373596	rest	10	0	8	9	between
fs32k	15	all	34	0.5048643350601196	rest	10	0	8	9	between
fs32k	15	all	35	0.490967333316803	rest	10	0	8	9	between
fs32k	15	all	36	0.4676642417907715	rest	10	0	8	9	between
fs32k	15	all	37	0.4809439480304718	rest	10	0	8	9	between
fs32k	15	all	38	0.4901941120624542	rest	10	0	8	9	between
fs32k	15	all	39	0.4994862377643585	rest	10	0	8	9	between
fs32k	15	all	40	0.4966292977333069	rest	10	0	8	9	between
fs32k	15	all	41	0.4659456610679626	rest	10	0	8	9	between
fs32k	15	all	42	0.4744009375572204	rest	10	0	8	9	between
fs32k	15	all	43	0.4884711503982544	rest	10	0	8	9	between
fs32k	15	all	44	0.4946966767311096	rest	10	0	8	9	between
fs32k	15	all	45	0.4771512448787689	rest	10	0	8	9	between
fs32k	15	all	46	0.4722572267055511	rest	10	0	8	9	between
fs32k	15	all	47	0.4977368414402008	rest	10	0	8	9	between
fs32k	15	all	48	0.4732033014297485	rest	10	0	8	9	between
fs32k	15	all	49	0.4738653898239136	rest	10	0	8	9	between
fs32k	15	all	50	0.4850844740867615	rest	10	0	8	9	between
fs32k	15	all	51	0.4849721491336822	rest	10	0	8	9	between
fs32k	15	all	52	0.4957225918769836	rest	10	0	8	9	between
fs32k	15	all	53	0.4866778552532196	rest	10	0	8	9	between
fs32k	15	all	54	0.4883373975753784	rest	10	0	8	9	between
fs32k	15	all	55	0.4998233318328857	rest	10	0	8	9	between
fs32k	15	all	1	0.4899569153785705	rest	10	0	8	10	between
fs32k	15	all	2	0.4880589842796325	rest	10	0	8	10	between
fs32k	15	all	3	0.5101094841957092	rest	10	0	8	10	between
fs32k	15	all	4	0.4969947636127472	rest	10	0	8	10	between
fs32k	15	all	5	0.5058820843696594	rest	10	0	8	10	between
fs32k	15	all	6	0.5044329166412354	rest	10	0	8	10	between
fs32k	15	all	7	0.4915589094161987	rest	10	0	8	10	between
fs32k	15	all	8	0.4893163442611694	rest	10	0	8	10	between
fs32k	15	all	9	0.4976013302803039	rest	10	0	8	10	between
fs32k	15	all	10	0.5004942417144775	rest	10	0	8	10	between
fs32k	15	all	11	0.4964721798896789	rest	10	0	8	10	between
fs32k	15	all	12	0.5238445401191711	rest	10	0	8	10	between
fs32k	15	all	13	0.5116347074508667	rest	10	0	8	10	between
fs32k	15	all	14	0.4955432415008545	rest	10	0	8	10	between
fs32k	15	all	15	0.483158677816391	rest	10	0	8	10	between
fs32k	15	all	16	0.4962917566299438	rest	10	0	8	10	between
fs32k	15	all	17	0.4867686331272125	rest	10	0	8	10	between
fs32k	15	all	18	0.5035157203674316	rest	10	0	8	10	between
fs32k	15	all	19	0.5273293256759644	rest	10	0	8	10	between
fs32k	15	all	20	0.5073710680007935	rest	10	0	8	10	between
fs32k	15	all	21	0.5046399831771851	rest	10	0	8	10	between
fs32k	15	all	22	0.4681215584278106	rest	10	0	8	10	between
fs32k	15	all	23	0.4696729183197021	rest	10	0	8	10	between
fs32k	15	all	24	0.4797219038009643	rest	10	0	8	10	between
fs32k	15	all	25	0.4814539849758148	rest	10	0	8	10	between
fs32k	15	all	26	0.4954555332660675	rest	10	0	8	10	between
fs32k	15	all	27	0.4992573857307434	rest	10	0	8	10	between
fs32k	15	all	28	0.5107402801513672	rest	10	0	8	10	between
fs32k	15	all	29	0.4995215237140655	rest	10	0	8	10	between
fs32k	15	all	30	0.4964976608753204	rest	10	0	8	10	between
fs32k	15	all	31	0.4980553388595581	rest	10	0	8	10	between
fs32k	15	all	32	0.4857200384140014	rest	10	0	8	10	between
fs32k	15	all	33	0.5273928642272949	rest	10	0	8	10	between
fs32k	15	all	34	0.5347011685371399	rest	10	0	8	10	between
fs32k	15	all	35	0.4969309270381927	rest	10	0	8	10	between
fs32k	15	all	36	0.4856545925140381	rest	10	0	8	10	between
fs32k	15	all	37	0.4851268529891968	rest	10	0	8	10	between
fs32k	15	all	38	0.4880289733409881	rest	10	0	8	10	between
fs32k	15	all	39	0.4986615180969238	rest	10	0	8	10	between
fs32k	15	all	40	0.5192829370498657	rest	10	0	8	10	between
fs32k	15	all	41	0.4768543243408203	rest	10	0	8	10	between
fs32k	15	all	42	0.4808596968650818	rest	10	0	8	10	between
fs32k	15	all	43	0.4896816313266754	rest	10	0	8	10	between
fs32k	15	all	44	0.501951277256012	rest	10	0	8	10	between
fs32k	15	all	45	0.4997757971286773	rest	10	0	8	10	between
fs32k	15	all	46	0.4731714129447937	rest	10	0	8	10	between
fs32k	15	all	47	0.4905848801136017	rest	10	0	8	10	between
fs32k	15	all	48	0.476026713848114	rest	10	0	8	10	between
fs32k	15	all	49	0.4815555512905121	rest	10	0	8	10	between
fs32k	15	all	50	0.4805400669574737	rest	10	0	8	10	between
fs32k	15	all	51	0.4804474115371704	rest	10	0	8	10	between
fs32k	15	all	52	0.493338942527771	rest	10	0	8	10	between
fs32k	15	all	53	0.4868750274181366	rest	10	0	8	10	between
fs32k	15	all	54	0.4877583682537079	rest	10	0	8	10	between
fs32k	15	all	55	0.509273111820221	rest	10	0	8	10	between
fs32k	15	all	1	0.4900219440460205	rest	10	0	8	11	between
fs32k	15	all	2	0.4947606027126312	rest	10	0	8	11	between
fs32k	15	all	3	0.5262758731842041	rest	10	0	8	11	between
fs32k	15	all	4	0.5195022821426392	rest	10	0	8	11	between
fs32k	15	all	5	0.5035475492477417	rest	10	0	8	11	between
fs32k	15	all	6	0.503806471824646	rest	10	0	8	11	between
fs32k	15	all	7	0.4977380037307739	rest	10	0	8	11	between
fs32k	15	all	8	0.4933017194271087	rest	10	0	8	11	between
fs32k	15	all	9	0.4949495792388916	rest	10	0	8	11	between
fs32k	15	all	10	0.5066752433776855	rest	10	0	8	11	between
fs32k	15	all	11	0.4816003739833832	rest	10	0	8	11	between
fs32k	15	all	12	0.5169312953948975	rest	10	0	8	11	between
fs32k	15	all	13	0.5077592134475708	rest	10	0	8	11	between
fs32k	15	all	14	0.4762812256813049	rest	10	0	8	11	between
fs32k	15	all	15	0.4732588231563568	rest	10	0	8	11	between
fs32k	15	all	16	0.4859068691730499	rest	10	0	8	11	between
fs32k	15	all	17	0.4932101368904114	rest	10	0	8	11	between
fs32k	15	all	18	0.4807102978229522	rest	10	0	8	11	between
fs32k	15	all	19	0.501494824886322	rest	10	0	8	11	between
fs32k	15	all	20	0.4915520846843719	rest	10	0	8	11	between
fs32k	15	all	21	0.4904035925865173	rest	10	0	8	11	between
fs32k	15	all	22	0.4713157415390014	rest	10	0	8	11	between
fs32k	15	all	23	0.4553483128547668	rest	10	0	8	11	between
fs32k	15	all	24	0.4843025207519531	rest	10	0	8	11	between
fs32k	15	all	25	0.4888757467269897	rest	10	0	8	11	between
fs32k	15	all	26	0.4823175370693207	rest	10	0	8	11	between
fs32k	15	all	27	0.4898037910461426	rest	10	0	8	11	between
fs32k	15	all	28	0.5209997892379761	rest	10	0	8	11	between
fs32k	15	all	29	0.5000187754631042	rest	10	0	8	11	between
fs32k	15	all	30	0.4858125448226928	rest	10	0	8	11	between
fs32k	15	all	31	0.5103801488876343	rest	10	0	8	11	between
fs32k	15	all	32	0.5170899033546448	rest	10	0	8	11	between
fs32k	15	all	33	0.5193074941635132	rest	10	0	8	11	between
fs32k	15	all	34	0.5296609401702881	rest	10	0	8	11	between
fs32k	15	all	35	0.4945737421512604	rest	10	0	8	11	between
fs32k	15	all	36	0.4853842854499817	rest	10	0	8	11	between
fs32k	15	all	37	0.4905795454978943	rest	10	0	8	11	between
fs32k	15	all	38	0.4997276067733764	rest	10	0	8	11	between
fs32k	15	all	39	0.4885697662830353	rest	10	0	8	11	between
fs32k	15	all	40	0.5015531778335571	rest	10	0	8	11	between
fs32k	15	all	41	0.4722627401351928	rest	10	0	8	11	between
fs32k	15	all	42	0.4756125211715698	rest	10	0	8	11	between
fs32k	15	all	43	0.490365207195282	rest	10	0	8	11	between
fs32k	15	all	44	0.4826306700706482	rest	10	0	8	11	between
fs32k	15	all	45	0.4797085523605346	rest	10	0	8	11	between
fs32k	15	all	46	0.4756635427474975	rest	10	0	8	11	between
fs32k	15	all	47	0.4912553429603576	rest	10	0	8	11	between
fs32k	15	all	48	0.4663741588592529	rest	10	0	8	11	between
fs32k	15	all	49	0.4774911999702453	rest	10	0	8	11	between
fs32k	15	all	50	0.4898447096347809	rest	10	0	8	11	between
fs32k	15	all	51	0.477513313293457	rest	10	0	8	11	between
fs32k	15	all	52	0.4894569516181946	rest	10	0	8	11	between
fs32k	15	all	53	0.4846508800983429	rest	10	0	8	11	between
fs32k	15	all	54	0.5035438537597656	rest	10	0	8	11	between
fs32k	15	all	55	0.4889172911643982	rest	10	0	8	11	between
fs32k	15	all	1	0.4873472154140472	rest	10	0	8	12	between
fs32k	15	all	2	0.4773390293121338	rest	10	0	8	12	between
fs32k	15	all	3	0.512656033039093	rest	10	0	8	12	between
fs32k	15	all	4	0.4981743991374969	rest	10	0	8	12	between
fs32k	15	all	5	0.496370792388916	rest	10	0	8	12	between
fs32k	15	all	6	0.488381028175354	rest	10	0	8	12	between
fs32k	15	all	7	0.4871297478675842	rest	10	0	8	12	between
fs32k	15	all	8	0.4803396463394165	rest	10	0	8	12	between
fs32k	15	all	9	0.4826821088790893	rest	10	0	8	12	between
fs32k	15	all	10	0.5021409392356873	rest	10	0	8	12	between
fs32k	15	all	11	0.4804058670997619	rest	10	0	8	12	between
fs32k	15	all	12	0.523422360420227	rest	10	0	8	12	between
fs32k	15	all	13	0.513194739818573	rest	10	0	8	12	between
fs32k	15	all	14	0.4946268796920776	rest	10	0	8	12	between
fs32k	15	all	15	0.4674039483070373	rest	10	0	8	12	between
fs32k	15	all	16	0.5020381808280945	rest	10	0	8	12	between
fs32k	15	all	17	0.4846542477607727	rest	10	0	8	12	between
fs32k	15	all	18	0.4777215123176574	rest	10	0	8	12	between
fs32k	15	all	19	0.5116218328475952	rest	10	0	8	12	between
fs32k	15	all	20	0.4935120344161987	rest	10	0	8	12	between
fs32k	15	all	21	0.4862712025642395	rest	10	0	8	12	between
fs32k	15	all	22	0.4593856632709503	rest	10	0	8	12	between
fs32k	15	all	23	0.4588457942008972	rest	10	0	8	12	between
fs32k	15	all	24	0.4791896343231201	rest	10	0	8	12	between
fs32k	15	all	25	0.4774342477321625	rest	10	0	8	12	between
fs32k	15	all	26	0.4722931385040283	rest	10	0	8	12	between
fs32k	15	all	27	0.4825567305088043	rest	10	0	8	12	between
fs32k	15	all	28	0.518875002861023	rest	10	0	8	12	between
fs32k	15	all	29	0.4990021288394928	rest	10	0	8	12	between
fs32k	15	all	30	0.4849227964878082	rest	10	0	8	12	between
fs32k	15	all	31	0.5135951042175293	rest	10	0	8	12	between
fs32k	15	all	32	0.4963944554328918	rest	10	0	8	12	between
fs32k	15	all	33	0.5053406953811646	rest	10	0	8	12	between
fs32k	15	all	34	0.5291261076927185	rest	10	0	8	12	between
fs32k	15	all	35	0.4855082929134369	rest	10	0	8	12	between
fs32k	15	all	36	0.4725885987281799	rest	10	0	8	12	between
fs32k	15	all	37	0.4865816235542297	rest	10	0	8	12	between
fs32k	15	all	38	0.4818080067634582	rest	10	0	8	12	between
fs32k	15	all	39	0.4667277336120605	rest	10	0	8	12	between
fs32k	15	all	40	0.4957526326179504	rest	10	0	8	12	between
fs32k	15	all	41	0.4671013355255127	rest	10	0	8	12	between
fs32k	15	all	42	0.4757108688354492	rest	10	0	8	12	between
fs32k	15	all	43	0.4919181764125824	rest	10	0	8	12	between
fs32k	15	all	44	0.4781120121479034	rest	10	0	8	12	between
fs32k	15	all	45	0.4896207749843597	rest	10	0	8	12	between
fs32k	15	all	46	0.4624660611152649	rest	10	0	8	12	between
fs32k	15	all	47	0.4884922802448272	rest	10	0	8	12	between
fs32k	15	all	48	0.4559250175952911	rest	10	0	8	12	between
fs32k	15	all	49	0.4682780504226684	rest	10	0	8	12	between
fs32k	15	all	50	0.481168121099472	rest	10	0	8	12	between
fs32k	15	all	51	0.463573694229126	rest	10	0	8	12	between
fs32k	15	all	52	0.4920649528503418	rest	10	0	8	12	between
fs32k	15	all	53	0.4785856008529663	rest	10	0	8	12	between
fs32k	15	all	54	0.4865884184837341	rest	10	0	8	12	between
fs32k	15	all	55	0.4812056422233581	rest	10	0	8	12	between
fs32k	15	all	1	0.4791779518127441	rest	10	0	8	13	between
fs32k	15	all	2	0.4805810749530792	rest	10	0	8	13	between
fs32k	15	all	3	0.5117380023002625	rest	10	0	8	13	between
fs32k	15	all	4	0.4967151880264282	rest	10	0	8	13	between
fs32k	15	all	5	0.4866273999214172	rest	10	0	8	13	between
fs32k	15	all	6	0.4879111051559448	rest	10	0	8	13	between
fs32k	15	all	7	0.4859784841537475	rest	10	0	8	13	between
fs32k	15	all	8	0.4852620661258697	rest	10	0	8	13	between
fs32k	15	all	9	0.498560756444931	rest	10	0	8	13	between
fs32k	15	all	10	0.4990038871765136	rest	10	0	8	13	between
fs32k	15	all	11	0.484972208738327	rest	10	0	8	13	between
fs32k	15	all	12	0.508830726146698	rest	10	0	8	13	between
fs32k	15	all	13	0.4978369176387787	rest	10	0	8	13	between
fs32k	15	all	14	0.4772689640522003	rest	10	0	8	13	between
fs32k	15	all	15	0.4640682339668274	rest	10	0	8	13	between
fs32k	15	all	16	0.497102677822113	rest	10	0	8	13	between
fs32k	15	all	17	0.4799606204032898	rest	10	0	8	13	between
fs32k	15	all	18	0.4893473088741302	rest	10	0	8	13	between
fs32k	15	all	19	0.5066147446632385	rest	10	0	8	13	between
fs32k	15	all	20	0.496496319770813	rest	10	0	8	13	between
fs32k	15	all	21	0.5014833211898804	rest	10	0	8	13	between
fs32k	15	all	22	0.4725338518619537	rest	10	0	8	13	between
fs32k	15	all	23	0.4569330811500549	rest	10	0	8	13	between
fs32k	15	all	24	0.5020493268966675	rest	10	0	8	13	between
fs32k	15	all	25	0.4807165265083313	rest	10	0	8	13	between
fs32k	15	all	26	0.4913279116153717	rest	10	0	8	13	between
fs32k	15	all	27	0.5042433142662048	rest	10	0	8	13	between
fs32k	15	all	28	0.5151960849761963	rest	10	0	8	13	between
fs32k	15	all	29	0.4972931742668152	rest	10	0	8	13	between
fs32k	15	all	30	0.4815517663955688	rest	10	0	8	13	between
fs32k	15	all	31	0.5207509398460388	rest	10	0	8	13	between
fs32k	15	all	32	0.491128146648407	rest	10	0	8	13	between
fs32k	15	all	33	0.5240191221237183	rest	10	0	8	13	between
fs32k	15	all	34	0.5315746665000916	rest	10	0	8	13	between
fs32k	15	all	35	0.4927078485488891	rest	10	0	8	13	between
fs32k	15	all	36	0.470248818397522	rest	10	0	8	13	between
fs32k	15	all	37	0.5027947425842285	rest	10	0	8	13	between
fs32k	15	all	38	0.4813671410083771	rest	10	0	8	13	between
fs32k	15	all	39	0.4932686686515808	rest	10	0	8	13	between
fs32k	15	all	40	0.5076568126678467	rest	10	0	8	13	between
fs32k	15	all	41	0.4613783061504364	rest	10	0	8	13	between
fs32k	15	all	42	0.4855486452579498	rest	10	0	8	13	between
fs32k	15	all	43	0.4870339035987854	rest	10	0	8	13	between
fs32k	15	all	44	0.4896300137042999	rest	10	0	8	13	between
fs32k	15	all	45	0.4826980829238891	rest	10	0	8	13	between
fs32k	15	all	46	0.4733184576034546	rest	10	0	8	13	between
fs32k	15	all	47	0.4918237328529358	rest	10	0	8	13	between
fs32k	15	all	48	0.4739923477172851	rest	10	0	8	13	between
fs32k	15	all	49	0.4814056754112243	rest	10	0	8	13	between
fs32k	15	all	50	0.4866465032100677	rest	10	0	8	13	between
fs32k	15	all	51	0.4884318113327026	rest	10	0	8	13	between
fs32k	15	all	52	0.5120382905006409	rest	10	0	8	13	between
fs32k	15	all	53	0.4865589737892151	rest	10	0	8	13	between
fs32k	15	all	54	0.5002084970474243	rest	10	0	8	13	between
fs32k	15	all	55	0.502601683139801	rest	10	0	8	13	between
fs32k	15	all	1	0.481673002243042	rest	10	0	8	14	between
fs32k	15	all	2	0.4973421990871429	rest	10	0	8	14	between
fs32k	15	all	3	0.5059763193130493	rest	10	0	8	14	between
fs32k	15	all	4	0.4957005381584167	rest	10	0	8	14	between
fs32k	15	all	5	0.4966623187065124	rest	10	0	8	14	between
fs32k	15	all	6	0.491206407546997	rest	10	0	8	14	between
fs32k	15	all	7	0.4889310002326965	rest	10	0	8	14	between
fs32k	15	all	8	0.4805216491222381	rest	10	0	8	14	between
fs32k	15	all	9	0.4940197765827179	rest	10	0	8	14	between
fs32k	15	all	10	0.5052314400672913	rest	10	0	8	14	between
fs32k	15	all	11	0.4890375137329101	rest	10	0	8	14	between
fs32k	15	all	12	0.5160089731216431	rest	10	0	8	14	between
fs32k	15	all	13	0.5042251348495483	rest	10	0	8	14	between
fs32k	15	all	14	0.4840611219406128	rest	10	0	8	14	between
fs32k	15	all	15	0.4787370264530182	rest	10	0	8	14	between
fs32k	15	all	16	0.4858433306217193	rest	10	0	8	14	between
fs32k	15	all	17	0.4789033532142639	rest	10	0	8	14	between
fs32k	15	all	18	0.4883238077163696	rest	10	0	8	14	between
fs32k	15	all	19	0.5166283249855042	rest	10	0	8	14	between
fs32k	15	all	20	0.5017286539077759	rest	10	0	8	14	between
fs32k	15	all	21	0.4880263209342956	rest	10	0	8	14	between
fs32k	15	all	22	0.4784815609455108	rest	10	0	8	14	between
fs32k	15	all	23	0.4665124118328094	rest	10	0	8	14	between
fs32k	15	all	24	0.4875364303588867	rest	10	0	8	14	between
fs32k	15	all	25	0.4879688620567322	rest	10	0	8	14	between
fs32k	15	all	26	0.4868521392345428	rest	10	0	8	14	between
fs32k	15	all	27	0.501689076423645	rest	10	0	8	14	between
fs32k	15	all	28	0.5140348672866821	rest	10	0	8	14	between
fs32k	15	all	29	0.4909438490867615	rest	10	0	8	14	between
fs32k	15	all	30	0.489731878042221	rest	10	0	8	14	between
fs32k	15	all	31	0.5038506984710693	rest	10	0	8	14	between
fs32k	15	all	32	0.4815390706062317	rest	10	0	8	14	between
fs32k	15	all	33	0.5125632286071777	rest	10	0	8	14	between
fs32k	15	all	34	0.5283745527267456	rest	10	0	8	14	between
fs32k	15	all	35	0.4998289048671722	rest	10	0	8	14	between
fs32k	15	all	36	0.4766810834407806	rest	10	0	8	14	between
fs32k	15	all	37	0.4871948361396789	rest	10	0	8	14	between
fs32k	15	all	38	0.4814421534538269	rest	10	0	8	14	between
fs32k	15	all	39	0.48311248421669	rest	10	0	8	14	between
fs32k	15	all	40	0.507140040397644	rest	10	0	8	14	between
fs32k	15	all	41	0.4788689315319061	rest	10	0	8	14	between
fs32k	15	all	42	0.4752359390258789	rest	10	0	8	14	between
fs32k	15	all	43	0.4889107942581177	rest	10	0	8	14	between
fs32k	15	all	44	0.4836989343166351	rest	10	0	8	14	between
fs32k	15	all	45	0.4955137073993683	rest	10	0	8	14	between
fs32k	15	all	46	0.4728956520557403	rest	10	0	8	14	between
fs32k	15	all	47	0.484930545091629	rest	10	0	8	14	between
fs32k	15	all	48	0.4771003425121307	rest	10	0	8	14	between
fs32k	15	all	49	0.4956938028335571	rest	10	0	8	14	between
fs32k	15	all	50	0.4786960482597351	rest	10	0	8	14	between
fs32k	15	all	51	0.4751924574375152	rest	10	0	8	14	between
fs32k	15	all	52	0.5000274777412415	rest	10	0	8	14	between
fs32k	15	all	53	0.479472815990448	rest	10	0	8	14	between
fs32k	15	all	54	0.4928146600723266	rest	10	0	8	14	between
fs32k	15	all	55	0.5055509805679321	rest	10	0	8	14	between
fs32k	15	all	1	0.4713563621044159	rest	10	0	8	15	between
fs32k	15	all	2	0.49598029255867	rest	10	0	8	15	between
fs32k	15	all	3	0.5203909873962402	rest	10	0	8	15	between
fs32k	15	all	4	0.4966703057289123	rest	10	0	8	15	between
fs32k	15	all	5	0.5083703994750977	rest	10	0	8	15	between
fs32k	15	all	6	0.4942844808101654	rest	10	0	8	15	between
fs32k	15	all	7	0.4933768808841705	rest	10	0	8	15	between
fs32k	15	all	8	0.4739258885383606	rest	10	0	8	15	between
fs32k	15	all	9	0.5001434683799744	rest	10	0	8	15	between
fs32k	15	all	10	0.5021247267723083	rest	10	0	8	15	between
fs32k	15	all	11	0.4810032248497009	rest	10	0	8	15	between
fs32k	15	all	12	0.5098453760147095	rest	10	0	8	15	between
fs32k	15	all	13	0.485230416059494	rest	10	0	8	15	between
fs32k	15	all	14	0.468837559223175	rest	10	0	8	15	between
fs32k	15	all	15	0.4630054533481598	rest	10	0	8	15	between
fs32k	15	all	16	0.480764091014862	rest	10	0	8	15	between
fs32k	15	all	17	0.46277517080307	rest	10	0	8	15	between
fs32k	15	all	18	0.486673891544342	rest	10	0	8	15	between
fs32k	15	all	19	0.4750068783760071	rest	10	0	8	15	between
fs32k	15	all	20	0.5035347938537598	rest	10	0	8	15	between
fs32k	15	all	21	0.5022151470184326	rest	10	0	8	15	between
fs32k	15	all	22	0.4808629751205444	rest	10	0	8	15	between
fs32k	15	all	23	0.4596338868141174	rest	10	0	8	15	between
fs32k	15	all	24	0.4786525964736938	rest	10	0	8	15	between
fs32k	15	all	25	0.4861711859703064	rest	10	0	8	15	between
fs32k	15	all	26	0.4868126511573791	rest	10	0	8	15	between
fs32k	15	all	27	0.4884815216064453	rest	10	0	8	15	between
fs32k	15	all	28	0.5191672444343567	rest	10	0	8	15	between
fs32k	15	all	29	0.4983243644237518	rest	10	0	8	15	between
fs32k	15	all	30	0.4937374591827392	rest	10	0	8	15	between
fs32k	15	all	31	0.5193032622337341	rest	10	0	8	15	between
fs32k	15	all	32	0.486057698726654	rest	10	0	8	15	between
fs32k	15	all	33	0.5291191339492798	rest	10	0	8	15	between
fs32k	15	all	34	0.5178205966949463	rest	10	0	8	15	between
fs32k	15	all	35	0.4882583916187286	rest	10	0	8	15	between
fs32k	15	all	36	0.4785511493682861	rest	10	0	8	15	between
fs32k	15	all	37	0.4865545630455017	rest	10	0	8	15	between
fs32k	15	all	38	0.4744081497192383	rest	10	0	8	15	between
fs32k	15	all	39	0.4938558638095855	rest	10	0	8	15	between
fs32k	15	all	40	0.4842489957809448	rest	10	0	8	15	between
fs32k	15	all	41	0.4806727170944214	rest	10	0	8	15	between
fs32k	15	all	42	0.4791434705257416	rest	10	0	8	15	between
fs32k	15	all	43	0.4869822263717651	rest	10	0	8	15	between
fs32k	15	all	44	0.5022239685058594	rest	10	0	8	15	between
fs32k	15	all	45	0.4794612824916839	rest	10	0	8	15	between
fs32k	15	all	46	0.4699702262878418	rest	10	0	8	15	between
fs32k	15	all	47	0.4739698767662048	rest	10	0	8	15	between
fs32k	15	all	48	0.4798127114772796	rest	10	0	8	15	between
fs32k	15	all	49	0.4810340404510498	rest	10	0	8	15	between
fs32k	15	all	50	0.471177339553833	rest	10	0	8	15	between
fs32k	15	all	51	0.4904879331588745	rest	10	0	8	15	between
fs32k	15	all	52	0.4860938191413879	rest	10	0	8	15	between
fs32k	15	all	53	0.4699840545654297	rest	10	0	8	15	between
fs32k	15	all	54	0.4803974032402038	rest	10	0	8	15	between
fs32k	15	all	55	0.4889805316925049	rest	10	0	8	15	between
fs32k	15	all	1	0.5024242997169495	rest	10	0	9	10	between
fs32k	15	all	2	0.5087679624557495	rest	10	0	9	10	between
fs32k	15	all	3	0.5123047232627869	rest	10	0	9	10	between
fs32k	15	all	4	0.5014685988426208	rest	10	0	9	10	between
fs32k	15	all	5	0.5120068788528442	rest	10	0	9	10	between
fs32k	15	all	6	0.5077552795410156	rest	10	0	9	10	between
fs32k	15	all	7	0.5059117078781128	rest	10	0	9	10	between
fs32k	15	all	8	0.5065654516220093	rest	10	0	9	10	between
fs32k	15	all	9	0.5168613195419312	rest	10	0	9	10	between
fs32k	15	all	10	0.512929379940033	rest	10	0	9	10	between
fs32k	15	all	11	0.5039018392562866	rest	10	0	9	10	between
fs32k	15	all	12	0.5107325315475464	rest	10	0	9	10	between
fs32k	15	all	13	0.5099135637283325	rest	10	0	9	10	between
fs32k	15	all	14	0.5022278428077698	rest	10	0	9	10	between
fs32k	15	all	15	0.4832472801208496	rest	10	0	9	10	between
fs32k	15	all	16	0.4936839044094085	rest	10	0	9	10	between
fs32k	15	all	17	0.4940642118453979	rest	10	0	9	10	between
fs32k	15	all	18	0.5166596174240112	rest	10	0	9	10	between
fs32k	15	all	19	0.5222681760787964	rest	10	0	9	10	between
fs32k	15	all	20	0.4949051737785339	rest	10	0	9	10	between
fs32k	15	all	21	0.5129154920578003	rest	10	0	9	10	between
fs32k	15	all	22	0.4890087842941284	rest	10	0	9	10	between
fs32k	15	all	23	0.4707188904285431	rest	10	0	9	10	between
fs32k	15	all	24	0.4825182855129242	rest	10	0	9	10	between
fs32k	15	all	25	0.4970205426216125	rest	10	0	9	10	between
fs32k	15	all	26	0.5097187757492065	rest	10	0	9	10	between
fs32k	15	all	27	0.5049524903297424	rest	10	0	9	10	between
fs32k	15	all	28	0.4958691000938415	rest	10	0	9	10	between
fs32k	15	all	29	0.4889982342720032	rest	10	0	9	10	between
fs32k	15	all	30	0.4708677530288696	rest	10	0	9	10	between
fs32k	15	all	31	0.4717255234718323	rest	10	0	9	10	between
fs32k	15	all	32	0.4696788489818573	rest	10	0	9	10	between
fs32k	15	all	33	0.5173429846763611	rest	10	0	9	10	between
fs32k	15	all	34	0.5013333559036255	rest	10	0	9	10	between
fs32k	15	all	35	0.5002410411834717	rest	10	0	9	10	between
fs32k	15	all	36	0.4698197841644287	rest	10	0	9	10	between
fs32k	15	all	37	0.4690732359886169	rest	10	0	9	10	between
fs32k	15	all	38	0.4936580955982208	rest	10	0	9	10	between
fs32k	15	all	39	0.50453782081604	rest	10	0	9	10	between
fs32k	15	all	40	0.508831262588501	rest	10	0	9	10	between
fs32k	15	all	41	0.4735288918018341	rest	10	0	9	10	between
fs32k	15	all	42	0.4786379933357239	rest	10	0	9	10	between
fs32k	15	all	43	0.4958981871604919	rest	10	0	9	10	between
fs32k	15	all	44	0.5070896148681641	rest	10	0	9	10	between
fs32k	15	all	45	0.4958016276359558	rest	10	0	9	10	between
fs32k	15	all	46	0.473735362291336	rest	10	0	9	10	between
fs32k	15	all	47	0.4975923895835876	rest	10	0	9	10	between
fs32k	15	all	48	0.4792256951332092	rest	10	0	9	10	between
fs32k	15	all	49	0.4763572216033935	rest	10	0	9	10	between
fs32k	15	all	50	0.4899500906467438	rest	10	0	9	10	between
fs32k	15	all	51	0.4862042665481567	rest	10	0	9	10	between
fs32k	15	all	52	0.4986152648925781	rest	10	0	9	10	between
fs32k	15	all	53	0.4951448738574981	rest	10	0	9	10	between
fs32k	15	all	54	0.4873741269111633	rest	10	0	9	10	between
fs32k	15	all	55	0.510387659072876	rest	10	0	9	10	between
fs32k	15	all	1	0.502859354019165	rest	10	0	9	11	between
fs32k	15	all	2	0.5146766901016235	rest	10	0	9	11	between
fs32k	15	all	3	0.5263887643814087	rest	10	0	9	11	between
fs32k	15	all	4	0.5254703760147095	rest	10	0	9	11	between
fs32k	15	all	5	0.5049838423728943	rest	10	0	9	11	between
fs32k	15	all	6	0.5038355588912964	rest	10	0	9	11	between
fs32k	15	all	7	0.5076806545257568	rest	10	0	9	11	between
fs32k	15	all	8	0.5189768075942993	rest	10	0	9	11	between
fs32k	15	all	9	0.5136152505874634	rest	10	0	9	11	between
fs32k	15	all	10	0.5065847635269165	rest	10	0	9	11	between
fs32k	15	all	11	0.4843706488609314	rest	10	0	9	11	between
fs32k	15	all	12	0.5065959692001343	rest	10	0	9	11	between
fs32k	15	all	13	0.5060482621192932	rest	10	0	9	11	between
fs32k	15	all	14	0.481784462928772	rest	10	0	9	11	between
fs32k	15	all	15	0.4742989540100097	rest	10	0	9	11	between
fs32k	15	all	16	0.4776442050933838	rest	10	0	9	11	between
fs32k	15	all	17	0.5024592876434326	rest	10	0	9	11	between
fs32k	15	all	18	0.489206463098526	rest	10	0	9	11	between
fs32k	15	all	19	0.5000776648521423	rest	10	0	9	11	between
fs32k	15	all	20	0.4787917137145996	rest	10	0	9	11	between
fs32k	15	all	21	0.4989824891090393	rest	10	0	9	11	between
fs32k	15	all	22	0.4817832708358764	rest	10	0	9	11	between
fs32k	15	all	23	0.4668207764625549	rest	10	0	9	11	between
fs32k	15	all	24	0.493904173374176	rest	10	0	9	11	between
fs32k	15	all	25	0.5034418106079102	rest	10	0	9	11	between
fs32k	15	all	26	0.4988277554512024	rest	10	0	9	11	between
fs32k	15	all	27	0.4892374277114868	rest	10	0	9	11	between
fs32k	15	all	28	0.5043696165084839	rest	10	0	9	11	between
fs32k	15	all	29	0.4936059117317199	rest	10	0	9	11	between
fs32k	15	all	30	0.4627613425254822	rest	10	0	9	11	between
fs32k	15	all	31	0.4788618087768554	rest	10	0	9	11	between
fs32k	15	all	32	0.4985077381134033	rest	10	0	9	11	between
fs32k	15	all	33	0.5072383880615234	rest	10	0	9	11	between
fs32k	15	all	34	0.4970816969871521	rest	10	0	9	11	between
fs32k	15	all	35	0.4953109622001648	rest	10	0	9	11	between
fs32k	15	all	36	0.4678288102149963	rest	10	0	9	11	between
fs32k	15	all	37	0.4751729071140289	rest	10	0	9	11	between
fs32k	15	all	38	0.5095848441123962	rest	10	0	9	11	between
fs32k	15	all	39	0.5027165412902832	rest	10	0	9	11	between
fs32k	15	all	40	0.4955237507820129	rest	10	0	9	11	between
fs32k	15	all	41	0.4608439207077026	rest	10	0	9	11	between
fs32k	15	all	42	0.4724793136119842	rest	10	0	9	11	between
fs32k	15	all	43	0.4987436532974243	rest	10	0	9	11	between
fs32k	15	all	44	0.4930912256240845	rest	10	0	9	11	between
fs32k	15	all	45	0.47942715883255	rest	10	0	9	11	between
fs32k	15	all	46	0.4760332107543945	rest	10	0	9	11	between
fs32k	15	all	47	0.4909648001194	rest	10	0	9	11	between
fs32k	15	all	48	0.4726678729057312	rest	10	0	9	11	between
fs32k	15	all	49	0.4704191386699676	rest	10	0	9	11	between
fs32k	15	all	50	0.4894933700561523	rest	10	0	9	11	between
fs32k	15	all	51	0.481844961643219	rest	10	0	9	11	between
fs32k	15	all	52	0.4935784935951233	rest	10	0	9	11	between
fs32k	15	all	53	0.5030878782272339	rest	10	0	9	11	between
fs32k	15	all	54	0.4902316331863403	rest	10	0	9	11	between
fs32k	15	all	55	0.4886094331741333	rest	10	0	9	11	between
fs32k	15	all	1	0.5002292990684509	rest	10	0	9	12	between
fs32k	15	all	2	0.4941579699516296	rest	10	0	9	12	between
fs32k	15	all	3	0.5134118795394897	rest	10	0	9	12	between
fs32k	15	all	4	0.4998900592327118	rest	10	0	9	12	between
fs32k	15	all	5	0.4978751242160797	rest	10	0	9	12	between
fs32k	15	all	6	0.4874479174613952	rest	10	0	9	12	between
fs32k	15	all	7	0.5005708932876587	rest	10	0	9	12	between
fs32k	15	all	8	0.4984913468360901	rest	10	0	9	12	between
fs32k	15	all	9	0.497825562953949	rest	10	0	9	12	between
fs32k	15	all	10	0.5048702359199524	rest	10	0	9	12	between
fs32k	15	all	11	0.4876850545406341	rest	10	0	9	12	between
fs32k	15	all	12	0.5134621858596802	rest	10	0	9	12	between
fs32k	15	all	13	0.5060862898826599	rest	10	0	9	12	between
fs32k	15	all	14	0.4988672733306885	rest	10	0	9	12	between
fs32k	15	all	15	0.4707760214805603	rest	10	0	9	12	between
fs32k	15	all	16	0.4962529242038727	rest	10	0	9	12	between
fs32k	15	all	17	0.4935495257377624	rest	10	0	9	12	between
fs32k	15	all	18	0.4847914576530456	rest	10	0	9	12	between
fs32k	15	all	19	0.5103186964988708	rest	10	0	9	12	between
fs32k	15	all	20	0.4852048456668854	rest	10	0	9	12	between
fs32k	15	all	21	0.4920513331890106	rest	10	0	9	12	between
fs32k	15	all	22	0.4774869680404663	rest	10	0	9	12	between
fs32k	15	all	23	0.4668474197387695	rest	10	0	9	12	between
fs32k	15	all	24	0.4814440608024597	rest	10	0	9	12	between
fs32k	15	all	25	0.492710143327713	rest	10	0	9	12	between
fs32k	15	all	26	0.4836428761482239	rest	10	0	9	12	between
fs32k	15	all	27	0.4894090890884399	rest	10	0	9	12	between
fs32k	15	all	28	0.5000019669532776	rest	10	0	9	12	between
fs32k	15	all	29	0.4929186999797821	rest	10	0	9	12	between
fs32k	15	all	30	0.4669800698757171	rest	10	0	9	12	between
fs32k	15	all	31	0.4878907203674316	rest	10	0	9	12	between
fs32k	15	all	32	0.4823132157325744	rest	10	0	9	12	between
fs32k	15	all	33	0.492592990398407	rest	10	0	9	12	between
fs32k	15	all	34	0.5044467449188232	rest	10	0	9	12	between
fs32k	15	all	35	0.4924910068511963	rest	10	0	9	12	between
fs32k	15	all	36	0.4556571543216705	rest	10	0	9	12	between
fs32k	15	all	37	0.4678624272346496	rest	10	0	9	12	between
fs32k	15	all	38	0.4849947690963745	rest	10	0	9	12	between
fs32k	15	all	39	0.4743901193141937	rest	10	0	9	12	between
fs32k	15	all	40	0.4923708438873291	rest	10	0	9	12	between
fs32k	15	all	41	0.463880717754364	rest	10	0	9	12	between
fs32k	15	all	42	0.4740643799304962	rest	10	0	9	12	between
fs32k	15	all	43	0.4921425580978393	rest	10	0	9	12	between
fs32k	15	all	44	0.481780081987381	rest	10	0	9	12	between
fs32k	15	all	45	0.4862335324287414	rest	10	0	9	12	between
fs32k	15	all	46	0.4627006351947784	rest	10	0	9	12	between
fs32k	15	all	47	0.4939054846763611	rest	10	0	9	12	between
fs32k	15	all	48	0.4563414454460144	rest	10	0	9	12	between
fs32k	15	all	49	0.4665361046791076	rest	10	0	9	12	between
fs32k	15	all	50	0.4915376901626587	rest	10	0	9	12	between
fs32k	15	all	51	0.4721701741218567	rest	10	0	9	12	between
fs32k	15	all	52	0.5015323758125305	rest	10	0	9	12	between
fs32k	15	all	53	0.4873315989971161	rest	10	0	9	12	between
fs32k	15	all	54	0.482586145401001	rest	10	0	9	12	between
fs32k	15	all	55	0.4821338057518005	rest	10	0	9	12	between
fs32k	15	all	1	0.4914554357528686	rest	10	0	9	13	between
fs32k	15	all	2	0.5015377998352051	rest	10	0	9	13	between
fs32k	15	all	3	0.5119962096214294	rest	10	0	9	13	between
fs32k	15	all	4	0.4965048134326935	rest	10	0	9	13	between
fs32k	15	all	5	0.4879789650440216	rest	10	0	9	13	between
fs32k	15	all	6	0.4911963641643524	rest	10	0	9	13	between
fs32k	15	all	7	0.5068551301956177	rest	10	0	9	13	between
fs32k	15	all	8	0.4985369145870209	rest	10	0	9	13	between
fs32k	15	all	9	0.5100178718566895	rest	10	0	9	13	between
fs32k	15	all	10	0.5084818005561829	rest	10	0	9	13	between
fs32k	15	all	11	0.4968884587287903	rest	10	0	9	13	between
fs32k	15	all	12	0.5024111866950989	rest	10	0	9	13	between
fs32k	15	all	13	0.4986204504966736	rest	10	0	9	13	between
fs32k	15	all	14	0.4813252687454223	rest	10	0	9	13	between
fs32k	15	all	15	0.4657719731330871	rest	10	0	9	13	between
fs32k	15	all	16	0.5002174973487854	rest	10	0	9	13	between
fs32k	15	all	17	0.4909418821334839	rest	10	0	9	13	between
fs32k	15	all	18	0.5029094219207764	rest	10	0	9	13	between
fs32k	15	all	19	0.5044537782669067	rest	10	0	9	13	between
fs32k	15	all	20	0.4905820786952972	rest	10	0	9	13	between
fs32k	15	all	21	0.5035336017608643	rest	10	0	9	13	between
fs32k	15	all	22	0.4840497374534607	rest	10	0	9	13	between
fs32k	15	all	23	0.4639409482479095	rest	10	0	9	13	between
fs32k	15	all	24	0.4989335238933563	rest	10	0	9	13	between
fs32k	15	all	25	0.4917678833007812	rest	10	0	9	13	between
fs32k	15	all	26	0.5019128322601318	rest	10	0	9	13	between
fs32k	15	all	27	0.5151587128639221	rest	10	0	9	13	between
fs32k	15	all	28	0.4970853328704834	rest	10	0	9	13	between
fs32k	15	all	29	0.4849086105823517	rest	10	0	9	13	between
fs32k	15	all	30	0.4621829688549042	rest	10	0	9	13	between
fs32k	15	all	31	0.505174994468689	rest	10	0	9	13	between
fs32k	15	all	32	0.4754996597766876	rest	10	0	9	13	between
fs32k	15	all	33	0.5089857578277588	rest	10	0	9	13	between
fs32k	15	all	34	0.5064874887466431	rest	10	0	9	13	between
fs32k	15	all	35	0.4961364269256592	rest	10	0	9	13	between
fs32k	15	all	36	0.4551268517971039	rest	10	0	9	13	between
fs32k	15	all	37	0.4890069663524627	rest	10	0	9	13	between
fs32k	15	all	38	0.4843825101852417	rest	10	0	9	13	between
fs32k	15	all	39	0.4994956254959106	rest	10	0	9	13	between
fs32k	15	all	40	0.5042333602905273	rest	10	0	9	13	between
fs32k	15	all	41	0.4589966535568237	rest	10	0	9	13	between
fs32k	15	all	42	0.4799000322818756	rest	10	0	9	13	between
fs32k	15	all	43	0.4854621291160583	rest	10	0	9	13	between
fs32k	15	all	44	0.4963629841804504	rest	10	0	9	13	between
fs32k	15	all	45	0.4815863072872162	rest	10	0	9	13	between
fs32k	15	all	46	0.4729983508586883	rest	10	0	9	13	between
fs32k	15	all	47	0.4961902499198913	rest	10	0	9	13	between
fs32k	15	all	48	0.4750561714172363	rest	10	0	9	13	between
fs32k	15	all	49	0.4818152189254761	rest	10	0	9	13	between
fs32k	15	all	50	0.4968138933181762	rest	10	0	9	13	between
fs32k	15	all	51	0.4934453070163727	rest	10	0	9	13	between
fs32k	15	all	52	0.5213220119476318	rest	10	0	9	13	between
fs32k	15	all	53	0.4977431297302246	rest	10	0	9	13	between
fs32k	15	all	54	0.4919484853744507	rest	10	0	9	13	between
fs32k	15	all	55	0.5009652376174927	rest	10	0	9	13	between
fs32k	15	all	1	0.4938119649887085	rest	10	0	9	14	between
fs32k	15	all	2	0.5237982869148254	rest	10	0	9	14	between
fs32k	15	all	3	0.5101311206817627	rest	10	0	9	14	between
fs32k	15	all	4	0.4996594190597534	rest	10	0	9	14	between
fs32k	15	all	5	0.4965496659278869	rest	10	0	9	14	between
fs32k	15	all	6	0.499071717262268	rest	10	0	9	14	between
fs32k	15	all	7	0.5112568140029907	rest	10	0	9	14	between
fs32k	15	all	8	0.5069557428359985	rest	10	0	9	14	between
fs32k	15	all	9	0.5111148357391357	rest	10	0	9	14	between
fs32k	15	all	10	0.5146046876907349	rest	10	0	9	14	between
fs32k	15	all	11	0.4998995065689087	rest	10	0	9	14	between
fs32k	15	all	12	0.5075228214263916	rest	10	0	9	14	between
fs32k	15	all	13	0.5016016960144043	rest	10	0	9	14	between
fs32k	15	all	14	0.4897431433200836	rest	10	0	9	14	between
fs32k	15	all	15	0.4792468249797821	rest	10	0	9	14	between
fs32k	15	all	16	0.4862577021121979	rest	10	0	9	14	between
fs32k	15	all	17	0.4888151586055755	rest	10	0	9	14	between
fs32k	15	all	18	0.4983673691749573	rest	10	0	9	14	between
fs32k	15	all	19	0.5180870890617371	rest	10	0	9	14	between
fs32k	15	all	20	0.4930787980556488	rest	10	0	9	14	between
fs32k	15	all	21	0.5028441548347473	rest	10	0	9	14	between
fs32k	15	all	22	0.4959198832511902	rest	10	0	9	14	between
fs32k	15	all	23	0.47768634557724	rest	10	0	9	14	between
fs32k	15	all	24	0.4938426613807678	rest	10	0	9	14	between
fs32k	15	all	25	0.5101032257080078	rest	10	0	9	14	between
fs32k	15	all	26	0.5072427988052368	rest	10	0	9	14	between
fs32k	15	all	27	0.5073606967926025	rest	10	0	9	14	between
fs32k	15	all	28	0.4990167617797851	rest	10	0	9	14	between
fs32k	15	all	29	0.481919378042221	rest	10	0	9	14	between
fs32k	15	all	30	0.4698168635368347	rest	10	0	9	14	between
fs32k	15	all	31	0.47937673330307	rest	10	0	9	14	between
fs32k	15	all	32	0.4668052494525909	rest	10	0	9	14	between
fs32k	15	all	33	0.5037474036216736	rest	10	0	9	14	between
fs32k	15	all	34	0.5044198036193848	rest	10	0	9	14	between
fs32k	15	all	35	0.498339831829071	rest	10	0	9	14	between
fs32k	15	all	36	0.4669408798217773	rest	10	0	9	14	between
fs32k	15	all	37	0.4735139608383178	rest	10	0	9	14	between
fs32k	15	all	38	0.4859152734279632	rest	10	0	9	14	between
fs32k	15	all	39	0.4929438233375549	rest	10	0	9	14	between
fs32k	15	all	40	0.504940927028656	rest	10	0	9	14	between
fs32k	15	all	41	0.4719430208206177	rest	10	0	9	14	between
fs32k	15	all	42	0.4695045948028564	rest	10	0	9	14	between
fs32k	15	all	43	0.4905707836151123	rest	10	0	9	14	between
fs32k	15	all	44	0.4862797260284424	rest	10	0	9	14	between
fs32k	15	all	45	0.4907645285129547	rest	10	0	9	14	between
fs32k	15	all	46	0.4794383943080902	rest	10	0	9	14	between
fs32k	15	all	47	0.4914358854293823	rest	10	0	9	14	between
fs32k	15	all	48	0.4796033501625061	rest	10	0	9	14	between
fs32k	15	all	49	0.4850505888462066	rest	10	0	9	14	between
fs32k	15	all	50	0.4856679439544678	rest	10	0	9	14	between
fs32k	15	all	51	0.4901419281959533	rest	10	0	9	14	between
fs32k	15	all	52	0.5009903907775879	rest	10	0	9	14	between
fs32k	15	all	53	0.4887160062789917	rest	10	0	9	14	between
fs32k	15	all	54	0.4888457953929901	rest	10	0	9	14	between
fs32k	15	all	55	0.5026100873947144	rest	10	0	9	14	between
fs32k	15	all	1	0.4819410145282745	rest	10	0	9	15	between
fs32k	15	all	2	0.5080486536026001	rest	10	0	9	15	between
fs32k	15	all	3	0.5198325514793396	rest	10	0	9	15	between
fs32k	15	all	4	0.5050090551376343	rest	10	0	9	15	between
fs32k	15	all	5	0.5063746571540833	rest	10	0	9	15	between
fs32k	15	all	6	0.4983147978782654	rest	10	0	9	15	between
fs32k	15	all	7	0.5046958923339844	rest	10	0	9	15	between
fs32k	15	all	8	0.4953953623771667	rest	10	0	9	15	between
fs32k	15	all	9	0.5132531523704529	rest	10	0	9	15	between
fs32k	15	all	10	0.5000932812690735	rest	10	0	9	15	between
fs32k	15	all	11	0.4819404780864715	rest	10	0	9	15	between
fs32k	15	all	12	0.4989061057567596	rest	10	0	9	15	between
fs32k	15	all	13	0.4861268997192383	rest	10	0	9	15	between
fs32k	15	all	14	0.4765646457672119	rest	10	0	9	15	between
fs32k	15	all	15	0.4609333276748657	rest	10	0	9	15	between
fs32k	15	all	16	0.4764262437820434	rest	10	0	9	15	between
fs32k	15	all	17	0.4681021571159363	rest	10	0	9	15	between
fs32k	15	all	18	0.4972328245639801	rest	10	0	9	15	between
fs32k	15	all	19	0.4746474027633667	rest	10	0	9	15	between
fs32k	15	all	20	0.4919636845588684	rest	10	0	9	15	between
fs32k	15	all	21	0.5102146863937378	rest	10	0	9	15	between
fs32k	15	all	22	0.4986338317394256	rest	10	0	9	15	between
fs32k	15	all	23	0.4637126922607422	rest	10	0	9	15	between
fs32k	15	all	24	0.4831028282642364	rest	10	0	9	15	between
fs32k	15	all	25	0.5000796914100647	rest	10	0	9	15	between
fs32k	15	all	26	0.5009790062904358	rest	10	0	9	15	between
fs32k	15	all	27	0.4932438135147095	rest	10	0	9	15	between
fs32k	15	all	28	0.506803035736084	rest	10	0	9	15	between
fs32k	15	all	29	0.4868670403957367	rest	10	0	9	15	between
fs32k	15	all	30	0.4682636260986328	rest	10	0	9	15	between
fs32k	15	all	31	0.4870630502700805	rest	10	0	9	15	between
fs32k	15	all	32	0.4675571322441101	rest	10	0	9	15	between
fs32k	15	all	33	0.5159121155738831	rest	10	0	9	15	between
fs32k	15	all	34	0.4857085347175598	rest	10	0	9	15	between
fs32k	15	all	35	0.4960038661956787	rest	10	0	9	15	between
fs32k	15	all	36	0.4627482295036316	rest	10	0	9	15	between
fs32k	15	all	37	0.4663769006729126	rest	10	0	9	15	between
fs32k	15	all	38	0.48055499792099	rest	10	0	9	15	between
fs32k	15	all	39	0.5018095374107361	rest	10	0	9	15	between
fs32k	15	all	40	0.4754853248596191	rest	10	0	9	15	between
fs32k	15	all	41	0.4716489911079407	rest	10	0	9	15	between
fs32k	15	all	42	0.4774289131164551	rest	10	0	9	15	between
fs32k	15	all	43	0.493603765964508	rest	10	0	9	15	between
fs32k	15	all	44	0.5079264640808105	rest	10	0	9	15	between
fs32k	15	all	45	0.478684514760971	rest	10	0	9	15	between
fs32k	15	all	46	0.4734216332435608	rest	10	0	9	15	between
fs32k	15	all	47	0.4754841923713684	rest	10	0	9	15	between
fs32k	15	all	48	0.4802886843681335	rest	10	0	9	15	between
fs32k	15	all	49	0.4709876775741577	rest	10	0	9	15	between
fs32k	15	all	50	0.4735430777072906	rest	10	0	9	15	between
fs32k	15	all	51	0.4950661659240722	rest	10	0	9	15	between
fs32k	15	all	52	0.4959627687931061	rest	10	0	9	15	between
fs32k	15	all	53	0.4837344884872436	rest	10	0	9	15	between
fs32k	15	all	54	0.4829654693603515	rest	10	0	9	15	between
fs32k	15	all	55	0.4924823045730591	rest	10	0	9	15	between
fs32k	15	all	1	0.4998676776885986	rest	10	0	10	11	between
fs32k	15	all	2	0.5107844471931458	rest	10	0	10	11	between
fs32k	15	all	3	0.5252867341041565	rest	10	0	10	11	between
fs32k	15	all	4	0.5226495265960693	rest	10	0	10	11	between
fs32k	15	all	5	0.5153282880783081	rest	10	0	10	11	between
fs32k	15	all	6	0.5160914063453674	rest	10	0	10	11	between
fs32k	15	all	7	0.5119771957397461	rest	10	0	10	11	between
fs32k	15	all	8	0.5106151103973389	rest	10	0	10	11	between
fs32k	15	all	9	0.5145862102508545	rest	10	0	10	11	between
fs32k	15	all	10	0.5101603269577026	rest	10	0	10	11	between
fs32k	15	all	11	0.4987243711948395	rest	10	0	10	11	between
fs32k	15	all	12	0.5186203718185425	rest	10	0	10	11	between
fs32k	15	all	13	0.5119311809539795	rest	10	0	10	11	between
fs32k	15	all	14	0.4935809969902038	rest	10	0	10	11	between
fs32k	15	all	15	0.4913619756698608	rest	10	0	10	11	between
fs32k	15	all	16	0.4857900142669678	rest	10	0	10	11	between
fs32k	15	all	17	0.505957841873169	rest	10	0	10	11	between
fs32k	15	all	18	0.4942859411239624	rest	10	0	10	11	between
fs32k	15	all	19	0.5290548801422119	rest	10	0	10	11	between
fs32k	15	all	20	0.496194064617157	rest	10	0	10	11	between
fs32k	15	all	21	0.4999212920665741	rest	10	0	10	11	between
fs32k	15	all	22	0.4855898022651672	rest	10	0	10	11	between
fs32k	15	all	23	0.4738895297050476	rest	10	0	10	11	between
fs32k	15	all	24	0.4975337386131286	rest	10	0	10	11	between
fs32k	15	all	25	0.4984470009803772	rest	10	0	10	11	between
fs32k	15	all	26	0.4962412714958191	rest	10	0	10	11	between
fs32k	15	all	27	0.501846969127655	rest	10	0	10	11	between
fs32k	15	all	28	0.5157499313354492	rest	10	0	10	11	between
fs32k	15	all	29	0.5063275694847107	rest	10	0	10	11	between
fs32k	15	all	30	0.4874609112739563	rest	10	0	10	11	between
fs32k	15	all	31	0.4910624623298645	rest	10	0	10	11	between
fs32k	15	all	32	0.5058022737503052	rest	10	0	10	11	between
fs32k	15	all	33	0.5179184079170227	rest	10	0	10	11	between
fs32k	15	all	34	0.5313050150871277	rest	10	0	10	11	between
fs32k	15	all	35	0.5054886341094971	rest	10	0	10	11	between
fs32k	15	all	36	0.4909055531024933	rest	10	0	10	11	between
fs32k	15	all	37	0.4811746478080749	rest	10	0	10	11	between
fs32k	15	all	38	0.5091857314109802	rest	10	0	10	11	between
fs32k	15	all	39	0.5000325441360474	rest	10	0	10	11	between
fs32k	15	all	40	0.5229992866516113	rest	10	0	10	11	between
fs32k	15	all	41	0.4850094616413116	rest	10	0	10	11	between
fs32k	15	all	42	0.482600063085556	rest	10	0	10	11	between
fs32k	15	all	43	0.5035743713378906	rest	10	0	10	11	between
fs32k	15	all	44	0.5016019344329834	rest	10	0	10	11	between
fs32k	15	all	45	0.5007692575454712	rest	10	0	10	11	between
fs32k	15	all	46	0.4810082018375397	rest	10	0	10	11	between
fs32k	15	all	47	0.498030424118042	rest	10	0	10	11	between
fs32k	15	all	48	0.4799886643886566	rest	10	0	10	11	between
fs32k	15	all	49	0.4883430004119873	rest	10	0	10	11	between
fs32k	15	all	50	0.4927694201469421	rest	10	0	10	11	between
fs32k	15	all	51	0.4836171865463257	rest	10	0	10	11	between
fs32k	15	all	52	0.4961320161819458	rest	10	0	10	11	between
fs32k	15	all	53	0.5015286207199097	rest	10	0	10	11	between
fs32k	15	all	54	0.5049227476119995	rest	10	0	10	11	between
fs32k	15	all	55	0.5021440386772156	rest	10	0	10	11	between
fs32k	15	all	1	0.4966427087783813	rest	10	0	10	12	between
fs32k	15	all	2	0.4866817593574524	rest	10	0	10	12	between
fs32k	15	all	3	0.508302628993988	rest	10	0	10	12	between
fs32k	15	all	4	0.5014972686767578	rest	10	0	10	12	between
fs32k	15	all	5	0.505791187286377	rest	10	0	10	12	between
fs32k	15	all	6	0.4967303276062011	rest	10	0	10	12	between
fs32k	15	all	7	0.4953831732273102	rest	10	0	10	12	between
fs32k	15	all	8	0.495278537273407	rest	10	0	10	12	between
fs32k	15	all	9	0.4996989071369171	rest	10	0	10	12	between
fs32k	15	all	10	0.5036917924880981	rest	10	0	10	12	between
fs32k	15	all	11	0.4923614263534546	rest	10	0	10	12	between
fs32k	15	all	12	0.5202399492263794	rest	10	0	10	12	between
fs32k	15	all	13	0.5117602944374084	rest	10	0	10	12	between
fs32k	15	all	14	0.5071757435798645	rest	10	0	10	12	between
fs32k	15	all	15	0.4829327166080475	rest	10	0	10	12	between
fs32k	15	all	16	0.49684739112854	rest	10	0	10	12	between
fs32k	15	all	17	0.4924142360687256	rest	10	0	10	12	between
fs32k	15	all	18	0.4860425889492035	rest	10	0	10	12	between
fs32k	15	all	19	0.5298141241073608	rest	10	0	10	12	between
fs32k	15	all	20	0.4927398562431335	rest	10	0	10	12	between
fs32k	15	all	21	0.4918544292449951	rest	10	0	10	12	between
fs32k	15	all	22	0.4693177342414856	rest	10	0	10	12	between
fs32k	15	all	23	0.471181571483612	rest	10	0	10	12	between
fs32k	15	all	24	0.4828482866287231	rest	10	0	10	12	between
fs32k	15	all	25	0.4748428463935852	rest	10	0	10	12	between
fs32k	15	all	26	0.4693690538406372	rest	10	0	10	12	between
fs32k	15	all	27	0.4968128800392151	rest	10	0	10	12	between
fs32k	15	all	28	0.5067316889762878	rest	10	0	10	12	between
fs32k	15	all	29	0.5024638772010803	rest	10	0	10	12	between
fs32k	15	all	30	0.4806675910949707	rest	10	0	10	12	between
fs32k	15	all	31	0.4943153858184814	rest	10	0	10	12	between
fs32k	15	all	32	0.4760168194770813	rest	10	0	10	12	between
fs32k	15	all	33	0.4971979856491089	rest	10	0	10	12	between
fs32k	15	all	34	0.5259709358215332	rest	10	0	10	12	between
fs32k	15	all	35	0.4975942969322204	rest	10	0	10	12	between
fs32k	15	all	36	0.4745938777923584	rest	10	0	10	12	between
fs32k	15	all	37	0.4714831411838531	rest	10	0	10	12	between
fs32k	15	all	38	0.4868097007274627	rest	10	0	10	12	between
fs32k	15	all	39	0.4719142615795135	rest	10	0	10	12	between
fs32k	15	all	40	0.5123549699783325	rest	10	0	10	12	between
fs32k	15	all	41	0.4711771309375763	rest	10	0	10	12	between
fs32k	15	all	42	0.4818275868892669	rest	10	0	10	12	between
fs32k	15	all	43	0.4943036139011383	rest	10	0	10	12	between
fs32k	15	all	44	0.4883196055889129	rest	10	0	10	12	between
fs32k	15	all	45	0.5044493675231934	rest	10	0	10	12	between
fs32k	15	all	46	0.4646919369697571	rest	10	0	10	12	between
fs32k	15	all	47	0.4847688674926758	rest	10	0	10	12	between
fs32k	15	all	48	0.4592835307121277	rest	10	0	10	12	between
fs32k	15	all	49	0.4746839702129364	rest	10	0	10	12	between
fs32k	15	all	50	0.4875680208206177	rest	10	0	10	12	between
fs32k	15	all	51	0.4686722755432129	rest	10	0	10	12	between
fs32k	15	all	52	0.5004398226737976	rest	10	0	10	12	between
fs32k	15	all	53	0.4858288764953613	rest	10	0	10	12	between
fs32k	15	all	54	0.4845978021621704	rest	10	0	10	12	between
fs32k	15	all	55	0.4865100383758545	rest	10	0	10	12	between
fs32k	15	all	1	0.48318812251091	rest	10	0	10	13	between
fs32k	15	all	2	0.4883527755737304	rest	10	0	10	13	between
fs32k	15	all	3	0.5045130252838135	rest	10	0	10	13	between
fs32k	15	all	4	0.4926347136497497	rest	10	0	10	13	between
fs32k	15	all	5	0.4941836595535278	rest	10	0	10	13	between
fs32k	15	all	6	0.4976324439048767	rest	10	0	10	13	between
fs32k	15	all	7	0.5045638680458069	rest	10	0	10	13	between
fs32k	15	all	8	0.4999237656593323	rest	10	0	10	13	between
fs32k	15	all	9	0.5041672587394714	rest	10	0	10	13	between
fs32k	15	all	10	0.4978860020637512	rest	10	0	10	13	between
fs32k	15	all	11	0.4984396398067474	rest	10	0	10	13	between
fs32k	15	all	12	0.5065521001815796	rest	10	0	10	13	between
fs32k	15	all	13	0.4973816871643066	rest	10	0	10	13	between
fs32k	15	all	14	0.4865363240242004	rest	10	0	10	13	between
fs32k	15	all	15	0.4775946736335754	rest	10	0	10	13	between
fs32k	15	all	16	0.4982519447803497	rest	10	0	10	13	between
fs32k	15	all	17	0.4906572997570038	rest	10	0	10	13	between
fs32k	15	all	18	0.5017207860946655	rest	10	0	10	13	between
fs32k	15	all	19	0.5224501490592957	rest	10	0	10	13	between
fs32k	15	all	20	0.4948889315128326	rest	10	0	10	13	between
fs32k	15	all	21	0.5006992220878601	rest	10	0	10	13	between
fs32k	15	all	22	0.481852114200592	rest	10	0	10	13	between
fs32k	15	all	23	0.4721473455429077	rest	10	0	10	13	between
fs32k	15	all	24	0.5007898211479187	rest	10	0	10	13	between
fs32k	15	all	25	0.4750483930110931	rest	10	0	10	13	between
fs32k	15	all	26	0.4935302436351776	rest	10	0	10	13	between
fs32k	15	all	27	0.5168113112449646	rest	10	0	10	13	between
fs32k	15	all	28	0.5051222443580627	rest	10	0	10	13	between
fs32k	15	all	29	0.4970256686210632	rest	10	0	10	13	between
fs32k	15	all	30	0.4718995094299316	rest	10	0	10	13	between
fs32k	15	all	31	0.5019131302833557	rest	10	0	10	13	between
fs32k	15	all	32	0.4763364195823669	rest	10	0	10	13	between
fs32k	15	all	33	0.5156674981117249	rest	10	0	10	13	between
fs32k	15	all	34	0.52564936876297	rest	10	0	10	13	between
fs32k	15	all	35	0.5034053921699524	rest	10	0	10	13	between
fs32k	15	all	36	0.4709216952323913	rest	10	0	10	13	between
fs32k	15	all	37	0.4910669326782226	rest	10	0	10	13	between
fs32k	15	all	38	0.4890919029712677	rest	10	0	10	13	between
fs32k	15	all	39	0.4959140419960022	rest	10	0	10	13	between
fs32k	15	all	40	0.5218815207481384	rest	10	0	10	13	between
fs32k	15	all	41	0.4678913652896881	rest	10	0	10	13	between
fs32k	15	all	42	0.492441326379776	rest	10	0	10	13	between
fs32k	15	all	43	0.4910607039928436	rest	10	0	10	13	between
fs32k	15	all	44	0.5010489821434021	rest	10	0	10	13	between
fs32k	15	all	45	0.4971093535423279	rest	10	0	10	13	between
fs32k	15	all	46	0.4752135276794433	rest	10	0	10	13	between
fs32k	15	all	47	0.4891806840896606	rest	10	0	10	13	between
fs32k	15	all	48	0.4761922359466553	rest	10	0	10	13	between
fs32k	15	all	49	0.4852118492126465	rest	10	0	10	13	between
fs32k	15	all	50	0.4923542141914367	rest	10	0	10	13	between
fs32k	15	all	51	0.4887470006942749	rest	10	0	10	13	between
fs32k	15	all	52	0.5178876519203186	rest	10	0	10	13	between
fs32k	15	all	53	0.49390310049057	rest	10	0	10	13	between
fs32k	15	all	54	0.4893558621406555	rest	10	0	10	13	between
fs32k	15	all	55	0.5088683366775513	rest	10	0	10	13	between
fs32k	15	all	1	0.4908232688903808	rest	10	0	10	14	between
fs32k	15	all	2	0.5112507343292236	rest	10	0	10	14	between
fs32k	15	all	3	0.5059929490089417	rest	10	0	10	14	between
fs32k	15	all	4	0.4963327646255493	rest	10	0	10	14	between
fs32k	15	all	5	0.5053403377532959	rest	10	0	10	14	between
fs32k	15	all	6	0.5028966665267944	rest	10	0	10	14	between
fs32k	15	all	7	0.5092748403549194	rest	10	0	10	14	between
fs32k	15	all	8	0.5065417885780334	rest	10	0	10	14	between
fs32k	15	all	9	0.508823037147522	rest	10	0	10	14	between
fs32k	15	all	10	0.5103253126144409	rest	10	0	10	14	between
fs32k	15	all	11	0.5045020580291748	rest	10	0	10	14	between
fs32k	15	all	12	0.5157495141029358	rest	10	0	10	14	between
fs32k	15	all	13	0.5078523755073547	rest	10	0	10	14	between
fs32k	15	all	14	0.5001545548439026	rest	10	0	10	14	between
fs32k	15	all	15	0.4935199618339538	rest	10	0	10	14	between
fs32k	15	all	16	0.4854177832603454	rest	10	0	10	14	between
fs32k	15	all	17	0.4885830283164978	rest	10	0	10	14	between
fs32k	15	all	18	0.4938183426856994	rest	10	0	10	14	between
fs32k	15	all	19	0.5365287065505981	rest	10	0	10	14	between
fs32k	15	all	20	0.5080833435058594	rest	10	0	10	14	between
fs32k	15	all	21	0.4985560178756714	rest	10	0	10	14	between
fs32k	15	all	22	0.4878365993499756	rest	10	0	10	14	between
fs32k	15	all	23	0.4858801662921905	rest	10	0	10	14	between
fs32k	15	all	24	0.4922024607658386	rest	10	0	10	14	between
fs32k	15	all	25	0.4951700866222381	rest	10	0	10	14	between
fs32k	15	all	26	0.4942584037780761	rest	10	0	10	14	between
fs32k	15	all	27	0.5135322213172913	rest	10	0	10	14	between
fs32k	15	all	28	0.5040379166603088	rest	10	0	10	14	between
fs32k	15	all	29	0.4929229021072387	rest	10	0	10	14	between
fs32k	15	all	30	0.492553561925888	rest	10	0	10	14	between
fs32k	15	all	31	0.4880849719047546	rest	10	0	10	14	between
fs32k	15	all	32	0.466802567243576	rest	10	0	10	14	between
fs32k	15	all	33	0.5054514408111572	rest	10	0	10	14	between
fs32k	15	all	34	0.5290919542312622	rest	10	0	10	14	between
fs32k	15	all	35	0.5104636549949646	rest	10	0	10	14	between
fs32k	15	all	36	0.4839090704917907	rest	10	0	10	14	between
fs32k	15	all	37	0.4773336946964264	rest	10	0	10	14	between
fs32k	15	all	38	0.491681694984436	rest	10	0	10	14	between
fs32k	15	all	39	0.4911506175994873	rest	10	0	10	14	between
fs32k	15	all	40	0.5276027917861938	rest	10	0	10	14	between
fs32k	15	all	41	0.4812701046466827	rest	10	0	10	14	between
fs32k	15	all	42	0.4840348958969116	rest	10	0	10	14	between
fs32k	15	all	43	0.4978699088096618	rest	10	0	10	14	between
fs32k	15	all	44	0.4994165599346161	rest	10	0	10	14	between
fs32k	15	all	45	0.5121780037879944	rest	10	0	10	14	between
fs32k	15	all	46	0.4774729609489441	rest	10	0	10	14	between
fs32k	15	all	47	0.4868258237838745	rest	10	0	10	14	between
fs32k	15	all	48	0.482274055480957	rest	10	0	10	14	between
fs32k	15	all	49	0.4983558654785156	rest	10	0	10	14	between
fs32k	15	all	50	0.4875220656394958	rest	10	0	10	14	between
fs32k	15	all	51	0.4853935241699219	rest	10	0	10	14	between
fs32k	15	all	52	0.4988520443439483	rest	10	0	10	14	between
fs32k	15	all	53	0.4876859188079834	rest	10	0	10	14	between
fs32k	15	all	54	0.4935552179813385	rest	10	0	10	14	between
fs32k	15	all	55	0.5116541981697083	rest	10	0	10	14	between
fs32k	15	all	1	0.4799282550811767	rest	10	0	10	15	between
fs32k	15	all	2	0.5012482404708862	rest	10	0	10	15	between
fs32k	15	all	3	0.5162172317504883	rest	10	0	10	15	between
fs32k	15	all	4	0.5034325122833252	rest	10	0	10	15	between
fs32k	15	all	5	0.5156593322753906	rest	10	0	10	15	between
fs32k	15	all	6	0.5064980983734131	rest	10	0	10	15	between
fs32k	15	all	7	0.5027486681938171	rest	10	0	10	15	between
fs32k	15	all	8	0.495667815208435	rest	10	0	10	15	between
fs32k	15	all	9	0.5123803615570068	rest	10	0	10	15	between
fs32k	15	all	10	0.506859302520752	rest	10	0	10	15	between
fs32k	15	all	11	0.4987422227859497	rest	10	0	10	15	between
fs32k	15	all	12	0.5094960927963257	rest	10	0	10	15	between
fs32k	15	all	13	0.4931538999080658	rest	10	0	10	15	between
fs32k	15	all	14	0.4864401817321777	rest	10	0	10	15	between
fs32k	15	all	15	0.4859309196472168	rest	10	0	10	15	between
fs32k	15	all	16	0.4798329472541809	rest	10	0	10	15	between
fs32k	15	all	17	0.4743134975433349	rest	10	0	10	15	between
fs32k	15	all	18	0.5000319480895996	rest	10	0	10	15	between
fs32k	15	all	19	0.4991564750671386	rest	10	0	10	15	between
fs32k	15	all	20	0.5068507790565491	rest	10	0	10	15	between
fs32k	15	all	21	0.508564293384552	rest	10	0	10	15	between
fs32k	15	all	22	0.4944179654121399	rest	10	0	10	15	between
fs32k	15	all	23	0.4773932099342346	rest	10	0	10	15	between
fs32k	15	all	24	0.4853394031524658	rest	10	0	10	15	between
fs32k	15	all	25	0.4900130033493042	rest	10	0	10	15	between
fs32k	15	all	26	0.4993032217025757	rest	10	0	10	15	between
fs32k	15	all	27	0.503513514995575	rest	10	0	10	15	between
fs32k	15	all	28	0.5118914246559143	rest	10	0	10	15	between
fs32k	15	all	29	0.5033046007156372	rest	10	0	10	15	between
fs32k	15	all	30	0.4950874447822571	rest	10	0	10	15	between
fs32k	15	all	31	0.4986895024776459	rest	10	0	10	15	between
fs32k	15	all	32	0.4726172685623169	rest	10	0	10	15	between
fs32k	15	all	33	0.5230568647384644	rest	10	0	10	15	between
fs32k	15	all	34	0.519222617149353	rest	10	0	10	15	between
fs32k	15	all	35	0.5013421773910522	rest	10	0	10	15	between
fs32k	15	all	36	0.4854582548141479	rest	10	0	10	15	between
fs32k	15	all	37	0.4716738760471344	rest	10	0	10	15	between
fs32k	15	all	38	0.4777079820632934	rest	10	0	10	15	between
fs32k	15	all	39	0.4994936287403106	rest	10	0	10	15	between
fs32k	15	all	40	0.5043528079986572	rest	10	0	10	15	between
fs32k	15	all	41	0.4890918135643005	rest	10	0	10	15	between
fs32k	15	all	42	0.4947457313537597	rest	10	0	10	15	between
fs32k	15	all	43	0.4982956647872925	rest	10	0	10	15	between
fs32k	15	all	44	0.518884003162384	rest	10	0	10	15	between
fs32k	15	all	45	0.4961369633674621	rest	10	0	10	15	between
fs32k	15	all	46	0.4738451540470123	rest	10	0	10	15	between
fs32k	15	all	47	0.4776869118213653	rest	10	0	10	15	between
fs32k	15	all	48	0.4883273839950561	rest	10	0	10	15	between
fs32k	15	all	49	0.4846279621124267	rest	10	0	10	15	between
fs32k	15	all	50	0.4789093434810638	rest	10	0	10	15	between
fs32k	15	all	51	0.4941102266311645	rest	10	0	10	15	between
fs32k	15	all	52	0.4954457581043243	rest	10	0	10	15	between
fs32k	15	all	53	0.4850684702396393	rest	10	0	10	15	between
fs32k	15	all	54	0.4885092973709106	rest	10	0	10	15	between
fs32k	15	all	55	0.5022831559181213	rest	10	0	10	15	between
fs32k	15	all	1	0.4939227402210235	rest	10	0	11	12	between
fs32k	15	all	2	0.4873437285423279	rest	10	0	11	12	between
fs32k	15	all	3	0.5231107473373413	rest	10	0	11	12	between
fs32k	15	all	4	0.5213314294815063	rest	10	0	11	12	between
fs32k	15	all	5	0.4957664906978607	rest	10	0	11	12	between
fs32k	15	all	6	0.5001528263092041	rest	10	0	11	12	between
fs32k	15	all	7	0.4974866509437561	rest	10	0	11	12	between
fs32k	15	all	8	0.5038377046585083	rest	10	0	11	12	between
fs32k	15	all	9	0.486056387424469	rest	10	0	11	12	between
fs32k	15	all	10	0.4957187473773956	rest	10	0	11	12	between
fs32k	15	all	11	0.4750442504882812	rest	10	0	11	12	between
fs32k	15	all	12	0.5153483152389526	rest	10	0	11	12	between
fs32k	15	all	13	0.508995771408081	rest	10	0	11	12	between
fs32k	15	all	14	0.4922266006469726	rest	10	0	11	12	between
fs32k	15	all	15	0.4740627706050873	rest	10	0	11	12	between
fs32k	15	all	16	0.4921304285526275	rest	10	0	11	12	between
fs32k	15	all	17	0.4994526505470276	rest	10	0	11	12	between
fs32k	15	all	18	0.4651337563991546	rest	10	0	11	12	between
fs32k	15	all	19	0.5083330273628235	rest	10	0	11	12	between
fs32k	15	all	20	0.4773208796977997	rest	10	0	11	12	between
fs32k	15	all	21	0.4762381911277771	rest	10	0	11	12	between
fs32k	15	all	22	0.4614120721817016	rest	10	0	11	12	between
fs32k	15	all	23	0.4616029858589172	rest	10	0	11	12	between
fs32k	15	all	24	0.49196857213974	rest	10	0	11	12	between
fs32k	15	all	25	0.477824717760086	rest	10	0	11	12	between
fs32k	15	all	26	0.4767270684242248	rest	10	0	11	12	between
fs32k	15	all	27	0.4820827841758728	rest	10	0	11	12	between
fs32k	15	all	28	0.511426568031311	rest	10	0	11	12	between
fs32k	15	all	29	0.5011186003684998	rest	10	0	11	12	between
fs32k	15	all	30	0.4729952216148376	rest	10	0	11	12	between
fs32k	15	all	31	0.5033926963806152	rest	10	0	11	12	between
fs32k	15	all	32	0.5018197298049927	rest	10	0	11	12	between
fs32k	15	all	33	0.4874694645404815	rest	10	0	11	12	between
fs32k	15	all	34	0.5215879082679749	rest	10	0	11	12	between
fs32k	15	all	35	0.4919928908348083	rest	10	0	11	12	between
fs32k	15	all	36	0.4741770923137665	rest	10	0	11	12	between
fs32k	15	all	37	0.4800227284431457	rest	10	0	11	12	between
fs32k	15	all	38	0.4983518123626709	rest	10	0	11	12	between
fs32k	15	all	39	0.4680008590221405	rest	10	0	11	12	between
fs32k	15	all	40	0.4952902197837829	rest	10	0	11	12	between
fs32k	15	all	41	0.4660460650920868	rest	10	0	11	12	between
fs32k	15	all	42	0.4794524312019348	rest	10	0	11	12	between
fs32k	15	all	43	0.4958322644233703	rest	10	0	11	12	between
fs32k	15	all	44	0.472781777381897	rest	10	0	11	12	between
fs32k	15	all	45	0.4914838671684265	rest	10	0	11	12	between
fs32k	15	all	46	0.4659519493579864	rest	10	0	11	12	between
fs32k	15	all	47	0.4886038899421692	rest	10	0	11	12	between
fs32k	15	all	48	0.4479568898677826	rest	10	0	11	12	between
fs32k	15	all	49	0.46837317943573	rest	10	0	11	12	between
fs32k	15	all	50	0.4891699552536011	rest	10	0	11	12	between
fs32k	15	all	51	0.4722896218299866	rest	10	0	11	12	between
fs32k	15	all	52	0.5015249848365784	rest	10	0	11	12	between
fs32k	15	all	53	0.4766242504119873	rest	10	0	11	12	between
fs32k	15	all	54	0.488682746887207	rest	10	0	11	12	between
fs32k	15	all	55	0.4723541438579559	rest	10	0	11	12	between
fs32k	15	all	1	0.4787057936191559	rest	10	0	11	13	between
fs32k	15	all	2	0.4972705245018005	rest	10	0	11	13	between
fs32k	15	all	3	0.5181378126144409	rest	10	0	11	13	between
fs32k	15	all	4	0.5128213763237	rest	10	0	11	13	between
fs32k	15	all	5	0.4871116876602173	rest	10	0	11	13	between
fs32k	15	all	6	0.4947758615016937	rest	10	0	11	13	between
fs32k	15	all	7	0.5053261518478394	rest	10	0	11	13	between
fs32k	15	all	8	0.4989203810691833	rest	10	0	11	13	between
fs32k	15	all	9	0.5024362206459045	rest	10	0	11	13	between
fs32k	15	all	10	0.4946187734603882	rest	10	0	11	13	between
fs32k	15	all	11	0.4851124882698059	rest	10	0	11	13	between
fs32k	15	all	12	0.5008609294891357	rest	10	0	11	13	between
fs32k	15	all	13	0.49204021692276	rest	10	0	11	13	between
fs32k	15	all	14	0.4727400541305542	rest	10	0	11	13	between
fs32k	15	all	15	0.4605141580104828	rest	10	0	11	13	between
fs32k	15	all	16	0.4926843047142029	rest	10	0	11	13	between
fs32k	15	all	17	0.4871228635311126	rest	10	0	11	13	between
fs32k	15	all	18	0.4809935092926025	rest	10	0	11	13	between
fs32k	15	all	19	0.5042742490768433	rest	10	0	11	13	between
fs32k	15	all	20	0.4821709096431732	rest	10	0	11	13	between
fs32k	15	all	21	0.4933950901031494	rest	10	0	11	13	between
fs32k	15	all	22	0.4712303876876831	rest	10	0	11	13	between
fs32k	15	all	23	0.4708307087421417	rest	10	0	11	13	between
fs32k	15	all	24	0.4984283745288849	rest	10	0	11	13	between
fs32k	15	all	25	0.4827739000320434	rest	10	0	11	13	between
fs32k	15	all	26	0.4856657683849334	rest	10	0	11	13	between
fs32k	15	all	27	0.4965882301330566	rest	10	0	11	13	between
fs32k	15	all	28	0.5125144720077515	rest	10	0	11	13	between
fs32k	15	all	29	0.4885081946849823	rest	10	0	11	13	between
fs32k	15	all	30	0.4673389196395874	rest	10	0	11	13	between
fs32k	15	all	31	0.507672905921936	rest	10	0	11	13	between
fs32k	15	all	32	0.4964061975479126	rest	10	0	11	13	between
fs32k	15	all	33	0.5027126669883728	rest	10	0	11	13	between
fs32k	15	all	34	0.5160483121871948	rest	10	0	11	13	between
fs32k	15	all	35	0.495298683643341	rest	10	0	11	13	between
fs32k	15	all	36	0.4730258584022522	rest	10	0	11	13	between
fs32k	15	all	37	0.4909691214561462	rest	10	0	11	13	between
fs32k	15	all	38	0.4953112602233886	rest	10	0	11	13	between
fs32k	15	all	39	0.4880627989768982	rest	10	0	11	13	between
fs32k	15	all	40	0.5022759437561035	rest	10	0	11	13	between
fs32k	15	all	41	0.4625195860862732	rest	10	0	11	13	between
fs32k	15	all	42	0.4795727431774139	rest	10	0	11	13	between
fs32k	15	all	43	0.4870570302009582	rest	10	0	11	13	between
fs32k	15	all	44	0.4830487668514251	rest	10	0	11	13	between
fs32k	15	all	45	0.4812248945236206	rest	10	0	11	13	between
fs32k	15	all	46	0.4775287806987762	rest	10	0	11	13	between
fs32k	15	all	47	0.4895194470882416	rest	10	0	11	13	between
fs32k	15	all	48	0.4693039357662201	rest	10	0	11	13	between
fs32k	15	all	49	0.473882108926773	rest	10	0	11	13	between
fs32k	15	all	50	0.4975981116294861	rest	10	0	11	13	between
fs32k	15	all	51	0.4860934615135193	rest	10	0	11	13	between
fs32k	15	all	52	0.5167705416679382	rest	10	0	11	13	between
fs32k	15	all	53	0.4910264015197754	rest	10	0	11	13	between
fs32k	15	all	54	0.4943954944610595	rest	10	0	11	13	between
fs32k	15	all	55	0.4897060096263885	rest	10	0	11	13	between
fs32k	15	all	1	0.4847797453403473	rest	10	0	11	14	between
fs32k	15	all	2	0.5191604495048523	rest	10	0	11	14	between
fs32k	15	all	3	0.5174887180328369	rest	10	0	11	14	between
fs32k	15	all	4	0.5202608108520508	rest	10	0	11	14	between
fs32k	15	all	5	0.5030314326286316	rest	10	0	11	14	between
fs32k	15	all	6	0.5096221566200256	rest	10	0	11	14	between
fs32k	15	all	7	0.511333167552948	rest	10	0	11	14	between
fs32k	15	all	8	0.5099755525588989	rest	10	0	11	14	between
fs32k	15	all	9	0.5070331692695618	rest	10	0	11	14	between
fs32k	15	all	10	0.5077890157699585	rest	10	0	11	14	between
fs32k	15	all	11	0.4849328994750976	rest	10	0	11	14	between
fs32k	15	all	12	0.5080031752586365	rest	10	0	11	14	between
fs32k	15	all	13	0.4972711503505707	rest	10	0	11	14	between
fs32k	15	all	14	0.4813248813152313	rest	10	0	11	14	between
fs32k	15	all	15	0.4797939658164978	rest	10	0	11	14	between
fs32k	15	all	16	0.4758896827697754	rest	10	0	11	14	between
fs32k	15	all	17	0.4920206665992737	rest	10	0	11	14	between
fs32k	15	all	18	0.4741247296333313	rest	10	0	11	14	between
fs32k	15	all	19	0.5157631039619446	rest	10	0	11	14	between
fs32k	15	all	20	0.4905313849449157	rest	10	0	11	14	between
fs32k	15	all	21	0.4885978698730469	rest	10	0	11	14	between
fs32k	15	all	22	0.4823043048381805	rest	10	0	11	14	between
fs32k	15	all	23	0.4744913578033447	rest	10	0	11	14	between
fs32k	15	all	24	0.5051817893981934	rest	10	0	11	14	between
fs32k	15	all	25	0.4997386634349823	rest	10	0	11	14	between
fs32k	15	all	26	0.4953012466430664	rest	10	0	11	14	between
fs32k	15	all	27	0.4951204061508178	rest	10	0	11	14	between
fs32k	15	all	28	0.5132331848144531	rest	10	0	11	14	between
fs32k	15	all	29	0.4923200607299804	rest	10	0	11	14	between
fs32k	15	all	30	0.4812172651290893	rest	10	0	11	14	between
fs32k	15	all	31	0.4949094951152801	rest	10	0	11	14	between
fs32k	15	all	32	0.4952225089073181	rest	10	0	11	14	between
fs32k	15	all	33	0.4970932304859161	rest	10	0	11	14	between
fs32k	15	all	34	0.5213354229927063	rest	10	0	11	14	between
fs32k	15	all	35	0.5043705105781555	rest	10	0	11	14	between
fs32k	15	all	36	0.4888477027416229	rest	10	0	11	14	between
fs32k	15	all	37	0.4806195199489593	rest	10	0	11	14	between
fs32k	15	all	38	0.5010762214660645	rest	10	0	11	14	between
fs32k	15	all	39	0.4865690171718597	rest	10	0	11	14	between
fs32k	15	all	40	0.5046327114105225	rest	10	0	11	14	between
fs32k	15	all	41	0.4776360690593719	rest	10	0	11	14	between
fs32k	15	all	42	0.4728569388389587	rest	10	0	11	14	between
fs32k	15	all	43	0.4914566278457641	rest	10	0	11	14	between
fs32k	15	all	44	0.4784915149211883	rest	10	0	11	14	between
fs32k	15	all	45	0.4906809329986572	rest	10	0	11	14	between
fs32k	15	all	46	0.4750840365886688	rest	10	0	11	14	between
fs32k	15	all	47	0.5009915828704834	rest	10	0	11	14	between
fs32k	15	all	48	0.4728938639163971	rest	10	0	11	14	between
fs32k	15	all	49	0.4912436902523041	rest	10	0	11	14	between
fs32k	15	all	50	0.4844739735126495	rest	10	0	11	14	between
fs32k	15	all	51	0.4801385700702667	rest	10	0	11	14	between
fs32k	15	all	52	0.4942166805267334	rest	10	0	11	14	between
fs32k	15	all	53	0.4819298982620239	rest	10	0	11	14	between
fs32k	15	all	54	0.4964460432529449	rest	10	0	11	14	between
fs32k	15	all	55	0.4868095815181732	rest	10	0	11	14	between
fs32k	15	all	1	0.4787385165691376	rest	10	0	11	15	between
fs32k	15	all	2	0.5061155557632446	rest	10	0	11	15	between
fs32k	15	all	3	0.533080518245697	rest	10	0	11	15	between
fs32k	15	all	4	0.5256593227386475	rest	10	0	11	15	between
fs32k	15	all	5	0.5135533809661865	rest	10	0	11	15	between
fs32k	15	all	6	0.51283198595047	rest	10	0	11	15	between
fs32k	15	all	7	0.5116715431213379	rest	10	0	11	15	between
fs32k	15	all	8	0.5067724585533142	rest	10	0	11	15	between
fs32k	15	all	9	0.5113964676856995	rest	10	0	11	15	between
fs32k	15	all	10	0.4993887543678283	rest	10	0	11	15	between
fs32k	15	all	11	0.4760231673717499	rest	10	0	11	15	between
fs32k	15	all	12	0.5039929151535034	rest	10	0	11	15	between
fs32k	15	all	13	0.4865744113922119	rest	10	0	11	15	between
fs32k	15	all	14	0.4751671254634857	rest	10	0	11	15	between
fs32k	15	all	15	0.464406669139862	rest	10	0	11	15	between
fs32k	15	all	16	0.4710387885570526	rest	10	0	11	15	between
fs32k	15	all	17	0.4842655956745147	rest	10	0	11	15	between
fs32k	15	all	18	0.4724033772945404	rest	10	0	11	15	between
fs32k	15	all	19	0.4848681092262268	rest	10	0	11	15	between
fs32k	15	all	20	0.4891764521598816	rest	10	0	11	15	between
fs32k	15	all	21	0.4953959584236145	rest	10	0	11	15	between
fs32k	15	all	22	0.4963476657867431	rest	10	0	11	15	between
fs32k	15	all	23	0.4650212824344635	rest	10	0	11	15	between
fs32k	15	all	24	0.4915273785591125	rest	10	0	11	15	between
fs32k	15	all	25	0.4935910403728485	rest	10	0	11	15	between
fs32k	15	all	26	0.4901370108127594	rest	10	0	11	15	between
fs32k	15	all	27	0.4926909208297729	rest	10	0	11	15	between
fs32k	15	all	28	0.5220109224319458	rest	10	0	11	15	between
fs32k	15	all	29	0.5057005286216736	rest	10	0	11	15	between
fs32k	15	all	30	0.4858532845973968	rest	10	0	11	15	between
fs32k	15	all	31	0.5072091817855835	rest	10	0	11	15	between
fs32k	15	all	32	0.5043953061103821	rest	10	0	11	15	between
fs32k	15	all	33	0.5127975344657898	rest	10	0	11	15	between
fs32k	15	all	34	0.5165031552314758	rest	10	0	11	15	between
fs32k	15	all	35	0.5026596784591675	rest	10	0	11	15	between
fs32k	15	all	36	0.4853403568267822	rest	10	0	11	15	between
fs32k	15	all	37	0.4818573892116546	rest	10	0	11	15	between
fs32k	15	all	38	0.4997758567333221	rest	10	0	11	15	between
fs32k	15	all	39	0.5012940168380737	rest	10	0	11	15	between
fs32k	15	all	40	0.4911932945251465	rest	10	0	11	15	between
fs32k	15	all	41	0.4765660762786865	rest	10	0	11	15	between
fs32k	15	all	42	0.4873437583446502	rest	10	0	11	15	between
fs32k	15	all	43	0.5028801560401917	rest	10	0	11	15	between
fs32k	15	all	44	0.5063546895980835	rest	10	0	11	15	between
fs32k	15	all	45	0.490889698266983	rest	10	0	11	15	between
fs32k	15	all	46	0.4773634672164917	rest	10	0	11	15	between
fs32k	15	all	47	0.4827616810798645	rest	10	0	11	15	between
fs32k	15	all	48	0.4756752252578735	rest	10	0	11	15	between
fs32k	15	all	49	0.4695842862129211	rest	10	0	11	15	between
fs32k	15	all	50	0.4899018108844757	rest	10	0	11	15	between
fs32k	15	all	51	0.4898082613945007	rest	10	0	11	15	between
fs32k	15	all	52	0.5024040937423706	rest	10	0	11	15	between
fs32k	15	all	53	0.4910327792167663	rest	10	0	11	15	between
fs32k	15	all	54	0.4924662113189697	rest	10	0	11	15	between
fs32k	15	all	55	0.4900683164596557	rest	10	0	11	15	between
fs32k	15	all	1	0.4789663553237915	rest	10	0	12	13	between
fs32k	15	all	2	0.4852880835533142	rest	10	0	12	13	between
fs32k	15	all	3	0.5130665302276611	rest	10	0	12	13	between
fs32k	15	all	4	0.493757039308548	rest	10	0	12	13	between
fs32k	15	all	5	0.4826937317848205	rest	10	0	12	13	between
fs32k	15	all	6	0.4791570901870727	rest	10	0	12	13	between
fs32k	15	all	7	0.495681881904602	rest	10	0	12	13	between
fs32k	15	all	8	0.4940193295478821	rest	10	0	12	13	between
fs32k	15	all	9	0.4884125292301178	rest	10	0	12	13	between
fs32k	15	all	10	0.4941585958003998	rest	10	0	12	13	between
fs32k	15	all	11	0.4863168597221374	rest	10	0	12	13	between
fs32k	15	all	12	0.5117053985595703	rest	10	0	12	13	between
fs32k	15	all	13	0.4993056952953338	rest	10	0	12	13	between
fs32k	15	all	14	0.4871073365211487	rest	10	0	12	13	between
fs32k	15	all	15	0.4643079042434692	rest	10	0	12	13	between
fs32k	15	all	16	0.5032910108566284	rest	10	0	12	13	between
fs32k	15	all	17	0.489014595746994	rest	10	0	12	13	between
fs32k	15	all	18	0.4809907972812652	rest	10	0	12	13	between
fs32k	15	all	19	0.5106711387634277	rest	10	0	12	13	between
fs32k	15	all	20	0.4886137247085571	rest	10	0	12	13	between
fs32k	15	all	21	0.4899078011512756	rest	10	0	12	13	between
fs32k	15	all	22	0.4751661717891693	rest	10	0	12	13	between
fs32k	15	all	23	0.4674378633499145	rest	10	0	12	13	between
fs32k	15	all	24	0.4998339414596557	rest	10	0	12	13	between
fs32k	15	all	25	0.4819191992282867	rest	10	0	12	13	between
fs32k	15	all	26	0.4710889160633087	rest	10	0	12	13	between
fs32k	15	all	27	0.5062921047210693	rest	10	0	12	13	between
fs32k	15	all	28	0.5086302757263184	rest	10	0	12	13	between
fs32k	15	all	29	0.5012555718421936	rest	10	0	12	13	between
fs32k	15	all	30	0.468070387840271	rest	10	0	12	13	between
fs32k	15	all	31	0.5156711935997009	rest	10	0	12	13	between
fs32k	15	all	32	0.4894611239433288	rest	10	0	12	13	between
fs32k	15	all	33	0.4944638311862945	rest	10	0	12	13	between
fs32k	15	all	34	0.5289667248725891	rest	10	0	12	13	between
fs32k	15	all	35	0.4936604797840118	rest	10	0	12	13	between
fs32k	15	all	36	0.4590511322021484	rest	10	0	12	13	between
fs32k	15	all	37	0.4884294271469116	rest	10	0	12	13	between
fs32k	15	all	38	0.4840188026428222	rest	10	0	12	13	between
fs32k	15	all	39	0.4672705233097076	rest	10	0	12	13	between
fs32k	15	all	40	0.5094757080078125	rest	10	0	12	13	between
fs32k	15	all	41	0.4562975466251373	rest	10	0	12	13	between
fs32k	15	all	42	0.4886827170848846	rest	10	0	12	13	between
fs32k	15	all	43	0.4929518103599548	rest	10	0	12	13	between
fs32k	15	all	44	0.4743192195892334	rest	10	0	12	13	between
fs32k	15	all	45	0.4910781383514404	rest	10	0	12	13	between
fs32k	15	all	46	0.4621497392654419	rest	10	0	12	13	between
fs32k	15	all	47	0.4863002300262451	rest	10	0	12	13	between
fs32k	15	all	48	0.4579859972000122	rest	10	0	12	13	between
fs32k	15	all	49	0.4756844639778137	rest	10	0	12	13	between
fs32k	15	all	50	0.4934527575969696	rest	10	0	12	13	between
fs32k	15	all	51	0.471605509519577	rest	10	0	12	13	between
fs32k	15	all	52	0.5215739011764526	rest	10	0	12	13	between
fs32k	15	all	53	0.4873964190483093	rest	10	0	12	13	between
fs32k	15	all	54	0.4907668828964233	rest	10	0	12	13	between
fs32k	15	all	55	0.4842123091220855	rest	10	0	12	13	between
fs32k	15	all	1	0.4873155951499939	rest	10	0	12	14	between
fs32k	15	all	2	0.4993322491645813	rest	10	0	12	14	between
fs32k	15	all	3	0.5041378140449524	rest	10	0	12	14	between
fs32k	15	all	4	0.4987160265445709	rest	10	0	12	14	between
fs32k	15	all	5	0.4965272545814514	rest	10	0	12	14	between
fs32k	15	all	6	0.4909572601318359	rest	10	0	12	14	between
fs32k	15	all	7	0.50138920545578	rest	10	0	12	14	between
fs32k	15	all	8	0.5018230080604553	rest	10	0	12	14	between
fs32k	15	all	9	0.4984795749187469	rest	10	0	12	14	between
fs32k	15	all	10	0.5021415948867798	rest	10	0	12	14	between
fs32k	15	all	11	0.4915089309215545	rest	10	0	12	14	between
fs32k	15	all	12	0.5183882117271423	rest	10	0	12	14	between
fs32k	15	all	13	0.5083762407302856	rest	10	0	12	14	between
fs32k	15	all	14	0.5004330277442932	rest	10	0	12	14	between
fs32k	15	all	15	0.4795719683170318	rest	10	0	12	14	between
fs32k	15	all	16	0.4911712408065796	rest	10	0	12	14	between
fs32k	15	all	17	0.4903724789619446	rest	10	0	12	14	between
fs32k	15	all	18	0.4745888411998749	rest	10	0	12	14	between
fs32k	15	all	19	0.5245648622512817	rest	10	0	12	14	between
fs32k	15	all	20	0.4907156825065613	rest	10	0	12	14	between
fs32k	15	all	21	0.4789521098136902	rest	10	0	12	14	between
fs32k	15	all	22	0.478150874376297	rest	10	0	12	14	between
fs32k	15	all	23	0.4690712690353393	rest	10	0	12	14	between
fs32k	15	all	24	0.4920954704284668	rest	10	0	12	14	between
fs32k	15	all	25	0.4935226440429687	rest	10	0	12	14	between
fs32k	15	all	26	0.4763827621936798	rest	10	0	12	14	between
fs32k	15	all	27	0.502739429473877	rest	10	0	12	14	between
fs32k	15	all	28	0.5078107118606567	rest	10	0	12	14	between
fs32k	15	all	29	0.5011309385299683	rest	10	0	12	14	between
fs32k	15	all	30	0.4770459830760956	rest	10	0	12	14	between
fs32k	15	all	31	0.4999804496765136	rest	10	0	12	14	between
fs32k	15	all	32	0.4732192754745483	rest	10	0	12	14	between
fs32k	15	all	33	0.4846053719520569	rest	10	0	12	14	between
fs32k	15	all	34	0.5284826755523682	rest	10	0	12	14	between
fs32k	15	all	35	0.4969503283500671	rest	10	0	12	14	between
fs32k	15	all	36	0.4656082391738891	rest	10	0	12	14	between
fs32k	15	all	37	0.4741830825805664	rest	10	0	12	14	between
fs32k	15	all	38	0.483131468296051	rest	10	0	12	14	between
fs32k	15	all	39	0.4576008915901184	rest	10	0	12	14	between
fs32k	15	all	40	0.5065891742706299	rest	10	0	12	14	between
fs32k	15	all	41	0.4754382371902466	rest	10	0	12	14	between
fs32k	15	all	42	0.4788230359554291	rest	10	0	12	14	between
fs32k	15	all	43	0.4934013783931732	rest	10	0	12	14	between
fs32k	15	all	44	0.4744370281696319	rest	10	0	12	14	between
fs32k	15	all	45	0.5013753175735474	rest	10	0	12	14	between
fs32k	15	all	46	0.4670485258102417	rest	10	0	12	14	between
fs32k	15	all	47	0.4859424233436584	rest	10	0	12	14	between
fs32k	15	all	48	0.456527829170227	rest	10	0	12	14	between
fs32k	15	all	49	0.483023852109909	rest	10	0	12	14	between
fs32k	15	all	50	0.4871342182159424	rest	10	0	12	14	between
fs32k	15	all	51	0.469986617565155	rest	10	0	12	14	between
fs32k	15	all	52	0.5019996166229248	rest	10	0	12	14	between
fs32k	15	all	53	0.4811480045318603	rest	10	0	12	14	between
fs32k	15	all	54	0.4897377490997314	rest	10	0	12	14	between
fs32k	15	all	55	0.4808579683303833	rest	10	0	12	14	between
fs32k	15	all	1	0.4770989418029785	rest	10	0	12	15	between
fs32k	15	all	2	0.4748215079307556	rest	10	0	12	15	between
fs32k	15	all	3	0.516771674156189	rest	10	0	12	15	between
fs32k	15	all	4	0.4993636310100555	rest	10	0	12	15	between
fs32k	15	all	5	0.5011590123176575	rest	10	0	12	15	between
fs32k	15	all	6	0.4945856630802154	rest	10	0	12	15	between
fs32k	15	all	7	0.4989041090011596	rest	10	0	12	15	between
fs32k	15	all	8	0.4802027344703674	rest	10	0	12	15	between
fs32k	15	all	9	0.4898239076137543	rest	10	0	12	15	between
fs32k	15	all	10	0.4905317723751068	rest	10	0	12	15	between
fs32k	15	all	11	0.4749472141265869	rest	10	0	12	15	between
fs32k	15	all	12	0.5068214535713196	rest	10	0	12	15	between
fs32k	15	all	13	0.4867745637893677	rest	10	0	12	15	between
fs32k	15	all	14	0.4842772781848907	rest	10	0	12	15	between
fs32k	15	all	15	0.4653558731079101	rest	10	0	12	15	between
fs32k	15	all	16	0.4815468490123749	rest	10	0	12	15	between
fs32k	15	all	17	0.4644026756286621	rest	10	0	12	15	between
fs32k	15	all	18	0.4681200385093689	rest	10	0	12	15	between
fs32k	15	all	19	0.4825458824634552	rest	10	0	12	15	between
fs32k	15	all	20	0.4892737567424774	rest	10	0	12	15	between
fs32k	15	all	21	0.4863622188568115	rest	10	0	12	15	between
fs32k	15	all	22	0.4770867526531219	rest	10	0	12	15	between
fs32k	15	all	23	0.4583298563957214	rest	10	0	12	15	between
fs32k	15	all	24	0.4845696687698364	rest	10	0	12	15	between
fs32k	15	all	25	0.4779324233531952	rest	10	0	12	15	between
fs32k	15	all	26	0.4698528349399566	rest	10	0	12	15	between
fs32k	15	all	27	0.4878429472446441	rest	10	0	12	15	between
fs32k	15	all	28	0.5104638338088989	rest	10	0	12	15	between
fs32k	15	all	29	0.5017483234405518	rest	10	0	12	15	between
fs32k	15	all	30	0.4797537624835968	rest	10	0	12	15	between
fs32k	15	all	31	0.5085118412971497	rest	10	0	12	15	between
fs32k	15	all	32	0.474384605884552	rest	10	0	12	15	between
fs32k	15	all	33	0.4938253760337829	rest	10	0	12	15	between
fs32k	15	all	34	0.5098766088485718	rest	10	0	12	15	between
fs32k	15	all	35	0.4860523343086242	rest	10	0	12	15	between
fs32k	15	all	36	0.4702933132648468	rest	10	0	12	15	between
fs32k	15	all	37	0.4696596562862396	rest	10	0	12	15	between
fs32k	15	all	38	0.4721084833145141	rest	10	0	12	15	between
fs32k	15	all	39	0.467026948928833	rest	10	0	12	15	between
fs32k	15	all	40	0.4803788065910339	rest	10	0	12	15	between
fs32k	15	all	41	0.4717323184013366	rest	10	0	12	15	between
fs32k	15	all	42	0.4868506789207458	rest	10	0	12	15	between
fs32k	15	all	43	0.4839721322059631	rest	10	0	12	15	between
fs32k	15	all	44	0.4862938523292541	rest	10	0	12	15	between
fs32k	15	all	45	0.4839614927768707	rest	10	0	12	15	between
fs32k	15	all	46	0.4610005617141723	rest	10	0	12	15	between
fs32k	15	all	47	0.4703468680381775	rest	10	0	12	15	between
fs32k	15	all	48	0.4581386744976043	rest	10	0	12	15	between
fs32k	15	all	49	0.4680856764316559	rest	10	0	12	15	between
fs32k	15	all	50	0.4748003184795379	rest	10	0	12	15	between
fs32k	15	all	51	0.4766019582748413	rest	10	0	12	15	between
fs32k	15	all	52	0.4968489706516266	rest	10	0	12	15	between
fs32k	15	all	53	0.4714434444904327	rest	10	0	12	15	between
fs32k	15	all	54	0.4788271784782409	rest	10	0	12	15	between
fs32k	15	all	55	0.4821828603744507	rest	10	0	12	15	between
fs32k	15	all	1	0.4749833047389984	rest	10	0	13	14	between
fs32k	15	all	2	0.5035414695739746	rest	10	0	13	14	between
fs32k	15	all	3	0.5018775463104248	rest	10	0	13	14	between
fs32k	15	all	4	0.494114875793457	rest	10	0	13	14	between
fs32k	15	all	5	0.4800963997840881	rest	10	0	13	14	between
fs32k	15	all	6	0.4824424386024475	rest	10	0	13	14	between
fs32k	15	all	7	0.5012414455413818	rest	10	0	13	14	between
fs32k	15	all	8	0.495060920715332	rest	10	0	13	14	between
fs32k	15	all	9	0.5054124593734741	rest	10	0	13	14	between
fs32k	15	all	10	0.5013569593429565	rest	10	0	13	14	between
fs32k	15	all	11	0.4981383085250854	rest	10	0	13	14	between
fs32k	15	all	12	0.5033074617385864	rest	10	0	13	14	between
fs32k	15	all	13	0.4918774962425232	rest	10	0	13	14	between
fs32k	15	all	14	0.4781108796596527	rest	10	0	13	14	between
fs32k	15	all	15	0.4686091542243957	rest	10	0	13	14	between
fs32k	15	all	16	0.4914387464523315	rest	10	0	13	14	between
fs32k	15	all	17	0.4814464151859283	rest	10	0	13	14	between
fs32k	15	all	18	0.4830929040908813	rest	10	0	13	14	between
fs32k	15	all	19	0.5170456171035767	rest	10	0	13	14	between
fs32k	15	all	20	0.4995292127132416	rest	10	0	13	14	between
fs32k	15	all	21	0.5041954517364502	rest	10	0	13	14	between
fs32k	15	all	22	0.4917521774768829	rest	10	0	13	14	between
fs32k	15	all	23	0.4816576242446899	rest	10	0	13	14	between
fs32k	15	all	24	0.5118608474731445	rest	10	0	13	14	between
fs32k	15	all	25	0.4997987747192383	rest	10	0	13	14	between
fs32k	15	all	26	0.4978094696998596	rest	10	0	13	14	between
fs32k	15	all	27	0.5218859314918518	rest	10	0	13	14	between
fs32k	15	all	28	0.511225700378418	rest	10	0	13	14	between
fs32k	15	all	29	0.4937488436698913	rest	10	0	13	14	between
fs32k	15	all	30	0.4754745662212372	rest	10	0	13	14	between
fs32k	15	all	31	0.5143449306488037	rest	10	0	13	14	between
fs32k	15	all	32	0.4760341942310333	rest	10	0	13	14	between
fs32k	15	all	33	0.5033103227615356	rest	10	0	13	14	between
fs32k	15	all	34	0.5273839235305786	rest	10	0	13	14	between
fs32k	15	all	35	0.5045257210731506	rest	10	0	13	14	between
fs32k	15	all	36	0.4653442203998565	rest	10	0	13	14	between
fs32k	15	all	37	0.4964724779129028	rest	10	0	13	14	between
fs32k	15	all	38	0.484887957572937	rest	10	0	13	14	between
fs32k	15	all	39	0.4846805036067962	rest	10	0	13	14	between
fs32k	15	all	40	0.5175632238388062	rest	10	0	13	14	between
fs32k	15	all	41	0.4659485220909118	rest	10	0	13	14	between
fs32k	15	all	42	0.4856045246124267	rest	10	0	13	14	between
fs32k	15	all	43	0.4840113222599029	rest	10	0	13	14	between
fs32k	15	all	44	0.4865533411502838	rest	10	0	13	14	between
fs32k	15	all	45	0.4987084865570068	rest	10	0	13	14	between
fs32k	15	all	46	0.4771523475646972	rest	10	0	13	14	between
fs32k	15	all	47	0.4875842928886413	rest	10	0	13	14	between
fs32k	15	all	48	0.475140780210495	rest	10	0	13	14	between
fs32k	15	all	49	0.4919089674949646	rest	10	0	13	14	between
fs32k	15	all	50	0.4941251873970032	rest	10	0	13	14	between
fs32k	15	all	51	0.4916778802871704	rest	10	0	13	14	between
fs32k	15	all	52	0.5215321183204651	rest	10	0	13	14	between
fs32k	15	all	53	0.4880227744579315	rest	10	0	13	14	between
fs32k	15	all	54	0.4938953816890716	rest	10	0	13	14	between
fs32k	15	all	55	0.5037510395050049	rest	10	0	13	14	between
fs32k	15	all	1	0.4627079367637634	rest	10	0	13	15	between
fs32k	15	all	2	0.4898499846458435	rest	10	0	13	15	between
fs32k	15	all	3	0.5114282965660095	rest	10	0	13	15	between
fs32k	15	all	4	0.4917629957199096	rest	10	0	13	15	between
fs32k	15	all	5	0.4910904765129089	rest	10	0	13	15	between
fs32k	15	all	6	0.4818280339241028	rest	10	0	13	15	between
fs32k	15	all	7	0.4998975992202759	rest	10	0	13	15	between
fs32k	15	all	8	0.4824676215648651	rest	10	0	13	15	between
fs32k	15	all	9	0.5027545690536499	rest	10	0	13	15	between
fs32k	15	all	10	0.4917811155319214	rest	10	0	13	15	between
fs32k	15	all	11	0.4834426641464233	rest	10	0	13	15	between
fs32k	15	all	12	0.4872829914093017	rest	10	0	13	15	between
fs32k	15	all	13	0.4724595248699188	rest	10	0	13	15	between
fs32k	15	all	14	0.4687608182430267	rest	10	0	13	15	between
fs32k	15	all	15	0.458143413066864	rest	10	0	13	15	between
fs32k	15	all	16	0.4776530265808105	rest	10	0	13	15	between
fs32k	15	all	17	0.4635845124721527	rest	10	0	13	15	between
fs32k	15	all	18	0.4813300669193268	rest	10	0	13	15	between
fs32k	15	all	19	0.4832073152065277	rest	10	0	13	15	between
fs32k	15	all	20	0.493088036775589	rest	10	0	13	15	between
fs32k	15	all	21	0.4983565211296081	rest	10	0	13	15	between
fs32k	15	all	22	0.4889306426048279	rest	10	0	13	15	between
fs32k	15	all	23	0.4632558822631836	rest	10	0	13	15	between
fs32k	15	all	24	0.5010448694229126	rest	10	0	13	15	between
fs32k	15	all	25	0.4759307503700256	rest	10	0	13	15	between
fs32k	15	all	26	0.4893916845321655	rest	10	0	13	15	between
fs32k	15	all	27	0.4963065981864929	rest	10	0	13	15	between
fs32k	15	all	28	0.5063594579696655	rest	10	0	13	15	between
fs32k	15	all	29	0.4940518140792846	rest	10	0	13	15	between
fs32k	15	all	30	0.4750389754772186	rest	10	0	13	15	between
fs32k	15	all	31	0.5217894911766052	rest	10	0	13	15	between
fs32k	15	all	32	0.469888687133789	rest	10	0	13	15	between
fs32k	15	all	33	0.5142403841018677	rest	10	0	13	15	between
fs32k	15	all	34	0.5081174373626709	rest	10	0	13	15	between
fs32k	15	all	35	0.4924435019493103	rest	10	0	13	15	between
fs32k	15	all	36	0.4633551239967346	rest	10	0	13	15	between
fs32k	15	all	37	0.4910961985588074	rest	10	0	13	15	between
fs32k	15	all	38	0.4703480899333954	rest	10	0	13	15	between
fs32k	15	all	39	0.4900974929332733	rest	10	0	13	15	between
fs32k	15	all	40	0.4882553815841675	rest	10	0	13	15	between
fs32k	15	all	41	0.4675326943397522	rest	10	0	13	15	between
fs32k	15	all	42	0.4923973679542541	rest	10	0	13	15	between
fs32k	15	all	43	0.4825925230979919	rest	10	0	13	15	between
fs32k	15	all	44	0.5008286237716675	rest	10	0	13	15	between
fs32k	15	all	45	0.4784422516822815	rest	10	0	13	15	between
fs32k	15	all	46	0.4760037958621979	rest	10	0	13	15	between
fs32k	15	all	47	0.4711486399173736	rest	10	0	13	15	between
fs32k	15	all	48	0.4744666218757629	rest	10	0	13	15	between
fs32k	15	all	49	0.4774169325828552	rest	10	0	13	15	between
fs32k	15	all	50	0.4827334880828857	rest	10	0	13	15	between
fs32k	15	all	51	0.4969958961009979	rest	10	0	13	15	between
fs32k	15	all	52	0.5105955004692078	rest	10	0	13	15	between
fs32k	15	all	53	0.4789732694625854	rest	10	0	13	15	between
fs32k	15	all	54	0.4851335287094116	rest	10	0	13	15	between
fs32k	15	all	55	0.4952814280986786	rest	10	0	13	15	between
fs32k	15	all	1	0.4670278429985046	rest	10	0	14	15	between
fs32k	15	all	2	0.5083301663398743	rest	10	0	14	15	between
fs32k	15	all	3	0.511421799659729	rest	10	0	14	15	between
fs32k	15	all	4	0.497869610786438	rest	10	0	14	15	between
fs32k	15	all	5	0.5054818391799927	rest	10	0	14	15	between
fs32k	15	all	6	0.499298483133316	rest	10	0	14	15	between
fs32k	15	all	7	0.5070717930793762	rest	10	0	14	15	between
fs32k	15	all	8	0.4950986504554748	rest	10	0	14	15	between
fs32k	15	all	9	0.5071749687194824	rest	10	0	14	15	between
fs32k	15	all	10	0.5046848058700562	rest	10	0	14	15	between
fs32k	15	all	11	0.4885411560535431	rest	10	0	14	15	between
fs32k	15	all	12	0.4996665120124817	rest	10	0	14	15	between
fs32k	15	all	13	0.4801573455333709	rest	10	0	14	15	between
fs32k	15	all	14	0.4726389050483703	rest	10	0	14	15	between
fs32k	15	all	15	0.4701862931251526	rest	10	0	14	15	between
fs32k	15	all	16	0.4671895503997803	rest	10	0	14	15	between
fs32k	15	all	17	0.4636397361755371	rest	10	0	14	15	between
fs32k	15	all	18	0.4722206592559814	rest	10	0	14	15	between
fs32k	15	all	19	0.4906278848648071	rest	10	0	14	15	between
fs32k	15	all	20	0.5027559995651245	rest	10	0	14	15	between
fs32k	15	all	21	0.4943305850028991	rest	10	0	14	15	between
fs32k	15	all	22	0.4950801730155945	rest	10	0	14	15	between
fs32k	15	all	23	0.4728816151618957	rest	10	0	14	15	between
fs32k	15	all	24	0.4931722581386566	rest	10	0	14	15	between
fs32k	15	all	25	0.494907796382904	rest	10	0	14	15	between
fs32k	15	all	26	0.4902544021606445	rest	10	0	14	15	between
fs32k	15	all	27	0.5026431083679199	rest	10	0	14	15	between
fs32k	15	all	28	0.5102863311767578	rest	10	0	14	15	between
fs32k	15	all	29	0.4943910241127014	rest	10	0	14	15	between
fs32k	15	all	30	0.4902191460132599	rest	10	0	14	15	between
fs32k	15	all	31	0.5054832696914673	rest	10	0	14	15	between
fs32k	15	all	32	0.4661504328250885	rest	10	0	14	15	between
fs32k	15	all	33	0.5060344934463501	rest	10	0	14	15	between
fs32k	15	all	34	0.510657787322998	rest	10	0	14	15	between
fs32k	15	all	35	0.5006468892097473	rest	10	0	14	15	between
fs32k	15	all	36	0.4762691259384155	rest	10	0	14	15	between
fs32k	15	all	37	0.4742676019668579	rest	10	0	14	15	between
fs32k	15	all	38	0.4737326204776764	rest	10	0	14	15	between
fs32k	15	all	39	0.486200749874115	rest	10	0	14	15	between
fs32k	15	all	40	0.4870249629020691	rest	10	0	14	15	between
fs32k	15	all	41	0.4828143119812011	rest	10	0	14	15	between
fs32k	15	all	42	0.4844161570072174	rest	10	0	14	15	between
fs32k	15	all	43	0.4871373176574707	rest	10	0	14	15	between
fs32k	15	all	44	0.4965187907218933	rest	10	0	14	15	between
fs32k	15	all	45	0.4880826771259308	rest	10	0	14	15	between
fs32k	15	all	46	0.4814431369304657	rest	10	0	14	15	between
fs32k	15	all	47	0.4707560539245605	rest	10	0	14	15	between
fs32k	15	all	48	0.483649343252182	rest	10	0	14	15	between
fs32k	15	all	49	0.48494952917099	rest	10	0	14	15	between
fs32k	15	all	50	0.4723515510559082	rest	10	0	14	15	between
fs32k	15	all	51	0.4947109520435333	rest	10	0	14	15	between
fs32k	15	all	52	0.4998561143875122	rest	10	0	14	15	between
fs32k	15	all	53	0.4730372428894043	rest	10	0	14	15	between
fs32k	15	all	54	0.482259601354599	rest	10	0	14	15	between
fs32k	15	all	55	0.4952940940856933	rest	10	0	14	15	between
fs32k	15	all	1	0.5005249381065369	fusion	10	0	1	2	between
fs32k	15	all	2	0.5300062894821167	fusion	10	0	1	2	between
fs32k	15	all	3	0.5191252827644348	fusion	10	0	1	2	between
fs32k	15	all	4	0.5185714364051819	fusion	10	0	1	2	between
fs32k	15	all	5	0.5107493996620178	fusion	10	0	1	2	between
fs32k	15	all	6	0.5111823678016663	fusion	10	0	1	2	between
fs32k	15	all	7	0.5201176404953003	fusion	10	0	1	2	between
fs32k	15	all	8	0.514370858669281	fusion	10	0	1	2	between
fs32k	15	all	9	0.5289470553398132	fusion	10	0	1	2	between
fs32k	15	all	10	0.5229284763336182	fusion	10	0	1	2	between
fs32k	15	all	11	0.5414772033691406	fusion	10	0	1	2	between
fs32k	15	all	12	0.5297694802284241	fusion	10	0	1	2	between
fs32k	15	all	13	0.5234285593032837	fusion	10	0	1	2	between
fs32k	15	all	14	0.5167192220687866	fusion	10	0	1	2	between
fs32k	15	all	15	0.5018250942230225	fusion	10	0	1	2	between
fs32k	15	all	16	0.5165069103240967	fusion	10	0	1	2	between
fs32k	15	all	17	0.52394700050354	fusion	10	0	1	2	between
fs32k	15	all	18	0.5126684904098511	fusion	10	0	1	2	between
fs32k	15	all	19	0.5070302486419678	fusion	10	0	1	2	between
fs32k	15	all	20	0.533513069152832	fusion	10	0	1	2	between
fs32k	15	all	21	0.5397506952285767	fusion	10	0	1	2	between
fs32k	15	all	22	0.5149786472320557	fusion	10	0	1	2	between
fs32k	15	all	23	0.5027682781219482	fusion	10	0	1	2	between
fs32k	15	all	24	0.5225907564163208	fusion	10	0	1	2	between
fs32k	15	all	25	0.5234158635139465	fusion	10	0	1	2	between
fs32k	15	all	26	0.5314803123474121	fusion	10	0	1	2	between
fs32k	15	all	27	0.5161241292953491	fusion	10	0	1	2	between
fs32k	15	all	28	0.5313143730163574	fusion	10	0	1	2	between
fs32k	15	all	29	0.5136356353759766	fusion	10	0	1	2	between
fs32k	15	all	30	0.4932951033115387	fusion	10	0	1	2	between
fs32k	15	all	31	0.5165083408355713	fusion	10	0	1	2	between
fs32k	15	all	32	0.4992713034152984	fusion	10	0	1	2	between
fs32k	15	all	33	0.5134729146957397	fusion	10	0	1	2	between
fs32k	15	all	34	0.5180965065956116	fusion	10	0	1	2	between
fs32k	15	all	35	0.5176106691360474	fusion	10	0	1	2	between
fs32k	15	all	36	0.4996748566627502	fusion	10	0	1	2	between
fs32k	15	all	37	0.5080061554908752	fusion	10	0	1	2	between
fs32k	15	all	38	0.5147966146469116	fusion	10	0	1	2	between
fs32k	15	all	39	0.5124988555908203	fusion	10	0	1	2	between
fs32k	15	all	40	0.4938613772392273	fusion	10	0	1	2	between
fs32k	15	all	41	0.4969205856323242	fusion	10	0	1	2	between
fs32k	15	all	42	0.5046941041946411	fusion	10	0	1	2	between
fs32k	15	all	43	0.5290436148643494	fusion	10	0	1	2	between
fs32k	15	all	44	0.5204347372055054	fusion	10	0	1	2	between
fs32k	15	all	45	0.4824938178062439	fusion	10	0	1	2	between
fs32k	15	all	46	0.5074011087417603	fusion	10	0	1	2	between
fs32k	15	all	47	0.5218257308006287	fusion	10	0	1	2	between
fs32k	15	all	48	0.502784013748169	fusion	10	0	1	2	between
fs32k	15	all	49	0.4935944676399231	fusion	10	0	1	2	between
fs32k	15	all	50	0.5185673832893372	fusion	10	0	1	2	between
fs32k	15	all	51	0.5158791542053223	fusion	10	0	1	2	between
fs32k	15	all	52	0.5084238052368164	fusion	10	0	1	2	between
fs32k	15	all	53	0.5181954503059387	fusion	10	0	1	2	between
fs32k	15	all	54	0.5171841382980347	fusion	10	0	1	2	between
fs32k	15	all	55	0.5075451135635376	fusion	10	0	1	2	between
fs32k	15	all	1	0.5115326046943665	fusion	10	0	1	3	between
fs32k	15	all	2	0.5261186361312866	fusion	10	0	1	3	between
fs32k	15	all	3	0.5195289254188538	fusion	10	0	1	3	between
fs32k	15	all	4	0.5195158123970032	fusion	10	0	1	3	between
fs32k	15	all	5	0.5225450396537781	fusion	10	0	1	3	between
fs32k	15	all	6	0.5298637747764587	fusion	10	0	1	3	between
fs32k	15	all	7	0.5270419120788574	fusion	10	0	1	3	between
fs32k	15	all	8	0.5285038352012634	fusion	10	0	1	3	between
fs32k	15	all	9	0.5361908674240112	fusion	10	0	1	3	between
fs32k	15	all	10	0.523491382598877	fusion	10	0	1	3	between
fs32k	15	all	11	0.5405150651931763	fusion	10	0	1	3	between
fs32k	15	all	12	0.5343443155288696	fusion	10	0	1	3	between
fs32k	15	all	13	0.5105553269386292	fusion	10	0	1	3	between
fs32k	15	all	14	0.521706759929657	fusion	10	0	1	3	between
fs32k	15	all	15	0.5048872232437134	fusion	10	0	1	3	between
fs32k	15	all	16	0.5252645611763	fusion	10	0	1	3	between
fs32k	15	all	17	0.5308951139450073	fusion	10	0	1	3	between
fs32k	15	all	18	0.5243116617202759	fusion	10	0	1	3	between
fs32k	15	all	19	0.5244114995002747	fusion	10	0	1	3	between
fs32k	15	all	20	0.5209068059921265	fusion	10	0	1	3	between
fs32k	15	all	21	0.5268122553825378	fusion	10	0	1	3	between
fs32k	15	all	22	0.5216027498245239	fusion	10	0	1	3	between
fs32k	15	all	23	0.4987087547779083	fusion	10	0	1	3	between
fs32k	15	all	24	0.5233248472213745	fusion	10	0	1	3	between
fs32k	15	all	25	0.5327185988426208	fusion	10	0	1	3	between
fs32k	15	all	26	0.5344597101211548	fusion	10	0	1	3	between
fs32k	15	all	27	0.5161570310592651	fusion	10	0	1	3	between
fs32k	15	all	28	0.5224168300628662	fusion	10	0	1	3	between
fs32k	15	all	29	0.511583149433136	fusion	10	0	1	3	between
fs32k	15	all	30	0.4990676641464233	fusion	10	0	1	3	between
fs32k	15	all	31	0.5308680534362793	fusion	10	0	1	3	between
fs32k	15	all	32	0.5000798106193542	fusion	10	0	1	3	between
fs32k	15	all	33	0.5294479131698608	fusion	10	0	1	3	between
fs32k	15	all	34	0.5296595692634583	fusion	10	0	1	3	between
fs32k	15	all	35	0.5101193189620972	fusion	10	0	1	3	between
fs32k	15	all	36	0.4928143620491028	fusion	10	0	1	3	between
fs32k	15	all	37	0.5088290572166443	fusion	10	0	1	3	between
fs32k	15	all	38	0.5063874125480652	fusion	10	0	1	3	between
fs32k	15	all	39	0.5236622095108032	fusion	10	0	1	3	between
fs32k	15	all	40	0.4906329214572906	fusion	10	0	1	3	between
fs32k	15	all	41	0.503293514251709	fusion	10	0	1	3	between
fs32k	15	all	42	0.5149861574172974	fusion	10	0	1	3	between
fs32k	15	all	43	0.5452767014503479	fusion	10	0	1	3	between
fs32k	15	all	44	0.5285691022872925	fusion	10	0	1	3	between
fs32k	15	all	45	0.4997283816337585	fusion	10	0	1	3	between
fs32k	15	all	46	0.5135766267776489	fusion	10	0	1	3	between
fs32k	15	all	47	0.5164992213249207	fusion	10	0	1	3	between
fs32k	15	all	48	0.5102236270904541	fusion	10	0	1	3	between
fs32k	15	all	49	0.4980672001838684	fusion	10	0	1	3	between
fs32k	15	all	50	0.5247695446014404	fusion	10	0	1	3	between
fs32k	15	all	51	0.527859091758728	fusion	10	0	1	3	between
fs32k	15	all	52	0.5190979838371277	fusion	10	0	1	3	between
fs32k	15	all	53	0.52997887134552	fusion	10	0	1	3	between
fs32k	15	all	54	0.5241327881813049	fusion	10	0	1	3	between
fs32k	15	all	55	0.5164791941642761	fusion	10	0	1	3	between
fs32k	15	all	1	0.5107779502868652	fusion	10	0	1	4	between
fs32k	15	all	2	0.536131739616394	fusion	10	0	1	4	between
fs32k	15	all	3	0.5292325019836426	fusion	10	0	1	4	between
fs32k	15	all	4	0.526229202747345	fusion	10	0	1	4	between
fs32k	15	all	5	0.5302709937095642	fusion	10	0	1	4	between
fs32k	15	all	6	0.512618899345398	fusion	10	0	1	4	between
fs32k	15	all	7	0.527509331703186	fusion	10	0	1	4	between
fs32k	15	all	8	0.5198607444763184	fusion	10	0	1	4	between
fs32k	15	all	9	0.5308983325958252	fusion	10	0	1	4	between
fs32k	15	all	10	0.5296010375022888	fusion	10	0	1	4	between
fs32k	15	all	11	0.5334439873695374	fusion	10	0	1	4	between
fs32k	15	all	12	0.5351063013076782	fusion	10	0	1	4	between
fs32k	15	all	13	0.5227816700935364	fusion	10	0	1	4	between
fs32k	15	all	14	0.5287936925888062	fusion	10	0	1	4	between
fs32k	15	all	15	0.5043783783912659	fusion	10	0	1	4	between
fs32k	15	all	16	0.5284687280654907	fusion	10	0	1	4	between
fs32k	15	all	17	0.5255728960037231	fusion	10	0	1	4	between
fs32k	15	all	18	0.5255904793739319	fusion	10	0	1	4	between
fs32k	15	all	19	0.5160704851150513	fusion	10	0	1	4	between
fs32k	15	all	20	0.51434326171875	fusion	10	0	1	4	between
fs32k	15	all	21	0.5291521549224854	fusion	10	0	1	4	between
fs32k	15	all	22	0.5249147415161133	fusion	10	0	1	4	between
fs32k	15	all	23	0.4983345568180084	fusion	10	0	1	4	between
fs32k	15	all	24	0.5248305201530457	fusion	10	0	1	4	between
fs32k	15	all	25	0.5300807356834412	fusion	10	0	1	4	between
fs32k	15	all	26	0.5312541723251343	fusion	10	0	1	4	between
fs32k	15	all	27	0.5260007381439209	fusion	10	0	1	4	between
fs32k	15	all	28	0.526986837387085	fusion	10	0	1	4	between
fs32k	15	all	29	0.5241703987121582	fusion	10	0	1	4	between
fs32k	15	all	30	0.5019882321357727	fusion	10	0	1	4	between
fs32k	15	all	31	0.5325524806976318	fusion	10	0	1	4	between
fs32k	15	all	32	0.499433159828186	fusion	10	0	1	4	between
fs32k	15	all	33	0.5353024005889893	fusion	10	0	1	4	between
fs32k	15	all	34	0.5286440849304199	fusion	10	0	1	4	between
fs32k	15	all	35	0.5333361625671387	fusion	10	0	1	4	between
fs32k	15	all	36	0.5073748826980591	fusion	10	0	1	4	between
fs32k	15	all	37	0.5158226490020752	fusion	10	0	1	4	between
fs32k	15	all	38	0.5165843963623047	fusion	10	0	1	4	between
fs32k	15	all	39	0.5301110744476318	fusion	10	0	1	4	between
fs32k	15	all	40	0.5068992972373962	fusion	10	0	1	4	between
fs32k	15	all	41	0.5119239091873169	fusion	10	0	1	4	between
fs32k	15	all	42	0.5212622880935669	fusion	10	0	1	4	between
fs32k	15	all	43	0.5392037630081177	fusion	10	0	1	4	between
fs32k	15	all	44	0.5422444343566895	fusion	10	0	1	4	between
fs32k	15	all	45	0.5038482546806335	fusion	10	0	1	4	between
fs32k	15	all	46	0.5121814012527466	fusion	10	0	1	4	between
fs32k	15	all	47	0.5104068517684937	fusion	10	0	1	4	between
fs32k	15	all	48	0.5048078894615173	fusion	10	0	1	4	between
fs32k	15	all	49	0.4960629642009735	fusion	10	0	1	4	between
fs32k	15	all	50	0.5279923677444458	fusion	10	0	1	4	between
fs32k	15	all	51	0.5215755105018616	fusion	10	0	1	4	between
fs32k	15	all	52	0.52635657787323	fusion	10	0	1	4	between
fs32k	15	all	53	0.5214862823486328	fusion	10	0	1	4	between
fs32k	15	all	54	0.5200021266937256	fusion	10	0	1	4	between
fs32k	15	all	55	0.5185335874557495	fusion	10	0	1	4	between
fs32k	15	all	1	0.489360511302948	fusion	10	0	1	5	between
fs32k	15	all	2	0.5284685492515564	fusion	10	0	1	5	between
fs32k	15	all	3	0.5214546322822571	fusion	10	0	1	5	between
fs32k	15	all	4	0.5144591927528381	fusion	10	0	1	5	between
fs32k	15	all	5	0.5229097604751587	fusion	10	0	1	5	between
fs32k	15	all	6	0.5195558071136475	fusion	10	0	1	5	between
fs32k	15	all	7	0.530404806137085	fusion	10	0	1	5	between
fs32k	15	all	8	0.5151050686836243	fusion	10	0	1	5	between
fs32k	15	all	9	0.5288388729095459	fusion	10	0	1	5	between
fs32k	15	all	10	0.512172281742096	fusion	10	0	1	5	between
fs32k	15	all	11	0.5256017446517944	fusion	10	0	1	5	between
fs32k	15	all	12	0.5261545181274414	fusion	10	0	1	5	between
fs32k	15	all	13	0.5018900036811829	fusion	10	0	1	5	between
fs32k	15	all	14	0.518092930316925	fusion	10	0	1	5	between
fs32k	15	all	15	0.4868910312652588	fusion	10	0	1	5	between
fs32k	15	all	16	0.5151039958000183	fusion	10	0	1	5	between
fs32k	15	all	17	0.5129774808883667	fusion	10	0	1	5	between
fs32k	15	all	18	0.5043401122093201	fusion	10	0	1	5	between
fs32k	15	all	19	0.5113616585731506	fusion	10	0	1	5	between
fs32k	15	all	20	0.5290350914001465	fusion	10	0	1	5	between
fs32k	15	all	21	0.5276107788085938	fusion	10	0	1	5	between
fs32k	15	all	22	0.5256960391998291	fusion	10	0	1	5	between
fs32k	15	all	23	0.5014938712120056	fusion	10	0	1	5	between
fs32k	15	all	24	0.5267928242683411	fusion	10	0	1	5	between
fs32k	15	all	25	0.5282059907913208	fusion	10	0	1	5	between
fs32k	15	all	26	0.5288379788398743	fusion	10	0	1	5	between
fs32k	15	all	27	0.5196523070335388	fusion	10	0	1	5	between
fs32k	15	all	28	0.5262861847877502	fusion	10	0	1	5	between
fs32k	15	all	29	0.52447110414505	fusion	10	0	1	5	between
fs32k	15	all	30	0.4898807108402252	fusion	10	0	1	5	between
fs32k	15	all	31	0.5321388244628906	fusion	10	0	1	5	between
fs32k	15	all	32	0.5034741163253784	fusion	10	0	1	5	between
fs32k	15	all	33	0.5301501750946045	fusion	10	0	1	5	between
fs32k	15	all	34	0.5276787877082825	fusion	10	0	1	5	between
fs32k	15	all	35	0.5240851044654846	fusion	10	0	1	5	between
fs32k	15	all	36	0.4952664971351623	fusion	10	0	1	5	between
fs32k	15	all	37	0.5096449255943298	fusion	10	0	1	5	between
fs32k	15	all	38	0.5108185410499573	fusion	10	0	1	5	between
fs32k	15	all	39	0.5162485837936401	fusion	10	0	1	5	between
fs32k	15	all	40	0.5076262950897217	fusion	10	0	1	5	between
fs32k	15	all	41	0.4997885227203369	fusion	10	0	1	5	between
fs32k	15	all	42	0.5220152735710144	fusion	10	0	1	5	between
fs32k	15	all	43	0.5342798829078674	fusion	10	0	1	5	between
fs32k	15	all	44	0.528457760810852	fusion	10	0	1	5	between
fs32k	15	all	45	0.5055526494979858	fusion	10	0	1	5	between
fs32k	15	all	46	0.5108610391616821	fusion	10	0	1	5	between
fs32k	15	all	47	0.5094238519668579	fusion	10	0	1	5	between
fs32k	15	all	48	0.492547333240509	fusion	10	0	1	5	between
fs32k	15	all	49	0.4922336339950561	fusion	10	0	1	5	between
fs32k	15	all	50	0.5324779748916626	fusion	10	0	1	5	between
fs32k	15	all	51	0.5259713530540466	fusion	10	0	1	5	between
fs32k	15	all	52	0.5153223276138306	fusion	10	0	1	5	between
fs32k	15	all	53	0.5160677433013916	fusion	10	0	1	5	between
fs32k	15	all	54	0.511805534362793	fusion	10	0	1	5	between
fs32k	15	all	55	0.5116193294525146	fusion	10	0	1	5	between
fs32k	15	all	1	0.5178371071815491	fusion	10	0	1	6	between
fs32k	15	all	2	0.5224337577819824	fusion	10	0	1	6	between
fs32k	15	all	3	0.5224723815917969	fusion	10	0	1	6	between
fs32k	15	all	4	0.531316876411438	fusion	10	0	1	6	between
fs32k	15	all	5	0.5362565517425537	fusion	10	0	1	6	between
fs32k	15	all	6	0.5130918622016907	fusion	10	0	1	6	between
fs32k	15	all	7	0.527455747127533	fusion	10	0	1	6	between
fs32k	15	all	8	0.5194323062896729	fusion	10	0	1	6	between
fs32k	15	all	9	0.5327697396278381	fusion	10	0	1	6	between
fs32k	15	all	10	0.5174248218536377	fusion	10	0	1	6	between
fs32k	15	all	11	0.5358418226242065	fusion	10	0	1	6	between
fs32k	15	all	12	0.5374870300292969	fusion	10	0	1	6	between
fs32k	15	all	13	0.5285029411315918	fusion	10	0	1	6	between
fs32k	15	all	14	0.5321725606918335	fusion	10	0	1	6	between
fs32k	15	all	15	0.5056827664375305	fusion	10	0	1	6	between
fs32k	15	all	16	0.533000648021698	fusion	10	0	1	6	between
fs32k	15	all	17	0.5372779369354248	fusion	10	0	1	6	between
fs32k	15	all	18	0.5257174968719482	fusion	10	0	1	6	between
fs32k	15	all	19	0.5234580039978027	fusion	10	0	1	6	between
fs32k	15	all	20	0.5157251358032227	fusion	10	0	1	6	between
fs32k	15	all	21	0.5260212421417236	fusion	10	0	1	6	between
fs32k	15	all	22	0.5182115435600281	fusion	10	0	1	6	between
fs32k	15	all	23	0.5083101391792297	fusion	10	0	1	6	between
fs32k	15	all	24	0.5241886377334595	fusion	10	0	1	6	between
fs32k	15	all	25	0.5357621312141418	fusion	10	0	1	6	between
fs32k	15	all	26	0.5228710770606995	fusion	10	0	1	6	between
fs32k	15	all	27	0.5175631642341614	fusion	10	0	1	6	between
fs32k	15	all	28	0.5278007388114929	fusion	10	0	1	6	between
fs32k	15	all	29	0.5113741159439087	fusion	10	0	1	6	between
fs32k	15	all	30	0.4955365061759949	fusion	10	0	1	6	between
fs32k	15	all	31	0.5273562669754028	fusion	10	0	1	6	between
fs32k	15	all	32	0.5100757479667664	fusion	10	0	1	6	between
fs32k	15	all	33	0.5304737687110901	fusion	10	0	1	6	between
fs32k	15	all	34	0.5317654609680176	fusion	10	0	1	6	between
fs32k	15	all	35	0.5212226510047913	fusion	10	0	1	6	between
fs32k	15	all	36	0.5076361298561096	fusion	10	0	1	6	between
fs32k	15	all	37	0.5225393772125244	fusion	10	0	1	6	between
fs32k	15	all	38	0.5288485884666443	fusion	10	0	1	6	between
fs32k	15	all	39	0.5202146172523499	fusion	10	0	1	6	between
fs32k	15	all	40	0.4936586022377014	fusion	10	0	1	6	between
fs32k	15	all	41	0.4952177405357361	fusion	10	0	1	6	between
fs32k	15	all	42	0.5201541781425476	fusion	10	0	1	6	between
fs32k	15	all	43	0.5408303737640381	fusion	10	0	1	6	between
fs32k	15	all	44	0.531186580657959	fusion	10	0	1	6	between
fs32k	15	all	45	0.5005350708961487	fusion	10	0	1	6	between
fs32k	15	all	46	0.5119693279266357	fusion	10	0	1	6	between
fs32k	15	all	47	0.5148375630378723	fusion	10	0	1	6	between
fs32k	15	all	48	0.4953028261661529	fusion	10	0	1	6	between
fs32k	15	all	49	0.4904316961765289	fusion	10	0	1	6	between
fs32k	15	all	50	0.5296446084976196	fusion	10	0	1	6	between
fs32k	15	all	51	0.5214280486106873	fusion	10	0	1	6	between
fs32k	15	all	52	0.5139911770820618	fusion	10	0	1	6	between
fs32k	15	all	53	0.5259153842926025	fusion	10	0	1	6	between
fs32k	15	all	54	0.5192376375198364	fusion	10	0	1	6	between
fs32k	15	all	55	0.5202122330665588	fusion	10	0	1	6	between
fs32k	15	all	1	0.5119051933288574	fusion	10	0	1	7	between
fs32k	15	all	2	0.5355602502822876	fusion	10	0	1	7	between
fs32k	15	all	3	0.5318653583526611	fusion	10	0	1	7	between
fs32k	15	all	4	0.5397276282310486	fusion	10	0	1	7	between
fs32k	15	all	5	0.5395370721817017	fusion	10	0	1	7	between
fs32k	15	all	6	0.5213108062744141	fusion	10	0	1	7	between
fs32k	15	all	7	0.5367041230201721	fusion	10	0	1	7	between
fs32k	15	all	8	0.5355925559997559	fusion	10	0	1	7	between
fs32k	15	all	9	0.5435317754745483	fusion	10	0	1	7	between
fs32k	15	all	10	0.5248515605926514	fusion	10	0	1	7	between
fs32k	15	all	11	0.5282041430473328	fusion	10	0	1	7	between
fs32k	15	all	12	0.5318342447280884	fusion	10	0	1	7	between
fs32k	15	all	13	0.5179189443588257	fusion	10	0	1	7	between
fs32k	15	all	14	0.5171604156494141	fusion	10	0	1	7	between
fs32k	15	all	15	0.4990811347961426	fusion	10	0	1	7	between
fs32k	15	all	16	0.5338947772979736	fusion	10	0	1	7	between
fs32k	15	all	17	0.5209057927131653	fusion	10	0	1	7	between
fs32k	15	all	18	0.5227255821228027	fusion	10	0	1	7	between
fs32k	15	all	19	0.5163103342056274	fusion	10	0	1	7	between
fs32k	15	all	20	0.5184484720230103	fusion	10	0	1	7	between
fs32k	15	all	21	0.531059980392456	fusion	10	0	1	7	between
fs32k	15	all	22	0.5218695998191833	fusion	10	0	1	7	between
fs32k	15	all	23	0.5060412883758545	fusion	10	0	1	7	between
fs32k	15	all	24	0.5298252105712891	fusion	10	0	1	7	between
fs32k	15	all	25	0.5334415435791016	fusion	10	0	1	7	between
fs32k	15	all	26	0.5280559062957764	fusion	10	0	1	7	between
fs32k	15	all	27	0.5152460336685181	fusion	10	0	1	7	between
fs32k	15	all	28	0.5321056842803955	fusion	10	0	1	7	between
fs32k	15	all	29	0.5242095589637756	fusion	10	0	1	7	between
fs32k	15	all	30	0.492368221282959	fusion	10	0	1	7	between
fs32k	15	all	31	0.5444120168685913	fusion	10	0	1	7	between
fs32k	15	all	32	0.5172582268714905	fusion	10	0	1	7	between
fs32k	15	all	33	0.5455400943756104	fusion	10	0	1	7	between
fs32k	15	all	34	0.5410573482513428	fusion	10	0	1	7	between
fs32k	15	all	35	0.5203837156295776	fusion	10	0	1	7	between
fs32k	15	all	36	0.5048919916152954	fusion	10	0	1	7	between
fs32k	15	all	37	0.5242720246315002	fusion	10	0	1	7	between
fs32k	15	all	38	0.5231867432594299	fusion	10	0	1	7	between
fs32k	15	all	39	0.5269991755485535	fusion	10	0	1	7	between
fs32k	15	all	40	0.51073157787323	fusion	10	0	1	7	between
fs32k	15	all	41	0.4981828033924103	fusion	10	0	1	7	between
fs32k	15	all	42	0.5197470784187317	fusion	10	0	1	7	between
fs32k	15	all	43	0.5379034280776978	fusion	10	0	1	7	between
fs32k	15	all	44	0.5315325856208801	fusion	10	0	1	7	between
fs32k	15	all	45	0.5058647990226746	fusion	10	0	1	7	between
fs32k	15	all	46	0.5064851641654968	fusion	10	0	1	7	between
fs32k	15	all	47	0.5109471082687378	fusion	10	0	1	7	between
fs32k	15	all	48	0.4969787001609802	fusion	10	0	1	7	between
fs32k	15	all	49	0.4960426688194275	fusion	10	0	1	7	between
fs32k	15	all	50	0.5336570143699646	fusion	10	0	1	7	between
fs32k	15	all	51	0.5318717360496521	fusion	10	0	1	7	between
fs32k	15	all	52	0.5301797389984131	fusion	10	0	1	7	between
fs32k	15	all	53	0.5313295125961304	fusion	10	0	1	7	between
fs32k	15	all	54	0.5267480611801147	fusion	10	0	1	7	between
fs32k	15	all	55	0.5253971815109253	fusion	10	0	1	7	between
fs32k	15	all	1	0.510341227054596	fusion	10	0	1	8	between
fs32k	15	all	2	0.5276590585708618	fusion	10	0	1	8	between
fs32k	15	all	3	0.5324950814247131	fusion	10	0	1	8	between
fs32k	15	all	4	0.5317211151123047	fusion	10	0	1	8	between
fs32k	15	all	5	0.5293036699295044	fusion	10	0	1	8	between
fs32k	15	all	6	0.5253738760948181	fusion	10	0	1	8	between
fs32k	15	all	7	0.517937421798706	fusion	10	0	1	8	between
fs32k	15	all	8	0.5169596076011658	fusion	10	0	1	8	between
fs32k	15	all	9	0.5276645421981812	fusion	10	0	1	8	between
fs32k	15	all	10	0.5202101469039917	fusion	10	0	1	8	between
fs32k	15	all	11	0.5260230302810669	fusion	10	0	1	8	between
fs32k	15	all	12	0.5404922366142273	fusion	10	0	1	8	between
fs32k	15	all	13	0.5291224718093872	fusion	10	0	1	8	between
fs32k	15	all	14	0.5225317478179932	fusion	10	0	1	8	between
fs32k	15	all	15	0.5020096302032471	fusion	10	0	1	8	between
fs32k	15	all	16	0.5279742479324341	fusion	10	0	1	8	between
fs32k	15	all	17	0.5156646370887756	fusion	10	0	1	8	between
fs32k	15	all	18	0.5226442813873291	fusion	10	0	1	8	between
fs32k	15	all	19	0.5249234437942505	fusion	10	0	1	8	between
fs32k	15	all	20	0.5248020887374878	fusion	10	0	1	8	between
fs32k	15	all	21	0.5298357009887695	fusion	10	0	1	8	between
fs32k	15	all	22	0.5258793830871582	fusion	10	0	1	8	between
fs32k	15	all	23	0.5073613524436951	fusion	10	0	1	8	between
fs32k	15	all	24	0.5238521695137024	fusion	10	0	1	8	between
fs32k	15	all	25	0.5309112668037415	fusion	10	0	1	8	between
fs32k	15	all	26	0.5284273624420166	fusion	10	0	1	8	between
fs32k	15	all	27	0.5205207467079163	fusion	10	0	1	8	between
fs32k	15	all	28	0.5325971841812134	fusion	10	0	1	8	between
fs32k	15	all	29	0.5244030356407166	fusion	10	0	1	8	between
fs32k	15	all	30	0.5097898244857788	fusion	10	0	1	8	between
fs32k	15	all	31	0.5370495915412903	fusion	10	0	1	8	between
fs32k	15	all	32	0.516414999961853	fusion	10	0	1	8	between
fs32k	15	all	33	0.5412762761116028	fusion	10	0	1	8	between
fs32k	15	all	34	0.5407732129096985	fusion	10	0	1	8	between
fs32k	15	all	35	0.5247284173965454	fusion	10	0	1	8	between
fs32k	15	all	36	0.507767915725708	fusion	10	0	1	8	between
fs32k	15	all	37	0.515418529510498	fusion	10	0	1	8	between
fs32k	15	all	38	0.5194512605667114	fusion	10	0	1	8	between
fs32k	15	all	39	0.5259411334991455	fusion	10	0	1	8	between
fs32k	15	all	40	0.5166235566139221	fusion	10	0	1	8	between
fs32k	15	all	41	0.5059552192687988	fusion	10	0	1	8	between
fs32k	15	all	42	0.5109320878982544	fusion	10	0	1	8	between
fs32k	15	all	43	0.5346312522888184	fusion	10	0	1	8	between
fs32k	15	all	44	0.5311987400054932	fusion	10	0	1	8	between
fs32k	15	all	45	0.509763777256012	fusion	10	0	1	8	between
fs32k	15	all	46	0.5130114555358887	fusion	10	0	1	8	between
fs32k	15	all	47	0.5220622420310974	fusion	10	0	1	8	between
fs32k	15	all	48	0.5031379461288452	fusion	10	0	1	8	between
fs32k	15	all	49	0.5001044869422913	fusion	10	0	1	8	between
fs32k	15	all	50	0.5250136852264404	fusion	10	0	1	8	between
fs32k	15	all	51	0.514176607131958	fusion	10	0	1	8	between
fs32k	15	all	52	0.5137513875961304	fusion	10	0	1	8	between
fs32k	15	all	53	0.5166401267051697	fusion	10	0	1	8	between
fs32k	15	all	54	0.5204926133155823	fusion	10	0	1	8	between
fs32k	15	all	55	0.5216779112815857	fusion	10	0	1	8	between
fs32k	15	all	1	0.5149092078208923	fusion	10	0	1	9	between
fs32k	15	all	2	0.5346408486366272	fusion	10	0	1	9	between
fs32k	15	all	3	0.5208501219749451	fusion	10	0	1	9	between
fs32k	15	all	4	0.5327972769737244	fusion	10	0	1	9	between
fs32k	15	all	5	0.531453013420105	fusion	10	0	1	9	between
fs32k	15	all	6	0.5207574367523193	fusion	10	0	1	9	between
fs32k	15	all	7	0.5302196741104126	fusion	10	0	1	9	between
fs32k	15	all	8	0.534835696220398	fusion	10	0	1	9	between
fs32k	15	all	9	0.5409417748451233	fusion	10	0	1	9	between
fs32k	15	all	10	0.5226298570632935	fusion	10	0	1	9	between
fs32k	15	all	11	0.5327193140983582	fusion	10	0	1	9	between
fs32k	15	all	12	0.528511643409729	fusion	10	0	1	9	between
fs32k	15	all	13	0.5252907276153564	fusion	10	0	1	9	between
fs32k	15	all	14	0.5218268632888794	fusion	10	0	1	9	between
fs32k	15	all	15	0.5040925145149231	fusion	10	0	1	9	between
fs32k	15	all	16	0.5224322080612183	fusion	10	0	1	9	between
fs32k	15	all	17	0.5248281955718994	fusion	10	0	1	9	between
fs32k	15	all	18	0.5321073532104492	fusion	10	0	1	9	between
fs32k	15	all	19	0.5216474533081055	fusion	10	0	1	9	between
fs32k	15	all	20	0.5188087821006775	fusion	10	0	1	9	between
fs32k	15	all	21	0.537522554397583	fusion	10	0	1	9	between
fs32k	15	all	22	0.5362118482589722	fusion	10	0	1	9	between
fs32k	15	all	23	0.5096294283866882	fusion	10	0	1	9	between
fs32k	15	all	24	0.5230304002761841	fusion	10	0	1	9	between
fs32k	15	all	25	0.5432679057121277	fusion	10	0	1	9	between
fs32k	15	all	26	0.5396071672439575	fusion	10	0	1	9	between
fs32k	15	all	27	0.5189477205276489	fusion	10	0	1	9	between
fs32k	15	all	28	0.5185073614120483	fusion	10	0	1	9	between
fs32k	15	all	29	0.5152250528335571	fusion	10	0	1	9	between
fs32k	15	all	30	0.496951162815094	fusion	10	0	1	9	between
fs32k	15	all	31	0.51097571849823	fusion	10	0	1	9	between
fs32k	15	all	32	0.5038847923278809	fusion	10	0	1	9	between
fs32k	15	all	33	0.528003990650177	fusion	10	0	1	9	between
fs32k	15	all	34	0.5174031853675842	fusion	10	0	1	9	between
fs32k	15	all	35	0.5275949239730835	fusion	10	0	1	9	between
fs32k	15	all	36	0.504067599773407	fusion	10	0	1	9	between
fs32k	15	all	37	0.5137235522270203	fusion	10	0	1	9	between
fs32k	15	all	38	0.5328518152236938	fusion	10	0	1	9	between
fs32k	15	all	39	0.5306849479675293	fusion	10	0	1	9	between
fs32k	15	all	40	0.5069054365158081	fusion	10	0	1	9	between
fs32k	15	all	41	0.5042263865470886	fusion	10	0	1	9	between
fs32k	15	all	42	0.5086557865142822	fusion	10	0	1	9	between
fs32k	15	all	43	0.5497048497200012	fusion	10	0	1	9	between
fs32k	15	all	44	0.5343154668807983	fusion	10	0	1	9	between
fs32k	15	all	45	0.4968348741531372	fusion	10	0	1	9	between
fs32k	15	all	46	0.5157676339149475	fusion	10	0	1	9	between
fs32k	15	all	47	0.5302172899246216	fusion	10	0	1	9	between
fs32k	15	all	48	0.5067554116249084	fusion	10	0	1	9	between
fs32k	15	all	49	0.4949716031551361	fusion	10	0	1	9	between
fs32k	15	all	50	0.5249571800231934	fusion	10	0	1	9	between
fs32k	15	all	51	0.5238538384437561	fusion	10	0	1	9	between
fs32k	15	all	52	0.5182560682296753	fusion	10	0	1	9	between
fs32k	15	all	53	0.5308974981307983	fusion	10	0	1	9	between
fs32k	15	all	54	0.5124478340148926	fusion	10	0	1	9	between
fs32k	15	all	55	0.51906818151474	fusion	10	0	1	9	between
fs32k	15	all	1	0.5201069116592407	fusion	10	0	1	10	between
fs32k	15	all	2	0.535629391670227	fusion	10	0	1	10	between
fs32k	15	all	3	0.5295401811599731	fusion	10	0	1	10	between
fs32k	15	all	4	0.5305275917053223	fusion	10	0	1	10	between
fs32k	15	all	5	0.5369269847869873	fusion	10	0	1	10	between
fs32k	15	all	6	0.5287225246429443	fusion	10	0	1	10	between
fs32k	15	all	7	0.5371893048286438	fusion	10	0	1	10	between
fs32k	15	all	8	0.5318057537078857	fusion	10	0	1	10	between
fs32k	15	all	9	0.5419585704803467	fusion	10	0	1	10	between
fs32k	15	all	10	0.5261343121528625	fusion	10	0	1	10	between
fs32k	15	all	11	0.538739025592804	fusion	10	0	1	10	between
fs32k	15	all	12	0.5329494476318359	fusion	10	0	1	10	between
fs32k	15	all	13	0.5300151705741882	fusion	10	0	1	10	between
fs32k	15	all	14	0.538527250289917	fusion	10	0	1	10	between
fs32k	15	all	15	0.5175334811210632	fusion	10	0	1	10	between
fs32k	15	all	16	0.5294681787490845	fusion	10	0	1	10	between
fs32k	15	all	17	0.5343248248100281	fusion	10	0	1	10	between
fs32k	15	all	18	0.5322391986846924	fusion	10	0	1	10	between
fs32k	15	all	19	0.5399507880210876	fusion	10	0	1	10	between
fs32k	15	all	20	0.5246472358703613	fusion	10	0	1	10	between
fs32k	15	all	21	0.52931147813797	fusion	10	0	1	10	between
fs32k	15	all	22	0.5246421694755554	fusion	10	0	1	10	between
fs32k	15	all	23	0.5181575417518616	fusion	10	0	1	10	between
fs32k	15	all	24	0.5250312089920044	fusion	10	0	1	10	between
fs32k	15	all	25	0.5328497886657715	fusion	10	0	1	10	between
fs32k	15	all	26	0.5307708382606506	fusion	10	0	1	10	between
fs32k	15	all	27	0.5245974063873291	fusion	10	0	1	10	between
fs32k	15	all	28	0.5204364061355591	fusion	10	0	1	10	between
fs32k	15	all	29	0.5250388383865356	fusion	10	0	1	10	between
fs32k	15	all	30	0.5083502531051636	fusion	10	0	1	10	between
fs32k	15	all	31	0.5203717947006226	fusion	10	0	1	10	between
fs32k	15	all	32	0.5063129663467407	fusion	10	0	1	10	between
fs32k	15	all	33	0.5315592288970947	fusion	10	0	1	10	between
fs32k	15	all	34	0.5359654426574707	fusion	10	0	1	10	between
fs32k	15	all	35	0.5328308939933777	fusion	10	0	1	10	between
fs32k	15	all	36	0.5048120617866516	fusion	10	0	1	10	between
fs32k	15	all	37	0.5150161981582642	fusion	10	0	1	10	between
fs32k	15	all	38	0.5207854509353638	fusion	10	0	1	10	between
fs32k	15	all	39	0.527795672416687	fusion	10	0	1	10	between
fs32k	15	all	40	0.5216307044029236	fusion	10	0	1	10	between
fs32k	15	all	41	0.5081207752227783	fusion	10	0	1	10	between
fs32k	15	all	42	0.5177198648452759	fusion	10	0	1	10	between
fs32k	15	all	43	0.5414644479751587	fusion	10	0	1	10	between
fs32k	15	all	44	0.5454435348510742	fusion	10	0	1	10	between
fs32k	15	all	45	0.5208424925804138	fusion	10	0	1	10	between
fs32k	15	all	46	0.5141826868057251	fusion	10	0	1	10	between
fs32k	15	all	47	0.521858274936676	fusion	10	0	1	10	between
fs32k	15	all	48	0.5094471573829651	fusion	10	0	1	10	between
fs32k	15	all	49	0.5007249116897583	fusion	10	0	1	10	between
fs32k	15	all	50	0.5270879864692688	fusion	10	0	1	10	between
fs32k	15	all	51	0.5216785669326782	fusion	10	0	1	10	between
fs32k	15	all	52	0.519439697265625	fusion	10	0	1	10	between
fs32k	15	all	53	0.5251061916351318	fusion	10	0	1	10	between
fs32k	15	all	54	0.5253632068634033	fusion	10	0	1	10	between
fs32k	15	all	55	0.5260016918182373	fusion	10	0	1	10	between
fs32k	15	all	1	0.516692042350769	fusion	10	0	1	11	between
fs32k	15	all	2	0.5412847399711609	fusion	10	0	1	11	between
fs32k	15	all	3	0.532987654209137	fusion	10	0	1	11	between
fs32k	15	all	4	0.5426664352416992	fusion	10	0	1	11	between
fs32k	15	all	5	0.5417648553848267	fusion	10	0	1	11	between
fs32k	15	all	6	0.5198022127151489	fusion	10	0	1	11	between
fs32k	15	all	7	0.5362901091575623	fusion	10	0	1	11	between
fs32k	15	all	8	0.532822847366333	fusion	10	0	1	11	between
fs32k	15	all	9	0.5478328466415405	fusion	10	0	1	11	between
fs32k	15	all	10	0.525692343711853	fusion	10	0	1	11	between
fs32k	15	all	11	0.5266261100769043	fusion	10	0	1	11	between
fs32k	15	all	12	0.5308281183242798	fusion	10	0	1	11	between
fs32k	15	all	13	0.5232610702514648	fusion	10	0	1	11	between
fs32k	15	all	14	0.5211474299430847	fusion	10	0	1	11	between
fs32k	15	all	15	0.5139610171318054	fusion	10	0	1	11	between
fs32k	15	all	16	0.5215302109718323	fusion	10	0	1	11	between
fs32k	15	all	17	0.5374128818511963	fusion	10	0	1	11	between
fs32k	15	all	18	0.5210763216018677	fusion	10	0	1	11	between
fs32k	15	all	19	0.5229328274726868	fusion	10	0	1	11	between
fs32k	15	all	20	0.516921877861023	fusion	10	0	1	11	between
fs32k	15	all	21	0.5269729495048523	fusion	10	0	1	11	between
fs32k	15	all	22	0.5256701111793518	fusion	10	0	1	11	between
fs32k	15	all	23	0.5054312944412231	fusion	10	0	1	11	between
fs32k	15	all	24	0.5273603796958923	fusion	10	0	1	11	between
fs32k	15	all	25	0.5341811776161194	fusion	10	0	1	11	between
fs32k	15	all	26	0.5310289263725281	fusion	10	0	1	11	between
fs32k	15	all	27	0.5235335826873779	fusion	10	0	1	11	between
fs32k	15	all	28	0.5256484746932983	fusion	10	0	1	11	between
fs32k	15	all	29	0.5232487916946411	fusion	10	0	1	11	between
fs32k	15	all	30	0.4987394213676452	fusion	10	0	1	11	between
fs32k	15	all	31	0.5235695838928223	fusion	10	0	1	11	between
fs32k	15	all	32	0.5299695730209351	fusion	10	0	1	11	between
fs32k	15	all	33	0.5313796997070312	fusion	10	0	1	11	between
fs32k	15	all	34	0.5363993644714355	fusion	10	0	1	11	between
fs32k	15	all	35	0.5333093404769897	fusion	10	0	1	11	between
fs32k	15	all	36	0.5088189244270325	fusion	10	0	1	11	between
fs32k	15	all	37	0.5133722424507141	fusion	10	0	1	11	between
fs32k	15	all	38	0.5319721102714539	fusion	10	0	1	11	between
fs32k	15	all	39	0.5332568883895874	fusion	10	0	1	11	between
fs32k	15	all	40	0.5179433226585388	fusion	10	0	1	11	between
fs32k	15	all	41	0.5034390091896057	fusion	10	0	1	11	between
fs32k	15	all	42	0.5155065655708313	fusion	10	0	1	11	between
fs32k	15	all	43	0.5485635995864868	fusion	10	0	1	11	between
fs32k	15	all	44	0.5409881472587585	fusion	10	0	1	11	between
fs32k	15	all	45	0.5125409364700317	fusion	10	0	1	11	between
fs32k	15	all	46	0.5104053020477295	fusion	10	0	1	11	between
fs32k	15	all	47	0.5221253633499146	fusion	10	0	1	11	between
fs32k	15	all	48	0.5058282613754272	fusion	10	0	1	11	between
fs32k	15	all	49	0.4952179193496704	fusion	10	0	1	11	between
fs32k	15	all	50	0.530661940574646	fusion	10	0	1	11	between
fs32k	15	all	51	0.5217427015304565	fusion	10	0	1	11	between
fs32k	15	all	52	0.524507999420166	fusion	10	0	1	11	between
fs32k	15	all	53	0.5386723875999451	fusion	10	0	1	11	between
fs32k	15	all	54	0.5334758758544922	fusion	10	0	1	11	between
fs32k	15	all	55	0.5245958566665649	fusion	10	0	1	11	between
fs32k	15	all	1	0.5085680484771729	fusion	10	0	1	12	between
fs32k	15	all	2	0.5186764597892761	fusion	10	0	1	12	between
fs32k	15	all	3	0.5192056894302368	fusion	10	0	1	12	between
fs32k	15	all	4	0.5261212587356567	fusion	10	0	1	12	between
fs32k	15	all	5	0.5276733636856079	fusion	10	0	1	12	between
fs32k	15	all	6	0.5067020058631897	fusion	10	0	1	12	between
fs32k	15	all	7	0.5174058675765991	fusion	10	0	1	12	between
fs32k	15	all	8	0.5256963968276978	fusion	10	0	1	12	between
fs32k	15	all	9	0.5343601703643799	fusion	10	0	1	12	between
fs32k	15	all	10	0.5162205100059509	fusion	10	0	1	12	between
fs32k	15	all	11	0.5340577960014343	fusion	10	0	1	12	between
fs32k	15	all	12	0.5451067686080933	fusion	10	0	1	12	between
fs32k	15	all	13	0.5312938690185547	fusion	10	0	1	12	between
fs32k	15	all	14	0.5340960621833801	fusion	10	0	1	12	between
fs32k	15	all	15	0.509757399559021	fusion	10	0	1	12	between
fs32k	15	all	16	0.5265617966651917	fusion	10	0	1	12	between
fs32k	15	all	17	0.5340265035629272	fusion	10	0	1	12	between
fs32k	15	all	18	0.5153264999389648	fusion	10	0	1	12	between
fs32k	15	all	19	0.5256297588348389	fusion	10	0	1	12	between
fs32k	15	all	20	0.5264716744422913	fusion	10	0	1	12	between
fs32k	15	all	21	0.5245388150215149	fusion	10	0	1	12	between
fs32k	15	all	22	0.5183070302009583	fusion	10	0	1	12	between
fs32k	15	all	23	0.5008743405342102	fusion	10	0	1	12	between
fs32k	15	all	24	0.5237301588058472	fusion	10	0	1	12	between
fs32k	15	all	25	0.5322683453559875	fusion	10	0	1	12	between
fs32k	15	all	26	0.5186768770217896	fusion	10	0	1	12	between
fs32k	15	all	27	0.5284457802772522	fusion	10	0	1	12	between
fs32k	15	all	28	0.5336402654647827	fusion	10	0	1	12	between
fs32k	15	all	29	0.5301547050476074	fusion	10	0	1	12	between
fs32k	15	all	30	0.5018628239631653	fusion	10	0	1	12	between
fs32k	15	all	31	0.5343376994132996	fusion	10	0	1	12	between
fs32k	15	all	32	0.5193451046943665	fusion	10	0	1	12	between
fs32k	15	all	33	0.5223881006240845	fusion	10	0	1	12	between
fs32k	15	all	34	0.5391104817390442	fusion	10	0	1	12	between
fs32k	15	all	35	0.5284144878387451	fusion	10	0	1	12	between
fs32k	15	all	36	0.5098669528961182	fusion	10	0	1	12	between
fs32k	15	all	37	0.511947512626648	fusion	10	0	1	12	between
fs32k	15	all	38	0.530432403087616	fusion	10	0	1	12	between
fs32k	15	all	39	0.5104813575744629	fusion	10	0	1	12	between
fs32k	15	all	40	0.5076665282249451	fusion	10	0	1	12	between
fs32k	15	all	41	0.506816029548645	fusion	10	0	1	12	between
fs32k	15	all	42	0.5120267271995544	fusion	10	0	1	12	between
fs32k	15	all	43	0.550834059715271	fusion	10	0	1	12	between
fs32k	15	all	44	0.5263899564743042	fusion	10	0	1	12	between
fs32k	15	all	45	0.5117014646530151	fusion	10	0	1	12	between
fs32k	15	all	46	0.5035214424133301	fusion	10	0	1	12	between
fs32k	15	all	47	0.519507646560669	fusion	10	0	1	12	between
fs32k	15	all	48	0.4885932803153991	fusion	10	0	1	12	between
fs32k	15	all	49	0.4926887154579162	fusion	10	0	1	12	between
fs32k	15	all	50	0.5290592312812805	fusion	10	0	1	12	between
fs32k	15	all	51	0.5109035968780518	fusion	10	0	1	12	between
fs32k	15	all	52	0.520938515663147	fusion	10	0	1	12	between
fs32k	15	all	53	0.5282052755355835	fusion	10	0	1	12	between
fs32k	15	all	54	0.5269639492034912	fusion	10	0	1	12	between
fs32k	15	all	55	0.516125500202179	fusion	10	0	1	12	between
fs32k	15	all	1	0.512992262840271	fusion	10	0	1	13	between
fs32k	15	all	2	0.5243172645568848	fusion	10	0	1	13	between
fs32k	15	all	3	0.5306567549705505	fusion	10	0	1	13	between
fs32k	15	all	4	0.5327560305595398	fusion	10	0	1	13	between
fs32k	15	all	5	0.5219432711601257	fusion	10	0	1	13	between
fs32k	15	all	6	0.5184711217880249	fusion	10	0	1	13	between
fs32k	15	all	7	0.5263951420783997	fusion	10	0	1	13	between
fs32k	15	all	8	0.5220561027526855	fusion	10	0	1	13	between
fs32k	15	all	9	0.5451641082763672	fusion	10	0	1	13	between
fs32k	15	all	10	0.5248984098434448	fusion	10	0	1	13	between
fs32k	15	all	11	0.5333237648010254	fusion	10	0	1	13	between
fs32k	15	all	12	0.5301088094711304	fusion	10	0	1	13	between
fs32k	15	all	13	0.5232278108596802	fusion	10	0	1	13	between
fs32k	15	all	14	0.5223748683929443	fusion	10	0	1	13	between
fs32k	15	all	15	0.5068031549453735	fusion	10	0	1	13	between
fs32k	15	all	16	0.5355427265167236	fusion	10	0	1	13	between
fs32k	15	all	17	0.5300865173339844	fusion	10	0	1	13	between
fs32k	15	all	18	0.5286407470703125	fusion	10	0	1	13	between
fs32k	15	all	19	0.5280812382698059	fusion	10	0	1	13	between
fs32k	15	all	20	0.526311457157135	fusion	10	0	1	13	between
fs32k	15	all	21	0.5338996648788452	fusion	10	0	1	13	between
fs32k	15	all	22	0.5262455940246582	fusion	10	0	1	13	between
fs32k	15	all	23	0.5078933835029602	fusion	10	0	1	13	between
fs32k	15	all	24	0.5309571027755737	fusion	10	0	1	13	between
fs32k	15	all	25	0.5271674394607544	fusion	10	0	1	13	between
fs32k	15	all	26	0.5328171253204346	fusion	10	0	1	13	between
fs32k	15	all	27	0.5273146033287048	fusion	10	0	1	13	between
fs32k	15	all	28	0.5343125462532043	fusion	10	0	1	13	between
fs32k	15	all	29	0.5281991362571716	fusion	10	0	1	13	between
fs32k	15	all	30	0.5021341443061829	fusion	10	0	1	13	between
fs32k	15	all	31	0.5430309772491455	fusion	10	0	1	13	between
fs32k	15	all	32	0.5118387341499329	fusion	10	0	1	13	between
fs32k	15	all	33	0.5409661531448364	fusion	10	0	1	13	between
fs32k	15	all	34	0.5360724925994873	fusion	10	0	1	13	between
fs32k	15	all	35	0.5351454019546509	fusion	10	0	1	13	between
fs32k	15	all	36	0.5052887201309204	fusion	10	0	1	13	between
fs32k	15	all	37	0.5232687592506409	fusion	10	0	1	13	between
fs32k	15	all	38	0.5314396619796753	fusion	10	0	1	13	between
fs32k	15	all	39	0.5384155511856079	fusion	10	0	1	13	between
fs32k	15	all	40	0.5206355452537537	fusion	10	0	1	13	between
fs32k	15	all	41	0.5042333006858826	fusion	10	0	1	13	between
fs32k	15	all	42	0.5203665494918823	fusion	10	0	1	13	between
fs32k	15	all	43	0.5434829592704773	fusion	10	0	1	13	between
fs32k	15	all	44	0.5428698062896729	fusion	10	0	1	13	between
fs32k	15	all	45	0.5116177201271057	fusion	10	0	1	13	between
fs32k	15	all	46	0.5156930685043335	fusion	10	0	1	13	between
fs32k	15	all	47	0.5214722156524658	fusion	10	0	1	13	between
fs32k	15	all	48	0.5113957524299622	fusion	10	0	1	13	between
fs32k	15	all	49	0.5092117786407471	fusion	10	0	1	13	between
fs32k	15	all	50	0.530489444732666	fusion	10	0	1	13	between
fs32k	15	all	51	0.5338739156723022	fusion	10	0	1	13	between
fs32k	15	all	52	0.5390565395355225	fusion	10	0	1	13	between
fs32k	15	all	53	0.5292633771896362	fusion	10	0	1	13	between
fs32k	15	all	54	0.5305284261703491	fusion	10	0	1	13	between
fs32k	15	all	55	0.52981036901474	fusion	10	0	1	13	between
fs32k	15	all	1	0.5083606243133545	fusion	10	0	1	14	between
fs32k	15	all	2	0.54529869556427	fusion	10	0	1	14	between
fs32k	15	all	3	0.5244839191436768	fusion	10	0	1	14	between
fs32k	15	all	4	0.5324954986572266	fusion	10	0	1	14	between
fs32k	15	all	5	0.5332815647125244	fusion	10	0	1	14	between
fs32k	15	all	6	0.517914354801178	fusion	10	0	1	14	between
fs32k	15	all	7	0.5343894958496094	fusion	10	0	1	14	between
fs32k	15	all	8	0.5221701860427856	fusion	10	0	1	14	between
fs32k	15	all	9	0.5404744148254395	fusion	10	0	1	14	between
fs32k	15	all	10	0.5271060466766357	fusion	10	0	1	14	between
fs32k	15	all	11	0.5386431813240051	fusion	10	0	1	14	between
fs32k	15	all	12	0.5303987264633179	fusion	10	0	1	14	between
fs32k	15	all	13	0.523317277431488	fusion	10	0	1	14	between
fs32k	15	all	14	0.5250133275985718	fusion	10	0	1	14	between
fs32k	15	all	15	0.5061709880828857	fusion	10	0	1	14	between
fs32k	15	all	16	0.5214376449584961	fusion	10	0	1	14	between
fs32k	15	all	17	0.5243262648582458	fusion	10	0	1	14	between
fs32k	15	all	18	0.5235666036605835	fusion	10	0	1	14	between
fs32k	15	all	19	0.5349122285842896	fusion	10	0	1	14	between
fs32k	15	all	20	0.5280476808547974	fusion	10	0	1	14	between
fs32k	15	all	21	0.5321570038795471	fusion	10	0	1	14	between
fs32k	15	all	22	0.5361974239349365	fusion	10	0	1	14	between
fs32k	15	all	23	0.5104926824569702	fusion	10	0	1	14	between
fs32k	15	all	24	0.5364082455635071	fusion	10	0	1	14	between
fs32k	15	all	25	0.5412857532501221	fusion	10	0	1	14	between
fs32k	15	all	26	0.53553706407547	fusion	10	0	1	14	between
fs32k	15	all	27	0.5398545265197754	fusion	10	0	1	14	between
fs32k	15	all	28	0.5278430581092834	fusion	10	0	1	14	between
fs32k	15	all	29	0.5199823975563049	fusion	10	0	1	14	between
fs32k	15	all	30	0.5056478977203369	fusion	10	0	1	14	between
fs32k	15	all	31	0.5261904001235962	fusion	10	0	1	14	between
fs32k	15	all	32	0.4998865723609924	fusion	10	0	1	14	between
fs32k	15	all	33	0.5285607576370239	fusion	10	0	1	14	between
fs32k	15	all	34	0.5359923243522644	fusion	10	0	1	14	between
fs32k	15	all	35	0.5381038188934326	fusion	10	0	1	14	between
fs32k	15	all	36	0.5065136551856995	fusion	10	0	1	14	between
fs32k	15	all	37	0.5177180767059326	fusion	10	0	1	14	between
fs32k	15	all	38	0.5204036831855774	fusion	10	0	1	14	between
fs32k	15	all	39	0.5297971963882446	fusion	10	0	1	14	between
fs32k	15	all	40	0.5171095132827759	fusion	10	0	1	14	between
fs32k	15	all	41	0.5124426484107971	fusion	10	0	1	14	between
fs32k	15	all	42	0.5255097150802612	fusion	10	0	1	14	between
fs32k	15	all	43	0.5408425331115723	fusion	10	0	1	14	between
fs32k	15	all	44	0.5382452607154846	fusion	10	0	1	14	between
fs32k	15	all	45	0.515154242515564	fusion	10	0	1	14	between
fs32k	15	all	46	0.5157022476196289	fusion	10	0	1	14	between
fs32k	15	all	47	0.5156204104423523	fusion	10	0	1	14	between
fs32k	15	all	48	0.5128201246261597	fusion	10	0	1	14	between
fs32k	15	all	49	0.5091463923454285	fusion	10	0	1	14	between
fs32k	15	all	50	0.5185883045196533	fusion	10	0	1	14	between
fs32k	15	all	51	0.5273884534835815	fusion	10	0	1	14	between
fs32k	15	all	52	0.5240039825439453	fusion	10	0	1	14	between
fs32k	15	all	53	0.5142536163330078	fusion	10	0	1	14	between
fs32k	15	all	54	0.521666944026947	fusion	10	0	1	14	between
fs32k	15	all	55	0.5262896418571472	fusion	10	0	1	14	between
fs32k	15	all	1	0.4985319972038269	fusion	10	0	1	15	between
fs32k	15	all	2	0.5284684896469116	fusion	10	0	1	15	between
fs32k	15	all	3	0.5258435010910034	fusion	10	0	1	15	between
fs32k	15	all	4	0.5285375714302063	fusion	10	0	1	15	between
fs32k	15	all	5	0.5396844148635864	fusion	10	0	1	15	between
fs32k	15	all	6	0.5174326300621033	fusion	10	0	1	15	between
fs32k	15	all	7	0.5314049124717712	fusion	10	0	1	15	between
fs32k	15	all	8	0.5278028845787048	fusion	10	0	1	15	between
fs32k	15	all	9	0.5374850034713745	fusion	10	0	1	15	between
fs32k	15	all	10	0.5224376320838928	fusion	10	0	1	15	between
fs32k	15	all	11	0.5194410085678101	fusion	10	0	1	15	between
fs32k	15	all	12	0.5246676206588745	fusion	10	0	1	15	between
fs32k	15	all	13	0.5112535357475281	fusion	10	0	1	15	between
fs32k	15	all	14	0.5091568231582642	fusion	10	0	1	15	between
fs32k	15	all	15	0.4997541904449463	fusion	10	0	1	15	between
fs32k	15	all	16	0.518359899520874	fusion	10	0	1	15	between
fs32k	15	all	17	0.5173145532608032	fusion	10	0	1	15	between
fs32k	15	all	18	0.5186489820480347	fusion	10	0	1	15	between
fs32k	15	all	19	0.5070760846138	fusion	10	0	1	15	between
fs32k	15	all	20	0.5211314558982849	fusion	10	0	1	15	between
fs32k	15	all	21	0.5294476747512817	fusion	10	0	1	15	between
fs32k	15	all	22	0.5275588035583496	fusion	10	0	1	15	between
fs32k	15	all	23	0.4997183382511139	fusion	10	0	1	15	between
fs32k	15	all	24	0.525158703327179	fusion	10	0	1	15	between
fs32k	15	all	25	0.5330963730812073	fusion	10	0	1	15	between
fs32k	15	all	26	0.5296957492828369	fusion	10	0	1	15	between
fs32k	15	all	27	0.5186353325843811	fusion	10	0	1	15	between
fs32k	15	all	28	0.529516339302063	fusion	10	0	1	15	between
fs32k	15	all	29	0.5226829051971436	fusion	10	0	1	15	between
fs32k	15	all	30	0.5012598633766174	fusion	10	0	1	15	between
fs32k	15	all	31	0.5398464798927307	fusion	10	0	1	15	between
fs32k	15	all	32	0.5066877603530884	fusion	10	0	1	15	between
fs32k	15	all	33	0.5362340807914734	fusion	10	0	1	15	between
fs32k	15	all	34	0.5287893414497375	fusion	10	0	1	15	between
fs32k	15	all	35	0.5272654891014099	fusion	10	0	1	15	between
fs32k	15	all	36	0.5077078342437744	fusion	10	0	1	15	between
fs32k	15	all	37	0.5175229907035828	fusion	10	0	1	15	between
fs32k	15	all	38	0.5268545746803284	fusion	10	0	1	15	between
fs32k	15	all	39	0.5299159288406372	fusion	10	0	1	15	between
fs32k	15	all	40	0.5087913870811462	fusion	10	0	1	15	between
fs32k	15	all	41	0.5108487606048584	fusion	10	0	1	15	between
fs32k	15	all	42	0.5231409072875977	fusion	10	0	1	15	between
fs32k	15	all	43	0.546647846698761	fusion	10	0	1	15	between
fs32k	15	all	44	0.544835090637207	fusion	10	0	1	15	between
fs32k	15	all	45	0.5129651427268982	fusion	10	0	1	15	between
fs32k	15	all	46	0.5145506262779236	fusion	10	0	1	15	between
fs32k	15	all	47	0.5145167112350464	fusion	10	0	1	15	between
fs32k	15	all	48	0.5090258121490479	fusion	10	0	1	15	between
fs32k	15	all	49	0.4981265366077423	fusion	10	0	1	15	between
fs32k	15	all	50	0.5299357771873474	fusion	10	0	1	15	between
fs32k	15	all	51	0.5295765995979309	fusion	10	0	1	15	between
fs32k	15	all	52	0.5308145880699158	fusion	10	0	1	15	between
fs32k	15	all	53	0.525709331035614	fusion	10	0	1	15	between
fs32k	15	all	54	0.5259673595428467	fusion	10	0	1	15	between
fs32k	15	all	55	0.5234638452529907	fusion	10	0	1	15	between
fs32k	15	all	1	0.5100095272064209	fusion	10	0	2	3	between
fs32k	15	all	2	0.5334163904190063	fusion	10	0	2	3	between
fs32k	15	all	3	0.5290930271148682	fusion	10	0	2	3	between
fs32k	15	all	4	0.5106213092803955	fusion	10	0	2	3	between
fs32k	15	all	5	0.5215666890144348	fusion	10	0	2	3	between
fs32k	15	all	6	0.5404476523399353	fusion	10	0	2	3	between
fs32k	15	all	7	0.5292521119117737	fusion	10	0	2	3	between
fs32k	15	all	8	0.5247751474380493	fusion	10	0	2	3	between
fs32k	15	all	9	0.5332465171813965	fusion	10	0	2	3	between
fs32k	15	all	10	0.5312634706497192	fusion	10	0	2	3	between
fs32k	15	all	11	0.5391392707824707	fusion	10	0	2	3	between
fs32k	15	all	12	0.5266798138618469	fusion	10	0	2	3	between
fs32k	15	all	13	0.5057675838470459	fusion	10	0	2	3	between
fs32k	15	all	14	0.5160138010978699	fusion	10	0	2	3	between
fs32k	15	all	15	0.5085039138793945	fusion	10	0	2	3	between
fs32k	15	all	16	0.5206098556518555	fusion	10	0	2	3	between
fs32k	15	all	17	0.53299880027771	fusion	10	0	2	3	between
fs32k	15	all	18	0.5175843834877014	fusion	10	0	2	3	between
fs32k	15	all	19	0.5141758322715759	fusion	10	0	2	3	between
fs32k	15	all	20	0.5363926291465759	fusion	10	0	2	3	between
fs32k	15	all	21	0.5308645367622375	fusion	10	0	2	3	between
fs32k	15	all	22	0.5108629465103149	fusion	10	0	2	3	between
fs32k	15	all	23	0.5100797414779663	fusion	10	0	2	3	between
fs32k	15	all	24	0.5323724746704102	fusion	10	0	2	3	between
fs32k	15	all	25	0.5288779139518738	fusion	10	0	2	3	between
fs32k	15	all	26	0.5336324572563171	fusion	10	0	2	3	between
fs32k	15	all	27	0.5208861231803894	fusion	10	0	2	3	between
fs32k	15	all	28	0.5314852595329285	fusion	10	0	2	3	between
fs32k	15	all	29	0.5118935704231262	fusion	10	0	2	3	between
fs32k	15	all	30	0.5027846097946167	fusion	10	0	2	3	between
fs32k	15	all	31	0.528621256351471	fusion	10	0	2	3	between
fs32k	15	all	32	0.499997079372406	fusion	10	0	2	3	between
fs32k	15	all	33	0.5201828479766846	fusion	10	0	2	3	between
fs32k	15	all	34	0.5290242433547974	fusion	10	0	2	3	between
fs32k	15	all	35	0.4959428906440735	fusion	10	0	2	3	between
fs32k	15	all	36	0.4879342317581177	fusion	10	0	2	3	between
fs32k	15	all	37	0.503667950630188	fusion	10	0	2	3	between
fs32k	15	all	38	0.4985036849975586	fusion	10	0	2	3	between
fs32k	15	all	39	0.5017768740653992	fusion	10	0	2	3	between
fs32k	15	all	40	0.4924908280372619	fusion	10	0	2	3	between
fs32k	15	all	41	0.511837899684906	fusion	10	0	2	3	between
fs32k	15	all	42	0.5079785585403442	fusion	10	0	2	3	between
fs32k	15	all	43	0.5337325930595398	fusion	10	0	2	3	between
fs32k	15	all	44	0.5172576904296875	fusion	10	0	2	3	between
fs32k	15	all	45	0.489431768655777	fusion	10	0	2	3	between
fs32k	15	all	46	0.5110997557640076	fusion	10	0	2	3	between
fs32k	15	all	47	0.5339754819869995	fusion	10	0	2	3	between
fs32k	15	all	48	0.5188626050949097	fusion	10	0	2	3	between
fs32k	15	all	49	0.5168401002883911	fusion	10	0	2	3	between
fs32k	15	all	50	0.5180975794792175	fusion	10	0	2	3	between
fs32k	15	all	51	0.5224199891090393	fusion	10	0	2	3	between
fs32k	15	all	52	0.5190889835357666	fusion	10	0	2	3	between
fs32k	15	all	53	0.5300160646438599	fusion	10	0	2	3	between
fs32k	15	all	54	0.523442268371582	fusion	10	0	2	3	between
fs32k	15	all	55	0.5178424119949341	fusion	10	0	2	3	between
fs32k	15	all	1	0.5083298683166504	fusion	10	0	2	4	between
fs32k	15	all	2	0.542080283164978	fusion	10	0	2	4	between
fs32k	15	all	3	0.5386641025543213	fusion	10	0	2	4	between
fs32k	15	all	4	0.5163265466690063	fusion	10	0	2	4	between
fs32k	15	all	5	0.5246555209159851	fusion	10	0	2	4	between
fs32k	15	all	6	0.5264028906822205	fusion	10	0	2	4	between
fs32k	15	all	7	0.5252916812896729	fusion	10	0	2	4	between
fs32k	15	all	8	0.5141726732254028	fusion	10	0	2	4	between
fs32k	15	all	9	0.5262606143951416	fusion	10	0	2	4	between
fs32k	15	all	10	0.5296828150749207	fusion	10	0	2	4	between
fs32k	15	all	11	0.5336489081382751	fusion	10	0	2	4	between
fs32k	15	all	12	0.5327314138412476	fusion	10	0	2	4	between
fs32k	15	all	13	0.51731938123703	fusion	10	0	2	4	between
fs32k	15	all	14	0.5218465328216553	fusion	10	0	2	4	between
fs32k	15	all	15	0.5056233406066895	fusion	10	0	2	4	between
fs32k	15	all	16	0.5264338254928589	fusion	10	0	2	4	between
fs32k	15	all	17	0.532967209815979	fusion	10	0	2	4	between
fs32k	15	all	18	0.517469584941864	fusion	10	0	2	4	between
fs32k	15	all	19	0.5113537311553955	fusion	10	0	2	4	between
fs32k	15	all	20	0.530349850654602	fusion	10	0	2	4	between
fs32k	15	all	21	0.5290580987930298	fusion	10	0	2	4	between
fs32k	15	all	22	0.5155261158943176	fusion	10	0	2	4	between
fs32k	15	all	23	0.5147073268890381	fusion	10	0	2	4	between
fs32k	15	all	24	0.5340883731842041	fusion	10	0	2	4	between
fs32k	15	all	25	0.5310697555541992	fusion	10	0	2	4	between
fs32k	15	all	26	0.529149055480957	fusion	10	0	2	4	between
fs32k	15	all	27	0.5272172093391418	fusion	10	0	2	4	between
fs32k	15	all	28	0.5381050109863281	fusion	10	0	2	4	between
fs32k	15	all	29	0.5227774381637573	fusion	10	0	2	4	between
fs32k	15	all	30	0.5070154666900635	fusion	10	0	2	4	between
fs32k	15	all	31	0.527853786945343	fusion	10	0	2	4	between
fs32k	15	all	32	0.496893048286438	fusion	10	0	2	4	between
fs32k	15	all	33	0.5272569060325623	fusion	10	0	2	4	between
fs32k	15	all	34	0.5286477208137512	fusion	10	0	2	4	between
fs32k	15	all	35	0.5167649984359741	fusion	10	0	2	4	between
fs32k	15	all	36	0.5046902298927307	fusion	10	0	2	4	between
fs32k	15	all	37	0.5113374590873718	fusion	10	0	2	4	between
fs32k	15	all	38	0.5019625425338745	fusion	10	0	2	4	between
fs32k	15	all	39	0.5104503631591797	fusion	10	0	2	4	between
fs32k	15	all	40	0.5064986944198608	fusion	10	0	2	4	between
fs32k	15	all	41	0.5160964727401733	fusion	10	0	2	4	between
fs32k	15	all	42	0.5167940855026245	fusion	10	0	2	4	between
fs32k	15	all	43	0.5307883024215698	fusion	10	0	2	4	between
fs32k	15	all	44	0.5285773277282715	fusion	10	0	2	4	between
fs32k	15	all	45	0.4973750710487366	fusion	10	0	2	4	between
fs32k	15	all	46	0.5126595497131348	fusion	10	0	2	4	between
fs32k	15	all	47	0.5297995209693909	fusion	10	0	2	4	between
fs32k	15	all	48	0.513604998588562	fusion	10	0	2	4	between
fs32k	15	all	49	0.5149961709976196	fusion	10	0	2	4	between
fs32k	15	all	50	0.5291233658790588	fusion	10	0	2	4	between
fs32k	15	all	51	0.5200839042663574	fusion	10	0	2	4	between
fs32k	15	all	52	0.5321700572967529	fusion	10	0	2	4	between
fs32k	15	all	53	0.524636447429657	fusion	10	0	2	4	between
fs32k	15	all	54	0.526792585849762	fusion	10	0	2	4	between
fs32k	15	all	55	0.5237327218055725	fusion	10	0	2	4	between
fs32k	15	all	1	0.4861605763435364	fusion	10	0	2	5	between
fs32k	15	all	2	0.5377007722854614	fusion	10	0	2	5	between
fs32k	15	all	3	0.5294451117515564	fusion	10	0	2	5	between
fs32k	15	all	4	0.5066603422164917	fusion	10	0	2	5	between
fs32k	15	all	5	0.5193179845809937	fusion	10	0	2	5	between
fs32k	15	all	6	0.5290773510932922	fusion	10	0	2	5	between
fs32k	15	all	7	0.5340182781219482	fusion	10	0	2	5	between
fs32k	15	all	8	0.5159692168235779	fusion	10	0	2	5	between
fs32k	15	all	9	0.5314223766326904	fusion	10	0	2	5	between
fs32k	15	all	10	0.5172230005264282	fusion	10	0	2	5	between
fs32k	15	all	11	0.5214428901672363	fusion	10	0	2	5	between
fs32k	15	all	12	0.5225592851638794	fusion	10	0	2	5	between
fs32k	15	all	13	0.497812807559967	fusion	10	0	2	5	between
fs32k	15	all	14	0.5142869353294373	fusion	10	0	2	5	between
fs32k	15	all	15	0.4860782325267792	fusion	10	0	2	5	between
fs32k	15	all	16	0.5124659538269043	fusion	10	0	2	5	between
fs32k	15	all	17	0.5188468098640442	fusion	10	0	2	5	between
fs32k	15	all	18	0.4959182143211365	fusion	10	0	2	5	between
fs32k	15	all	19	0.5087563991546631	fusion	10	0	2	5	between
fs32k	15	all	20	0.5437933206558228	fusion	10	0	2	5	between
fs32k	15	all	21	0.5313555002212524	fusion	10	0	2	5	between
fs32k	15	all	22	0.5153796672821045	fusion	10	0	2	5	between
fs32k	15	all	23	0.5034027099609375	fusion	10	0	2	5	between
fs32k	15	all	24	0.5387293100357056	fusion	10	0	2	5	between
fs32k	15	all	25	0.5259009599685669	fusion	10	0	2	5	between
fs32k	15	all	26	0.52671217918396	fusion	10	0	2	5	between
fs32k	15	all	27	0.5206970572471619	fusion	10	0	2	5	between
fs32k	15	all	28	0.5375551581382751	fusion	10	0	2	5	between
fs32k	15	all	29	0.5237213373184204	fusion	10	0	2	5	between
fs32k	15	all	30	0.4944238066673279	fusion	10	0	2	5	between
fs32k	15	all	31	0.5320246815681458	fusion	10	0	2	5	between
fs32k	15	all	32	0.49912229180336	fusion	10	0	2	5	between
fs32k	15	all	33	0.5196737051010132	fusion	10	0	2	5	between
fs32k	15	all	34	0.5237314701080322	fusion	10	0	2	5	between
fs32k	15	all	35	0.5147911310195923	fusion	10	0	2	5	between
fs32k	15	all	36	0.4929776787757873	fusion	10	0	2	5	between
fs32k	15	all	37	0.505603015422821	fusion	10	0	2	5	between
fs32k	15	all	38	0.4994283318519592	fusion	10	0	2	5	between
fs32k	15	all	39	0.4945454597473144	fusion	10	0	2	5	between
fs32k	15	all	40	0.50850510597229	fusion	10	0	2	5	between
fs32k	15	all	41	0.5034069418907166	fusion	10	0	2	5	between
fs32k	15	all	42	0.5155291557312012	fusion	10	0	2	5	between
fs32k	15	all	43	0.5266293287277222	fusion	10	0	2	5	between
fs32k	15	all	44	0.5147819519042969	fusion	10	0	2	5	between
fs32k	15	all	45	0.5003786683082581	fusion	10	0	2	5	between
fs32k	15	all	46	0.5110970139503479	fusion	10	0	2	5	between
fs32k	15	all	47	0.5272250175476074	fusion	10	0	2	5	between
fs32k	15	all	48	0.5092981457710266	fusion	10	0	2	5	between
fs32k	15	all	49	0.5076590776443481	fusion	10	0	2	5	between
fs32k	15	all	50	0.5298518538475037	fusion	10	0	2	5	between
fs32k	15	all	51	0.5224665999412537	fusion	10	0	2	5	between
fs32k	15	all	52	0.5212880373001099	fusion	10	0	2	5	between
fs32k	15	all	53	0.5215712785720825	fusion	10	0	2	5	between
fs32k	15	all	54	0.5144251585006714	fusion	10	0	2	5	between
fs32k	15	all	55	0.5157169699668884	fusion	10	0	2	5	between
fs32k	15	all	1	0.5154396891593933	fusion	10	0	2	6	between
fs32k	15	all	2	0.525754988193512	fusion	10	0	2	6	between
fs32k	15	all	3	0.5336784720420837	fusion	10	0	2	6	between
fs32k	15	all	4	0.5263062715530396	fusion	10	0	2	6	between
fs32k	15	all	5	0.5322868824005127	fusion	10	0	2	6	between
fs32k	15	all	6	0.5276004672050476	fusion	10	0	2	6	between
fs32k	15	all	7	0.5308007001876831	fusion	10	0	2	6	between
fs32k	15	all	8	0.5193365812301636	fusion	10	0	2	6	between
fs32k	15	all	9	0.530544638633728	fusion	10	0	2	6	between
fs32k	15	all	10	0.5204752683639526	fusion	10	0	2	6	between
fs32k	15	all	11	0.5398202538490295	fusion	10	0	2	6	between
fs32k	15	all	12	0.5352736711502075	fusion	10	0	2	6	between
fs32k	15	all	13	0.5263832807540894	fusion	10	0	2	6	between
fs32k	15	all	14	0.5262334942817688	fusion	10	0	2	6	between
fs32k	15	all	15	0.510281503200531	fusion	10	0	2	6	between
fs32k	15	all	16	0.5307729840278625	fusion	10	0	2	6	between
fs32k	15	all	17	0.5425029993057251	fusion	10	0	2	6	between
fs32k	15	all	18	0.5164732933044434	fusion	10	0	2	6	between
fs32k	15	all	19	0.5170526504516602	fusion	10	0	2	6	between
fs32k	15	all	20	0.5306670665740967	fusion	10	0	2	6	between
fs32k	15	all	21	0.5277442336082458	fusion	10	0	2	6	between
fs32k	15	all	22	0.5128717422485352	fusion	10	0	2	6	between
fs32k	15	all	23	0.5119937658309937	fusion	10	0	2	6	between
fs32k	15	all	24	0.5336267948150635	fusion	10	0	2	6	between
fs32k	15	all	25	0.5321085453033447	fusion	10	0	2	6	between
fs32k	15	all	26	0.5261772274971008	fusion	10	0	2	6	between
fs32k	15	all	27	0.5186280012130737	fusion	10	0	2	6	between
fs32k	15	all	28	0.535284161567688	fusion	10	0	2	6	between
fs32k	15	all	29	0.5137556791305542	fusion	10	0	2	6	between
fs32k	15	all	30	0.5016244649887085	fusion	10	0	2	6	between
fs32k	15	all	31	0.5276408195495605	fusion	10	0	2	6	between
fs32k	15	all	32	0.508786678314209	fusion	10	0	2	6	between
fs32k	15	all	33	0.526640772819519	fusion	10	0	2	6	between
fs32k	15	all	34	0.5268638730049133	fusion	10	0	2	6	between
fs32k	15	all	35	0.5152531862258911	fusion	10	0	2	6	between
fs32k	15	all	36	0.5028965473175049	fusion	10	0	2	6	between
fs32k	15	all	37	0.5172678828239441	fusion	10	0	2	6	between
fs32k	15	all	38	0.5217739343643188	fusion	10	0	2	6	between
fs32k	15	all	39	0.5007317066192627	fusion	10	0	2	6	between
fs32k	15	all	40	0.494240403175354	fusion	10	0	2	6	between
fs32k	15	all	41	0.5030748844146729	fusion	10	0	2	6	between
fs32k	15	all	42	0.5168641209602356	fusion	10	0	2	6	between
fs32k	15	all	43	0.5341166257858276	fusion	10	0	2	6	between
fs32k	15	all	44	0.5142300724983215	fusion	10	0	2	6	between
fs32k	15	all	45	0.4936091899871826	fusion	10	0	2	6	between
fs32k	15	all	46	0.513774037361145	fusion	10	0	2	6	between
fs32k	15	all	47	0.5337620973587036	fusion	10	0	2	6	between
fs32k	15	all	48	0.5097683072090149	fusion	10	0	2	6	between
fs32k	15	all	49	0.5073341131210327	fusion	10	0	2	6	between
fs32k	15	all	50	0.5321632623672485	fusion	10	0	2	6	between
fs32k	15	all	51	0.5157048106193542	fusion	10	0	2	6	between
fs32k	15	all	52	0.5183252096176147	fusion	10	0	2	6	between
fs32k	15	all	53	0.5268329977989197	fusion	10	0	2	6	between
fs32k	15	all	54	0.5212892293930054	fusion	10	0	2	6	between
fs32k	15	all	55	0.521654486656189	fusion	10	0	2	6	between
fs32k	15	all	1	0.5095784664154053	fusion	10	0	2	7	between
fs32k	15	all	2	0.5430440306663513	fusion	10	0	2	7	between
fs32k	15	all	3	0.5441908240318298	fusion	10	0	2	7	between
fs32k	15	all	4	0.5365312099456787	fusion	10	0	2	7	between
fs32k	15	all	5	0.5322945713996887	fusion	10	0	2	7	between
fs32k	15	all	6	0.5311177968978882	fusion	10	0	2	7	between
fs32k	15	all	7	0.5439995527267456	fusion	10	0	2	7	between
fs32k	15	all	8	0.5309184789657593	fusion	10	0	2	7	between
fs32k	15	all	9	0.5401250720024109	fusion	10	0	2	7	between
fs32k	15	all	10	0.5292453765869141	fusion	10	0	2	7	between
fs32k	15	all	11	0.5286887288093567	fusion	10	0	2	7	between
fs32k	15	all	12	0.5278719067573547	fusion	10	0	2	7	between
fs32k	15	all	13	0.5138594508171082	fusion	10	0	2	7	between
fs32k	15	all	14	0.5087897777557373	fusion	10	0	2	7	between
fs32k	15	all	15	0.5000444650650024	fusion	10	0	2	7	between
fs32k	15	all	16	0.531044602394104	fusion	10	0	2	7	between
fs32k	15	all	17	0.5246369242668152	fusion	10	0	2	7	between
fs32k	15	all	18	0.5116705894470215	fusion	10	0	2	7	between
fs32k	15	all	19	0.5111963748931885	fusion	10	0	2	7	between
fs32k	15	all	20	0.5344477891921997	fusion	10	0	2	7	between
fs32k	15	all	21	0.5344228148460388	fusion	10	0	2	7	between
fs32k	15	all	22	0.5090793371200562	fusion	10	0	2	7	between
fs32k	15	all	23	0.5102162957191467	fusion	10	0	2	7	between
fs32k	15	all	24	0.5393123030662537	fusion	10	0	2	7	between
fs32k	15	all	25	0.5347448587417603	fusion	10	0	2	7	between
fs32k	15	all	26	0.5322539806365967	fusion	10	0	2	7	between
fs32k	15	all	27	0.5199886560440063	fusion	10	0	2	7	between
fs32k	15	all	28	0.5401228666305542	fusion	10	0	2	7	between
fs32k	15	all	29	0.526835560798645	fusion	10	0	2	7	between
fs32k	15	all	30	0.500161349773407	fusion	10	0	2	7	between
fs32k	15	all	31	0.5419417023658752	fusion	10	0	2	7	between
fs32k	15	all	32	0.5163779258728027	fusion	10	0	2	7	between
fs32k	15	all	33	0.5402060151100159	fusion	10	0	2	7	between
fs32k	15	all	34	0.5385748147964478	fusion	10	0	2	7	between
fs32k	15	all	35	0.5122382044792175	fusion	10	0	2	7	between
fs32k	15	all	36	0.4996950924396515	fusion	10	0	2	7	between
fs32k	15	all	37	0.5202842950820923	fusion	10	0	2	7	between
fs32k	15	all	38	0.5159385204315186	fusion	10	0	2	7	between
fs32k	15	all	39	0.5082124471664429	fusion	10	0	2	7	between
fs32k	15	all	40	0.5109516382217407	fusion	10	0	2	7	between
fs32k	15	all	41	0.5063403844833374	fusion	10	0	2	7	between
fs32k	15	all	42	0.5149636268615723	fusion	10	0	2	7	between
fs32k	15	all	43	0.5250469446182251	fusion	10	0	2	7	between
fs32k	15	all	44	0.5152738094329834	fusion	10	0	2	7	between
fs32k	15	all	45	0.4963896572589874	fusion	10	0	2	7	between
fs32k	15	all	46	0.5088836550712585	fusion	10	0	2	7	between
fs32k	15	all	47	0.5271573662757874	fusion	10	0	2	7	between
fs32k	15	all	48	0.5123739242553711	fusion	10	0	2	7	between
fs32k	15	all	49	0.5088388919830322	fusion	10	0	2	7	between
fs32k	15	all	50	0.5297961235046387	fusion	10	0	2	7	between
fs32k	15	all	51	0.5239347815513611	fusion	10	0	2	7	between
fs32k	15	all	52	0.5291042327880859	fusion	10	0	2	7	between
fs32k	15	all	53	0.5310748219490051	fusion	10	0	2	7	between
fs32k	15	all	54	0.5319964289665222	fusion	10	0	2	7	between
fs32k	15	all	55	0.5293381810188293	fusion	10	0	2	7	between
fs32k	15	all	1	0.5073158740997314	fusion	10	0	2	8	between
fs32k	15	all	2	0.5334920883178711	fusion	10	0	2	8	between
fs32k	15	all	3	0.5395380258560181	fusion	10	0	2	8	between
fs32k	15	all	4	0.5246615409851074	fusion	10	0	2	8	between
fs32k	15	all	5	0.5241593718528748	fusion	10	0	2	8	between
fs32k	15	all	6	0.5335085391998291	fusion	10	0	2	8	between
fs32k	15	all	7	0.5215661525726318	fusion	10	0	2	8	between
fs32k	15	all	8	0.5153065323829651	fusion	10	0	2	8	between
fs32k	15	all	9	0.5267137289047241	fusion	10	0	2	8	between
fs32k	15	all	10	0.5297205448150635	fusion	10	0	2	8	between
fs32k	15	all	11	0.527474045753479	fusion	10	0	2	8	between
fs32k	15	all	12	0.5365960001945496	fusion	10	0	2	8	between
fs32k	15	all	13	0.5227678418159485	fusion	10	0	2	8	between
fs32k	15	all	14	0.5149058699607849	fusion	10	0	2	8	between
fs32k	15	all	15	0.5050193667411804	fusion	10	0	2	8	between
fs32k	15	all	16	0.5237967371940613	fusion	10	0	2	8	between
fs32k	15	all	17	0.5228298306465149	fusion	10	0	2	8	between
fs32k	15	all	18	0.5128257870674133	fusion	10	0	2	8	between
fs32k	15	all	19	0.517063558101654	fusion	10	0	2	8	between
fs32k	15	all	20	0.5371233820915222	fusion	10	0	2	8	between
fs32k	15	all	21	0.5331418514251709	fusion	10	0	2	8	between
fs32k	15	all	22	0.5131421089172363	fusion	10	0	2	8	between
fs32k	15	all	23	0.5052165985107422	fusion	10	0	2	8	between
fs32k	15	all	24	0.5321855545043945	fusion	10	0	2	8	between
fs32k	15	all	25	0.5255426168441772	fusion	10	0	2	8	between
fs32k	15	all	26	0.5274767875671387	fusion	10	0	2	8	between
fs32k	15	all	27	0.5247089862823486	fusion	10	0	2	8	between
fs32k	15	all	28	0.5447754263877869	fusion	10	0	2	8	between
fs32k	15	all	29	0.5257077217102051	fusion	10	0	2	8	between
fs32k	15	all	30	0.5151739716529846	fusion	10	0	2	8	between
fs32k	15	all	31	0.5353740453720093	fusion	10	0	2	8	between
fs32k	15	all	32	0.5131101012229919	fusion	10	0	2	8	between
fs32k	15	all	33	0.5323014259338379	fusion	10	0	2	8	between
fs32k	15	all	34	0.5376052260398865	fusion	10	0	2	8	between
fs32k	15	all	35	0.5147392153739929	fusion	10	0	2	8	between
fs32k	15	all	36	0.5082401037216187	fusion	10	0	2	8	between
fs32k	15	all	37	0.5152418613433838	fusion	10	0	2	8	between
fs32k	15	all	38	0.5102478265762329	fusion	10	0	2	8	between
fs32k	15	all	39	0.5052245259284973	fusion	10	0	2	8	between
fs32k	15	all	40	0.5194967985153198	fusion	10	0	2	8	between
fs32k	15	all	41	0.5140244960784912	fusion	10	0	2	8	between
fs32k	15	all	42	0.503226637840271	fusion	10	0	2	8	between
fs32k	15	all	43	0.5282196402549744	fusion	10	0	2	8	between
fs32k	15	all	44	0.5183091163635254	fusion	10	0	2	8	between
fs32k	15	all	45	0.5045436024665833	fusion	10	0	2	8	between
fs32k	15	all	46	0.508897066116333	fusion	10	0	2	8	between
fs32k	15	all	47	0.5342245101928711	fusion	10	0	2	8	between
fs32k	15	all	48	0.5142126083374023	fusion	10	0	2	8	between
fs32k	15	all	49	0.5154659748077393	fusion	10	0	2	8	between
fs32k	15	all	50	0.5199856162071228	fusion	10	0	2	8	between
fs32k	15	all	51	0.5076004862785339	fusion	10	0	2	8	between
fs32k	15	all	52	0.5135356783866882	fusion	10	0	2	8	between
fs32k	15	all	53	0.5199843049049377	fusion	10	0	2	8	between
fs32k	15	all	54	0.525894045829773	fusion	10	0	2	8	between
fs32k	15	all	55	0.5235308408737183	fusion	10	0	2	8	between
fs32k	15	all	1	0.5164099931716919	fusion	10	0	2	9	between
fs32k	15	all	2	0.5416527986526489	fusion	10	0	2	9	between
fs32k	15	all	3	0.5335478782653809	fusion	10	0	2	9	between
fs32k	15	all	4	0.5240916013717651	fusion	10	0	2	9	between
fs32k	15	all	5	0.5231499075889587	fusion	10	0	2	9	between
fs32k	15	all	6	0.5320282578468323	fusion	10	0	2	9	between
fs32k	15	all	7	0.5341438055038452	fusion	10	0	2	9	between
fs32k	15	all	8	0.5290244817733765	fusion	10	0	2	9	between
fs32k	15	all	9	0.5348697900772095	fusion	10	0	2	9	between
fs32k	15	all	10	0.5312469601631165	fusion	10	0	2	9	between
fs32k	15	all	11	0.5346386432647705	fusion	10	0	2	9	between
fs32k	15	all	12	0.5262933969497681	fusion	10	0	2	9	between
fs32k	15	all	13	0.5255976319313049	fusion	10	0	2	9	between
fs32k	15	all	14	0.5193655490875244	fusion	10	0	2	9	between
fs32k	15	all	15	0.5123317241668701	fusion	10	0	2	9	between
fs32k	15	all	16	0.5190274119377136	fusion	10	0	2	9	between
fs32k	15	all	17	0.5320224165916443	fusion	10	0	2	9	between
fs32k	15	all	18	0.5196725130081177	fusion	10	0	2	9	between
fs32k	15	all	19	0.5145981907844543	fusion	10	0	2	9	between
fs32k	15	all	20	0.5252183079719543	fusion	10	0	2	9	between
fs32k	15	all	21	0.5393874049186707	fusion	10	0	2	9	between
fs32k	15	all	22	0.5184597373008728	fusion	10	0	2	9	between
fs32k	15	all	23	0.5136397480964661	fusion	10	0	2	9	between
fs32k	15	all	24	0.5337293148040771	fusion	10	0	2	9	between
fs32k	15	all	25	0.5383961796760559	fusion	10	0	2	9	between
fs32k	15	all	26	0.5379623174667358	fusion	10	0	2	9	between
fs32k	15	all	27	0.531134843826294	fusion	10	0	2	9	between
fs32k	15	all	28	0.5270119905471802	fusion	10	0	2	9	between
fs32k	15	all	29	0.5154298543930054	fusion	10	0	2	9	between
fs32k	15	all	30	0.4996539950370788	fusion	10	0	2	9	between
fs32k	15	all	31	0.5070976614952087	fusion	10	0	2	9	between
fs32k	15	all	32	0.5021666884422302	fusion	10	0	2	9	between
fs32k	15	all	33	0.5224974155426025	fusion	10	0	2	9	between
fs32k	15	all	34	0.515912652015686	fusion	10	0	2	9	between
fs32k	15	all	35	0.5129390954971313	fusion	10	0	2	9	between
fs32k	15	all	36	0.5005432367324829	fusion	10	0	2	9	between
fs32k	15	all	37	0.5067955255508423	fusion	10	0	2	9	between
fs32k	15	all	38	0.5207736492156982	fusion	10	0	2	9	between
fs32k	15	all	39	0.5119168758392334	fusion	10	0	2	9	between
fs32k	15	all	40	0.509657621383667	fusion	10	0	2	9	between
fs32k	15	all	41	0.5057178139686584	fusion	10	0	2	9	between
fs32k	15	all	42	0.5063183307647705	fusion	10	0	2	9	between
fs32k	15	all	43	0.5356234908103943	fusion	10	0	2	9	between
fs32k	15	all	44	0.5196424126625061	fusion	10	0	2	9	between
fs32k	15	all	45	0.4898436665534973	fusion	10	0	2	9	between
fs32k	15	all	46	0.5169505476951599	fusion	10	0	2	9	between
fs32k	15	all	47	0.5399030447006226	fusion	10	0	2	9	between
fs32k	15	all	48	0.5148509740829468	fusion	10	0	2	9	between
fs32k	15	all	49	0.5150281190872192	fusion	10	0	2	9	between
fs32k	15	all	50	0.5296116471290588	fusion	10	0	2	9	between
fs32k	15	all	51	0.5207866430282593	fusion	10	0	2	9	between
fs32k	15	all	52	0.5257045030593872	fusion	10	0	2	9	between
fs32k	15	all	53	0.5304653644561768	fusion	10	0	2	9	between
fs32k	15	all	54	0.5236626267433167	fusion	10	0	2	9	between
fs32k	15	all	55	0.5230807065963745	fusion	10	0	2	9	between
fs32k	15	all	1	0.5190787315368652	fusion	10	0	2	10	between
fs32k	15	all	2	0.5388068556785583	fusion	10	0	2	10	between
fs32k	15	all	3	0.5385635495185852	fusion	10	0	2	10	between
fs32k	15	all	4	0.5261365175247192	fusion	10	0	2	10	between
fs32k	15	all	5	0.5352412462234497	fusion	10	0	2	10	between
fs32k	15	all	6	0.5426225662231445	fusion	10	0	2	10	between
fs32k	15	all	7	0.5360615253448486	fusion	10	0	2	10	between
fs32k	15	all	8	0.5258398056030273	fusion	10	0	2	10	between
fs32k	15	all	9	0.536855161190033	fusion	10	0	2	10	between
fs32k	15	all	10	0.5326645374298096	fusion	10	0	2	10	between
fs32k	15	all	11	0.5396013259887695	fusion	10	0	2	10	between
fs32k	15	all	12	0.5303223133087158	fusion	10	0	2	10	between
fs32k	15	all	13	0.525750994682312	fusion	10	0	2	10	between
fs32k	15	all	14	0.529141902923584	fusion	10	0	2	10	between
fs32k	15	all	15	0.5216584801673889	fusion	10	0	2	10	between
fs32k	15	all	16	0.5242709517478943	fusion	10	0	2	10	between
fs32k	15	all	17	0.5392993092536926	fusion	10	0	2	10	between
fs32k	15	all	18	0.5210893154144287	fusion	10	0	2	10	between
fs32k	15	all	19	0.5380648374557495	fusion	10	0	2	10	between
fs32k	15	all	20	0.5333545207977295	fusion	10	0	2	10	between
fs32k	15	all	21	0.5312638878822327	fusion	10	0	2	10	between
fs32k	15	all	22	0.5177469253540039	fusion	10	0	2	10	between
fs32k	15	all	23	0.5160651206970215	fusion	10	0	2	10	between
fs32k	15	all	24	0.5329979062080383	fusion	10	0	2	10	between
fs32k	15	all	25	0.5254833102226257	fusion	10	0	2	10	between
fs32k	15	all	26	0.5315291881561279	fusion	10	0	2	10	between
fs32k	15	all	27	0.5278559327125549	fusion	10	0	2	10	between
fs32k	15	all	28	0.5274800658226013	fusion	10	0	2	10	between
fs32k	15	all	29	0.525130033493042	fusion	10	0	2	10	between
fs32k	15	all	30	0.5149878263473511	fusion	10	0	2	10	between
fs32k	15	all	31	0.5178502202033997	fusion	10	0	2	10	between
fs32k	15	all	32	0.4976519346237182	fusion	10	0	2	10	between
fs32k	15	all	33	0.5227393507957458	fusion	10	0	2	10	between
fs32k	15	all	34	0.5348640084266663	fusion	10	0	2	10	between
fs32k	15	all	35	0.5252569913864136	fusion	10	0	2	10	between
fs32k	15	all	36	0.5042926669120789	fusion	10	0	2	10	between
fs32k	15	all	37	0.5100634694099426	fusion	10	0	2	10	between
fs32k	15	all	38	0.5097828507423401	fusion	10	0	2	10	between
fs32k	15	all	39	0.5048168897628784	fusion	10	0	2	10	between
fs32k	15	all	40	0.5236138701438904	fusion	10	0	2	10	between
fs32k	15	all	41	0.5172802209854126	fusion	10	0	2	10	between
fs32k	15	all	42	0.5111275911331177	fusion	10	0	2	10	between
fs32k	15	all	43	0.5308204889297485	fusion	10	0	2	10	between
fs32k	15	all	44	0.5278785228729248	fusion	10	0	2	10	between
fs32k	15	all	45	0.5122067928314209	fusion	10	0	2	10	between
fs32k	15	all	46	0.5172845721244812	fusion	10	0	2	10	between
fs32k	15	all	47	0.5312597155570984	fusion	10	0	2	10	between
fs32k	15	all	48	0.5163244605064392	fusion	10	0	2	10	between
fs32k	15	all	49	0.5151335597038269	fusion	10	0	2	10	between
fs32k	15	all	50	0.5254783034324646	fusion	10	0	2	10	between
fs32k	15	all	51	0.5214996337890625	fusion	10	0	2	10	between
fs32k	15	all	52	0.5253827571868896	fusion	10	0	2	10	between
fs32k	15	all	53	0.5266401171684265	fusion	10	0	2	10	between
fs32k	15	all	54	0.5270400047302246	fusion	10	0	2	10	between
fs32k	15	all	55	0.5264332890510559	fusion	10	0	2	10	between
fs32k	15	all	1	0.5122756361961365	fusion	10	0	2	11	between
fs32k	15	all	2	0.542121946811676	fusion	10	0	2	11	between
fs32k	15	all	3	0.5428118705749512	fusion	10	0	2	11	between
fs32k	15	all	4	0.5387098789215088	fusion	10	0	2	11	between
fs32k	15	all	5	0.5293266773223877	fusion	10	0	2	11	between
fs32k	15	all	6	0.5336135625839233	fusion	10	0	2	11	between
fs32k	15	all	7	0.5346101522445679	fusion	10	0	2	11	between
fs32k	15	all	8	0.529694139957428	fusion	10	0	2	11	between
fs32k	15	all	9	0.5354182720184326	fusion	10	0	2	11	between
fs32k	15	all	10	0.5299099087715149	fusion	10	0	2	11	between
fs32k	15	all	11	0.5258797407150269	fusion	10	0	2	11	between
fs32k	15	all	12	0.5300345420837402	fusion	10	0	2	11	between
fs32k	15	all	13	0.5176295638084412	fusion	10	0	2	11	between
fs32k	15	all	14	0.5178463459014893	fusion	10	0	2	11	between
fs32k	15	all	15	0.5123113393783569	fusion	10	0	2	11	between
fs32k	15	all	16	0.5194104909896851	fusion	10	0	2	11	between
fs32k	15	all	17	0.5409964323043823	fusion	10	0	2	11	between
fs32k	15	all	18	0.5152108073234558	fusion	10	0	2	11	between
fs32k	15	all	19	0.5195549726486206	fusion	10	0	2	11	between
fs32k	15	all	20	0.5254615545272827	fusion	10	0	2	11	between
fs32k	15	all	21	0.5278619527816772	fusion	10	0	2	11	between
fs32k	15	all	22	0.5108814835548401	fusion	10	0	2	11	between
fs32k	15	all	23	0.5130523443222046	fusion	10	0	2	11	between
fs32k	15	all	24	0.5303468704223633	fusion	10	0	2	11	between
fs32k	15	all	25	0.5305496454238892	fusion	10	0	2	11	between
fs32k	15	all	26	0.5341252684593201	fusion	10	0	2	11	between
fs32k	15	all	27	0.5314933657646179	fusion	10	0	2	11	between
fs32k	15	all	28	0.5343459248542786	fusion	10	0	2	11	between
fs32k	15	all	29	0.5192602872848511	fusion	10	0	2	11	between
fs32k	15	all	30	0.5045484304428101	fusion	10	0	2	11	between
fs32k	15	all	31	0.5199769139289856	fusion	10	0	2	11	between
fs32k	15	all	32	0.5218969583511353	fusion	10	0	2	11	between
fs32k	15	all	33	0.5253188610076904	fusion	10	0	2	11	between
fs32k	15	all	34	0.5318440198898315	fusion	10	0	2	11	between
fs32k	15	all	35	0.5181743502616882	fusion	10	0	2	11	between
fs32k	15	all	36	0.5122560262680054	fusion	10	0	2	11	between
fs32k	15	all	37	0.5067513585090637	fusion	10	0	2	11	between
fs32k	15	all	38	0.5237508416175842	fusion	10	0	2	11	between
fs32k	15	all	39	0.5127150416374207	fusion	10	0	2	11	between
fs32k	15	all	40	0.5182045698165894	fusion	10	0	2	11	between
fs32k	15	all	41	0.5052747130393982	fusion	10	0	2	11	between
fs32k	15	all	42	0.5118631720542908	fusion	10	0	2	11	between
fs32k	15	all	43	0.534798800945282	fusion	10	0	2	11	between
fs32k	15	all	44	0.5240726470947266	fusion	10	0	2	11	between
fs32k	15	all	45	0.5045820474624634	fusion	10	0	2	11	between
fs32k	15	all	46	0.5098628997802734	fusion	10	0	2	11	between
fs32k	15	all	47	0.5293828248977661	fusion	10	0	2	11	between
fs32k	15	all	48	0.508121132850647	fusion	10	0	2	11	between
fs32k	15	all	49	0.5085238814353943	fusion	10	0	2	11	between
fs32k	15	all	50	0.5282021164894104	fusion	10	0	2	11	between
fs32k	15	all	51	0.5213430523872375	fusion	10	0	2	11	between
fs32k	15	all	52	0.5314449071884155	fusion	10	0	2	11	between
fs32k	15	all	53	0.5290226340293884	fusion	10	0	2	11	between
fs32k	15	all	54	0.5282771587371826	fusion	10	0	2	11	between
fs32k	15	all	55	0.5275751352310181	fusion	10	0	2	11	between
fs32k	15	all	1	0.5074091553688049	fusion	10	0	2	12	between
fs32k	15	all	2	0.5287790894508362	fusion	10	0	2	12	between
fs32k	15	all	3	0.536532998085022	fusion	10	0	2	12	between
fs32k	15	all	4	0.5225422382354736	fusion	10	0	2	12	between
fs32k	15	all	5	0.5206857323646545	fusion	10	0	2	12	between
fs32k	15	all	6	0.5217273235321045	fusion	10	0	2	12	between
fs32k	15	all	7	0.5168474912643433	fusion	10	0	2	12	between
fs32k	15	all	8	0.5198720693588257	fusion	10	0	2	12	between
fs32k	15	all	9	0.5217174887657166	fusion	10	0	2	12	between
fs32k	15	all	10	0.5194847583770752	fusion	10	0	2	12	between
fs32k	15	all	11	0.5322387218475342	fusion	10	0	2	12	between
fs32k	15	all	12	0.5434960126876831	fusion	10	0	2	12	between
fs32k	15	all	13	0.5267559289932251	fusion	10	0	2	12	between
fs32k	15	all	14	0.5299083590507507	fusion	10	0	2	12	between
fs32k	15	all	15	0.5119065642356873	fusion	10	0	2	12	between
fs32k	15	all	16	0.5240787267684937	fusion	10	0	2	12	between
fs32k	15	all	17	0.5399599075317383	fusion	10	0	2	12	between
fs32k	15	all	18	0.5071996450424194	fusion	10	0	2	12	between
fs32k	15	all	19	0.5201048851013184	fusion	10	0	2	12	between
fs32k	15	all	20	0.5422057509422302	fusion	10	0	2	12	between
fs32k	15	all	21	0.5272839069366455	fusion	10	0	2	12	between
fs32k	15	all	22	0.5108642578125	fusion	10	0	2	12	between
fs32k	15	all	23	0.5080277323722839	fusion	10	0	2	12	between
fs32k	15	all	24	0.5252920985221863	fusion	10	0	2	12	between
fs32k	15	all	25	0.5271428823471069	fusion	10	0	2	12	between
fs32k	15	all	26	0.5174223184585571	fusion	10	0	2	12	between
fs32k	15	all	27	0.5300388932228088	fusion	10	0	2	12	between
fs32k	15	all	28	0.5440497994422913	fusion	10	0	2	12	between
fs32k	15	all	29	0.5317287445068359	fusion	10	0	2	12	between
fs32k	15	all	30	0.5085655450820923	fusion	10	0	2	12	between
fs32k	15	all	31	0.529917299747467	fusion	10	0	2	12	between
fs32k	15	all	32	0.5180385708808899	fusion	10	0	2	12	between
fs32k	15	all	33	0.516966700553894	fusion	10	0	2	12	between
fs32k	15	all	34	0.5388615727424622	fusion	10	0	2	12	between
fs32k	15	all	35	0.5167989134788513	fusion	10	0	2	12	between
fs32k	15	all	36	0.5060284733772278	fusion	10	0	2	12	between
fs32k	15	all	37	0.5064947605133057	fusion	10	0	2	12	between
fs32k	15	all	38	0.5198218822479248	fusion	10	0	2	12	between
fs32k	15	all	39	0.4924565255641937	fusion	10	0	2	12	between
fs32k	15	all	40	0.5095801949501038	fusion	10	0	2	12	between
fs32k	15	all	41	0.5104114413261414	fusion	10	0	2	12	between
fs32k	15	all	42	0.506808876991272	fusion	10	0	2	12	between
fs32k	15	all	43	0.5363476276397705	fusion	10	0	2	12	between
fs32k	15	all	44	0.5105547308921814	fusion	10	0	2	12	between
fs32k	15	all	45	0.5017995834350586	fusion	10	0	2	12	between
fs32k	15	all	46	0.5002809166908264	fusion	10	0	2	12	between
fs32k	15	all	47	0.532067596912384	fusion	10	0	2	12	between
fs32k	15	all	48	0.5006200671195984	fusion	10	0	2	12	between
fs32k	15	all	49	0.5062630772590637	fusion	10	0	2	12	between
fs32k	15	all	50	0.5256392359733582	fusion	10	0	2	12	between
fs32k	15	all	51	0.5057917237281799	fusion	10	0	2	12	between
fs32k	15	all	52	0.5246051549911499	fusion	10	0	2	12	between
fs32k	15	all	53	0.5258985757827759	fusion	10	0	2	12	between
fs32k	15	all	54	0.5253443717956543	fusion	10	0	2	12	between
fs32k	15	all	55	0.5238345861434937	fusion	10	0	2	12	between
fs32k	15	all	1	0.5085015892982483	fusion	10	0	2	13	between
fs32k	15	all	2	0.5384799242019653	fusion	10	0	2	13	between
fs32k	15	all	3	0.5399714708328247	fusion	10	0	2	13	between
fs32k	15	all	4	0.5282554030418396	fusion	10	0	2	13	between
fs32k	15	all	5	0.5188102722167969	fusion	10	0	2	13	between
fs32k	15	all	6	0.5341833829879761	fusion	10	0	2	13	between
fs32k	15	all	7	0.5315701961517334	fusion	10	0	2	13	between
fs32k	15	all	8	0.5246894359588623	fusion	10	0	2	13	between
fs32k	15	all	9	0.5391688346862793	fusion	10	0	2	13	between
fs32k	15	all	10	0.5284318923950195	fusion	10	0	2	13	between
fs32k	15	all	11	0.5299125909805298	fusion	10	0	2	13	between
fs32k	15	all	12	0.5267833471298218	fusion	10	0	2	13	between
fs32k	15	all	13	0.5152596831321716	fusion	10	0	2	13	between
fs32k	15	all	14	0.5153936147689819	fusion	10	0	2	13	between
fs32k	15	all	15	0.5110040903091431	fusion	10	0	2	13	between
fs32k	15	all	16	0.5286966562271118	fusion	10	0	2	13	between
fs32k	15	all	17	0.5358802080154419	fusion	10	0	2	13	between
fs32k	15	all	18	0.5236574411392212	fusion	10	0	2	13	between
fs32k	15	all	19	0.525414764881134	fusion	10	0	2	13	between
fs32k	15	all	20	0.5428320169448853	fusion	10	0	2	13	between
fs32k	15	all	21	0.5422097444534302	fusion	10	0	2	13	between
fs32k	15	all	22	0.5160428881645203	fusion	10	0	2	13	between
fs32k	15	all	23	0.5158279538154602	fusion	10	0	2	13	between
fs32k	15	all	24	0.5391273498535156	fusion	10	0	2	13	between
fs32k	15	all	25	0.5280793905258179	fusion	10	0	2	13	between
fs32k	15	all	26	0.5312285423278809	fusion	10	0	2	13	between
fs32k	15	all	27	0.5313742160797119	fusion	10	0	2	13	between
fs32k	15	all	28	0.5456991791725159	fusion	10	0	2	13	between
fs32k	15	all	29	0.5294244885444641	fusion	10	0	2	13	between
fs32k	15	all	30	0.5096726417541504	fusion	10	0	2	13	between
fs32k	15	all	31	0.539829432964325	fusion	10	0	2	13	between
fs32k	15	all	32	0.5144957304000854	fusion	10	0	2	13	between
fs32k	15	all	33	0.5333833694458008	fusion	10	0	2	13	between
fs32k	15	all	34	0.539478063583374	fusion	10	0	2	13	between
fs32k	15	all	35	0.526631772518158	fusion	10	0	2	13	between
fs32k	15	all	36	0.5070626735687256	fusion	10	0	2	13	between
fs32k	15	all	37	0.5215358734130859	fusion	10	0	2	13	between
fs32k	15	all	38	0.5200463533401489	fusion	10	0	2	13	between
fs32k	15	all	39	0.5157660841941833	fusion	10	0	2	13	between
fs32k	15	all	40	0.5200437307357788	fusion	10	0	2	13	between
fs32k	15	all	41	0.5110190510749817	fusion	10	0	2	13	between
fs32k	15	all	42	0.5146146416664124	fusion	10	0	2	13	between
fs32k	15	all	43	0.5323129892349243	fusion	10	0	2	13	between
fs32k	15	all	44	0.5259456038475037	fusion	10	0	2	13	between
fs32k	15	all	45	0.5019552707672119	fusion	10	0	2	13	between
fs32k	15	all	46	0.5113860964775085	fusion	10	0	2	13	between
fs32k	15	all	47	0.5345931053161621	fusion	10	0	2	13	between
fs32k	15	all	48	0.5189222097396851	fusion	10	0	2	13	between
fs32k	15	all	49	0.5220553874969482	fusion	10	0	2	13	between
fs32k	15	all	50	0.5295354127883911	fusion	10	0	2	13	between
fs32k	15	all	51	0.5255230665206909	fusion	10	0	2	13	between
fs32k	15	all	52	0.5398368239402771	fusion	10	0	2	13	between
fs32k	15	all	53	0.5271867513656616	fusion	10	0	2	13	between
fs32k	15	all	54	0.5344350934028625	fusion	10	0	2	13	between
fs32k	15	all	55	0.5344370603561401	fusion	10	0	2	13	between
fs32k	15	all	1	0.5087602734565735	fusion	10	0	2	14	between
fs32k	15	all	2	0.5490634441375732	fusion	10	0	2	14	between
fs32k	15	all	3	0.534106969833374	fusion	10	0	2	14	between
fs32k	15	all	4	0.5240488052368164	fusion	10	0	2	14	between
fs32k	15	all	5	0.5270164608955383	fusion	10	0	2	14	between
fs32k	15	all	6	0.5306923985481262	fusion	10	0	2	14	between
fs32k	15	all	7	0.5355291962623596	fusion	10	0	2	14	between
fs32k	15	all	8	0.5217970013618469	fusion	10	0	2	14	between
fs32k	15	all	9	0.5380207896232605	fusion	10	0	2	14	between
fs32k	15	all	10	0.5345755219459534	fusion	10	0	2	14	between
fs32k	15	all	11	0.5383408069610596	fusion	10	0	2	14	between
fs32k	15	all	12	0.5308228731155396	fusion	10	0	2	14	between
fs32k	15	all	13	0.5175495147705078	fusion	10	0	2	14	between
fs32k	15	all	14	0.5214075446128845	fusion	10	0	2	14	between
fs32k	15	all	15	0.5106076598167419	fusion	10	0	2	14	between
fs32k	15	all	16	0.5163049101829529	fusion	10	0	2	14	between
fs32k	15	all	17	0.5273547172546387	fusion	10	0	2	14	between
fs32k	15	all	18	0.5142134428024292	fusion	10	0	2	14	between
fs32k	15	all	19	0.5286880731582642	fusion	10	0	2	14	between
fs32k	15	all	20	0.5442743897438049	fusion	10	0	2	14	between
fs32k	15	all	21	0.5335380434989929	fusion	10	0	2	14	between
fs32k	15	all	22	0.5237546563148499	fusion	10	0	2	14	between
fs32k	15	all	23	0.5176049470901489	fusion	10	0	2	14	between
fs32k	15	all	24	0.5423171520233154	fusion	10	0	2	14	between
fs32k	15	all	25	0.5333083868026733	fusion	10	0	2	14	between
fs32k	15	all	26	0.5359652042388916	fusion	10	0	2	14	between
fs32k	15	all	27	0.5382580757141113	fusion	10	0	2	14	between
fs32k	15	all	28	0.5371308326721191	fusion	10	0	2	14	between
fs32k	15	all	29	0.5224391222000122	fusion	10	0	2	14	between
fs32k	15	all	30	0.5115997791290283	fusion	10	0	2	14	between
fs32k	15	all	31	0.523643434047699	fusion	10	0	2	14	between
fs32k	15	all	32	0.4951731264591217	fusion	10	0	2	14	between
fs32k	15	all	33	0.5218695998191833	fusion	10	0	2	14	between
fs32k	15	all	34	0.5349550247192383	fusion	10	0	2	14	between
fs32k	15	all	35	0.5275856852531433	fusion	10	0	2	14	between
fs32k	15	all	36	0.5068623423576355	fusion	10	0	2	14	between
fs32k	15	all	37	0.5126769542694092	fusion	10	0	2	14	between
fs32k	15	all	38	0.5139272809028625	fusion	10	0	2	14	between
fs32k	15	all	39	0.507939338684082	fusion	10	0	2	14	between
fs32k	15	all	40	0.5196797847747803	fusion	10	0	2	14	between
fs32k	15	all	41	0.5185486674308777	fusion	10	0	2	14	between
fs32k	15	all	42	0.5166510939598083	fusion	10	0	2	14	between
fs32k	15	all	43	0.5348904728889465	fusion	10	0	2	14	between
fs32k	15	all	44	0.5208662152290344	fusion	10	0	2	14	between
fs32k	15	all	45	0.5101521015167236	fusion	10	0	2	14	between
fs32k	15	all	46	0.5134754776954651	fusion	10	0	2	14	between
fs32k	15	all	47	0.5280485153198242	fusion	10	0	2	14	between
fs32k	15	all	48	0.5168092846870422	fusion	10	0	2	14	between
fs32k	15	all	49	0.5195735692977905	fusion	10	0	2	14	between
fs32k	15	all	50	0.5154749751091003	fusion	10	0	2	14	between
fs32k	15	all	51	0.5224835276603699	fusion	10	0	2	14	between
fs32k	15	all	52	0.5268316268920898	fusion	10	0	2	14	between
fs32k	15	all	53	0.5183975100517273	fusion	10	0	2	14	between
fs32k	15	all	54	0.5234963297843933	fusion	10	0	2	14	between
fs32k	15	all	55	0.528659462928772	fusion	10	0	2	14	between
fs32k	15	all	1	0.4977033734321594	fusion	10	0	2	15	between
fs32k	15	all	2	0.5300666689872742	fusion	10	0	2	15	between
fs32k	15	all	3	0.5365229845046997	fusion	10	0	2	15	between
fs32k	15	all	4	0.5209813117980957	fusion	10	0	2	15	between
fs32k	15	all	5	0.5308254957199097	fusion	10	0	2	15	between
fs32k	15	all	6	0.5240838527679443	fusion	10	0	2	15	between
fs32k	15	all	7	0.5382694602012634	fusion	10	0	2	15	between
fs32k	15	all	8	0.5205687880516052	fusion	10	0	2	15	between
fs32k	15	all	9	0.5305083990097046	fusion	10	0	2	15	between
fs32k	15	all	10	0.5229744911193848	fusion	10	0	2	15	between
fs32k	15	all	11	0.5177925825119019	fusion	10	0	2	15	between
fs32k	15	all	12	0.5219897031784058	fusion	10	0	2	15	between
fs32k	15	all	13	0.5114390850067139	fusion	10	0	2	15	between
fs32k	15	all	14	0.5068262815475464	fusion	10	0	2	15	between
fs32k	15	all	15	0.4985291659832001	fusion	10	0	2	15	between
fs32k	15	all	16	0.5125373601913452	fusion	10	0	2	15	between
fs32k	15	all	17	0.5214663147926331	fusion	10	0	2	15	between
fs32k	15	all	18	0.5118552446365356	fusion	10	0	2	15	between
fs32k	15	all	19	0.5046180486679077	fusion	10	0	2	15	between
fs32k	15	all	20	0.5339765548706055	fusion	10	0	2	15	between
fs32k	15	all	21	0.5279431939125061	fusion	10	0	2	15	between
fs32k	15	all	22	0.5170491337776184	fusion	10	0	2	15	between
fs32k	15	all	23	0.5029836893081665	fusion	10	0	2	15	between
fs32k	15	all	24	0.5335569381713867	fusion	10	0	2	15	between
fs32k	15	all	25	0.5272470712661743	fusion	10	0	2	15	between
fs32k	15	all	26	0.5273973345756531	fusion	10	0	2	15	between
fs32k	15	all	27	0.5229557752609253	fusion	10	0	2	15	between
fs32k	15	all	28	0.5370915532112122	fusion	10	0	2	15	between
fs32k	15	all	29	0.5216401815414429	fusion	10	0	2	15	between
fs32k	15	all	30	0.5037992596626282	fusion	10	0	2	15	between
fs32k	15	all	31	0.5381958484649658	fusion	10	0	2	15	between
fs32k	15	all	32	0.5043286085128784	fusion	10	0	2	15	between
fs32k	15	all	33	0.5276087522506714	fusion	10	0	2	15	between
fs32k	15	all	34	0.5229706764221191	fusion	10	0	2	15	between
fs32k	15	all	35	0.5148334503173828	fusion	10	0	2	15	between
fs32k	15	all	36	0.5061662793159485	fusion	10	0	2	15	between
fs32k	15	all	37	0.5148250460624695	fusion	10	0	2	15	between
fs32k	15	all	38	0.51336270570755	fusion	10	0	2	15	between
fs32k	15	all	39	0.5097669959068298	fusion	10	0	2	15	between
fs32k	15	all	40	0.5060917139053345	fusion	10	0	2	15	between
fs32k	15	all	41	0.5176911950111389	fusion	10	0	2	15	between
fs32k	15	all	42	0.51598060131073	fusion	10	0	2	15	between
fs32k	15	all	43	0.5355013608932495	fusion	10	0	2	15	between
fs32k	15	all	44	0.5298746824264526	fusion	10	0	2	15	between
fs32k	15	all	45	0.50575852394104	fusion	10	0	2	15	between
fs32k	15	all	46	0.5098693370819092	fusion	10	0	2	15	between
fs32k	15	all	47	0.5230981111526489	fusion	10	0	2	15	between
fs32k	15	all	48	0.5170525312423706	fusion	10	0	2	15	between
fs32k	15	all	49	0.5127381682395935	fusion	10	0	2	15	between
fs32k	15	all	50	0.5219939351081848	fusion	10	0	2	15	between
fs32k	15	all	51	0.523280143737793	fusion	10	0	2	15	between
fs32k	15	all	52	0.5312009453773499	fusion	10	0	2	15	between
fs32k	15	all	53	0.5254815220832825	fusion	10	0	2	15	between
fs32k	15	all	54	0.528660237789154	fusion	10	0	2	15	between
fs32k	15	all	55	0.528762936592102	fusion	10	0	2	15	between
fs32k	15	all	1	0.5246247053146362	fusion	10	0	3	4	between
fs32k	15	all	2	0.5369114875793457	fusion	10	0	3	4	between
fs32k	15	all	3	0.5386115312576294	fusion	10	0	3	4	between
fs32k	15	all	4	0.515426754951477	fusion	10	0	3	4	between
fs32k	15	all	5	0.5370383262634277	fusion	10	0	3	4	between
fs32k	15	all	6	0.540873646736145	fusion	10	0	3	4	between
fs32k	15	all	7	0.5380737781524658	fusion	10	0	3	4	between
fs32k	15	all	8	0.5288186073303223	fusion	10	0	3	4	between
fs32k	15	all	9	0.5368922352790833	fusion	10	0	3	4	between
fs32k	15	all	10	0.5367425680160522	fusion	10	0	3	4	between
fs32k	15	all	11	0.5358757376670837	fusion	10	0	3	4	between
fs32k	15	all	12	0.5358884930610657	fusion	10	0	3	4	between
fs32k	15	all	13	0.5056977868080139	fusion	10	0	3	4	between
fs32k	15	all	14	0.5274483561515808	fusion	10	0	3	4	between
fs32k	15	all	15	0.5097382068634033	fusion	10	0	3	4	between
fs32k	15	all	16	0.5365326404571533	fusion	10	0	3	4	between
fs32k	15	all	17	0.5332910418510437	fusion	10	0	3	4	between
fs32k	15	all	18	0.526740550994873	fusion	10	0	3	4	between
fs32k	15	all	19	0.5265800952911377	fusion	10	0	3	4	between
fs32k	15	all	20	0.5176101922988892	fusion	10	0	3	4	between
fs32k	15	all	21	0.519798755645752	fusion	10	0	3	4	between
fs32k	15	all	22	0.5245066285133362	fusion	10	0	3	4	between
fs32k	15	all	23	0.5083277821540833	fusion	10	0	3	4	between
fs32k	15	all	24	0.5335726737976074	fusion	10	0	3	4	between
fs32k	15	all	25	0.5396344661712646	fusion	10	0	3	4	between
fs32k	15	all	26	0.5314910411834717	fusion	10	0	3	4	between
fs32k	15	all	27	0.5276889801025391	fusion	10	0	3	4	between
fs32k	15	all	28	0.5221939086914062	fusion	10	0	3	4	between
fs32k	15	all	29	0.5200471878051758	fusion	10	0	3	4	between
fs32k	15	all	30	0.5115509629249573	fusion	10	0	3	4	between
fs32k	15	all	31	0.5425819158554077	fusion	10	0	3	4	between
fs32k	15	all	32	0.4997098445892334	fusion	10	0	3	4	between
fs32k	15	all	33	0.5424196720123291	fusion	10	0	3	4	between
fs32k	15	all	34	0.5394976139068604	fusion	10	0	3	4	between
fs32k	15	all	35	0.5060651302337646	fusion	10	0	3	4	between
fs32k	15	all	36	0.4941430389881134	fusion	10	0	3	4	between
fs32k	15	all	37	0.5100775957107544	fusion	10	0	3	4	between
fs32k	15	all	38	0.4966953992843628	fusion	10	0	3	4	between
fs32k	15	all	39	0.5226863622665405	fusion	10	0	3	4	between
fs32k	15	all	40	0.5018896460533142	fusion	10	0	3	4	between
fs32k	15	all	41	0.5275230407714844	fusion	10	0	3	4	between
fs32k	15	all	42	0.5312361717224121	fusion	10	0	3	4	between
fs32k	15	all	43	0.5471235513687134	fusion	10	0	3	4	between
fs32k	15	all	44	0.5337809920310974	fusion	10	0	3	4	between
fs32k	15	all	45	0.5139290690422058	fusion	10	0	3	4	between
fs32k	15	all	46	0.5208314657211304	fusion	10	0	3	4	between
fs32k	15	all	47	0.5267974138259888	fusion	10	0	3	4	between
fs32k	15	all	48	0.5178207159042358	fusion	10	0	3	4	between
fs32k	15	all	49	0.5223016738891602	fusion	10	0	3	4	between
fs32k	15	all	50	0.5329943299293518	fusion	10	0	3	4	between
fs32k	15	all	51	0.5279648900032043	fusion	10	0	3	4	between
fs32k	15	all	52	0.5452433824539185	fusion	10	0	3	4	between
fs32k	15	all	53	0.530762791633606	fusion	10	0	3	4	between
fs32k	15	all	54	0.5276817679405212	fusion	10	0	3	4	between
fs32k	15	all	55	0.5260207653045654	fusion	10	0	3	4	between
fs32k	15	all	1	0.4985049962997436	fusion	10	0	3	5	between
fs32k	15	all	2	0.5320783257484436	fusion	10	0	3	5	between
fs32k	15	all	3	0.5331766605377197	fusion	10	0	3	5	between
fs32k	15	all	4	0.5065428614616394	fusion	10	0	3	5	between
fs32k	15	all	5	0.5277884602546692	fusion	10	0	3	5	between
fs32k	15	all	6	0.5425803661346436	fusion	10	0	3	5	between
fs32k	15	all	7	0.5383021831512451	fusion	10	0	3	5	between
fs32k	15	all	8	0.5282796621322632	fusion	10	0	3	5	between
fs32k	15	all	9	0.5344299077987671	fusion	10	0	3	5	between
fs32k	15	all	10	0.5224875211715698	fusion	10	0	3	5	between
fs32k	15	all	11	0.5276193022727966	fusion	10	0	3	5	between
fs32k	15	all	12	0.5263491272926331	fusion	10	0	3	5	between
fs32k	15	all	13	0.485067069530487	fusion	10	0	3	5	between
fs32k	15	all	14	0.512191116809845	fusion	10	0	3	5	between
fs32k	15	all	15	0.4900231957435608	fusion	10	0	3	5	between
fs32k	15	all	16	0.5238769054412842	fusion	10	0	3	5	between
fs32k	15	all	17	0.5196900367736816	fusion	10	0	3	5	between
fs32k	15	all	18	0.5072004795074463	fusion	10	0	3	5	between
fs32k	15	all	19	0.5163559913635254	fusion	10	0	3	5	between
fs32k	15	all	20	0.5300289392471313	fusion	10	0	3	5	between
fs32k	15	all	21	0.5221258997917175	fusion	10	0	3	5	between
fs32k	15	all	22	0.5173178911209106	fusion	10	0	3	5	between
fs32k	15	all	23	0.498350977897644	fusion	10	0	3	5	between
fs32k	15	all	24	0.5337629318237305	fusion	10	0	3	5	between
fs32k	15	all	25	0.5334593057632446	fusion	10	0	3	5	between
fs32k	15	all	26	0.5300171375274658	fusion	10	0	3	5	between
fs32k	15	all	27	0.5217464566230774	fusion	10	0	3	5	between
fs32k	15	all	28	0.5210838317871094	fusion	10	0	3	5	between
fs32k	15	all	29	0.5183844566345215	fusion	10	0	3	5	between
fs32k	15	all	30	0.5006301999092102	fusion	10	0	3	5	between
fs32k	15	all	31	0.5427592396736145	fusion	10	0	3	5	between
fs32k	15	all	32	0.5049792528152466	fusion	10	0	3	5	between
fs32k	15	all	33	0.5359152555465698	fusion	10	0	3	5	between
fs32k	15	all	34	0.5373300909996033	fusion	10	0	3	5	between
fs32k	15	all	35	0.4990161061286926	fusion	10	0	3	5	between
fs32k	15	all	36	0.4833647310733795	fusion	10	0	3	5	between
fs32k	15	all	37	0.4992095828056335	fusion	10	0	3	5	between
fs32k	15	all	38	0.492528349161148	fusion	10	0	3	5	between
fs32k	15	all	39	0.5027346611022949	fusion	10	0	3	5	between
fs32k	15	all	40	0.5051296949386597	fusion	10	0	3	5	between
fs32k	15	all	41	0.5145205855369568	fusion	10	0	3	5	between
fs32k	15	all	42	0.5275816917419434	fusion	10	0	3	5	between
fs32k	15	all	43	0.5427387952804565	fusion	10	0	3	5	between
fs32k	15	all	44	0.5245857238769531	fusion	10	0	3	5	between
fs32k	15	all	45	0.50562983751297	fusion	10	0	3	5	between
fs32k	15	all	46	0.5160502791404724	fusion	10	0	3	5	between
fs32k	15	all	47	0.5225342512130737	fusion	10	0	3	5	between
fs32k	15	all	48	0.5101010203361511	fusion	10	0	3	5	between
fs32k	15	all	49	0.5062207579612732	fusion	10	0	3	5	between
fs32k	15	all	50	0.5361685156822205	fusion	10	0	3	5	between
fs32k	15	all	51	0.5347225666046143	fusion	10	0	3	5	between
fs32k	15	all	52	0.5325208902359009	fusion	10	0	3	5	between
fs32k	15	all	53	0.5321226119995117	fusion	10	0	3	5	between
fs32k	15	all	54	0.5130658149719238	fusion	10	0	3	5	between
fs32k	15	all	55	0.5214380025863647	fusion	10	0	3	5	between
fs32k	15	all	1	0.5295617580413818	fusion	10	0	3	6	between
fs32k	15	all	2	0.5273780226707458	fusion	10	0	3	6	between
fs32k	15	all	3	0.533130407333374	fusion	10	0	3	6	between
fs32k	15	all	4	0.5276586413383484	fusion	10	0	3	6	between
fs32k	15	all	5	0.5398699641227722	fusion	10	0	3	6	between
fs32k	15	all	6	0.5361418724060059	fusion	10	0	3	6	between
fs32k	15	all	7	0.5353788137435913	fusion	10	0	3	6	between
fs32k	15	all	8	0.5302761793136597	fusion	10	0	3	6	between
fs32k	15	all	9	0.5361319184303284	fusion	10	0	3	6	between
fs32k	15	all	10	0.5299490094184875	fusion	10	0	3	6	between
fs32k	15	all	11	0.5453875064849854	fusion	10	0	3	6	between
fs32k	15	all	12	0.5442619323730469	fusion	10	0	3	6	between
fs32k	15	all	13	0.5138542652130127	fusion	10	0	3	6	between
fs32k	15	all	14	0.5314624309539795	fusion	10	0	3	6	between
fs32k	15	all	15	0.5198196172714233	fusion	10	0	3	6	between
fs32k	15	all	16	0.5375109910964966	fusion	10	0	3	6	between
fs32k	15	all	17	0.5448698997497559	fusion	10	0	3	6	between
fs32k	15	all	18	0.5304509997367859	fusion	10	0	3	6	between
fs32k	15	all	19	0.5342743396759033	fusion	10	0	3	6	between
fs32k	15	all	20	0.5163221955299377	fusion	10	0	3	6	between
fs32k	15	all	21	0.5202279686927795	fusion	10	0	3	6	between
fs32k	15	all	22	0.5148446559906006	fusion	10	0	3	6	between
fs32k	15	all	23	0.5111024379730225	fusion	10	0	3	6	between
fs32k	15	all	24	0.532177746295929	fusion	10	0	3	6	between
fs32k	15	all	25	0.5389522314071655	fusion	10	0	3	6	between
fs32k	15	all	26	0.5257636308670044	fusion	10	0	3	6	between
fs32k	15	all	27	0.5182986259460449	fusion	10	0	3	6	between
fs32k	15	all	28	0.5202624797821045	fusion	10	0	3	6	between
fs32k	15	all	29	0.5159968733787537	fusion	10	0	3	6	between
fs32k	15	all	30	0.508097231388092	fusion	10	0	3	6	between
fs32k	15	all	31	0.542843222618103	fusion	10	0	3	6	between
fs32k	15	all	32	0.5096285343170166	fusion	10	0	3	6	between
fs32k	15	all	33	0.5381388068199158	fusion	10	0	3	6	between
fs32k	15	all	34	0.5408527851104736	fusion	10	0	3	6	between
fs32k	15	all	35	0.500324010848999	fusion	10	0	3	6	between
fs32k	15	all	36	0.49160036444664	fusion	10	0	3	6	between
fs32k	15	all	37	0.5176697373390198	fusion	10	0	3	6	between
fs32k	15	all	38	0.5108087062835693	fusion	10	0	3	6	between
fs32k	15	all	39	0.5094396471977234	fusion	10	0	3	6	between
fs32k	15	all	40	0.4900335669517517	fusion	10	0	3	6	between
fs32k	15	all	41	0.5213100910186768	fusion	10	0	3	6	between
fs32k	15	all	42	0.5318092107772827	fusion	10	0	3	6	between
fs32k	15	all	43	0.5539904832839966	fusion	10	0	3	6	between
fs32k	15	all	44	0.528361439704895	fusion	10	0	3	6	between
fs32k	15	all	45	0.510673463344574	fusion	10	0	3	6	between
fs32k	15	all	46	0.5219048261642456	fusion	10	0	3	6	between
fs32k	15	all	47	0.5377086400985718	fusion	10	0	3	6	between
fs32k	15	all	48	0.5149556398391724	fusion	10	0	3	6	between
fs32k	15	all	49	0.5151945948600769	fusion	10	0	3	6	between
fs32k	15	all	50	0.5381316542625427	fusion	10	0	3	6	between
fs32k	15	all	51	0.5312885642051697	fusion	10	0	3	6	between
fs32k	15	all	52	0.5327692627906799	fusion	10	0	3	6	between
fs32k	15	all	53	0.5331237316131592	fusion	10	0	3	6	between
fs32k	15	all	54	0.5260904431343079	fusion	10	0	3	6	between
fs32k	15	all	55	0.5310094952583313	fusion	10	0	3	6	between
fs32k	15	all	1	0.5207247734069824	fusion	10	0	3	7	between
fs32k	15	all	2	0.5443618893623352	fusion	10	0	3	7	between
fs32k	15	all	3	0.5461148619651794	fusion	10	0	3	7	between
fs32k	15	all	4	0.5362252593040466	fusion	10	0	3	7	between
fs32k	15	all	5	0.5350273847579956	fusion	10	0	3	7	between
fs32k	15	all	6	0.5448137521743774	fusion	10	0	3	7	between
fs32k	15	all	7	0.5464901924133301	fusion	10	0	3	7	between
fs32k	15	all	8	0.5426250696182251	fusion	10	0	3	7	between
fs32k	15	all	9	0.5462512373924255	fusion	10	0	3	7	between
fs32k	15	all	10	0.5383442044258118	fusion	10	0	3	7	between
fs32k	15	all	11	0.5334619879722595	fusion	10	0	3	7	between
fs32k	15	all	12	0.5351370573043823	fusion	10	0	3	7	between
fs32k	15	all	13	0.5030819773674011	fusion	10	0	3	7	between
fs32k	15	all	14	0.5111181139945984	fusion	10	0	3	7	between
fs32k	15	all	15	0.5040790438652039	fusion	10	0	3	7	between
fs32k	15	all	16	0.5359402298927307	fusion	10	0	3	7	between
fs32k	15	all	17	0.5249003171920776	fusion	10	0	3	7	between
fs32k	15	all	18	0.5252819061279297	fusion	10	0	3	7	between
fs32k	15	all	19	0.5268992781639099	fusion	10	0	3	7	between
fs32k	15	all	20	0.5228766202926636	fusion	10	0	3	7	between
fs32k	15	all	21	0.5283111929893494	fusion	10	0	3	7	between
fs32k	15	all	22	0.5101205110549927	fusion	10	0	3	7	between
fs32k	15	all	23	0.5108445882797241	fusion	10	0	3	7	between
fs32k	15	all	24	0.5344141125679016	fusion	10	0	3	7	between
fs32k	15	all	25	0.5358102321624756	fusion	10	0	3	7	between
fs32k	15	all	26	0.5327571034431458	fusion	10	0	3	7	between
fs32k	15	all	27	0.5220651626586914	fusion	10	0	3	7	between
fs32k	15	all	28	0.5262116193771362	fusion	10	0	3	7	between
fs32k	15	all	29	0.5252042412757874	fusion	10	0	3	7	between
fs32k	15	all	30	0.5052849054336548	fusion	10	0	3	7	between
fs32k	15	all	31	0.5552825927734375	fusion	10	0	3	7	between
fs32k	15	all	32	0.5202714204788208	fusion	10	0	3	7	between
fs32k	15	all	33	0.5511778593063354	fusion	10	0	3	7	between
fs32k	15	all	34	0.550168514251709	fusion	10	0	3	7	between
fs32k	15	all	35	0.4969345331192016	fusion	10	0	3	7	between
fs32k	15	all	36	0.4893729984760284	fusion	10	0	3	7	between
fs32k	15	all	37	0.5178461074829102	fusion	10	0	3	7	between
fs32k	15	all	38	0.5047882795333862	fusion	10	0	3	7	between
fs32k	15	all	39	0.5174544453620911	fusion	10	0	3	7	between
fs32k	15	all	40	0.5041388869285583	fusion	10	0	3	7	between
fs32k	15	all	41	0.5138782262802124	fusion	10	0	3	7	between
fs32k	15	all	42	0.5261195302009583	fusion	10	0	3	7	between
fs32k	15	all	43	0.5450561046600342	fusion	10	0	3	7	between
fs32k	15	all	44	0.5196216106414795	fusion	10	0	3	7	between
fs32k	15	all	45	0.5076345801353455	fusion	10	0	3	7	between
fs32k	15	all	46	0.5137857794761658	fusion	10	0	3	7	between
fs32k	15	all	47	0.5259544253349304	fusion	10	0	3	7	between
fs32k	15	all	48	0.5160006284713745	fusion	10	0	3	7	between
fs32k	15	all	49	0.5142927765846252	fusion	10	0	3	7	between
fs32k	15	all	50	0.5378789901733398	fusion	10	0	3	7	between
fs32k	15	all	51	0.5382307171821594	fusion	10	0	3	7	between
fs32k	15	all	52	0.543975830078125	fusion	10	0	3	7	between
fs32k	15	all	53	0.5380703210830688	fusion	10	0	3	7	between
fs32k	15	all	54	0.5309404134750366	fusion	10	0	3	7	between
fs32k	15	all	55	0.539631724357605	fusion	10	0	3	7	between
fs32k	15	all	1	0.5202896595001221	fusion	10	0	3	8	between
fs32k	15	all	2	0.532338559627533	fusion	10	0	3	8	between
fs32k	15	all	3	0.5454604029655457	fusion	10	0	3	8	between
fs32k	15	all	4	0.5245579481124878	fusion	10	0	3	8	between
fs32k	15	all	5	0.5295991897583008	fusion	10	0	3	8	between
fs32k	15	all	6	0.5457402467727661	fusion	10	0	3	8	between
fs32k	15	all	7	0.5254117250442505	fusion	10	0	3	8	between
fs32k	15	all	8	0.5235297679901123	fusion	10	0	3	8	between
fs32k	15	all	9	0.5357646346092224	fusion	10	0	3	8	between
fs32k	15	all	10	0.5370323061943054	fusion	10	0	3	8	between
fs32k	15	all	11	0.5320696830749512	fusion	10	0	3	8	between
fs32k	15	all	12	0.5439636707305908	fusion	10	0	3	8	between
fs32k	15	all	13	0.5087001323699951	fusion	10	0	3	8	between
fs32k	15	all	14	0.5164998173713684	fusion	10	0	3	8	between
fs32k	15	all	15	0.5095508098602295	fusion	10	0	3	8	between
fs32k	15	all	16	0.5255886316299438	fusion	10	0	3	8	between
fs32k	15	all	17	0.5249435901641846	fusion	10	0	3	8	between
fs32k	15	all	18	0.5239746570587158	fusion	10	0	3	8	between
fs32k	15	all	19	0.5323660969734192	fusion	10	0	3	8	between
fs32k	15	all	20	0.5280739068984985	fusion	10	0	3	8	between
fs32k	15	all	21	0.5241084694862366	fusion	10	0	3	8	between
fs32k	15	all	22	0.5117782950401306	fusion	10	0	3	8	between
fs32k	15	all	23	0.5081193447113037	fusion	10	0	3	8	between
fs32k	15	all	24	0.5304818153381348	fusion	10	0	3	8	between
fs32k	15	all	25	0.5330386161804199	fusion	10	0	3	8	between
fs32k	15	all	26	0.5353807210922241	fusion	10	0	3	8	between
fs32k	15	all	27	0.526512086391449	fusion	10	0	3	8	between
fs32k	15	all	28	0.527230978012085	fusion	10	0	3	8	between
fs32k	15	all	29	0.5215422511100769	fusion	10	0	3	8	between
fs32k	15	all	30	0.5173245668411255	fusion	10	0	3	8	between
fs32k	15	all	31	0.5450558662414551	fusion	10	0	3	8	between
fs32k	15	all	32	0.5180292129516602	fusion	10	0	3	8	between
fs32k	15	all	33	0.5495246648788452	fusion	10	0	3	8	between
fs32k	15	all	34	0.5496867299079895	fusion	10	0	3	8	between
fs32k	15	all	35	0.5019168853759766	fusion	10	0	3	8	between
fs32k	15	all	36	0.4949707984924316	fusion	10	0	3	8	between
fs32k	15	all	37	0.5109769105911255	fusion	10	0	3	8	between
fs32k	15	all	38	0.5027816295623779	fusion	10	0	3	8	between
fs32k	15	all	39	0.5104080438613892	fusion	10	0	3	8	between
fs32k	15	all	40	0.512751579284668	fusion	10	0	3	8	between
fs32k	15	all	41	0.5211947560310364	fusion	10	0	3	8	between
fs32k	15	all	42	0.513719379901886	fusion	10	0	3	8	between
fs32k	15	all	43	0.5448852777481079	fusion	10	0	3	8	between
fs32k	15	all	44	0.5214616060256958	fusion	10	0	3	8	between
fs32k	15	all	45	0.5110945701599121	fusion	10	0	3	8	between
fs32k	15	all	46	0.5155572891235352	fusion	10	0	3	8	between
fs32k	15	all	47	0.5332510471343994	fusion	10	0	3	8	between
fs32k	15	all	48	0.5176527500152588	fusion	10	0	3	8	between
fs32k	15	all	49	0.518609881401062	fusion	10	0	3	8	between
fs32k	15	all	50	0.5280414819717407	fusion	10	0	3	8	between
fs32k	15	all	51	0.5202711820602417	fusion	10	0	3	8	between
fs32k	15	all	52	0.5267632603645325	fusion	10	0	3	8	between
fs32k	15	all	53	0.5218381881713867	fusion	10	0	3	8	between
fs32k	15	all	54	0.5237971544265747	fusion	10	0	3	8	between
fs32k	15	all	55	0.5296182036399841	fusion	10	0	3	8	between
fs32k	15	all	1	0.5294507145881653	fusion	10	0	3	9	between
fs32k	15	all	2	0.5424396395683289	fusion	10	0	3	9	between
fs32k	15	all	3	0.5312632918357849	fusion	10	0	3	9	between
fs32k	15	all	4	0.5226207375526428	fusion	10	0	3	9	between
fs32k	15	all	5	0.5289451479911804	fusion	10	0	3	9	between
fs32k	15	all	6	0.5453566908836365	fusion	10	0	3	9	between
fs32k	15	all	7	0.5381075739860535	fusion	10	0	3	9	between
fs32k	15	all	8	0.5449094176292419	fusion	10	0	3	9	between
fs32k	15	all	9	0.5460344552993774	fusion	10	0	3	9	between
fs32k	15	all	10	0.5352479815483093	fusion	10	0	3	9	between
fs32k	15	all	11	0.5335703492164612	fusion	10	0	3	9	between
fs32k	15	all	12	0.5322123765945435	fusion	10	0	3	9	between
fs32k	15	all	13	0.5123607516288757	fusion	10	0	3	9	between
fs32k	15	all	14	0.5183490514755249	fusion	10	0	3	9	between
fs32k	15	all	15	0.5135880708694458	fusion	10	0	3	9	between
fs32k	15	all	16	0.5283036828041077	fusion	10	0	3	9	between
fs32k	15	all	17	0.5360763669013977	fusion	10	0	3	9	between
fs32k	15	all	18	0.5339293479919434	fusion	10	0	3	9	between
fs32k	15	all	19	0.528306245803833	fusion	10	0	3	9	between
fs32k	15	all	20	0.5199872851371765	fusion	10	0	3	9	between
fs32k	15	all	21	0.5324167609214783	fusion	10	0	3	9	between
fs32k	15	all	22	0.522907018661499	fusion	10	0	3	9	between
fs32k	15	all	23	0.50713711977005	fusion	10	0	3	9	between
fs32k	15	all	24	0.5264662504196167	fusion	10	0	3	9	between
fs32k	15	all	25	0.5475035309791565	fusion	10	0	3	9	between
fs32k	15	all	26	0.542945384979248	fusion	10	0	3	9	between
fs32k	15	all	27	0.5250683426856995	fusion	10	0	3	9	between
fs32k	15	all	28	0.5147973299026489	fusion	10	0	3	9	between
fs32k	15	all	29	0.5143835544586182	fusion	10	0	3	9	between
fs32k	15	all	30	0.4993312954902649	fusion	10	0	3	9	between
fs32k	15	all	31	0.5235225558280945	fusion	10	0	3	9	between
fs32k	15	all	32	0.504785418510437	fusion	10	0	3	9	between
fs32k	15	all	33	0.5328619480133057	fusion	10	0	3	9	between
fs32k	15	all	34	0.5257611274719238	fusion	10	0	3	9	between
fs32k	15	all	35	0.5019724369049072	fusion	10	0	3	9	between
fs32k	15	all	36	0.4894972741603851	fusion	10	0	3	9	between
fs32k	15	all	37	0.5078475475311279	fusion	10	0	3	9	between
fs32k	15	all	38	0.5136183500289917	fusion	10	0	3	9	between
fs32k	15	all	39	0.5196034908294678	fusion	10	0	3	9	between
fs32k	15	all	40	0.5049653053283691	fusion	10	0	3	9	between
fs32k	15	all	41	0.5170658826828003	fusion	10	0	3	9	between
fs32k	15	all	42	0.5181778073310852	fusion	10	0	3	9	between
fs32k	15	all	43	0.5444085001945496	fusion	10	0	3	9	between
fs32k	15	all	44	0.5281780958175659	fusion	10	0	3	9	between
fs32k	15	all	45	0.5018838047981262	fusion	10	0	3	9	between
fs32k	15	all	46	0.5242559909820557	fusion	10	0	3	9	between
fs32k	15	all	47	0.5397189855575562	fusion	10	0	3	9	between
fs32k	15	all	48	0.5214240550994873	fusion	10	0	3	9	between
fs32k	15	all	49	0.5138205289840698	fusion	10	0	3	9	between
fs32k	15	all	50	0.5323593616485596	fusion	10	0	3	9	between
fs32k	15	all	51	0.5317766666412354	fusion	10	0	3	9	between
fs32k	15	all	52	0.5341449975967407	fusion	10	0	3	9	between
fs32k	15	all	53	0.541563868522644	fusion	10	0	3	9	between
fs32k	15	all	54	0.5231294631958008	fusion	10	0	3	9	between
fs32k	15	all	55	0.5248606204986572	fusion	10	0	3	9	between
fs32k	15	all	1	0.533851683139801	fusion	10	0	3	10	between
fs32k	15	all	2	0.5418629050254822	fusion	10	0	3	10	between
fs32k	15	all	3	0.540782630443573	fusion	10	0	3	10	between
fs32k	15	all	4	0.5243774652481079	fusion	10	0	3	10	between
fs32k	15	all	5	0.5442367792129517	fusion	10	0	3	10	between
fs32k	15	all	6	0.5536587238311768	fusion	10	0	3	10	between
fs32k	15	all	7	0.5447147488594055	fusion	10	0	3	10	between
fs32k	15	all	8	0.540477991104126	fusion	10	0	3	10	between
fs32k	15	all	9	0.5479633808135986	fusion	10	0	3	10	between
fs32k	15	all	10	0.5386345386505127	fusion	10	0	3	10	between
fs32k	15	all	11	0.5436060428619385	fusion	10	0	3	10	between
fs32k	15	all	12	0.5384616255760193	fusion	10	0	3	10	between
fs32k	15	all	13	0.5119568705558777	fusion	10	0	3	10	between
fs32k	15	all	14	0.5286226868629456	fusion	10	0	3	10	between
fs32k	15	all	15	0.5236386060714722	fusion	10	0	3	10	between
fs32k	15	all	16	0.5339458584785461	fusion	10	0	3	10	between
fs32k	15	all	17	0.5425955057144165	fusion	10	0	3	10	between
fs32k	15	all	18	0.5363178253173828	fusion	10	0	3	10	between
fs32k	15	all	19	0.546367883682251	fusion	10	0	3	10	between
fs32k	15	all	20	0.5272161364555359	fusion	10	0	3	10	between
fs32k	15	all	21	0.5233606696128845	fusion	10	0	3	10	between
fs32k	15	all	22	0.5165007710456848	fusion	10	0	3	10	between
fs32k	15	all	23	0.5144233703613281	fusion	10	0	3	10	between
fs32k	15	all	24	0.5301223993301392	fusion	10	0	3	10	between
fs32k	15	all	25	0.528683602809906	fusion	10	0	3	10	between
fs32k	15	all	26	0.539412796497345	fusion	10	0	3	10	between
fs32k	15	all	27	0.5325741767883301	fusion	10	0	3	10	between
fs32k	15	all	28	0.512863039970398	fusion	10	0	3	10	between
fs32k	15	all	29	0.5218662619590759	fusion	10	0	3	10	between
fs32k	15	all	30	0.5170801877975464	fusion	10	0	3	10	between
fs32k	15	all	31	0.5329268574714661	fusion	10	0	3	10	between
fs32k	15	all	32	0.5050213932991028	fusion	10	0	3	10	between
fs32k	15	all	33	0.5414797067642212	fusion	10	0	3	10	between
fs32k	15	all	34	0.5450993776321411	fusion	10	0	3	10	between
fs32k	15	all	35	0.5098981261253357	fusion	10	0	3	10	between
fs32k	15	all	36	0.4943255186080932	fusion	10	0	3	10	between
fs32k	15	all	37	0.509085476398468	fusion	10	0	3	10	between
fs32k	15	all	38	0.5050995945930481	fusion	10	0	3	10	between
fs32k	15	all	39	0.5167744159698486	fusion	10	0	3	10	between
fs32k	15	all	40	0.5206707119941711	fusion	10	0	3	10	between
fs32k	15	all	41	0.524174690246582	fusion	10	0	3	10	between
fs32k	15	all	42	0.5255944728851318	fusion	10	0	3	10	between
fs32k	15	all	43	0.5490981340408325	fusion	10	0	3	10	between
fs32k	15	all	44	0.53220134973526	fusion	10	0	3	10	between
fs32k	15	all	45	0.5197762250900269	fusion	10	0	3	10	between
fs32k	15	all	46	0.5229449272155762	fusion	10	0	3	10	between
fs32k	15	all	47	0.5300184488296509	fusion	10	0	3	10	between
fs32k	15	all	48	0.5241397023200989	fusion	10	0	3	10	between
fs32k	15	all	49	0.5174809098243713	fusion	10	0	3	10	between
fs32k	15	all	50	0.5313339829444885	fusion	10	0	3	10	between
fs32k	15	all	51	0.5275427103042603	fusion	10	0	3	10	between
fs32k	15	all	52	0.5347551703453064	fusion	10	0	3	10	between
fs32k	15	all	53	0.5366858839988708	fusion	10	0	3	10	between
fs32k	15	all	54	0.5291731953620911	fusion	10	0	3	10	between
fs32k	15	all	55	0.5335626006126404	fusion	10	0	3	10	between
fs32k	15	all	1	0.5248363614082336	fusion	10	0	3	11	between
fs32k	15	all	2	0.5464112758636475	fusion	10	0	3	11	between
fs32k	15	all	3	0.5436570644378662	fusion	10	0	3	11	between
fs32k	15	all	4	0.5385454893112183	fusion	10	0	3	11	between
fs32k	15	all	5	0.5360166430473328	fusion	10	0	3	11	between
fs32k	15	all	6	0.5399297475814819	fusion	10	0	3	11	between
fs32k	15	all	7	0.5429977178573608	fusion	10	0	3	11	between
fs32k	15	all	8	0.5455240607261658	fusion	10	0	3	11	between
fs32k	15	all	9	0.5505456924438477	fusion	10	0	3	11	between
fs32k	15	all	10	0.5388809442520142	fusion	10	0	3	11	between
fs32k	15	all	11	0.5359035134315491	fusion	10	0	3	11	between
fs32k	15	all	12	0.5389547348022461	fusion	10	0	3	11	between
fs32k	15	all	13	0.5077189803123474	fusion	10	0	3	11	between
fs32k	15	all	14	0.517227053642273	fusion	10	0	3	11	between
fs32k	15	all	15	0.5111984014511108	fusion	10	0	3	11	between
fs32k	15	all	16	0.5299276113510132	fusion	10	0	3	11	between
fs32k	15	all	17	0.5428386926651001	fusion	10	0	3	11	between
fs32k	15	all	18	0.5284609794616699	fusion	10	0	3	11	between
fs32k	15	all	19	0.5299701690673828	fusion	10	0	3	11	between
fs32k	15	all	20	0.5196797847747803	fusion	10	0	3	11	between
fs32k	15	all	21	0.5223346948623657	fusion	10	0	3	11	between
fs32k	15	all	22	0.5169151425361633	fusion	10	0	3	11	between
fs32k	15	all	23	0.507402777671814	fusion	10	0	3	11	between
fs32k	15	all	24	0.5323498845100403	fusion	10	0	3	11	between
fs32k	15	all	25	0.5368592739105225	fusion	10	0	3	11	between
fs32k	15	all	26	0.5402883291244507	fusion	10	0	3	11	between
fs32k	15	all	27	0.5279226899147034	fusion	10	0	3	11	between
fs32k	15	all	28	0.5197721719741821	fusion	10	0	3	11	between
fs32k	15	all	29	0.5184295177459717	fusion	10	0	3	11	between
fs32k	15	all	30	0.5055111050605774	fusion	10	0	3	11	between
fs32k	15	all	31	0.5343225598335266	fusion	10	0	3	11	between
fs32k	15	all	32	0.5260534286499023	fusion	10	0	3	11	between
fs32k	15	all	33	0.5397056341171265	fusion	10	0	3	11	between
fs32k	15	all	34	0.5448516011238098	fusion	10	0	3	11	between
fs32k	15	all	35	0.5069045424461365	fusion	10	0	3	11	between
fs32k	15	all	36	0.4981383383274078	fusion	10	0	3	11	between
fs32k	15	all	37	0.5062665343284607	fusion	10	0	3	11	between
fs32k	15	all	38	0.5152760744094849	fusion	10	0	3	11	between
fs32k	15	all	39	0.5196376442909241	fusion	10	0	3	11	between
fs32k	15	all	40	0.5110353231430054	fusion	10	0	3	11	between
fs32k	15	all	41	0.5142598748207092	fusion	10	0	3	11	between
fs32k	15	all	42	0.5235631465911865	fusion	10	0	3	11	between
fs32k	15	all	43	0.5452644228935242	fusion	10	0	3	11	between
fs32k	15	all	44	0.5296515226364136	fusion	10	0	3	11	between
fs32k	15	all	45	0.5167703032493591	fusion	10	0	3	11	between
fs32k	15	all	46	0.5174132585525513	fusion	10	0	3	11	between
fs32k	15	all	47	0.5339940190315247	fusion	10	0	3	11	between
fs32k	15	all	48	0.5140458345413208	fusion	10	0	3	11	between
fs32k	15	all	49	0.5167095065116882	fusion	10	0	3	11	between
fs32k	15	all	50	0.5356199145317078	fusion	10	0	3	11	between
fs32k	15	all	51	0.5327122211456299	fusion	10	0	3	11	between
fs32k	15	all	52	0.5429098606109619	fusion	10	0	3	11	between
fs32k	15	all	53	0.5440435409545898	fusion	10	0	3	11	between
fs32k	15	all	54	0.5370843410491943	fusion	10	0	3	11	between
fs32k	15	all	55	0.5337116718292236	fusion	10	0	3	11	between
fs32k	15	all	1	0.5156869888305664	fusion	10	0	3	12	between
fs32k	15	all	2	0.5276323556900024	fusion	10	0	3	12	between
fs32k	15	all	3	0.5335138440132141	fusion	10	0	3	12	between
fs32k	15	all	4	0.5229818224906921	fusion	10	0	3	12	between
fs32k	15	all	5	0.5250748991966248	fusion	10	0	3	12	between
fs32k	15	all	6	0.5313991904258728	fusion	10	0	3	12	between
fs32k	15	all	7	0.5243105292320251	fusion	10	0	3	12	between
fs32k	15	all	8	0.5394046306610107	fusion	10	0	3	12	between
fs32k	15	all	9	0.537019670009613	fusion	10	0	3	12	between
fs32k	15	all	10	0.5300837755203247	fusion	10	0	3	12	between
fs32k	15	all	11	0.5365868806838989	fusion	10	0	3	12	between
fs32k	15	all	12	0.5453721284866333	fusion	10	0	3	12	between
fs32k	15	all	13	0.5188889503479004	fusion	10	0	3	12	between
fs32k	15	all	14	0.5285235643386841	fusion	10	0	3	12	between
fs32k	15	all	15	0.5172915458679199	fusion	10	0	3	12	between
fs32k	15	all	16	0.5310183763504028	fusion	10	0	3	12	between
fs32k	15	all	17	0.5403506755828857	fusion	10	0	3	12	between
fs32k	15	all	18	0.5208991765975952	fusion	10	0	3	12	between
fs32k	15	all	19	0.5342626571655273	fusion	10	0	3	12	between
fs32k	15	all	20	0.5330603122711182	fusion	10	0	3	12	between
fs32k	15	all	21	0.5191659331321716	fusion	10	0	3	12	between
fs32k	15	all	22	0.5171588659286499	fusion	10	0	3	12	between
fs32k	15	all	23	0.5070576667785645	fusion	10	0	3	12	between
fs32k	15	all	24	0.531527578830719	fusion	10	0	3	12	between
fs32k	15	all	25	0.5351369976997375	fusion	10	0	3	12	between
fs32k	15	all	26	0.5243480205535889	fusion	10	0	3	12	between
fs32k	15	all	27	0.5284691452980042	fusion	10	0	3	12	between
fs32k	15	all	28	0.52927166223526	fusion	10	0	3	12	between
fs32k	15	all	29	0.5301370024681091	fusion	10	0	3	12	between
fs32k	15	all	30	0.5111721158027649	fusion	10	0	3	12	between
fs32k	15	all	31	0.5447924137115479	fusion	10	0	3	12	between
fs32k	15	all	32	0.5209795236587524	fusion	10	0	3	12	between
fs32k	15	all	33	0.5321341156959534	fusion	10	0	3	12	between
fs32k	15	all	34	0.5503479838371277	fusion	10	0	3	12	between
fs32k	15	all	35	0.503461480140686	fusion	10	0	3	12	between
fs32k	15	all	36	0.4943422675132751	fusion	10	0	3	12	between
fs32k	15	all	37	0.5070878863334656	fusion	10	0	3	12	between
fs32k	15	all	38	0.5121650099754333	fusion	10	0	3	12	between
fs32k	15	all	39	0.5030393600463867	fusion	10	0	3	12	between
fs32k	15	all	40	0.5052124261856079	fusion	10	0	3	12	between
fs32k	15	all	41	0.5224403738975525	fusion	10	0	3	12	between
fs32k	15	all	42	0.51976078748703	fusion	10	0	3	12	between
fs32k	15	all	43	0.551520586013794	fusion	10	0	3	12	between
fs32k	15	all	44	0.521049976348877	fusion	10	0	3	12	between
fs32k	15	all	45	0.5175957083702087	fusion	10	0	3	12	between
fs32k	15	all	46	0.508854329586029	fusion	10	0	3	12	between
fs32k	15	all	47	0.5323110818862915	fusion	10	0	3	12	between
fs32k	15	all	48	0.5076980590820312	fusion	10	0	3	12	between
fs32k	15	all	49	0.5128434896469116	fusion	10	0	3	12	between
fs32k	15	all	50	0.527949333190918	fusion	10	0	3	12	between
fs32k	15	all	51	0.5184053182601929	fusion	10	0	3	12	between
fs32k	15	all	52	0.5365157127380371	fusion	10	0	3	12	between
fs32k	15	all	53	0.5352498888969421	fusion	10	0	3	12	between
fs32k	15	all	54	0.5310294032096863	fusion	10	0	3	12	between
fs32k	15	all	55	0.5242246985435486	fusion	10	0	3	12	between
fs32k	15	all	1	0.5216391682624817	fusion	10	0	3	13	between
fs32k	15	all	2	0.5308167338371277	fusion	10	0	3	13	between
fs32k	15	all	3	0.5446026921272278	fusion	10	0	3	13	between
fs32k	15	all	4	0.5250720977783203	fusion	10	0	3	13	between
fs32k	15	all	5	0.5275437831878662	fusion	10	0	3	13	between
fs32k	15	all	6	0.5448158979415894	fusion	10	0	3	13	between
fs32k	15	all	7	0.5386327505111694	fusion	10	0	3	13	between
fs32k	15	all	8	0.5342084169387817	fusion	10	0	3	13	between
fs32k	15	all	9	0.5479766726493835	fusion	10	0	3	13	between
fs32k	15	all	10	0.5369454622268677	fusion	10	0	3	13	between
fs32k	15	all	11	0.5322815775871277	fusion	10	0	3	13	between
fs32k	15	all	12	0.5316470265388489	fusion	10	0	3	13	between
fs32k	15	all	13	0.5064037442207336	fusion	10	0	3	13	between
fs32k	15	all	14	0.5166959762573242	fusion	10	0	3	13	between
fs32k	15	all	15	0.5162889957427979	fusion	10	0	3	13	between
fs32k	15	all	16	0.5348098874092102	fusion	10	0	3	13	between
fs32k	15	all	17	0.5384913682937622	fusion	10	0	3	13	between
fs32k	15	all	18	0.5332793593406677	fusion	10	0	3	13	between
fs32k	15	all	19	0.5339177846908569	fusion	10	0	3	13	between
fs32k	15	all	20	0.5313146114349365	fusion	10	0	3	13	between
fs32k	15	all	21	0.5269597172737122	fusion	10	0	3	13	between
fs32k	15	all	22	0.5175988078117371	fusion	10	0	3	13	between
fs32k	15	all	23	0.5063430070877075	fusion	10	0	3	13	between
fs32k	15	all	24	0.535575807094574	fusion	10	0	3	13	between
fs32k	15	all	25	0.529690682888031	fusion	10	0	3	13	between
fs32k	15	all	26	0.5339380502700806	fusion	10	0	3	13	between
fs32k	15	all	27	0.5332789421081543	fusion	10	0	3	13	between
fs32k	15	all	28	0.5341849327087402	fusion	10	0	3	13	between
fs32k	15	all	29	0.5239393711090088	fusion	10	0	3	13	between
fs32k	15	all	30	0.5112379193305969	fusion	10	0	3	13	between
fs32k	15	all	31	0.5503436923027039	fusion	10	0	3	13	between
fs32k	15	all	32	0.5136418342590332	fusion	10	0	3	13	between
fs32k	15	all	33	0.5494397878646851	fusion	10	0	3	13	between
fs32k	15	all	34	0.5499163269996643	fusion	10	0	3	13	between
fs32k	15	all	35	0.5130775570869446	fusion	10	0	3	13	between
fs32k	15	all	36	0.4958532452583313	fusion	10	0	3	13	between
fs32k	15	all	37	0.5178850889205933	fusion	10	0	3	13	between
fs32k	15	all	38	0.513005256652832	fusion	10	0	3	13	between
fs32k	15	all	39	0.5243714451789856	fusion	10	0	3	13	between
fs32k	15	all	40	0.5201529264450073	fusion	10	0	3	13	between
fs32k	15	all	41	0.5231372117996216	fusion	10	0	3	13	between
fs32k	15	all	42	0.5280202627182007	fusion	10	0	3	13	between
fs32k	15	all	43	0.5480118989944458	fusion	10	0	3	13	between
fs32k	15	all	44	0.5299269556999207	fusion	10	0	3	13	between
fs32k	15	all	45	0.513236939907074	fusion	10	0	3	13	between
fs32k	15	all	46	0.523622453212738	fusion	10	0	3	13	between
fs32k	15	all	47	0.5365170836448669	fusion	10	0	3	13	between
fs32k	15	all	48	0.5255747437477112	fusion	10	0	3	13	between
fs32k	15	all	49	0.5227664709091187	fusion	10	0	3	13	between
fs32k	15	all	50	0.5365408658981323	fusion	10	0	3	13	between
fs32k	15	all	51	0.5393019914627075	fusion	10	0	3	13	between
fs32k	15	all	52	0.5528490543365479	fusion	10	0	3	13	between
fs32k	15	all	53	0.5385195016860962	fusion	10	0	3	13	between
fs32k	15	all	54	0.5334509611129761	fusion	10	0	3	13	between
fs32k	15	all	55	0.5395513772964478	fusion	10	0	3	13	between
fs32k	15	all	1	0.5220863819122314	fusion	10	0	3	14	between
fs32k	15	all	2	0.5493888854980469	fusion	10	0	3	14	between
fs32k	15	all	3	0.5355514883995056	fusion	10	0	3	14	between
fs32k	15	all	4	0.5265568494796753	fusion	10	0	3	14	between
fs32k	15	all	5	0.5358449816703796	fusion	10	0	3	14	between
fs32k	15	all	6	0.5430240631103516	fusion	10	0	3	14	between
fs32k	15	all	7	0.5428141355514526	fusion	10	0	3	14	between
fs32k	15	all	8	0.5347801446914673	fusion	10	0	3	14	between
fs32k	15	all	9	0.5477892160415649	fusion	10	0	3	14	between
fs32k	15	all	10	0.5390430092811584	fusion	10	0	3	14	between
fs32k	15	all	11	0.5466472506523132	fusion	10	0	3	14	between
fs32k	15	all	12	0.534389853477478	fusion	10	0	3	14	between
fs32k	15	all	13	0.5032625198364258	fusion	10	0	3	14	between
fs32k	15	all	14	0.5191516280174255	fusion	10	0	3	14	between
fs32k	15	all	15	0.5110731720924377	fusion	10	0	3	14	between
fs32k	15	all	16	0.5267692804336548	fusion	10	0	3	14	between
fs32k	15	all	17	0.5270585417747498	fusion	10	0	3	14	between
fs32k	15	all	18	0.5213721990585327	fusion	10	0	3	14	between
fs32k	15	all	19	0.5381807684898376	fusion	10	0	3	14	between
fs32k	15	all	20	0.5304738879203796	fusion	10	0	3	14	between
fs32k	15	all	21	0.5224572420120239	fusion	10	0	3	14	between
fs32k	15	all	22	0.532970666885376	fusion	10	0	3	14	between
fs32k	15	all	23	0.5171366930007935	fusion	10	0	3	14	between
fs32k	15	all	24	0.5427612066268921	fusion	10	0	3	14	between
fs32k	15	all	25	0.5448822975158691	fusion	10	0	3	14	between
fs32k	15	all	26	0.5406790971755981	fusion	10	0	3	14	between
fs32k	15	all	27	0.5410691499710083	fusion	10	0	3	14	between
fs32k	15	all	28	0.5224959850311279	fusion	10	0	3	14	between
fs32k	15	all	29	0.5168826580047607	fusion	10	0	3	14	between
fs32k	15	all	30	0.5126320123672485	fusion	10	0	3	14	between
fs32k	15	all	31	0.5365942716598511	fusion	10	0	3	14	between
fs32k	15	all	32	0.496673047542572	fusion	10	0	3	14	between
fs32k	15	all	33	0.5406364798545837	fusion	10	0	3	14	between
fs32k	15	all	34	0.5449625253677368	fusion	10	0	3	14	between
fs32k	15	all	35	0.5140804648399353	fusion	10	0	3	14	between
fs32k	15	all	36	0.4923428893089294	fusion	10	0	3	14	between
fs32k	15	all	37	0.5100259780883789	fusion	10	0	3	14	between
fs32k	15	all	38	0.5051766633987427	fusion	10	0	3	14	between
fs32k	15	all	39	0.518936276435852	fusion	10	0	3	14	between
fs32k	15	all	40	0.5157175064086914	fusion	10	0	3	14	between
fs32k	15	all	41	0.521575927734375	fusion	10	0	3	14	between
fs32k	15	all	42	0.5255343914031982	fusion	10	0	3	14	between
fs32k	15	all	43	0.5441520810127258	fusion	10	0	3	14	between
fs32k	15	all	44	0.5250328779220581	fusion	10	0	3	14	between
fs32k	15	all	45	0.5174403786659241	fusion	10	0	3	14	between
fs32k	15	all	46	0.5230079293251038	fusion	10	0	3	14	between
fs32k	15	all	47	0.5244759321212769	fusion	10	0	3	14	between
fs32k	15	all	48	0.5227245092391968	fusion	10	0	3	14	between
fs32k	15	all	49	0.5223160982131958	fusion	10	0	3	14	between
fs32k	15	all	50	0.5250540971755981	fusion	10	0	3	14	between
fs32k	15	all	51	0.5317479968070984	fusion	10	0	3	14	between
fs32k	15	all	52	0.5391111969947815	fusion	10	0	3	14	between
fs32k	15	all	53	0.52395099401474	fusion	10	0	3	14	between
fs32k	15	all	54	0.5273284912109375	fusion	10	0	3	14	between
fs32k	15	all	55	0.5325416326522827	fusion	10	0	3	14	between
fs32k	15	all	1	0.508262038230896	fusion	10	0	3	15	between
fs32k	15	all	2	0.5348523259162903	fusion	10	0	3	15	between
fs32k	15	all	3	0.5380375385284424	fusion	10	0	3	15	between
fs32k	15	all	4	0.5234154462814331	fusion	10	0	3	15	between
fs32k	15	all	5	0.536306619644165	fusion	10	0	3	15	between
fs32k	15	all	6	0.5381157994270325	fusion	10	0	3	15	between
fs32k	15	all	7	0.541458249092102	fusion	10	0	3	15	between
fs32k	15	all	8	0.5335540175437927	fusion	10	0	3	15	between
fs32k	15	all	9	0.5441078543663025	fusion	10	0	3	15	between
fs32k	15	all	10	0.5330016613006592	fusion	10	0	3	15	between
fs32k	15	all	11	0.5238803029060364	fusion	10	0	3	15	between
fs32k	15	all	12	0.5255516767501831	fusion	10	0	3	15	between
fs32k	15	all	13	0.4960582554340362	fusion	10	0	3	15	between
fs32k	15	all	14	0.509308934211731	fusion	10	0	3	15	between
fs32k	15	all	15	0.5042229294776917	fusion	10	0	3	15	between
fs32k	15	all	16	0.5214963555335999	fusion	10	0	3	15	between
fs32k	15	all	17	0.5256067514419556	fusion	10	0	3	15	between
fs32k	15	all	18	0.5200252532958984	fusion	10	0	3	15	between
fs32k	15	all	19	0.5169991254806519	fusion	10	0	3	15	between
fs32k	15	all	20	0.5251250267028809	fusion	10	0	3	15	between
fs32k	15	all	21	0.5241448283195496	fusion	10	0	3	15	between
fs32k	15	all	22	0.5194019675254822	fusion	10	0	3	15	between
fs32k	15	all	23	0.5011814832687378	fusion	10	0	3	15	between
fs32k	15	all	24	0.5256360769271851	fusion	10	0	3	15	between
fs32k	15	all	25	0.5343686938285828	fusion	10	0	3	15	between
fs32k	15	all	26	0.5309635400772095	fusion	10	0	3	15	between
fs32k	15	all	27	0.524990439414978	fusion	10	0	3	15	between
fs32k	15	all	28	0.523678719997406	fusion	10	0	3	15	between
fs32k	15	all	29	0.5203713178634644	fusion	10	0	3	15	between
fs32k	15	all	30	0.5073097348213196	fusion	10	0	3	15	between
fs32k	15	all	31	0.55186527967453	fusion	10	0	3	15	between
fs32k	15	all	32	0.5057691335678101	fusion	10	0	3	15	between
fs32k	15	all	33	0.5424538850784302	fusion	10	0	3	15	between
fs32k	15	all	34	0.539811372756958	fusion	10	0	3	15	between
fs32k	15	all	35	0.5038784742355347	fusion	10	0	3	15	between
fs32k	15	all	36	0.4874100685119629	fusion	10	0	3	15	between
fs32k	15	all	37	0.5101007223129272	fusion	10	0	3	15	between
fs32k	15	all	38	0.505805492401123	fusion	10	0	3	15	between
fs32k	15	all	39	0.5202028155326843	fusion	10	0	3	15	between
fs32k	15	all	40	0.502996027469635	fusion	10	0	3	15	between
fs32k	15	all	41	0.5215563774108887	fusion	10	0	3	15	between
fs32k	15	all	42	0.5290331840515137	fusion	10	0	3	15	between
fs32k	15	all	43	0.5479567050933838	fusion	10	0	3	15	between
fs32k	15	all	44	0.5358811020851135	fusion	10	0	3	15	between
fs32k	15	all	45	0.5185487866401672	fusion	10	0	3	15	between
fs32k	15	all	46	0.5192421674728394	fusion	10	0	3	15	between
fs32k	15	all	47	0.5214219093322754	fusion	10	0	3	15	between
fs32k	15	all	48	0.5185983777046204	fusion	10	0	3	15	between
fs32k	15	all	49	0.5160456299781799	fusion	10	0	3	15	between
fs32k	15	all	50	0.5325329899787903	fusion	10	0	3	15	between
fs32k	15	all	51	0.5376396179199219	fusion	10	0	3	15	between
fs32k	15	all	52	0.5459504127502441	fusion	10	0	3	15	between
fs32k	15	all	53	0.5317940711975098	fusion	10	0	3	15	between
fs32k	15	all	54	0.5310988426208496	fusion	10	0	3	15	between
fs32k	15	all	55	0.5344932675361633	fusion	10	0	3	15	between
fs32k	15	all	1	0.4999428391456604	fusion	10	0	4	5	between
fs32k	15	all	2	0.5393739938735962	fusion	10	0	4	5	between
fs32k	15	all	3	0.5420741438865662	fusion	10	0	4	5	between
fs32k	15	all	4	0.5110806226730347	fusion	10	0	4	5	between
fs32k	15	all	5	0.5355807542800903	fusion	10	0	4	5	between
fs32k	15	all	6	0.5304892063140869	fusion	10	0	4	5	between
fs32k	15	all	7	0.5396814346313477	fusion	10	0	4	5	between
fs32k	15	all	8	0.5199009776115417	fusion	10	0	4	5	between
fs32k	15	all	9	0.5360686779022217	fusion	10	0	4	5	between
fs32k	15	all	10	0.5254918336868286	fusion	10	0	4	5	between
fs32k	15	all	11	0.5198260545730591	fusion	10	0	4	5	between
fs32k	15	all	12	0.5306190848350525	fusion	10	0	4	5	between
fs32k	15	all	13	0.4993536174297333	fusion	10	0	4	5	between
fs32k	15	all	14	0.5220295190811157	fusion	10	0	4	5	between
fs32k	15	all	15	0.4893135726451874	fusion	10	0	4	5	between
fs32k	15	all	16	0.5250212550163269	fusion	10	0	4	5	between
fs32k	15	all	17	0.5166481733322144	fusion	10	0	4	5	between
fs32k	15	all	18	0.5031626224517822	fusion	10	0	4	5	between
fs32k	15	all	19	0.5188171863555908	fusion	10	0	4	5	between
fs32k	15	all	20	0.5267741680145264	fusion	10	0	4	5	between
fs32k	15	all	21	0.5237179398536682	fusion	10	0	4	5	between
fs32k	15	all	22	0.5253156423568726	fusion	10	0	4	5	between
fs32k	15	all	23	0.5080248117446899	fusion	10	0	4	5	between
fs32k	15	all	24	0.5425480604171753	fusion	10	0	4	5	between
fs32k	15	all	25	0.5339139103889465	fusion	10	0	4	5	between
fs32k	15	all	26	0.532536506652832	fusion	10	0	4	5	between
fs32k	15	all	27	0.5267625451087952	fusion	10	0	4	5	between
fs32k	15	all	28	0.5346473455429077	fusion	10	0	4	5	between
fs32k	15	all	29	0.5331454873085022	fusion	10	0	4	5	between
fs32k	15	all	30	0.5049005746841431	fusion	10	0	4	5	between
fs32k	15	all	31	0.5452229976654053	fusion	10	0	4	5	between
fs32k	15	all	32	0.5058706402778625	fusion	10	0	4	5	between
fs32k	15	all	33	0.5448479056358337	fusion	10	0	4	5	between
fs32k	15	all	34	0.5423787832260132	fusion	10	0	4	5	between
fs32k	15	all	35	0.5232512950897217	fusion	10	0	4	5	between
fs32k	15	all	36	0.5034886002540588	fusion	10	0	4	5	between
fs32k	15	all	37	0.5094303488731384	fusion	10	0	4	5	between
fs32k	15	all	38	0.4965251088142395	fusion	10	0	4	5	between
fs32k	15	all	39	0.519541323184967	fusion	10	0	4	5	between
fs32k	15	all	40	0.5227029919624329	fusion	10	0	4	5	between
fs32k	15	all	41	0.5207085013389587	fusion	10	0	4	5	between
fs32k	15	all	42	0.5346965789794922	fusion	10	0	4	5	between
fs32k	15	all	43	0.5394362211227417	fusion	10	0	4	5	between
fs32k	15	all	44	0.5356246829032898	fusion	10	0	4	5	between
fs32k	15	all	45	0.5209708213806152	fusion	10	0	4	5	between
fs32k	15	all	46	0.5185853838920593	fusion	10	0	4	5	between
fs32k	15	all	47	0.5224534273147583	fusion	10	0	4	5	between
fs32k	15	all	48	0.5075966119766235	fusion	10	0	4	5	between
fs32k	15	all	49	0.5123964548110962	fusion	10	0	4	5	between
fs32k	15	all	50	0.544610857963562	fusion	10	0	4	5	between
fs32k	15	all	51	0.5320983529090881	fusion	10	0	4	5	between
fs32k	15	all	52	0.5410093665122986	fusion	10	0	4	5	between
fs32k	15	all	53	0.5239312648773193	fusion	10	0	4	5	between
fs32k	15	all	54	0.516218364238739	fusion	10	0	4	5	between
fs32k	15	all	55	0.5280661582946777	fusion	10	0	4	5	between
fs32k	15	all	1	0.5265861749649048	fusion	10	0	4	6	between
fs32k	15	all	2	0.536135196685791	fusion	10	0	4	6	between
fs32k	15	all	3	0.5458658933639526	fusion	10	0	4	6	between
fs32k	15	all	4	0.5323776602745056	fusion	10	0	4	6	between
fs32k	15	all	5	0.545707643032074	fusion	10	0	4	6	between
fs32k	15	all	6	0.5349074006080627	fusion	10	0	4	6	between
fs32k	15	all	7	0.5329897403717041	fusion	10	0	4	6	between
fs32k	15	all	8	0.5229934453964233	fusion	10	0	4	6	between
fs32k	15	all	9	0.540958046913147	fusion	10	0	4	6	between
fs32k	15	all	10	0.5423511266708374	fusion	10	0	4	6	between
fs32k	15	all	11	0.5387349128723145	fusion	10	0	4	6	between
fs32k	15	all	12	0.5455456972122192	fusion	10	0	4	6	between
fs32k	15	all	13	0.5284895896911621	fusion	10	0	4	6	between
fs32k	15	all	14	0.5381314754486084	fusion	10	0	4	6	between
fs32k	15	all	15	0.5144298672676086	fusion	10	0	4	6	between
fs32k	15	all	16	0.5435267090797424	fusion	10	0	4	6	between
fs32k	15	all	17	0.5425242185592651	fusion	10	0	4	6	between
fs32k	15	all	18	0.5291610360145569	fusion	10	0	4	6	between
fs32k	15	all	19	0.5326181650161743	fusion	10	0	4	6	between
fs32k	15	all	20	0.5151054859161377	fusion	10	0	4	6	between
fs32k	15	all	21	0.5204839110374451	fusion	10	0	4	6	between
fs32k	15	all	22	0.5258890986442566	fusion	10	0	4	6	between
fs32k	15	all	23	0.5134251117706299	fusion	10	0	4	6	between
fs32k	15	all	24	0.5398181080818176	fusion	10	0	4	6	between
fs32k	15	all	25	0.5398077368736267	fusion	10	0	4	6	between
fs32k	15	all	26	0.5224462747573853	fusion	10	0	4	6	between
fs32k	15	all	27	0.5312409996986389	fusion	10	0	4	6	between
fs32k	15	all	28	0.5322762727737427	fusion	10	0	4	6	between
fs32k	15	all	29	0.524854302406311	fusion	10	0	4	6	between
fs32k	15	all	30	0.5107060670852661	fusion	10	0	4	6	between
fs32k	15	all	31	0.5408670902252197	fusion	10	0	4	6	between
fs32k	15	all	32	0.5084384679794312	fusion	10	0	4	6	between
fs32k	15	all	33	0.5404120683670044	fusion	10	0	4	6	between
fs32k	15	all	34	0.5449628829956055	fusion	10	0	4	6	between
fs32k	15	all	35	0.5244483947753906	fusion	10	0	4	6	between
fs32k	15	all	36	0.5081088542938232	fusion	10	0	4	6	between
fs32k	15	all	37	0.525505542755127	fusion	10	0	4	6	between
fs32k	15	all	38	0.5196782946586609	fusion	10	0	4	6	between
fs32k	15	all	39	0.5181097388267517	fusion	10	0	4	6	between
fs32k	15	all	40	0.5075015425682068	fusion	10	0	4	6	between
fs32k	15	all	41	0.5239109992980957	fusion	10	0	4	6	between
fs32k	15	all	42	0.5376205444335938	fusion	10	0	4	6	between
fs32k	15	all	43	0.5523419380187988	fusion	10	0	4	6	between
fs32k	15	all	44	0.5373425483703613	fusion	10	0	4	6	between
fs32k	15	all	45	0.5199269652366638	fusion	10	0	4	6	between
fs32k	15	all	46	0.5244001150131226	fusion	10	0	4	6	between
fs32k	15	all	47	0.5306568145751953	fusion	10	0	4	6	between
fs32k	15	all	48	0.5101679563522339	fusion	10	0	4	6	between
fs32k	15	all	49	0.5158071517944336	fusion	10	0	4	6	between
fs32k	15	all	50	0.5452892780303955	fusion	10	0	4	6	between
fs32k	15	all	51	0.5248226523399353	fusion	10	0	4	6	between
fs32k	15	all	52	0.540589451789856	fusion	10	0	4	6	between
fs32k	15	all	53	0.531325101852417	fusion	10	0	4	6	between
fs32k	15	all	54	0.5265406370162964	fusion	10	0	4	6	between
fs32k	15	all	55	0.5284985303878784	fusion	10	0	4	6	between
fs32k	15	all	1	0.5227762460708618	fusion	10	0	4	7	between
fs32k	15	all	2	0.5448064804077148	fusion	10	0	4	7	between
fs32k	15	all	3	0.5557823777198792	fusion	10	0	4	7	between
fs32k	15	all	4	0.541709840297699	fusion	10	0	4	7	between
fs32k	15	all	5	0.5489776134490967	fusion	10	0	4	7	between
fs32k	15	all	6	0.5365138649940491	fusion	10	0	4	7	between
fs32k	15	all	7	0.5465831756591797	fusion	10	0	4	7	between
fs32k	15	all	8	0.5370089411735535	fusion	10	0	4	7	between
fs32k	15	all	9	0.5464912056922913	fusion	10	0	4	7	between
fs32k	15	all	10	0.5456556081771851	fusion	10	0	4	7	between
fs32k	15	all	11	0.5260953903198242	fusion	10	0	4	7	between
fs32k	15	all	12	0.5345094203948975	fusion	10	0	4	7	between
fs32k	15	all	13	0.5168381929397583	fusion	10	0	4	7	between
fs32k	15	all	14	0.5203918218612671	fusion	10	0	4	7	between
fs32k	15	all	15	0.5044232606887817	fusion	10	0	4	7	between
fs32k	15	all	16	0.5419560670852661	fusion	10	0	4	7	between
fs32k	15	all	17	0.5258078575134277	fusion	10	0	4	7	between
fs32k	15	all	18	0.5251477956771851	fusion	10	0	4	7	between
fs32k	15	all	19	0.5240751504898071	fusion	10	0	4	7	between
fs32k	15	all	20	0.519773006439209	fusion	10	0	4	7	between
fs32k	15	all	21	0.5269226431846619	fusion	10	0	4	7	between
fs32k	15	all	22	0.5220056176185608	fusion	10	0	4	7	between
fs32k	15	all	23	0.5125110745429993	fusion	10	0	4	7	between
fs32k	15	all	24	0.5439586639404297	fusion	10	0	4	7	between
fs32k	15	all	25	0.540719747543335	fusion	10	0	4	7	between
fs32k	15	all	26	0.5236339569091797	fusion	10	0	4	7	between
fs32k	15	all	27	0.5247944593429565	fusion	10	0	4	7	between
fs32k	15	all	28	0.536969780921936	fusion	10	0	4	7	between
fs32k	15	all	29	0.5343480706214905	fusion	10	0	4	7	between
fs32k	15	all	30	0.511803150177002	fusion	10	0	4	7	between
fs32k	15	all	31	0.5534100532531738	fusion	10	0	4	7	between
fs32k	15	all	32	0.5212059020996094	fusion	10	0	4	7	between
fs32k	15	all	33	0.5596845149993896	fusion	10	0	4	7	between
fs32k	15	all	34	0.5539836883544922	fusion	10	0	4	7	between
fs32k	15	all	35	0.5205240249633789	fusion	10	0	4	7	between
fs32k	15	all	36	0.5081373453140259	fusion	10	0	4	7	between
fs32k	15	all	37	0.5276772379875183	fusion	10	0	4	7	between
fs32k	15	all	38	0.5117868185043335	fusion	10	0	4	7	between
fs32k	15	all	39	0.5229982733726501	fusion	10	0	4	7	between
fs32k	15	all	40	0.522732138633728	fusion	10	0	4	7	between
fs32k	15	all	41	0.5193803310394287	fusion	10	0	4	7	between
fs32k	15	all	42	0.532042384147644	fusion	10	0	4	7	between
fs32k	15	all	43	0.5396540760993958	fusion	10	0	4	7	between
fs32k	15	all	44	0.5396145582199097	fusion	10	0	4	7	between
fs32k	15	all	45	0.52137291431427	fusion	10	0	4	7	between
fs32k	15	all	46	0.5177255272865295	fusion	10	0	4	7	between
fs32k	15	all	47	0.5268529653549194	fusion	10	0	4	7	between
fs32k	15	all	48	0.5137956142425537	fusion	10	0	4	7	between
fs32k	15	all	49	0.5206944942474365	fusion	10	0	4	7	between
fs32k	15	all	50	0.5447080135345459	fusion	10	0	4	7	between
fs32k	15	all	51	0.5361843109130859	fusion	10	0	4	7	between
fs32k	15	all	52	0.5530011653900146	fusion	10	0	4	7	between
fs32k	15	all	53	0.5372511148452759	fusion	10	0	4	7	between
fs32k	15	all	54	0.5361843109130859	fusion	10	0	4	7	between
fs32k	15	all	55	0.5437343120574951	fusion	10	0	4	7	between
fs32k	15	all	1	0.5215328931808472	fusion	10	0	4	8	between
fs32k	15	all	2	0.5357096791267395	fusion	10	0	4	8	between
fs32k	15	all	3	0.5540863871574402	fusion	10	0	4	8	between
fs32k	15	all	4	0.5284739136695862	fusion	10	0	4	8	between
fs32k	15	all	5	0.5387681126594543	fusion	10	0	4	8	between
fs32k	15	all	6	0.5356018543243408	fusion	10	0	4	8	between
fs32k	15	all	7	0.5304000377655029	fusion	10	0	4	8	between
fs32k	15	all	8	0.5167455673217773	fusion	10	0	4	8	between
fs32k	15	all	9	0.5316331386566162	fusion	10	0	4	8	between
fs32k	15	all	10	0.5417777895927429	fusion	10	0	4	8	between
fs32k	15	all	11	0.5240902900695801	fusion	10	0	4	8	between
fs32k	15	all	12	0.5443043112754822	fusion	10	0	4	8	between
fs32k	15	all	13	0.5266234278678894	fusion	10	0	4	8	between
fs32k	15	all	14	0.5270231366157532	fusion	10	0	4	8	between
fs32k	15	all	15	0.5082209706306458	fusion	10	0	4	8	between
fs32k	15	all	16	0.5343723297119141	fusion	10	0	4	8	between
fs32k	15	all	17	0.5231212377548218	fusion	10	0	4	8	between
fs32k	15	all	18	0.5260223150253296	fusion	10	0	4	8	between
fs32k	15	all	19	0.5278435945510864	fusion	10	0	4	8	between
fs32k	15	all	20	0.5249571204185486	fusion	10	0	4	8	between
fs32k	15	all	21	0.5250400900840759	fusion	10	0	4	8	between
fs32k	15	all	22	0.5264996886253357	fusion	10	0	4	8	between
fs32k	15	all	23	0.5080764293670654	fusion	10	0	4	8	between
fs32k	15	all	24	0.5305454134941101	fusion	10	0	4	8	between
fs32k	15	all	25	0.5316179990768433	fusion	10	0	4	8	between
fs32k	15	all	26	0.5238840579986572	fusion	10	0	4	8	between
fs32k	15	all	27	0.5351347923278809	fusion	10	0	4	8	between
fs32k	15	all	28	0.5392937660217285	fusion	10	0	4	8	between
fs32k	15	all	29	0.5355666279792786	fusion	10	0	4	8	between
fs32k	15	all	30	0.5225145816802979	fusion	10	0	4	8	between
fs32k	15	all	31	0.5469493865966797	fusion	10	0	4	8	between
fs32k	15	all	32	0.5177286267280579	fusion	10	0	4	8	between
fs32k	15	all	33	0.5543431043624878	fusion	10	0	4	8	between
fs32k	15	all	34	0.5561086535453796	fusion	10	0	4	8	between
fs32k	15	all	35	0.5276646614074707	fusion	10	0	4	8	between
fs32k	15	all	36	0.5152087211608887	fusion	10	0	4	8	between
fs32k	15	all	37	0.5227395296096802	fusion	10	0	4	8	between
fs32k	15	all	38	0.508209228515625	fusion	10	0	4	8	between
fs32k	15	all	39	0.5225188136100769	fusion	10	0	4	8	between
fs32k	15	all	40	0.528548002243042	fusion	10	0	4	8	between
fs32k	15	all	41	0.5250832438468933	fusion	10	0	4	8	between
fs32k	15	all	42	0.5213116407394409	fusion	10	0	4	8	between
fs32k	15	all	43	0.539297342300415	fusion	10	0	4	8	between
fs32k	15	all	44	0.5378872752189636	fusion	10	0	4	8	between
fs32k	15	all	45	0.5268604159355164	fusion	10	0	4	8	between
fs32k	15	all	46	0.5203376412391663	fusion	10	0	4	8	between
fs32k	15	all	47	0.529913067817688	fusion	10	0	4	8	between
fs32k	15	all	48	0.5131922960281372	fusion	10	0	4	8	between
fs32k	15	all	49	0.5252220630645752	fusion	10	0	4	8	between
fs32k	15	all	50	0.5309652090072632	fusion	10	0	4	8	between
fs32k	15	all	51	0.5184910893440247	fusion	10	0	4	8	between
fs32k	15	all	52	0.5356259346008301	fusion	10	0	4	8	between
fs32k	15	all	53	0.521824836730957	fusion	10	0	4	8	between
fs32k	15	all	54	0.529730498790741	fusion	10	0	4	8	between
fs32k	15	all	55	0.5358129739761353	fusion	10	0	4	8	between
fs32k	15	all	1	0.5274112820625305	fusion	10	0	4	9	between
fs32k	15	all	2	0.5420072674751282	fusion	10	0	4	9	between
fs32k	15	all	3	0.5471926331520081	fusion	10	0	4	9	between
fs32k	15	all	4	0.5349013805389404	fusion	10	0	4	9	between
fs32k	15	all	5	0.5393564701080322	fusion	10	0	4	9	between
fs32k	15	all	6	0.5362786054611206	fusion	10	0	4	9	between
fs32k	15	all	7	0.5357014536857605	fusion	10	0	4	9	between
fs32k	15	all	8	0.5359717607498169	fusion	10	0	4	9	between
fs32k	15	all	9	0.5473029017448425	fusion	10	0	4	9	between
fs32k	15	all	10	0.5410277843475342	fusion	10	0	4	9	between
fs32k	15	all	11	0.5318654179573059	fusion	10	0	4	9	between
fs32k	15	all	12	0.533664345741272	fusion	10	0	4	9	between
fs32k	15	all	13	0.528653621673584	fusion	10	0	4	9	between
fs32k	15	all	14	0.5305531024932861	fusion	10	0	4	9	between
fs32k	15	all	15	0.5140988826751709	fusion	10	0	4	9	between
fs32k	15	all	16	0.5321089029312134	fusion	10	0	4	9	between
fs32k	15	all	17	0.5336269736289978	fusion	10	0	4	9	between
fs32k	15	all	18	0.5374446511268616	fusion	10	0	4	9	between
fs32k	15	all	19	0.5303080677986145	fusion	10	0	4	9	between
fs32k	15	all	20	0.5162078142166138	fusion	10	0	4	9	between
fs32k	15	all	21	0.5306206941604614	fusion	10	0	4	9	between
fs32k	15	all	22	0.5284720659255981	fusion	10	0	4	9	between
fs32k	15	all	23	0.5116788148880005	fusion	10	0	4	9	between
fs32k	15	all	24	0.5389351844787598	fusion	10	0	4	9	between
fs32k	15	all	25	0.5454162955284119	fusion	10	0	4	9	between
fs32k	15	all	26	0.5383932590484619	fusion	10	0	4	9	between
fs32k	15	all	27	0.5349009037017822	fusion	10	0	4	9	between
fs32k	15	all	28	0.5277469754219055	fusion	10	0	4	9	between
fs32k	15	all	29	0.5220211744308472	fusion	10	0	4	9	between
fs32k	15	all	30	0.5046699047088623	fusion	10	0	4	9	between
fs32k	15	all	31	0.5234703421592712	fusion	10	0	4	9	between
fs32k	15	all	32	0.5047760605812073	fusion	10	0	4	9	between
fs32k	15	all	33	0.5414789319038391	fusion	10	0	4	9	between
fs32k	15	all	34	0.5293858647346497	fusion	10	0	4	9	between
fs32k	15	all	35	0.5272554159164429	fusion	10	0	4	9	between
fs32k	15	all	36	0.504814088344574	fusion	10	0	4	9	between
fs32k	15	all	37	0.5144932270050049	fusion	10	0	4	9	between
fs32k	15	all	38	0.5195997357368469	fusion	10	0	4	9	between
fs32k	15	all	39	0.5323666930198669	fusion	10	0	4	9	between
fs32k	15	all	40	0.5187351107597351	fusion	10	0	4	9	between
fs32k	15	all	41	0.5185257792472839	fusion	10	0	4	9	between
fs32k	15	all	42	0.5253498554229736	fusion	10	0	4	9	between
fs32k	15	all	43	0.5443546772003174	fusion	10	0	4	9	between
fs32k	15	all	44	0.5376514792442322	fusion	10	0	4	9	between
fs32k	15	all	45	0.5152208805084229	fusion	10	0	4	9	between
fs32k	15	all	46	0.5286229848861694	fusion	10	0	4	9	between
fs32k	15	all	47	0.5354822278022766	fusion	10	0	4	9	between
fs32k	15	all	48	0.5166914463043213	fusion	10	0	4	9	between
fs32k	15	all	49	0.5227698683738708	fusion	10	0	4	9	between
fs32k	15	all	50	0.5433117151260376	fusion	10	0	4	9	between
fs32k	15	all	51	0.5284934043884277	fusion	10	0	4	9	between
fs32k	15	all	52	0.5479625463485718	fusion	10	0	4	9	between
fs32k	15	all	53	0.5318804979324341	fusion	10	0	4	9	between
fs32k	15	all	54	0.5273782014846802	fusion	10	0	4	9	between
fs32k	15	all	55	0.5316959023475647	fusion	10	0	4	9	between
fs32k	15	all	1	0.534157931804657	fusion	10	0	4	10	between
fs32k	15	all	2	0.5457528233528137	fusion	10	0	4	10	between
fs32k	15	all	3	0.5554690361022949	fusion	10	0	4	10	between
fs32k	15	all	4	0.5326824188232422	fusion	10	0	4	10	between
fs32k	15	all	5	0.5519123077392578	fusion	10	0	4	10	between
fs32k	15	all	6	0.5472163558006287	fusion	10	0	4	10	between
fs32k	15	all	7	0.5427937507629395	fusion	10	0	4	10	between
fs32k	15	all	8	0.5328518152236938	fusion	10	0	4	10	between
fs32k	15	all	9	0.544857382774353	fusion	10	0	4	10	between
fs32k	15	all	10	0.546861469745636	fusion	10	0	4	10	between
fs32k	15	all	11	0.5422744154930115	fusion	10	0	4	10	between
fs32k	15	all	12	0.5434455871582031	fusion	10	0	4	10	between
fs32k	15	all	13	0.5264042615890503	fusion	10	0	4	10	between
fs32k	15	all	14	0.5365860462188721	fusion	10	0	4	10	between
fs32k	15	all	15	0.5234271883964539	fusion	10	0	4	10	between
fs32k	15	all	16	0.5383843779563904	fusion	10	0	4	10	between
fs32k	15	all	17	0.5389989018440247	fusion	10	0	4	10	between
fs32k	15	all	18	0.5368566513061523	fusion	10	0	4	10	between
fs32k	15	all	19	0.5487191677093506	fusion	10	0	4	10	between
fs32k	15	all	20	0.526111900806427	fusion	10	0	4	10	between
fs32k	15	all	21	0.5261621475219727	fusion	10	0	4	10	between
fs32k	15	all	22	0.5292190909385681	fusion	10	0	4	10	between
fs32k	15	all	23	0.5142945647239685	fusion	10	0	4	10	between
fs32k	15	all	24	0.5386257767677307	fusion	10	0	4	10	between
fs32k	15	all	25	0.5331227779388428	fusion	10	0	4	10	between
fs32k	15	all	26	0.5287641286849976	fusion	10	0	4	10	between
fs32k	15	all	27	0.5371208786964417	fusion	10	0	4	10	between
fs32k	15	all	28	0.5275384187698364	fusion	10	0	4	10	between
fs32k	15	all	29	0.5365021228790283	fusion	10	0	4	10	between
fs32k	15	all	30	0.5195583701133728	fusion	10	0	4	10	between
fs32k	15	all	31	0.5319461226463318	fusion	10	0	4	10	between
fs32k	15	all	32	0.5055488348007202	fusion	10	0	4	10	between
fs32k	15	all	33	0.5475229620933533	fusion	10	0	4	10	between
fs32k	15	all	34	0.5508537888526917	fusion	10	0	4	10	between
fs32k	15	all	35	0.5338392853736877	fusion	10	0	4	10	between
fs32k	15	all	36	0.5125086903572083	fusion	10	0	4	10	between
fs32k	15	all	37	0.5182280540466309	fusion	10	0	4	10	between
fs32k	15	all	38	0.5133636593818665	fusion	10	0	4	10	between
fs32k	15	all	39	0.5292748212814331	fusion	10	0	4	10	between
fs32k	15	all	40	0.5390210747718811	fusion	10	0	4	10	between
fs32k	15	all	41	0.5276963710784912	fusion	10	0	4	10	between
fs32k	15	all	42	0.534349262714386	fusion	10	0	4	10	between
fs32k	15	all	43	0.5457656979560852	fusion	10	0	4	10	between
fs32k	15	all	44	0.5484312772750854	fusion	10	0	4	10	between
fs32k	15	all	45	0.5345550179481506	fusion	10	0	4	10	between
fs32k	15	all	46	0.5224190354347229	fusion	10	0	4	10	between
fs32k	15	all	47	0.5254306197166443	fusion	10	0	4	10	between
fs32k	15	all	48	0.520667552947998	fusion	10	0	4	10	between
fs32k	15	all	49	0.5247676968574524	fusion	10	0	4	10	between
fs32k	15	all	50	0.5410468578338623	fusion	10	0	4	10	between
fs32k	15	all	51	0.5263777375221252	fusion	10	0	4	10	between
fs32k	15	all	52	0.5416627526283264	fusion	10	0	4	10	between
fs32k	15	all	53	0.5276373624801636	fusion	10	0	4	10	between
fs32k	15	all	54	0.5319016575813293	fusion	10	0	4	10	between
fs32k	15	all	55	0.5405702590942383	fusion	10	0	4	10	between
fs32k	15	all	1	0.5237769484519958	fusion	10	0	4	11	between
fs32k	15	all	2	0.5480924844741821	fusion	10	0	4	11	between
fs32k	15	all	3	0.5626335144042969	fusion	10	0	4	11	between
fs32k	15	all	4	0.5482916235923767	fusion	10	0	4	11	between
fs32k	15	all	5	0.5506213307380676	fusion	10	0	4	11	between
fs32k	15	all	6	0.5374298095703125	fusion	10	0	4	11	between
fs32k	15	all	7	0.5395869016647339	fusion	10	0	4	11	between
fs32k	15	all	8	0.541293203830719	fusion	10	0	4	11	between
fs32k	15	all	9	0.5513089299201965	fusion	10	0	4	11	between
fs32k	15	all	10	0.5480852127075195	fusion	10	0	4	11	between
fs32k	15	all	11	0.5251643061637878	fusion	10	0	4	11	between
fs32k	15	all	12	0.5384795665740967	fusion	10	0	4	11	between
fs32k	15	all	13	0.523208498954773	fusion	10	0	4	11	between
fs32k	15	all	14	0.5287874341011047	fusion	10	0	4	11	between
fs32k	15	all	15	0.5097912549972534	fusion	10	0	4	11	between
fs32k	15	all	16	0.5348879098892212	fusion	10	0	4	11	between
fs32k	15	all	17	0.5380509495735168	fusion	10	0	4	11	between
fs32k	15	all	18	0.5295107364654541	fusion	10	0	4	11	between
fs32k	15	all	19	0.5300678610801697	fusion	10	0	4	11	between
fs32k	15	all	20	0.516948938369751	fusion	10	0	4	11	between
fs32k	15	all	21	0.5218911170959473	fusion	10	0	4	11	between
fs32k	15	all	22	0.5238896608352661	fusion	10	0	4	11	between
fs32k	15	all	23	0.5077975988388062	fusion	10	0	4	11	between
fs32k	15	all	24	0.5396476984024048	fusion	10	0	4	11	between
fs32k	15	all	25	0.534756064414978	fusion	10	0	4	11	between
fs32k	15	all	26	0.5332602858543396	fusion	10	0	4	11	between
fs32k	15	all	27	0.53615403175354	fusion	10	0	4	11	between
fs32k	15	all	28	0.5349336266517639	fusion	10	0	4	11	between
fs32k	15	all	29	0.5304936766624451	fusion	10	0	4	11	between
fs32k	15	all	30	0.5086355805397034	fusion	10	0	4	11	between
fs32k	15	all	31	0.5349059104919434	fusion	10	0	4	11	between
fs32k	15	all	32	0.52568519115448	fusion	10	0	4	11	between
fs32k	15	all	33	0.5477794408798218	fusion	10	0	4	11	between
fs32k	15	all	34	0.5503958463668823	fusion	10	0	4	11	between
fs32k	15	all	35	0.5312430262565613	fusion	10	0	4	11	between
fs32k	15	all	36	0.5147249698638916	fusion	10	0	4	11	between
fs32k	15	all	37	0.5158089399337769	fusion	10	0	4	11	between
fs32k	15	all	38	0.5215438604354858	fusion	10	0	4	11	between
fs32k	15	all	39	0.5362845659255981	fusion	10	0	4	11	between
fs32k	15	all	40	0.5273783206939697	fusion	10	0	4	11	between
fs32k	15	all	41	0.5182894468307495	fusion	10	0	4	11	between
fs32k	15	all	42	0.530625581741333	fusion	10	0	4	11	between
fs32k	15	all	43	0.5398408770561218	fusion	10	0	4	11	between
fs32k	15	all	44	0.5441666841506958	fusion	10	0	4	11	between
fs32k	15	all	45	0.5255041122436523	fusion	10	0	4	11	between
fs32k	15	all	46	0.5151411890983582	fusion	10	0	4	11	between
fs32k	15	all	47	0.5298260450363159	fusion	10	0	4	11	between
fs32k	15	all	48	0.5127536654472351	fusion	10	0	4	11	between
fs32k	15	all	49	0.5167919993400574	fusion	10	0	4	11	between
fs32k	15	all	50	0.5387269258499146	fusion	10	0	4	11	between
fs32k	15	all	51	0.5247859954833984	fusion	10	0	4	11	between
fs32k	15	all	52	0.548254132270813	fusion	10	0	4	11	between
fs32k	15	all	53	0.5345394611358643	fusion	10	0	4	11	between
fs32k	15	all	54	0.537259578704834	fusion	10	0	4	11	between
fs32k	15	all	55	0.5348882675170898	fusion	10	0	4	11	between
fs32k	15	all	1	0.5194311738014221	fusion	10	0	4	12	between
fs32k	15	all	2	0.5336022973060608	fusion	10	0	4	12	between
fs32k	15	all	3	0.54396653175354	fusion	10	0	4	12	between
fs32k	15	all	4	0.5286577343940735	fusion	10	0	4	12	between
fs32k	15	all	5	0.5356485843658447	fusion	10	0	4	12	between
fs32k	15	all	6	0.5258328914642334	fusion	10	0	4	12	between
fs32k	15	all	7	0.5233839750289917	fusion	10	0	4	12	between
fs32k	15	all	8	0.5280849933624268	fusion	10	0	4	12	between
fs32k	15	all	9	0.5347983837127686	fusion	10	0	4	12	between
fs32k	15	all	10	0.5372927188873291	fusion	10	0	4	12	between
fs32k	15	all	11	0.5281475186347961	fusion	10	0	4	12	between
fs32k	15	all	12	0.5480521321296692	fusion	10	0	4	12	between
fs32k	15	all	13	0.5307316184043884	fusion	10	0	4	12	between
fs32k	15	all	14	0.5391258597373962	fusion	10	0	4	12	between
fs32k	15	all	15	0.5135512948036194	fusion	10	0	4	12	between
fs32k	15	all	16	0.5369181036949158	fusion	10	0	4	12	between
fs32k	15	all	17	0.5374807715415955	fusion	10	0	4	12	between
fs32k	15	all	18	0.520584225654602	fusion	10	0	4	12	between
fs32k	15	all	19	0.5335687398910522	fusion	10	0	4	12	between
fs32k	15	all	20	0.5270471572875977	fusion	10	0	4	12	between
fs32k	15	all	21	0.516478955745697	fusion	10	0	4	12	between
fs32k	15	all	22	0.5201320648193359	fusion	10	0	4	12	between
fs32k	15	all	23	0.5059645175933838	fusion	10	0	4	12	between
fs32k	15	all	24	0.5362364649772644	fusion	10	0	4	12	between
fs32k	15	all	25	0.533918023109436	fusion	10	0	4	12	between
fs32k	15	all	26	0.5162985324859619	fusion	10	0	4	12	between
fs32k	15	all	27	0.5354616641998291	fusion	10	0	4	12	between
fs32k	15	all	28	0.5368810892105103	fusion	10	0	4	12	between
fs32k	15	all	29	0.5384536981582642	fusion	10	0	4	12	between
fs32k	15	all	30	0.5166617631912231	fusion	10	0	4	12	between
fs32k	15	all	31	0.5442778468132019	fusion	10	0	4	12	between
fs32k	15	all	32	0.5225489139556885	fusion	10	0	4	12	between
fs32k	15	all	33	0.5355600118637085	fusion	10	0	4	12	between
fs32k	15	all	34	0.5564782023429871	fusion	10	0	4	12	between
fs32k	15	all	35	0.5282018780708313	fusion	10	0	4	12	between
fs32k	15	all	36	0.5119146108627319	fusion	10	0	4	12	between
fs32k	15	all	37	0.5161392688751221	fusion	10	0	4	12	between
fs32k	15	all	38	0.5215433835983276	fusion	10	0	4	12	between
fs32k	15	all	39	0.5119584798812866	fusion	10	0	4	12	between
fs32k	15	all	40	0.5192289352416992	fusion	10	0	4	12	between
fs32k	15	all	41	0.5272467732429504	fusion	10	0	4	12	between
fs32k	15	all	42	0.5240639448165894	fusion	10	0	4	12	between
fs32k	15	all	43	0.5498573780059814	fusion	10	0	4	12	between
fs32k	15	all	44	0.5318609476089478	fusion	10	0	4	12	between
fs32k	15	all	45	0.5264796018600464	fusion	10	0	4	12	between
fs32k	15	all	46	0.5070295333862305	fusion	10	0	4	12	between
fs32k	15	all	47	0.5317656993865967	fusion	10	0	4	12	between
fs32k	15	all	48	0.5020740032196045	fusion	10	0	4	12	between
fs32k	15	all	49	0.5166893601417542	fusion	10	0	4	12	between
fs32k	15	all	50	0.5333756804466248	fusion	10	0	4	12	between
fs32k	15	all	51	0.5130636692047119	fusion	10	0	4	12	between
fs32k	15	all	52	0.5438264608383179	fusion	10	0	4	12	between
fs32k	15	all	53	0.5302351117134094	fusion	10	0	4	12	between
fs32k	15	all	54	0.5324709415435791	fusion	10	0	4	12	between
fs32k	15	all	55	0.526901125907898	fusion	10	0	4	12	between
fs32k	15	all	1	0.5205944776535034	fusion	10	0	4	13	between
fs32k	15	all	2	0.5368441343307495	fusion	10	0	4	13	between
fs32k	15	all	3	0.5486568808555603	fusion	10	0	4	13	between
fs32k	15	all	4	0.5314419269561768	fusion	10	0	4	13	between
fs32k	15	all	5	0.5348281264305115	fusion	10	0	4	13	between
fs32k	15	all	6	0.5402127504348755	fusion	10	0	4	13	between
fs32k	15	all	7	0.5396738648414612	fusion	10	0	4	13	between
fs32k	15	all	8	0.5292499661445618	fusion	10	0	4	13	between
fs32k	15	all	9	0.5446197390556335	fusion	10	0	4	13	between
fs32k	15	all	10	0.5400983095169067	fusion	10	0	4	13	between
fs32k	15	all	11	0.5304855704307556	fusion	10	0	4	13	between
fs32k	15	all	12	0.5344556570053101	fusion	10	0	4	13	between
fs32k	15	all	13	0.5239402055740356	fusion	10	0	4	13	between
fs32k	15	all	14	0.5260323882102966	fusion	10	0	4	13	between
fs32k	15	all	15	0.5096376538276672	fusion	10	0	4	13	between
fs32k	15	all	16	0.5411162376403809	fusion	10	0	4	13	between
fs32k	15	all	17	0.5335493087768555	fusion	10	0	4	13	between
fs32k	15	all	18	0.5319850444793701	fusion	10	0	4	13	between
fs32k	15	all	19	0.5372322797775269	fusion	10	0	4	13	between
fs32k	15	all	20	0.5263774394989014	fusion	10	0	4	13	between
fs32k	15	all	21	0.5300043225288391	fusion	10	0	4	13	between
fs32k	15	all	22	0.5257974863052368	fusion	10	0	4	13	between
fs32k	15	all	23	0.515434980392456	fusion	10	0	4	13	between
fs32k	15	all	24	0.5432209372520447	fusion	10	0	4	13	between
fs32k	15	all	25	0.5337177515029907	fusion	10	0	4	13	between
fs32k	15	all	26	0.529971718788147	fusion	10	0	4	13	between
fs32k	15	all	27	0.5369213223457336	fusion	10	0	4	13	between
fs32k	15	all	28	0.5412163734436035	fusion	10	0	4	13	between
fs32k	15	all	29	0.5389977693557739	fusion	10	0	4	13	between
fs32k	15	all	30	0.518032431602478	fusion	10	0	4	13	between
fs32k	15	all	31	0.5544173121452332	fusion	10	0	4	13	between
fs32k	15	all	32	0.5169752240180969	fusion	10	0	4	13	between
fs32k	15	all	33	0.5587010383605957	fusion	10	0	4	13	between
fs32k	15	all	34	0.5583094358444214	fusion	10	0	4	13	between
fs32k	15	all	35	0.5364127159118652	fusion	10	0	4	13	between
fs32k	15	all	36	0.51339191198349	fusion	10	0	4	13	between
fs32k	15	all	37	0.5274248123168945	fusion	10	0	4	13	between
fs32k	15	all	38	0.5199230909347534	fusion	10	0	4	13	between
fs32k	15	all	39	0.5354809761047363	fusion	10	0	4	13	between
fs32k	15	all	40	0.5344167351722717	fusion	10	0	4	13	between
fs32k	15	all	41	0.5258053541183472	fusion	10	0	4	13	between
fs32k	15	all	42	0.5336580276489258	fusion	10	0	4	13	between
fs32k	15	all	43	0.5435511469841003	fusion	10	0	4	13	between
fs32k	15	all	44	0.54396653175354	fusion	10	0	4	13	between
fs32k	15	all	45	0.5264267325401306	fusion	10	0	4	13	between
fs32k	15	all	46	0.5258006453514099	fusion	10	0	4	13	between
fs32k	15	all	47	0.5308422446250916	fusion	10	0	4	13	between
fs32k	15	all	48	0.5208638310432434	fusion	10	0	4	13	between
fs32k	15	all	49	0.5276234745979309	fusion	10	0	4	13	between
fs32k	15	all	50	0.5437788367271423	fusion	10	0	4	13	between
fs32k	15	all	51	0.5358449816703796	fusion	10	0	4	13	between
fs32k	15	all	52	0.5631158351898193	fusion	10	0	4	13	between
fs32k	15	all	53	0.5322258472442627	fusion	10	0	4	13	between
fs32k	15	all	54	0.5389827489852905	fusion	10	0	4	13	between
fs32k	15	all	55	0.5431658029556274	fusion	10	0	4	13	between
fs32k	15	all	1	0.5220550894737244	fusion	10	0	4	14	between
fs32k	15	all	2	0.5580410957336426	fusion	10	0	4	14	between
fs32k	15	all	3	0.5489224195480347	fusion	10	0	4	14	between
fs32k	15	all	4	0.5340396165847778	fusion	10	0	4	14	between
fs32k	15	all	5	0.5452256798744202	fusion	10	0	4	14	between
fs32k	15	all	6	0.5369006395339966	fusion	10	0	4	14	between
fs32k	15	all	7	0.5446076393127441	fusion	10	0	4	14	between
fs32k	15	all	8	0.5256767868995667	fusion	10	0	4	14	between
fs32k	15	all	9	0.5444597601890564	fusion	10	0	4	14	between
fs32k	15	all	10	0.5493098497390747	fusion	10	0	4	14	between
fs32k	15	all	11	0.537371039390564	fusion	10	0	4	14	between
fs32k	15	all	12	0.5374202728271484	fusion	10	0	4	14	between
fs32k	15	all	13	0.5206698775291443	fusion	10	0	4	14	between
fs32k	15	all	14	0.5303078889846802	fusion	10	0	4	14	between
fs32k	15	all	15	0.5104680061340332	fusion	10	0	4	14	between
fs32k	15	all	16	0.5301793813705444	fusion	10	0	4	14	between
fs32k	15	all	17	0.5239812135696411	fusion	10	0	4	14	between
fs32k	15	all	18	0.5233309864997864	fusion	10	0	4	14	between
fs32k	15	all	19	0.5388187766075134	fusion	10	0	4	14	between
fs32k	15	all	20	0.5292006134986877	fusion	10	0	4	14	between
fs32k	15	all	21	0.5254468321800232	fusion	10	0	4	14	between
fs32k	15	all	22	0.5366859436035156	fusion	10	0	4	14	between
fs32k	15	all	23	0.5175743103027344	fusion	10	0	4	14	between
fs32k	15	all	24	0.5508697032928467	fusion	10	0	4	14	between
fs32k	15	all	25	0.5483578443527222	fusion	10	0	4	14	between
fs32k	15	all	26	0.535273551940918	fusion	10	0	4	14	between
fs32k	15	all	27	0.548660933971405	fusion	10	0	4	14	between
fs32k	15	all	28	0.5354949831962585	fusion	10	0	4	14	between
fs32k	15	all	29	0.5328530669212341	fusion	10	0	4	14	between
fs32k	15	all	30	0.5199944376945496	fusion	10	0	4	14	between
fs32k	15	all	31	0.5373055934906006	fusion	10	0	4	14	between
fs32k	15	all	32	0.5007031559944153	fusion	10	0	4	14	between
fs32k	15	all	33	0.5447969436645508	fusion	10	0	4	14	between
fs32k	15	all	34	0.5488784909248352	fusion	10	0	4	14	between
fs32k	15	all	35	0.5374243259429932	fusion	10	0	4	14	between
fs32k	15	all	36	0.5139173865318298	fusion	10	0	4	14	between
fs32k	15	all	37	0.5230419635772705	fusion	10	0	4	14	between
fs32k	15	all	38	0.5118451118469238	fusion	10	0	4	14	between
fs32k	15	all	39	0.5322921872138977	fusion	10	0	4	14	between
fs32k	15	all	40	0.5315162539482117	fusion	10	0	4	14	between
fs32k	15	all	41	0.5297181010246277	fusion	10	0	4	14	between
fs32k	15	all	42	0.5354732871055603	fusion	10	0	4	14	between
fs32k	15	all	43	0.5444777011871338	fusion	10	0	4	14	between
fs32k	15	all	44	0.5440815687179565	fusion	10	0	4	14	between
fs32k	15	all	45	0.532146155834198	fusion	10	0	4	14	between
fs32k	15	all	46	0.5245421528816223	fusion	10	0	4	14	between
fs32k	15	all	47	0.5241714119911194	fusion	10	0	4	14	between
fs32k	15	all	48	0.52873694896698	fusion	10	0	4	14	between
fs32k	15	all	49	0.5318465828895569	fusion	10	0	4	14	between
fs32k	15	all	50	0.5327544808387756	fusion	10	0	4	14	between
fs32k	15	all	51	0.5309895277023315	fusion	10	0	4	14	between
fs32k	15	all	52	0.5501431226730347	fusion	10	0	4	14	between
fs32k	15	all	53	0.525171160697937	fusion	10	0	4	14	between
fs32k	15	all	54	0.5311309695243835	fusion	10	0	4	14	between
fs32k	15	all	55	0.5431904792785645	fusion	10	0	4	14	between
fs32k	15	all	1	0.5136451721191406	fusion	10	0	4	15	between
fs32k	15	all	2	0.5342656970024109	fusion	10	0	4	15	between
fs32k	15	all	3	0.5537527203559875	fusion	10	0	4	15	between
fs32k	15	all	4	0.5370523929595947	fusion	10	0	4	15	between
fs32k	15	all	5	0.5443063974380493	fusion	10	0	4	15	between
fs32k	15	all	6	0.5345512628555298	fusion	10	0	4	15	between
fs32k	15	all	7	0.5414113402366638	fusion	10	0	4	15	between
fs32k	15	all	8	0.5264757871627808	fusion	10	0	4	15	between
fs32k	15	all	9	0.5445995926856995	fusion	10	0	4	15	between
fs32k	15	all	10	0.5420805215835571	fusion	10	0	4	15	between
fs32k	15	all	11	0.5160374641418457	fusion	10	0	4	15	between
fs32k	15	all	12	0.5297361612319946	fusion	10	0	4	15	between
fs32k	15	all	13	0.5098517537117004	fusion	10	0	4	15	between
fs32k	15	all	14	0.5175023078918457	fusion	10	0	4	15	between
fs32k	15	all	15	0.5001578330993652	fusion	10	0	4	15	between
fs32k	15	all	16	0.5229002833366394	fusion	10	0	4	15	between
fs32k	15	all	17	0.5220794677734375	fusion	10	0	4	15	between
fs32k	15	all	18	0.5211248397827148	fusion	10	0	4	15	between
fs32k	15	all	19	0.5179752111434937	fusion	10	0	4	15	between
fs32k	15	all	20	0.5201606750488281	fusion	10	0	4	15	between
fs32k	15	all	21	0.5216781497001648	fusion	10	0	4	15	between
fs32k	15	all	22	0.5290111303329468	fusion	10	0	4	15	between
fs32k	15	all	23	0.5052847266197205	fusion	10	0	4	15	between
fs32k	15	all	24	0.5372321009635925	fusion	10	0	4	15	between
fs32k	15	all	25	0.5337900519371033	fusion	10	0	4	15	between
fs32k	15	all	26	0.5284125804901123	fusion	10	0	4	15	between
fs32k	15	all	27	0.5323559045791626	fusion	10	0	4	15	between
fs32k	15	all	28	0.5368849039077759	fusion	10	0	4	15	between
fs32k	15	all	29	0.5331406593322754	fusion	10	0	4	15	between
fs32k	15	all	30	0.5167437195777893	fusion	10	0	4	15	between
fs32k	15	all	31	0.5514882802963257	fusion	10	0	4	15	between
fs32k	15	all	32	0.5076801776885986	fusion	10	0	4	15	between
fs32k	15	all	33	0.5506836175918579	fusion	10	0	4	15	between
fs32k	15	all	34	0.5450068712234497	fusion	10	0	4	15	between
fs32k	15	all	35	0.5255770683288574	fusion	10	0	4	15	between
fs32k	15	all	36	0.5074558258056641	fusion	10	0	4	15	between
fs32k	15	all	37	0.520042359828949	fusion	10	0	4	15	between
fs32k	15	all	38	0.5130305886268616	fusion	10	0	4	15	between
fs32k	15	all	39	0.5308479070663452	fusion	10	0	4	15	between
fs32k	15	all	40	0.521554708480835	fusion	10	0	4	15	between
fs32k	15	all	41	0.5268216133117676	fusion	10	0	4	15	between
fs32k	15	all	42	0.5381996035575867	fusion	10	0	4	15	between
fs32k	15	all	43	0.5475277900695801	fusion	10	0	4	15	between
fs32k	15	all	44	0.5469703674316406	fusion	10	0	4	15	between
fs32k	15	all	45	0.5292989015579224	fusion	10	0	4	15	between
fs32k	15	all	46	0.5202023983001709	fusion	10	0	4	15	between
fs32k	15	all	47	0.5186789035797119	fusion	10	0	4	15	between
fs32k	15	all	48	0.5236409902572632	fusion	10	0	4	15	between
fs32k	15	all	49	0.5189127326011658	fusion	10	0	4	15	between
fs32k	15	all	50	0.5368742942810059	fusion	10	0	4	15	between
fs32k	15	all	51	0.5346139669418335	fusion	10	0	4	15	between
fs32k	15	all	52	0.5564086437225342	fusion	10	0	4	15	between
fs32k	15	all	53	0.5267516374588013	fusion	10	0	4	15	between
fs32k	15	all	54	0.5311853289604187	fusion	10	0	4	15	between
fs32k	15	all	55	0.5344072580337524	fusion	10	0	4	15	between
fs32k	15	all	1	0.5046926736831665	fusion	10	0	5	6	between
fs32k	15	all	2	0.521497368812561	fusion	10	0	5	6	between
fs32k	15	all	3	0.5318781733512878	fusion	10	0	5	6	between
fs32k	15	all	4	0.5234368443489075	fusion	10	0	5	6	between
fs32k	15	all	5	0.5420363545417786	fusion	10	0	5	6	between
fs32k	15	all	6	0.5279606580734253	fusion	10	0	5	6	between
fs32k	15	all	7	0.5390540957450867	fusion	10	0	5	6	between
fs32k	15	all	8	0.5215796232223511	fusion	10	0	5	6	between
fs32k	15	all	9	0.5385657548904419	fusion	10	0	5	6	between
fs32k	15	all	10	0.5224478840827942	fusion	10	0	5	6	between
fs32k	15	all	11	0.528448224067688	fusion	10	0	5	6	between
fs32k	15	all	12	0.5313892364501953	fusion	10	0	5	6	between
fs32k	15	all	13	0.5090199708938599	fusion	10	0	5	6	between
fs32k	15	all	14	0.521696925163269	fusion	10	0	5	6	between
fs32k	15	all	15	0.4944758713245392	fusion	10	0	5	6	between
fs32k	15	all	16	0.5280229449272156	fusion	10	0	5	6	between
fs32k	15	all	17	0.5279463529586792	fusion	10	0	5	6	between
fs32k	15	all	18	0.5060721039772034	fusion	10	0	5	6	between
fs32k	15	all	19	0.519107460975647	fusion	10	0	5	6	between
fs32k	15	all	20	0.5271579027175903	fusion	10	0	5	6	between
fs32k	15	all	21	0.5194459557533264	fusion	10	0	5	6	between
fs32k	15	all	22	0.5185369253158569	fusion	10	0	5	6	between
fs32k	15	all	23	0.5059840083122253	fusion	10	0	5	6	between
fs32k	15	all	24	0.5410470962524414	fusion	10	0	5	6	between
fs32k	15	all	25	0.5310227274894714	fusion	10	0	5	6	between
fs32k	15	all	26	0.519558846950531	fusion	10	0	5	6	between
fs32k	15	all	27	0.5206263065338135	fusion	10	0	5	6	between
fs32k	15	all	28	0.5276147127151489	fusion	10	0	5	6	between
fs32k	15	all	29	0.5240457057952881	fusion	10	0	5	6	between
fs32k	15	all	30	0.4980146884918213	fusion	10	0	5	6	between
fs32k	15	all	31	0.5444267988204956	fusion	10	0	5	6	between
fs32k	15	all	32	0.5125843286514282	fusion	10	0	5	6	between
fs32k	15	all	33	0.5361983180046082	fusion	10	0	5	6	between
fs32k	15	all	34	0.5372443795204163	fusion	10	0	5	6	between
fs32k	15	all	35	0.5196210145950317	fusion	10	0	5	6	between
fs32k	15	all	36	0.4940355718135834	fusion	10	0	5	6	between
fs32k	15	all	37	0.519241213798523	fusion	10	0	5	6	between
fs32k	15	all	38	0.5157121419906616	fusion	10	0	5	6	between
fs32k	15	all	39	0.5006967782974243	fusion	10	0	5	6	between
fs32k	15	all	40	0.5081331133842468	fusion	10	0	5	6	between
fs32k	15	all	41	0.5135751962661743	fusion	10	0	5	6	between
fs32k	15	all	42	0.539007306098938	fusion	10	0	5	6	between
fs32k	15	all	43	0.5437575578689575	fusion	10	0	5	6	between
fs32k	15	all	44	0.524666428565979	fusion	10	0	5	6	between
fs32k	15	all	45	0.5089314579963684	fusion	10	0	5	6	between
fs32k	15	all	46	0.5222441554069519	fusion	10	0	5	6	between
fs32k	15	all	47	0.5218377113342285	fusion	10	0	5	6	between
fs32k	15	all	48	0.5053155422210693	fusion	10	0	5	6	between
fs32k	15	all	49	0.5012627840042114	fusion	10	0	5	6	between
fs32k	15	all	50	0.5477331876754761	fusion	10	0	5	6	between
fs32k	15	all	51	0.5280046463012695	fusion	10	0	5	6	between
fs32k	15	all	52	0.5291575789451599	fusion	10	0	5	6	between
fs32k	15	all	53	0.5273141860961914	fusion	10	0	5	6	between
fs32k	15	all	54	0.5150402784347534	fusion	10	0	5	6	between
fs32k	15	all	55	0.5202906727790833	fusion	10	0	5	6	between
fs32k	15	all	1	0.4980902969837188	fusion	10	0	5	7	between
fs32k	15	all	2	0.5404403209686279	fusion	10	0	5	7	between
fs32k	15	all	3	0.5488553047180176	fusion	10	0	5	7	between
fs32k	15	all	4	0.5320003032684326	fusion	10	0	5	7	between
fs32k	15	all	5	0.5408222675323486	fusion	10	0	5	7	between
fs32k	15	all	6	0.5320336818695068	fusion	10	0	5	7	between
fs32k	15	all	7	0.5523703694343567	fusion	10	0	5	7	between
fs32k	15	all	8	0.5360510349273682	fusion	10	0	5	7	between
fs32k	15	all	9	0.5445570945739746	fusion	10	0	5	7	between
fs32k	15	all	10	0.5316872000694275	fusion	10	0	5	7	between
fs32k	15	all	11	0.5213416814804077	fusion	10	0	5	7	between
fs32k	15	all	12	0.525188148021698	fusion	10	0	5	7	between
fs32k	15	all	13	0.498898297548294	fusion	10	0	5	7	between
fs32k	15	all	14	0.503882884979248	fusion	10	0	5	7	between
fs32k	15	all	15	0.4858104884624481	fusion	10	0	5	7	between
fs32k	15	all	16	0.5266481637954712	fusion	10	0	5	7	between
fs32k	15	all	17	0.5123347043991089	fusion	10	0	5	7	between
fs32k	15	all	18	0.4966325759887695	fusion	10	0	5	7	between
fs32k	15	all	19	0.5180781483650208	fusion	10	0	5	7	between
fs32k	15	all	20	0.5316740274429321	fusion	10	0	5	7	between
fs32k	15	all	21	0.5285534858703613	fusion	10	0	5	7	between
fs32k	15	all	22	0.5179608464241028	fusion	10	0	5	7	between
fs32k	15	all	23	0.5046857595443726	fusion	10	0	5	7	between
fs32k	15	all	24	0.5431150197982788	fusion	10	0	5	7	between
fs32k	15	all	25	0.5366955995559692	fusion	10	0	5	7	between
fs32k	15	all	26	0.526478111743927	fusion	10	0	5	7	between
fs32k	15	all	27	0.5239644646644592	fusion	10	0	5	7	between
fs32k	15	all	28	0.5375909805297852	fusion	10	0	5	7	between
fs32k	15	all	29	0.5342769622802734	fusion	10	0	5	7	between
fs32k	15	all	30	0.4979517161846161	fusion	10	0	5	7	between
fs32k	15	all	31	0.5588383674621582	fusion	10	0	5	7	between
fs32k	15	all	32	0.5263315439224243	fusion	10	0	5	7	between
fs32k	15	all	33	0.5550234913825989	fusion	10	0	5	7	between
fs32k	15	all	34	0.548757791519165	fusion	10	0	5	7	between
fs32k	15	all	35	0.5162062048912048	fusion	10	0	5	7	between
fs32k	15	all	36	0.4955907762050628	fusion	10	0	5	7	between
fs32k	15	all	37	0.5231150984764099	fusion	10	0	5	7	between
fs32k	15	all	38	0.511692464351654	fusion	10	0	5	7	between
fs32k	15	all	39	0.5066627264022827	fusion	10	0	5	7	between
fs32k	15	all	40	0.5226272940635681	fusion	10	0	5	7	between
fs32k	15	all	41	0.5109718441963196	fusion	10	0	5	7	between
fs32k	15	all	42	0.5328378081321716	fusion	10	0	5	7	between
fs32k	15	all	43	0.5334237217903137	fusion	10	0	5	7	between
fs32k	15	all	44	0.526387631893158	fusion	10	0	5	7	between
fs32k	15	all	45	0.5125325322151184	fusion	10	0	5	7	between
fs32k	15	all	46	0.5123828649520874	fusion	10	0	5	7	between
fs32k	15	all	47	0.5187698602676392	fusion	10	0	5	7	between
fs32k	15	all	48	0.5044866800308228	fusion	10	0	5	7	between
fs32k	15	all	49	0.5068064332008362	fusion	10	0	5	7	between
fs32k	15	all	50	0.5475084781646729	fusion	10	0	5	7	between
fs32k	15	all	51	0.5443351864814758	fusion	10	0	5	7	between
fs32k	15	all	52	0.5412085652351379	fusion	10	0	5	7	between
fs32k	15	all	53	0.5352187156677246	fusion	10	0	5	7	between
fs32k	15	all	54	0.5234103798866272	fusion	10	0	5	7	between
fs32k	15	all	55	0.5330625772476196	fusion	10	0	5	7	between
fs32k	15	all	1	0.4981990456581116	fusion	10	0	5	8	between
fs32k	15	all	2	0.5337434411048889	fusion	10	0	5	8	between
fs32k	15	all	3	0.5456464290618896	fusion	10	0	5	8	between
fs32k	15	all	4	0.5202817916870117	fusion	10	0	5	8	between
fs32k	15	all	5	0.5328934192657471	fusion	10	0	5	8	between
fs32k	15	all	6	0.5396283268928528	fusion	10	0	5	8	between
fs32k	15	all	7	0.5289990901947021	fusion	10	0	5	8	between
fs32k	15	all	8	0.5187640190124512	fusion	10	0	5	8	between
fs32k	15	all	9	0.5317471027374268	fusion	10	0	5	8	between
fs32k	15	all	10	0.5280866026878357	fusion	10	0	5	8	between
fs32k	15	all	11	0.5175438523292542	fusion	10	0	5	8	between
fs32k	15	all	12	0.5356758832931519	fusion	10	0	5	8	between
fs32k	15	all	13	0.5075291991233826	fusion	10	0	5	8	between
fs32k	15	all	14	0.5120812654495239	fusion	10	0	5	8	between
fs32k	15	all	15	0.4929630160331726	fusion	10	0	5	8	between
fs32k	15	all	16	0.5225165486335754	fusion	10	0	5	8	between
fs32k	15	all	17	0.5121839046478271	fusion	10	0	5	8	between
fs32k	15	all	18	0.5062633156776428	fusion	10	0	5	8	between
fs32k	15	all	19	0.5254399180412292	fusion	10	0	5	8	between
fs32k	15	all	20	0.5430968403816223	fusion	10	0	5	8	between
fs32k	15	all	21	0.5240995287895203	fusion	10	0	5	8	between
fs32k	15	all	22	0.5169121026992798	fusion	10	0	5	8	between
fs32k	15	all	23	0.499388039112091	fusion	10	0	5	8	between
fs32k	15	all	24	0.5369539856910706	fusion	10	0	5	8	between
fs32k	15	all	25	0.5362987518310547	fusion	10	0	5	8	between
fs32k	15	all	26	0.5233686566352844	fusion	10	0	5	8	between
fs32k	15	all	27	0.5329018831253052	fusion	10	0	5	8	between
fs32k	15	all	28	0.5399512648582458	fusion	10	0	5	8	between
fs32k	15	all	29	0.5354131460189819	fusion	10	0	5	8	between
fs32k	15	all	30	0.5124213099479675	fusion	10	0	5	8	between
fs32k	15	all	31	0.5506889224052429	fusion	10	0	5	8	between
fs32k	15	all	32	0.5226432085037231	fusion	10	0	5	8	between
fs32k	15	all	33	0.5502181053161621	fusion	10	0	5	8	between
fs32k	15	all	34	0.5562126636505127	fusion	10	0	5	8	between
fs32k	15	all	35	0.5225738286972046	fusion	10	0	5	8	between
fs32k	15	all	36	0.5024858713150024	fusion	10	0	5	8	between
fs32k	15	all	37	0.5116899013519287	fusion	10	0	5	8	between
fs32k	15	all	38	0.5036395788192749	fusion	10	0	5	8	between
fs32k	15	all	39	0.5054347515106201	fusion	10	0	5	8	between
fs32k	15	all	40	0.532789945602417	fusion	10	0	5	8	between
fs32k	15	all	41	0.5208956003189087	fusion	10	0	5	8	between
fs32k	15	all	42	0.5210149884223938	fusion	10	0	5	8	between
fs32k	15	all	43	0.532211184501648	fusion	10	0	5	8	between
fs32k	15	all	44	0.5285423994064331	fusion	10	0	5	8	between
fs32k	15	all	45	0.5237992405891418	fusion	10	0	5	8	between
fs32k	15	all	46	0.5151482820510864	fusion	10	0	5	8	between
fs32k	15	all	47	0.5261779427528381	fusion	10	0	5	8	between
fs32k	15	all	48	0.5053255558013916	fusion	10	0	5	8	between
fs32k	15	all	49	0.5120459198951721	fusion	10	0	5	8	between
fs32k	15	all	50	0.535714864730835	fusion	10	0	5	8	between
fs32k	15	all	51	0.519641101360321	fusion	10	0	5	8	between
fs32k	15	all	52	0.5281146764755249	fusion	10	0	5	8	between
fs32k	15	all	53	0.5166531801223755	fusion	10	0	5	8	between
fs32k	15	all	54	0.5180197358131409	fusion	10	0	5	8	between
fs32k	15	all	55	0.5308420658111572	fusion	10	0	5	8	between
fs32k	15	all	1	0.5048995018005371	fusion	10	0	5	9	between
fs32k	15	all	2	0.5442317724227905	fusion	10	0	5	9	between
fs32k	15	all	3	0.5393528938293457	fusion	10	0	5	9	between
fs32k	15	all	4	0.5200742483139038	fusion	10	0	5	9	between
fs32k	15	all	5	0.5342660546302795	fusion	10	0	5	9	between
fs32k	15	all	6	0.5361660718917847	fusion	10	0	5	9	between
fs32k	15	all	7	0.5526150465011597	fusion	10	0	5	9	between
fs32k	15	all	8	0.5385217070579529	fusion	10	0	5	9	between
fs32k	15	all	9	0.5454044342041016	fusion	10	0	5	9	between
fs32k	15	all	10	0.5298139452934265	fusion	10	0	5	9	between
fs32k	15	all	11	0.5221503973007202	fusion	10	0	5	9	between
fs32k	15	all	12	0.5308627486228943	fusion	10	0	5	9	between
fs32k	15	all	13	0.5118886828422546	fusion	10	0	5	9	between
fs32k	15	all	14	0.5221081972122192	fusion	10	0	5	9	between
fs32k	15	all	15	0.4956223964691162	fusion	10	0	5	9	between
fs32k	15	all	16	0.5164405703544617	fusion	10	0	5	9	between
fs32k	15	all	17	0.5210288166999817	fusion	10	0	5	9	between
fs32k	15	all	18	0.5162088871002197	fusion	10	0	5	9	between
fs32k	15	all	19	0.5238807797431946	fusion	10	0	5	9	between
fs32k	15	all	20	0.5306740403175354	fusion	10	0	5	9	between
fs32k	15	all	21	0.5362364649772644	fusion	10	0	5	9	between
fs32k	15	all	22	0.5283679962158203	fusion	10	0	5	9	between
fs32k	15	all	23	0.5101401805877686	fusion	10	0	5	9	between
fs32k	15	all	24	0.536733865737915	fusion	10	0	5	9	between
fs32k	15	all	25	0.548354983329773	fusion	10	0	5	9	between
fs32k	15	all	26	0.5373746156692505	fusion	10	0	5	9	between
fs32k	15	all	27	0.531391978263855	fusion	10	0	5	9	between
fs32k	15	all	28	0.5271650552749634	fusion	10	0	5	9	between
fs32k	15	all	29	0.5235738754272461	fusion	10	0	5	9	between
fs32k	15	all	30	0.4969744980335235	fusion	10	0	5	9	between
fs32k	15	all	31	0.5278726816177368	fusion	10	0	5	9	between
fs32k	15	all	32	0.5137400031089783	fusion	10	0	5	9	between
fs32k	15	all	33	0.5387712717056274	fusion	10	0	5	9	between
fs32k	15	all	34	0.526856541633606	fusion	10	0	5	9	between
fs32k	15	all	35	0.5166463851928711	fusion	10	0	5	9	between
fs32k	15	all	36	0.4941668510437011	fusion	10	0	5	9	between
fs32k	15	all	37	0.511128842830658	fusion	10	0	5	9	between
fs32k	15	all	38	0.5198386907577515	fusion	10	0	5	9	between
fs32k	15	all	39	0.5140917897224426	fusion	10	0	5	9	between
fs32k	15	all	40	0.5225039720535278	fusion	10	0	5	9	between
fs32k	15	all	41	0.5123330950737	fusion	10	0	5	9	between
fs32k	15	all	42	0.5229963660240173	fusion	10	0	5	9	between
fs32k	15	all	43	0.5393914580345154	fusion	10	0	5	9	between
fs32k	15	all	44	0.5275586247444153	fusion	10	0	5	9	between
fs32k	15	all	45	0.5179654955863953	fusion	10	0	5	9	between
fs32k	15	all	46	0.5247370600700378	fusion	10	0	5	9	between
fs32k	15	all	47	0.5333717465400696	fusion	10	0	5	9	between
fs32k	15	all	48	0.509594738483429	fusion	10	0	5	9	between
fs32k	15	all	49	0.5096868276596069	fusion	10	0	5	9	between
fs32k	15	all	50	0.5446300506591797	fusion	10	0	5	9	between
fs32k	15	all	51	0.5355508327484131	fusion	10	0	5	9	between
fs32k	15	all	52	0.5310298800468445	fusion	10	0	5	9	between
fs32k	15	all	53	0.5270178318023682	fusion	10	0	5	9	between
fs32k	15	all	54	0.5179394483566284	fusion	10	0	5	9	between
fs32k	15	all	55	0.5252426266670227	fusion	10	0	5	9	between
fs32k	15	all	1	0.5085122585296631	fusion	10	0	5	10	between
fs32k	15	all	2	0.5376269817352295	fusion	10	0	5	10	between
fs32k	15	all	3	0.5397931337356567	fusion	10	0	5	10	between
fs32k	15	all	4	0.5202229022979736	fusion	10	0	5	10	between
fs32k	15	all	5	0.546014666557312	fusion	10	0	5	10	between
fs32k	15	all	6	0.543431282043457	fusion	10	0	5	10	between
fs32k	15	all	7	0.553894579410553	fusion	10	0	5	10	between
fs32k	15	all	8	0.5326000452041626	fusion	10	0	5	10	between
fs32k	15	all	9	0.5450608730316162	fusion	10	0	5	10	between
fs32k	15	all	10	0.5264773964881897	fusion	10	0	5	10	between
fs32k	15	all	11	0.5313585996627808	fusion	10	0	5	10	between
fs32k	15	all	12	0.5337996482849121	fusion	10	0	5	10	between
fs32k	15	all	13	0.508283257484436	fusion	10	0	5	10	between
fs32k	15	all	14	0.5252246856689453	fusion	10	0	5	10	between
fs32k	15	all	15	0.5070197582244873	fusion	10	0	5	10	between
fs32k	15	all	16	0.5246305465698242	fusion	10	0	5	10	between
fs32k	15	all	17	0.5269715189933777	fusion	10	0	5	10	between
fs32k	15	all	18	0.5168612003326416	fusion	10	0	5	10	between
fs32k	15	all	19	0.5410546064376831	fusion	10	0	5	10	between
fs32k	15	all	20	0.5392776727676392	fusion	10	0	5	10	between
fs32k	15	all	21	0.5228213667869568	fusion	10	0	5	10	between
fs32k	15	all	22	0.5214710235595703	fusion	10	0	5	10	between
fs32k	15	all	23	0.5114114284515381	fusion	10	0	5	10	between
fs32k	15	all	24	0.5396376848220825	fusion	10	0	5	10	between
fs32k	15	all	25	0.5332205891609192	fusion	10	0	5	10	between
fs32k	15	all	26	0.5286920070648193	fusion	10	0	5	10	between
fs32k	15	all	27	0.535513699054718	fusion	10	0	5	10	between
fs32k	15	all	28	0.5273932218551636	fusion	10	0	5	10	between
fs32k	15	all	29	0.5370528697967529	fusion	10	0	5	10	between
fs32k	15	all	30	0.5141333937644958	fusion	10	0	5	10	between
fs32k	15	all	31	0.5359481573104858	fusion	10	0	5	10	between
fs32k	15	all	32	0.5119091272354126	fusion	10	0	5	10	between
fs32k	15	all	33	0.54723060131073	fusion	10	0	5	10	between
fs32k	15	all	34	0.5528649687767029	fusion	10	0	5	10	between
fs32k	15	all	35	0.5293769836425781	fusion	10	0	5	10	between
fs32k	15	all	36	0.4991394579410553	fusion	10	0	5	10	between
fs32k	15	all	37	0.5120468139648438	fusion	10	0	5	10	between
fs32k	15	all	38	0.5075736045837402	fusion	10	0	5	10	between
fs32k	15	all	39	0.513782799243927	fusion	10	0	5	10	between
fs32k	15	all	40	0.5382433533668518	fusion	10	0	5	10	between
fs32k	15	all	41	0.5197321176528931	fusion	10	0	5	10	between
fs32k	15	all	42	0.5343683362007141	fusion	10	0	5	10	between
fs32k	15	all	43	0.5400820970535278	fusion	10	0	5	10	between
fs32k	15	all	44	0.5394816398620605	fusion	10	0	5	10	between
fs32k	15	all	45	0.5341275334358215	fusion	10	0	5	10	between
fs32k	15	all	46	0.5244993567466736	fusion	10	0	5	10	between
fs32k	15	all	47	0.5253099799156189	fusion	10	0	5	10	between
fs32k	15	all	48	0.5105611085891724	fusion	10	0	5	10	between
fs32k	15	all	49	0.5114854574203491	fusion	10	0	5	10	between
fs32k	15	all	50	0.5425491333007812	fusion	10	0	5	10	between
fs32k	15	all	51	0.5324525237083435	fusion	10	0	5	10	between
fs32k	15	all	52	0.5307813882827759	fusion	10	0	5	10	between
fs32k	15	all	53	0.5275917053222656	fusion	10	0	5	10	between
fs32k	15	all	54	0.5193557739257812	fusion	10	0	5	10	between
fs32k	15	all	55	0.5326499342918396	fusion	10	0	5	10	between
fs32k	15	all	1	0.5017157196998596	fusion	10	0	5	11	between
fs32k	15	all	2	0.5428594350814819	fusion	10	0	5	11	between
fs32k	15	all	3	0.5477946996688843	fusion	10	0	5	11	between
fs32k	15	all	4	0.5369771718978882	fusion	10	0	5	11	between
fs32k	15	all	5	0.5393573641777039	fusion	10	0	5	11	between
fs32k	15	all	6	0.5352928638458252	fusion	10	0	5	11	between
fs32k	15	all	7	0.544456958770752	fusion	10	0	5	11	between
fs32k	15	all	8	0.532015860080719	fusion	10	0	5	11	between
fs32k	15	all	9	0.5467461347579956	fusion	10	0	5	11	between
fs32k	15	all	10	0.53023362159729	fusion	10	0	5	11	between
fs32k	15	all	11	0.5177242159843445	fusion	10	0	5	11	between
fs32k	15	all	12	0.5307378172874451	fusion	10	0	5	11	between
fs32k	15	all	13	0.5040654540061951	fusion	10	0	5	11	between
fs32k	15	all	14	0.5166196823120117	fusion	10	0	5	11	between
fs32k	15	all	15	0.4909824728965759	fusion	10	0	5	11	between
fs32k	15	all	16	0.5208876729011536	fusion	10	0	5	11	between
fs32k	15	all	17	0.527787983417511	fusion	10	0	5	11	between
fs32k	15	all	18	0.5018347501754761	fusion	10	0	5	11	between
fs32k	15	all	19	0.5300939083099365	fusion	10	0	5	11	between
fs32k	15	all	20	0.5277153253555298	fusion	10	0	5	11	between
fs32k	15	all	21	0.5233996510505676	fusion	10	0	5	11	between
fs32k	15	all	22	0.5212047100067139	fusion	10	0	5	11	between
fs32k	15	all	23	0.5065314769744873	fusion	10	0	5	11	between
fs32k	15	all	24	0.5391160845756531	fusion	10	0	5	11	between
fs32k	15	all	25	0.5372581481933594	fusion	10	0	5	11	between
fs32k	15	all	26	0.5321876406669617	fusion	10	0	5	11	between
fs32k	15	all	27	0.5297948122024536	fusion	10	0	5	11	between
fs32k	15	all	28	0.5347667932510376	fusion	10	0	5	11	between
fs32k	15	all	29	0.5300067663192749	fusion	10	0	5	11	between
fs32k	15	all	30	0.5014307498931885	fusion	10	0	5	11	between
fs32k	15	all	31	0.5375344753265381	fusion	10	0	5	11	between
fs32k	15	all	32	0.5359901189804077	fusion	10	0	5	11	between
fs32k	15	all	33	0.5470662117004395	fusion	10	0	5	11	between
fs32k	15	all	34	0.5482692718505859	fusion	10	0	5	11	between
fs32k	15	all	35	0.5244490504264832	fusion	10	0	5	11	between
fs32k	15	all	36	0.5071074962615967	fusion	10	0	5	11	between
fs32k	15	all	37	0.5053418278694153	fusion	10	0	5	11	between
fs32k	15	all	38	0.5169258117675781	fusion	10	0	5	11	between
fs32k	15	all	39	0.519311785697937	fusion	10	0	5	11	between
fs32k	15	all	40	0.533682644367218	fusion	10	0	5	11	between
fs32k	15	all	41	0.5093625783920288	fusion	10	0	5	11	between
fs32k	15	all	42	0.5296002626419067	fusion	10	0	5	11	between
fs32k	15	all	43	0.5344454050064087	fusion	10	0	5	11	between
fs32k	15	all	44	0.5333340167999268	fusion	10	0	5	11	between
fs32k	15	all	45	0.5276665091514587	fusion	10	0	5	11	between
fs32k	15	all	46	0.5142457485198975	fusion	10	0	5	11	between
fs32k	15	all	47	0.5190895199775696	fusion	10	0	5	11	between
fs32k	15	all	48	0.5043060779571533	fusion	10	0	5	11	between
fs32k	15	all	49	0.5040656924247742	fusion	10	0	5	11	between
fs32k	15	all	50	0.5419610142707825	fusion	10	0	5	11	between
fs32k	15	all	51	0.5291028022766113	fusion	10	0	5	11	between
fs32k	15	all	52	0.538611888885498	fusion	10	0	5	11	between
fs32k	15	all	53	0.5320353507995605	fusion	10	0	5	11	between
fs32k	15	all	54	0.5300117135047913	fusion	10	0	5	11	between
fs32k	15	all	55	0.5303055644035339	fusion	10	0	5	11	between
fs32k	15	all	1	0.4945228695869446	fusion	10	0	5	12	between
fs32k	15	all	2	0.5236558318138123	fusion	10	0	5	12	between
fs32k	15	all	3	0.5383069515228271	fusion	10	0	5	12	between
fs32k	15	all	4	0.5224416255950928	fusion	10	0	5	12	between
fs32k	15	all	5	0.5302949547767639	fusion	10	0	5	12	between
fs32k	15	all	6	0.5202515125274658	fusion	10	0	5	12	between
fs32k	15	all	7	0.5290142297744751	fusion	10	0	5	12	between
fs32k	15	all	8	0.524700403213501	fusion	10	0	5	12	between
fs32k	15	all	9	0.5336000323295593	fusion	10	0	5	12	between
fs32k	15	all	10	0.5202553868293762	fusion	10	0	5	12	between
fs32k	15	all	11	0.5232154726982117	fusion	10	0	5	12	between
fs32k	15	all	12	0.5391824841499329	fusion	10	0	5	12	between
fs32k	15	all	13	0.5132890939712524	fusion	10	0	5	12	between
fs32k	15	all	14	0.5252492427825928	fusion	10	0	5	12	between
fs32k	15	all	15	0.4960641860961914	fusion	10	0	5	12	between
fs32k	15	all	16	0.521972119808197	fusion	10	0	5	12	between
fs32k	15	all	17	0.5237545371055603	fusion	10	0	5	12	between
fs32k	15	all	18	0.4964296817779541	fusion	10	0	5	12	between
fs32k	15	all	19	0.5293829441070557	fusion	10	0	5	12	between
fs32k	15	all	20	0.5382438898086548	fusion	10	0	5	12	between
fs32k	15	all	21	0.5157281756401062	fusion	10	0	5	12	between
fs32k	15	all	22	0.5176581144332886	fusion	10	0	5	12	between
fs32k	15	all	23	0.4995075464248657	fusion	10	0	5	12	between
fs32k	15	all	24	0.5385860204696655	fusion	10	0	5	12	between
fs32k	15	all	25	0.5315392017364502	fusion	10	0	5	12	between
fs32k	15	all	26	0.5174038410186768	fusion	10	0	5	12	between
fs32k	15	all	27	0.5284169316291809	fusion	10	0	5	12	between
fs32k	15	all	28	0.5365026593208313	fusion	10	0	5	12	between
fs32k	15	all	29	0.5395435094833374	fusion	10	0	5	12	between
fs32k	15	all	30	0.5032995343208313	fusion	10	0	5	12	between
fs32k	15	all	31	0.545745849609375	fusion	10	0	5	12	between
fs32k	15	all	32	0.527294397354126	fusion	10	0	5	12	between
fs32k	15	all	33	0.5300533771514893	fusion	10	0	5	12	between
fs32k	15	all	34	0.552724301815033	fusion	10	0	5	12	between
fs32k	15	all	35	0.5198444724082947	fusion	10	0	5	12	between
fs32k	15	all	36	0.4997944235801697	fusion	10	0	5	12	between
fs32k	15	all	37	0.5083600878715515	fusion	10	0	5	12	between
fs32k	15	all	38	0.517913818359375	fusion	10	0	5	12	between
fs32k	15	all	39	0.4951851665973663	fusion	10	0	5	12	between
fs32k	15	all	40	0.5231382250785828	fusion	10	0	5	12	between
fs32k	15	all	41	0.5131965279579163	fusion	10	0	5	12	between
fs32k	15	all	42	0.5217201113700867	fusion	10	0	5	12	between
fs32k	15	all	43	0.5430604815483093	fusion	10	0	5	12	between
fs32k	15	all	44	0.5166175961494446	fusion	10	0	5	12	between
fs32k	15	all	45	0.5247999429702759	fusion	10	0	5	12	between
fs32k	15	all	46	0.507225513458252	fusion	10	0	5	12	between
fs32k	15	all	47	0.5229660272598267	fusion	10	0	5	12	between
fs32k	15	all	48	0.4964224696159363	fusion	10	0	5	12	between
fs32k	15	all	49	0.5039499998092651	fusion	10	0	5	12	between
fs32k	15	all	50	0.5374882817268372	fusion	10	0	5	12	between
fs32k	15	all	51	0.5174461007118225	fusion	10	0	5	12	between
fs32k	15	all	52	0.5340120196342468	fusion	10	0	5	12	between
fs32k	15	all	53	0.5273470282554626	fusion	10	0	5	12	between
fs32k	15	all	54	0.5212230086326599	fusion	10	0	5	12	between
fs32k	15	all	55	0.5180665254592896	fusion	10	0	5	12	between
fs32k	15	all	1	0.4992724955081939	fusion	10	0	5	13	between
fs32k	15	all	2	0.5328947305679321	fusion	10	0	5	13	between
fs32k	15	all	3	0.5425397753715515	fusion	10	0	5	13	between
fs32k	15	all	4	0.5224766731262207	fusion	10	0	5	13	between
fs32k	15	all	5	0.5295082926750183	fusion	10	0	5	13	between
fs32k	15	all	6	0.536747395992279	fusion	10	0	5	13	between
fs32k	15	all	7	0.5458999872207642	fusion	10	0	5	13	between
fs32k	15	all	8	0.5290378928184509	fusion	10	0	5	13	between
fs32k	15	all	9	0.5465766191482544	fusion	10	0	5	13	between
fs32k	15	all	10	0.5227991938591003	fusion	10	0	5	13	between
fs32k	15	all	11	0.5217851400375366	fusion	10	0	5	13	between
fs32k	15	all	12	0.5246151089668274	fusion	10	0	5	13	between
fs32k	15	all	13	0.5011009573936462	fusion	10	0	5	13	between
fs32k	15	all	14	0.5135179758071899	fusion	10	0	5	13	between
fs32k	15	all	15	0.4963304698467254	fusion	10	0	5	13	between
fs32k	15	all	16	0.5255492925643921	fusion	10	0	5	13	between
fs32k	15	all	17	0.5191139578819275	fusion	10	0	5	13	between
fs32k	15	all	18	0.5145783424377441	fusion	10	0	5	13	between
fs32k	15	all	19	0.5307331085205078	fusion	10	0	5	13	between
fs32k	15	all	20	0.5392064452171326	fusion	10	0	5	13	between
fs32k	15	all	21	0.5281386375427246	fusion	10	0	5	13	between
fs32k	15	all	22	0.5242606401443481	fusion	10	0	5	13	between
fs32k	15	all	23	0.5074489116668701	fusion	10	0	5	13	between
fs32k	15	all	24	0.5423574447631836	fusion	10	0	5	13	between
fs32k	15	all	25	0.5303225517272949	fusion	10	0	5	13	between
fs32k	15	all	26	0.5309988260269165	fusion	10	0	5	13	between
fs32k	15	all	27	0.5372228622436523	fusion	10	0	5	13	between
fs32k	15	all	28	0.5448381900787354	fusion	10	0	5	13	between
fs32k	15	all	29	0.5396726727485657	fusion	10	0	5	13	between
fs32k	15	all	30	0.5068684220314026	fusion	10	0	5	13	between
fs32k	15	all	31	0.556624174118042	fusion	10	0	5	13	between
fs32k	15	all	32	0.5218766927719116	fusion	10	0	5	13	between
fs32k	15	all	33	0.5541794896125793	fusion	10	0	5	13	between
fs32k	15	all	34	0.5559454560279846	fusion	10	0	5	13	between
fs32k	15	all	35	0.5285971760749817	fusion	10	0	5	13	between
fs32k	15	all	36	0.4995056688785553	fusion	10	0	5	13	between
fs32k	15	all	37	0.5225757360458374	fusion	10	0	5	13	between
fs32k	15	all	38	0.5147943496704102	fusion	10	0	5	13	between
fs32k	15	all	39	0.5216673612594604	fusion	10	0	5	13	between
fs32k	15	all	40	0.5359084010124207	fusion	10	0	5	13	between
fs32k	15	all	41	0.515121340751648	fusion	10	0	5	13	between
fs32k	15	all	42	0.5322278738021851	fusion	10	0	5	13	between
fs32k	15	all	43	0.5375319123268127	fusion	10	0	5	13	between
fs32k	15	all	44	0.5343638062477112	fusion	10	0	5	13	between
fs32k	15	all	45	0.5200431942939758	fusion	10	0	5	13	between
fs32k	15	all	46	0.5227376818656921	fusion	10	0	5	13	between
fs32k	15	all	47	0.5292851328849792	fusion	10	0	5	13	between
fs32k	15	all	48	0.5146417617797852	fusion	10	0	5	13	between
fs32k	15	all	49	0.5135669708251953	fusion	10	0	5	13	between
fs32k	15	all	50	0.5457837581634521	fusion	10	0	5	13	between
fs32k	15	all	51	0.5415753126144409	fusion	10	0	5	13	between
fs32k	15	all	52	0.5488895773887634	fusion	10	0	5	13	between
fs32k	15	all	53	0.5336493253707886	fusion	10	0	5	13	between
fs32k	15	all	54	0.526251494884491	fusion	10	0	5	13	between
fs32k	15	all	55	0.5316678881645203	fusion	10	0	5	13	between
fs32k	15	all	1	0.5003914833068848	fusion	10	0	5	14	between
fs32k	15	all	2	0.5496041774749756	fusion	10	0	5	14	between
fs32k	15	all	3	0.5371181964874268	fusion	10	0	5	14	between
fs32k	15	all	4	0.5223207473754883	fusion	10	0	5	14	between
fs32k	15	all	5	0.5390309691429138	fusion	10	0	5	14	between
fs32k	15	all	6	0.5362434387207031	fusion	10	0	5	14	between
fs32k	15	all	7	0.5506114363670349	fusion	10	0	5	14	between
fs32k	15	all	8	0.5257007479667664	fusion	10	0	5	14	between
fs32k	15	all	9	0.5477719902992249	fusion	10	0	5	14	between
fs32k	15	all	10	0.5335633754730225	fusion	10	0	5	14	between
fs32k	15	all	11	0.5262237787246704	fusion	10	0	5	14	between
fs32k	15	all	12	0.5248492956161499	fusion	10	0	5	14	between
fs32k	15	all	13	0.5015215277671814	fusion	10	0	5	14	between
fs32k	15	all	14	0.5176045298576355	fusion	10	0	5	14	between
fs32k	15	all	15	0.4946455061435699	fusion	10	0	5	14	between
fs32k	15	all	16	0.5122034549713135	fusion	10	0	5	14	between
fs32k	15	all	17	0.5119509696960449	fusion	10	0	5	14	between
fs32k	15	all	18	0.5066523551940918	fusion	10	0	5	14	between
fs32k	15	all	19	0.5378441214561462	fusion	10	0	5	14	between
fs32k	15	all	20	0.5435329675674438	fusion	10	0	5	14	between
fs32k	15	all	21	0.5277432203292847	fusion	10	0	5	14	between
fs32k	15	all	22	0.5354583263397217	fusion	10	0	5	14	between
fs32k	15	all	23	0.5146170258522034	fusion	10	0	5	14	between
fs32k	15	all	24	0.5526251792907715	fusion	10	0	5	14	between
fs32k	15	all	25	0.5416577458381653	fusion	10	0	5	14	between
fs32k	15	all	26	0.5364128351211548	fusion	10	0	5	14	between
fs32k	15	all	27	0.5407986640930176	fusion	10	0	5	14	between
fs32k	15	all	28	0.5355590581893921	fusion	10	0	5	14	between
fs32k	15	all	29	0.5343807339668274	fusion	10	0	5	14	between
fs32k	15	all	30	0.510643720626831	fusion	10	0	5	14	between
fs32k	15	all	31	0.5413826107978821	fusion	10	0	5	14	between
fs32k	15	all	32	0.5047522783279419	fusion	10	0	5	14	between
fs32k	15	all	33	0.5390716791152954	fusion	10	0	5	14	between
fs32k	15	all	34	0.5502752065658569	fusion	10	0	5	14	between
fs32k	15	all	35	0.5356811285018921	fusion	10	0	5	14	between
fs32k	15	all	36	0.505638599395752	fusion	10	0	5	14	between
fs32k	15	all	37	0.5165501236915588	fusion	10	0	5	14	between
fs32k	15	all	38	0.5088693499565125	fusion	10	0	5	14	between
fs32k	15	all	39	0.5158858299255371	fusion	10	0	5	14	between
fs32k	15	all	40	0.5369002223014832	fusion	10	0	5	14	between
fs32k	15	all	41	0.5185079574584961	fusion	10	0	5	14	between
fs32k	15	all	42	0.5327714681625366	fusion	10	0	5	14	between
fs32k	15	all	43	0.5393553376197815	fusion	10	0	5	14	between
fs32k	15	all	44	0.5272929668426514	fusion	10	0	5	14	between
fs32k	15	all	45	0.5314748883247375	fusion	10	0	5	14	between
fs32k	15	all	46	0.5232638120651245	fusion	10	0	5	14	between
fs32k	15	all	47	0.5182154178619385	fusion	10	0	5	14	between
fs32k	15	all	48	0.518223762512207	fusion	10	0	5	14	between
fs32k	15	all	49	0.520404577255249	fusion	10	0	5	14	between
fs32k	15	all	50	0.5362520217895508	fusion	10	0	5	14	between
fs32k	15	all	51	0.5355719923973083	fusion	10	0	5	14	between
fs32k	15	all	52	0.5343271493911743	fusion	10	0	5	14	between
fs32k	15	all	53	0.5224977731704712	fusion	10	0	5	14	between
fs32k	15	all	54	0.5199871063232422	fusion	10	0	5	14	between
fs32k	15	all	55	0.5330058932304382	fusion	10	0	5	14	between
fs32k	15	all	1	0.4867180585861206	fusion	10	0	5	15	between
fs32k	15	all	2	0.5321349501609802	fusion	10	0	5	15	between
fs32k	15	all	3	0.5418744087219238	fusion	10	0	5	15	between
fs32k	15	all	4	0.5191099643707275	fusion	10	0	5	15	between
fs32k	15	all	5	0.5402649641036987	fusion	10	0	5	15	between
fs32k	15	all	6	0.5281123518943787	fusion	10	0	5	15	between
fs32k	15	all	7	0.544559895992279	fusion	10	0	5	15	between
fs32k	15	all	8	0.5255947709083557	fusion	10	0	5	15	between
fs32k	15	all	9	0.5355433821678162	fusion	10	0	5	15	between
fs32k	15	all	10	0.5275205969810486	fusion	10	0	5	15	between
fs32k	15	all	11	0.5101452469825745	fusion	10	0	5	15	between
fs32k	15	all	12	0.5214325785636902	fusion	10	0	5	15	between
fs32k	15	all	13	0.4930388331413269	fusion	10	0	5	15	between
fs32k	15	all	14	0.5044114589691162	fusion	10	0	5	15	between
fs32k	15	all	15	0.4806366562843323	fusion	10	0	5	15	between
fs32k	15	all	16	0.5108819007873535	fusion	10	0	5	15	between
fs32k	15	all	17	0.5092921257019043	fusion	10	0	5	15	between
fs32k	15	all	18	0.4986481070518493	fusion	10	0	5	15	between
fs32k	15	all	19	0.5100438594818115	fusion	10	0	5	15	between
fs32k	15	all	20	0.5344305038452148	fusion	10	0	5	15	between
fs32k	15	all	21	0.5209671258926392	fusion	10	0	5	15	between
fs32k	15	all	22	0.5244622826576233	fusion	10	0	5	15	between
fs32k	15	all	23	0.5008577704429626	fusion	10	0	5	15	between
fs32k	15	all	24	0.5362226963043213	fusion	10	0	5	15	between
fs32k	15	all	25	0.5340445637702942	fusion	10	0	5	15	between
fs32k	15	all	26	0.5256619453430176	fusion	10	0	5	15	between
fs32k	15	all	27	0.5283524394035339	fusion	10	0	5	15	between
fs32k	15	all	28	0.5353538990020752	fusion	10	0	5	15	between
fs32k	15	all	29	0.5314333438873291	fusion	10	0	5	15	between
fs32k	15	all	30	0.5061776638031006	fusion	10	0	5	15	between
fs32k	15	all	31	0.555022120475769	fusion	10	0	5	15	between
fs32k	15	all	32	0.5120176076889038	fusion	10	0	5	15	between
fs32k	15	all	33	0.5451219081878662	fusion	10	0	5	15	between
fs32k	15	all	34	0.5432094931602478	fusion	10	0	5	15	between
fs32k	15	all	35	0.5200636982917786	fusion	10	0	5	15	between
fs32k	15	all	36	0.4992292523384094	fusion	10	0	5	15	between
fs32k	15	all	37	0.5145002603530884	fusion	10	0	5	15	between
fs32k	15	all	38	0.5094534158706665	fusion	10	0	5	15	between
fs32k	15	all	39	0.5141410231590271	fusion	10	0	5	15	between
fs32k	15	all	40	0.5219249725341797	fusion	10	0	5	15	between
fs32k	15	all	41	0.5167151093482971	fusion	10	0	5	15	between
fs32k	15	all	42	0.5333997011184692	fusion	10	0	5	15	between
fs32k	15	all	43	0.5401841998100281	fusion	10	0	5	15	between
fs32k	15	all	44	0.539486825466156	fusion	10	0	5	15	between
fs32k	15	all	45	0.5264416933059692	fusion	10	0	5	15	between
fs32k	15	all	46	0.5210956335067749	fusion	10	0	5	15	between
fs32k	15	all	47	0.5180827975273132	fusion	10	0	5	15	between
fs32k	15	all	48	0.5150625109672546	fusion	10	0	5	15	between
fs32k	15	all	49	0.5106385946273804	fusion	10	0	5	15	between
fs32k	15	all	50	0.5407798290252686	fusion	10	0	5	15	between
fs32k	15	all	51	0.5383477210998535	fusion	10	0	5	15	between
fs32k	15	all	52	0.5425235033035278	fusion	10	0	5	15	between
fs32k	15	all	53	0.5205500721931458	fusion	10	0	5	15	between
fs32k	15	all	54	0.523802638053894	fusion	10	0	5	15	between
fs32k	15	all	55	0.5325769186019897	fusion	10	0	5	15	between
fs32k	15	all	1	0.5299472808837891	fusion	10	0	6	7	between
fs32k	15	all	2	0.5297122001647949	fusion	10	0	6	7	between
fs32k	15	all	3	0.5460044145584106	fusion	10	0	6	7	between
fs32k	15	all	4	0.5415544509887695	fusion	10	0	6	7	between
fs32k	15	all	5	0.5509979724884033	fusion	10	0	6	7	between
fs32k	15	all	6	0.5372419953346252	fusion	10	0	6	7	between
fs32k	15	all	7	0.5490383505821228	fusion	10	0	6	7	between
fs32k	15	all	8	0.540529727935791	fusion	10	0	6	7	between
fs32k	15	all	9	0.5438977479934692	fusion	10	0	6	7	between
fs32k	15	all	10	0.5379679203033447	fusion	10	0	6	7	between
fs32k	15	all	11	0.5336799621582031	fusion	10	0	6	7	between
fs32k	15	all	12	0.5427199602127075	fusion	10	0	6	7	between
fs32k	15	all	13	0.5238029956817627	fusion	10	0	6	7	between
fs32k	15	all	14	0.5244044065475464	fusion	10	0	6	7	between
fs32k	15	all	15	0.5087980031967163	fusion	10	0	6	7	between
fs32k	15	all	16	0.5426012277603149	fusion	10	0	6	7	between
fs32k	15	all	17	0.53544682264328	fusion	10	0	6	7	between
fs32k	15	all	18	0.5236061811447144	fusion	10	0	6	7	between
fs32k	15	all	19	0.529166579246521	fusion	10	0	6	7	between
fs32k	15	all	20	0.5213518142700195	fusion	10	0	6	7	between
fs32k	15	all	21	0.5303711891174316	fusion	10	0	6	7	between
fs32k	15	all	22	0.5139155983924866	fusion	10	0	6	7	between
fs32k	15	all	23	0.5155243277549744	fusion	10	0	6	7	between
fs32k	15	all	24	0.5379001498222351	fusion	10	0	6	7	between
fs32k	15	all	25	0.536641001701355	fusion	10	0	6	7	between
fs32k	15	all	26	0.5189894437789917	fusion	10	0	6	7	between
fs32k	15	all	27	0.5210816860198975	fusion	10	0	6	7	between
fs32k	15	all	28	0.5378631949424744	fusion	10	0	6	7	between
fs32k	15	all	29	0.5287946462631226	fusion	10	0	6	7	between
fs32k	15	all	30	0.5069749355316162	fusion	10	0	6	7	between
fs32k	15	all	31	0.5551104545593262	fusion	10	0	6	7	between
fs32k	15	all	32	0.529638946056366	fusion	10	0	6	7	between
fs32k	15	all	33	0.5580366849899292	fusion	10	0	6	7	between
fs32k	15	all	34	0.5503211617469788	fusion	10	0	6	7	between
fs32k	15	all	35	0.5127817988395691	fusion	10	0	6	7	between
fs32k	15	all	36	0.5073251724243164	fusion	10	0	6	7	between
fs32k	15	all	37	0.5357058048248291	fusion	10	0	6	7	between
fs32k	15	all	38	0.5252770185470581	fusion	10	0	6	7	between
fs32k	15	all	39	0.5100991129875183	fusion	10	0	6	7	between
fs32k	15	all	40	0.5095968842506409	fusion	10	0	6	7	between
fs32k	15	all	41	0.5140776634216309	fusion	10	0	6	7	between
fs32k	15	all	42	0.5340794920921326	fusion	10	0	6	7	between
fs32k	15	all	43	0.5477060079574585	fusion	10	0	6	7	between
fs32k	15	all	44	0.5308414697647095	fusion	10	0	6	7	between
fs32k	15	all	45	0.5096786022186279	fusion	10	0	6	7	between
fs32k	15	all	46	0.5192357897758484	fusion	10	0	6	7	between
fs32k	15	all	47	0.5290679931640625	fusion	10	0	6	7	between
fs32k	15	all	48	0.5051286220550537	fusion	10	0	6	7	between
fs32k	15	all	49	0.506871223449707	fusion	10	0	6	7	between
fs32k	15	all	50	0.5490100979804993	fusion	10	0	6	7	between
fs32k	15	all	51	0.5365060567855835	fusion	10	0	6	7	between
fs32k	15	all	52	0.539441704750061	fusion	10	0	6	7	between
fs32k	15	all	53	0.5426050424575806	fusion	10	0	6	7	between
fs32k	15	all	54	0.5317392349243164	fusion	10	0	6	7	between
fs32k	15	all	55	0.5336891412734985	fusion	10	0	6	7	between
fs32k	15	all	1	0.5274767875671387	fusion	10	0	6	8	between
fs32k	15	all	2	0.5210676193237305	fusion	10	0	6	8	between
fs32k	15	all	3	0.5430248975753784	fusion	10	0	6	8	between
fs32k	15	all	4	0.5351883172988892	fusion	10	0	6	8	between
fs32k	15	all	5	0.5467581748962402	fusion	10	0	6	8	between
fs32k	15	all	6	0.5315783619880676	fusion	10	0	6	8	between
fs32k	15	all	7	0.5291445255279541	fusion	10	0	6	8	between
fs32k	15	all	8	0.516047477722168	fusion	10	0	6	8	between
fs32k	15	all	9	0.5261499881744385	fusion	10	0	6	8	between
fs32k	15	all	10	0.537507176399231	fusion	10	0	6	8	between
fs32k	15	all	11	0.5286953449249268	fusion	10	0	6	8	between
fs32k	15	all	12	0.5475809574127197	fusion	10	0	6	8	between
fs32k	15	all	13	0.5289300680160522	fusion	10	0	6	8	between
fs32k	15	all	14	0.5292831659317017	fusion	10	0	6	8	between
fs32k	15	all	15	0.5122255682945251	fusion	10	0	6	8	between
fs32k	15	all	16	0.5311122536659241	fusion	10	0	6	8	between
fs32k	15	all	17	0.5348432660102844	fusion	10	0	6	8	between
fs32k	15	all	18	0.5214601755142212	fusion	10	0	6	8	between
fs32k	15	all	19	0.535939633846283	fusion	10	0	6	8	between
fs32k	15	all	20	0.5292918682098389	fusion	10	0	6	8	between
fs32k	15	all	21	0.5240806341171265	fusion	10	0	6	8	between
fs32k	15	all	22	0.5130255818367004	fusion	10	0	6	8	between
fs32k	15	all	23	0.5094056725502014	fusion	10	0	6	8	between
fs32k	15	all	24	0.5269781947135925	fusion	10	0	6	8	between
fs32k	15	all	25	0.5328311920166016	fusion	10	0	6	8	between
fs32k	15	all	26	0.516901969909668	fusion	10	0	6	8	between
fs32k	15	all	27	0.5241218209266663	fusion	10	0	6	8	between
fs32k	15	all	28	0.5361993312835693	fusion	10	0	6	8	between
fs32k	15	all	29	0.5258498191833496	fusion	10	0	6	8	between
fs32k	15	all	30	0.5201241374015808	fusion	10	0	6	8	between
fs32k	15	all	31	0.543533205986023	fusion	10	0	6	8	between
fs32k	15	all	32	0.5238184928894043	fusion	10	0	6	8	between
fs32k	15	all	33	0.5455079078674316	fusion	10	0	6	8	between
fs32k	15	all	34	0.551154613494873	fusion	10	0	6	8	between
fs32k	15	all	35	0.5177654027938843	fusion	10	0	6	8	between
fs32k	15	all	36	0.5121590495109558	fusion	10	0	6	8	between
fs32k	15	all	37	0.5279022455215454	fusion	10	0	6	8	between
fs32k	15	all	38	0.5258396863937378	fusion	10	0	6	8	between
fs32k	15	all	39	0.5077127814292908	fusion	10	0	6	8	between
fs32k	15	all	40	0.5126963257789612	fusion	10	0	6	8	between
fs32k	15	all	41	0.5158197283744812	fusion	10	0	6	8	between
fs32k	15	all	42	0.5190233588218689	fusion	10	0	6	8	between
fs32k	15	all	43	0.5450959801673889	fusion	10	0	6	8	between
fs32k	15	all	44	0.5224574208259583	fusion	10	0	6	8	between
fs32k	15	all	45	0.5173819661140442	fusion	10	0	6	8	between
fs32k	15	all	46	0.5224745869636536	fusion	10	0	6	8	between
fs32k	15	all	47	0.5361970663070679	fusion	10	0	6	8	between
fs32k	15	all	48	0.5047628283500671	fusion	10	0	6	8	between
fs32k	15	all	49	0.5146957039833069	fusion	10	0	6	8	between
fs32k	15	all	50	0.5375186204910278	fusion	10	0	6	8	between
fs32k	15	all	51	0.5129721164703369	fusion	10	0	6	8	between
fs32k	15	all	52	0.5210167169570923	fusion	10	0	6	8	between
fs32k	15	all	53	0.5178189873695374	fusion	10	0	6	8	between
fs32k	15	all	54	0.5238966941833496	fusion	10	0	6	8	between
fs32k	15	all	55	0.5266672968864441	fusion	10	0	6	8	between
fs32k	15	all	1	0.5374205112457275	fusion	10	0	6	9	between
fs32k	15	all	2	0.535230278968811	fusion	10	0	6	9	between
fs32k	15	all	3	0.5352113842964172	fusion	10	0	6	9	between
fs32k	15	all	4	0.5376276969909668	fusion	10	0	6	9	between
fs32k	15	all	5	0.5430405735969543	fusion	10	0	6	9	between
fs32k	15	all	6	0.5317705869674683	fusion	10	0	6	9	between
fs32k	15	all	7	0.5420790314674377	fusion	10	0	6	9	between
fs32k	15	all	8	0.5379902720451355	fusion	10	0	6	9	between
fs32k	15	all	9	0.5386459827423096	fusion	10	0	6	9	between
fs32k	15	all	10	0.5366666913032532	fusion	10	0	6	9	between
fs32k	15	all	11	0.5340494513511658	fusion	10	0	6	9	between
fs32k	15	all	12	0.5360836982727051	fusion	10	0	6	9	between
fs32k	15	all	13	0.5308624505996704	fusion	10	0	6	9	between
fs32k	15	all	14	0.5321274399757385	fusion	10	0	6	9	between
fs32k	15	all	15	0.5164569020271301	fusion	10	0	6	9	between
fs32k	15	all	16	0.537353515625	fusion	10	0	6	9	between
fs32k	15	all	17	0.5452373623847961	fusion	10	0	6	9	between
fs32k	15	all	18	0.5325545072555542	fusion	10	0	6	9	between
fs32k	15	all	19	0.5325324535369873	fusion	10	0	6	9	between
fs32k	15	all	20	0.5164467096328735	fusion	10	0	6	9	between
fs32k	15	all	21	0.5333684682846069	fusion	10	0	6	9	between
fs32k	15	all	22	0.5271404981613159	fusion	10	0	6	9	between
fs32k	15	all	23	0.5130757093429565	fusion	10	0	6	9	between
fs32k	15	all	24	0.5325244665145874	fusion	10	0	6	9	between
fs32k	15	all	25	0.5445955395698547	fusion	10	0	6	9	between
fs32k	15	all	26	0.5286307334899902	fusion	10	0	6	9	between
fs32k	15	all	27	0.5240424871444702	fusion	10	0	6	9	between
fs32k	15	all	28	0.5263952016830444	fusion	10	0	6	9	between
fs32k	15	all	29	0.5151411890983582	fusion	10	0	6	9	between
fs32k	15	all	30	0.5058860778808594	fusion	10	0	6	9	between
fs32k	15	all	31	0.5228626132011414	fusion	10	0	6	9	between
fs32k	15	all	32	0.5127741098403931	fusion	10	0	6	9	between
fs32k	15	all	33	0.5367940068244934	fusion	10	0	6	9	between
fs32k	15	all	34	0.5260902047157288	fusion	10	0	6	9	between
fs32k	15	all	35	0.521857500076294	fusion	10	0	6	9	between
fs32k	15	all	36	0.5050354599952698	fusion	10	0	6	9	between
fs32k	15	all	37	0.5223684310913086	fusion	10	0	6	9	between
fs32k	15	all	38	0.5350993275642395	fusion	10	0	6	9	between
fs32k	15	all	39	0.5187810659408569	fusion	10	0	6	9	between
fs32k	15	all	40	0.5092153549194336	fusion	10	0	6	9	between
fs32k	15	all	41	0.5081680417060852	fusion	10	0	6	9	between
fs32k	15	all	42	0.5276013612747192	fusion	10	0	6	9	between
fs32k	15	all	43	0.5482280254364014	fusion	10	0	6	9	between
fs32k	15	all	44	0.527565598487854	fusion	10	0	6	9	between
fs32k	15	all	45	0.5079575777053833	fusion	10	0	6	9	between
fs32k	15	all	46	0.5298395156860352	fusion	10	0	6	9	between
fs32k	15	all	47	0.5390089750289917	fusion	10	0	6	9	between
fs32k	15	all	48	0.5110138654708862	fusion	10	0	6	9	between
fs32k	15	all	49	0.5107232928276062	fusion	10	0	6	9	between
fs32k	15	all	50	0.5438352823257446	fusion	10	0	6	9	between
fs32k	15	all	51	0.5273212194442749	fusion	10	0	6	9	between
fs32k	15	all	52	0.5362606048583984	fusion	10	0	6	9	between
fs32k	15	all	53	0.5314000844955444	fusion	10	0	6	9	between
fs32k	15	all	54	0.523186206817627	fusion	10	0	6	9	between
fs32k	15	all	55	0.5258077383041382	fusion	10	0	6	9	between
fs32k	15	all	1	0.5411413908004761	fusion	10	0	6	10	between
fs32k	15	all	2	0.5340284109115601	fusion	10	0	6	10	between
fs32k	15	all	3	0.5413845777511597	fusion	10	0	6	10	between
fs32k	15	all	4	0.5426779389381409	fusion	10	0	6	10	between
fs32k	15	all	5	0.5582555532455444	fusion	10	0	6	10	between
fs32k	15	all	6	0.5412242412567139	fusion	10	0	6	10	between
fs32k	15	all	7	0.5469402074813843	fusion	10	0	6	10	between
fs32k	15	all	8	0.536871075630188	fusion	10	0	6	10	between
fs32k	15	all	9	0.542635977268219	fusion	10	0	6	10	between
fs32k	15	all	10	0.5395282506942749	fusion	10	0	6	10	between
fs32k	15	all	11	0.543735146522522	fusion	10	0	6	10	between
fs32k	15	all	12	0.5444074273109436	fusion	10	0	6	10	between
fs32k	15	all	13	0.5367314219474792	fusion	10	0	6	10	between
fs32k	15	all	14	0.5428929924964905	fusion	10	0	6	10	between
fs32k	15	all	15	0.5259288549423218	fusion	10	0	6	10	between
fs32k	15	all	16	0.5374140739440918	fusion	10	0	6	10	between
fs32k	15	all	17	0.548628032207489	fusion	10	0	6	10	between
fs32k	15	all	18	0.5327483415603638	fusion	10	0	6	10	between
fs32k	15	all	19	0.5522240996360779	fusion	10	0	6	10	between
fs32k	15	all	20	0.527697741985321	fusion	10	0	6	10	between
fs32k	15	all	21	0.524796724319458	fusion	10	0	6	10	between
fs32k	15	all	22	0.5159527063369751	fusion	10	0	6	10	between
fs32k	15	all	23	0.5207001566886902	fusion	10	0	6	10	between
fs32k	15	all	24	0.5345172882080078	fusion	10	0	6	10	between
fs32k	15	all	25	0.5319314002990723	fusion	10	0	6	10	between
fs32k	15	all	26	0.5258538126945496	fusion	10	0	6	10	between
fs32k	15	all	27	0.5293889045715332	fusion	10	0	6	10	between
fs32k	15	all	28	0.5228835344314575	fusion	10	0	6	10	between
fs32k	15	all	29	0.523653507232666	fusion	10	0	6	10	between
fs32k	15	all	30	0.5204834938049316	fusion	10	0	6	10	between
fs32k	15	all	31	0.5276167392730713	fusion	10	0	6	10	between
fs32k	15	all	32	0.512627899646759	fusion	10	0	6	10	between
fs32k	15	all	33	0.5415480732917786	fusion	10	0	6	10	between
fs32k	15	all	34	0.5484497547149658	fusion	10	0	6	10	between
fs32k	15	all	35	0.5286903381347656	fusion	10	0	6	10	between
fs32k	15	all	36	0.5089472532272339	fusion	10	0	6	10	between
fs32k	15	all	37	0.5252104997634888	fusion	10	0	6	10	between
fs32k	15	all	38	0.5273329615592957	fusion	10	0	6	10	between
fs32k	15	all	39	0.5152959823608398	fusion	10	0	6	10	between
fs32k	15	all	40	0.522244393825531	fusion	10	0	6	10	between
fs32k	15	all	41	0.51756352186203	fusion	10	0	6	10	between
fs32k	15	all	42	0.5375174283981323	fusion	10	0	6	10	between
fs32k	15	all	43	0.5525976419448853	fusion	10	0	6	10	between
fs32k	15	all	44	0.5363615155220032	fusion	10	0	6	10	between
fs32k	15	all	45	0.5247924327850342	fusion	10	0	6	10	between
fs32k	15	all	46	0.5269550085067749	fusion	10	0	6	10	between
fs32k	15	all	47	0.5315308570861816	fusion	10	0	6	10	between
fs32k	15	all	48	0.5135902166366577	fusion	10	0	6	10	between
fs32k	15	all	49	0.5138829946517944	fusion	10	0	6	10	between
fs32k	15	all	50	0.5434582233428955	fusion	10	0	6	10	between
fs32k	15	all	51	0.5249267816543579	fusion	10	0	6	10	between
fs32k	15	all	52	0.5316887497901917	fusion	10	0	6	10	between
fs32k	15	all	53	0.5317506790161133	fusion	10	0	6	10	between
fs32k	15	all	54	0.527633786201477	fusion	10	0	6	10	between
fs32k	15	all	55	0.5308771133422852	fusion	10	0	6	10	between
fs32k	15	all	1	0.533653736114502	fusion	10	0	6	11	between
fs32k	15	all	2	0.5327135324478149	fusion	10	0	6	11	between
fs32k	15	all	3	0.5441697835922241	fusion	10	0	6	11	between
fs32k	15	all	4	0.5499458909034729	fusion	10	0	6	11	between
fs32k	15	all	5	0.5484061241149902	fusion	10	0	6	11	between
fs32k	15	all	6	0.5396302938461304	fusion	10	0	6	11	between
fs32k	15	all	7	0.5410472750663757	fusion	10	0	6	11	between
fs32k	15	all	8	0.5446458458900452	fusion	10	0	6	11	between
fs32k	15	all	9	0.5387251377105713	fusion	10	0	6	11	between
fs32k	15	all	10	0.5370222926139832	fusion	10	0	6	11	between
fs32k	15	all	11	0.5379047393798828	fusion	10	0	6	11	between
fs32k	15	all	12	0.5434690713882446	fusion	10	0	6	11	between
fs32k	15	all	13	0.531646728515625	fusion	10	0	6	11	between
fs32k	15	all	14	0.5260583162307739	fusion	10	0	6	11	between
fs32k	15	all	15	0.5154743194580078	fusion	10	0	6	11	between
fs32k	15	all	16	0.5340251326560974	fusion	10	0	6	11	between
fs32k	15	all	17	0.5502669811248779	fusion	10	0	6	11	between
fs32k	15	all	18	0.5255365371704102	fusion	10	0	6	11	between
fs32k	15	all	19	0.5360515117645264	fusion	10	0	6	11	between
fs32k	15	all	20	0.5190280675888062	fusion	10	0	6	11	between
fs32k	15	all	21	0.5224952101707458	fusion	10	0	6	11	between
fs32k	15	all	22	0.5206590294837952	fusion	10	0	6	11	between
fs32k	15	all	23	0.509894609451294	fusion	10	0	6	11	between
fs32k	15	all	24	0.5395898818969727	fusion	10	0	6	11	between
fs32k	15	all	25	0.5346966981887817	fusion	10	0	6	11	between
fs32k	15	all	26	0.5292445421218872	fusion	10	0	6	11	between
fs32k	15	all	27	0.5304325819015503	fusion	10	0	6	11	between
fs32k	15	all	28	0.5300276875495911	fusion	10	0	6	11	between
fs32k	15	all	29	0.5203444361686707	fusion	10	0	6	11	between
fs32k	15	all	30	0.507634699344635	fusion	10	0	6	11	between
fs32k	15	all	31	0.5324954390525818	fusion	10	0	6	11	between
fs32k	15	all	32	0.5360807180404663	fusion	10	0	6	11	between
fs32k	15	all	33	0.5449097752571106	fusion	10	0	6	11	between
fs32k	15	all	34	0.5508584976196289	fusion	10	0	6	11	between
fs32k	15	all	35	0.5254499912261963	fusion	10	0	6	11	between
fs32k	15	all	36	0.5116223692893982	fusion	10	0	6	11	between
fs32k	15	all	37	0.5240654945373535	fusion	10	0	6	11	between
fs32k	15	all	38	0.5366373658180237	fusion	10	0	6	11	between
fs32k	15	all	39	0.5203870534896851	fusion	10	0	6	11	between
fs32k	15	all	40	0.5167524814605713	fusion	10	0	6	11	between
fs32k	15	all	41	0.5103358626365662	fusion	10	0	6	11	between
fs32k	15	all	42	0.5291837453842163	fusion	10	0	6	11	between
fs32k	15	all	43	0.5444789528846741	fusion	10	0	6	11	between
fs32k	15	all	44	0.5326911807060242	fusion	10	0	6	11	between
fs32k	15	all	45	0.5208323001861572	fusion	10	0	6	11	between
fs32k	15	all	46	0.5262082815170288	fusion	10	0	6	11	between
fs32k	15	all	47	0.5353481769561768	fusion	10	0	6	11	between
fs32k	15	all	48	0.5069411993026733	fusion	10	0	6	11	between
fs32k	15	all	49	0.5087814927101135	fusion	10	0	6	11	between
fs32k	15	all	50	0.5388691425323486	fusion	10	0	6	11	between
fs32k	15	all	51	0.5227571129798889	fusion	10	0	6	11	between
fs32k	15	all	52	0.5393073558807373	fusion	10	0	6	11	between
fs32k	15	all	53	0.5379908084869385	fusion	10	0	6	11	between
fs32k	15	all	54	0.5344691276550293	fusion	10	0	6	11	between
fs32k	15	all	55	0.533727765083313	fusion	10	0	6	11	between
fs32k	15	all	1	0.5289700031280518	fusion	10	0	6	12	between
fs32k	15	all	2	0.513312041759491	fusion	10	0	6	12	between
fs32k	15	all	3	0.5358228087425232	fusion	10	0	6	12	between
fs32k	15	all	4	0.5330327153205872	fusion	10	0	6	12	between
fs32k	15	all	5	0.5423174500465393	fusion	10	0	6	12	between
fs32k	15	all	6	0.5276179909706116	fusion	10	0	6	12	between
fs32k	15	all	7	0.5272606611251831	fusion	10	0	6	12	between
fs32k	15	all	8	0.5421377420425415	fusion	10	0	6	12	between
fs32k	15	all	9	0.5272176861763	fusion	10	0	6	12	between
fs32k	15	all	10	0.5266258716583252	fusion	10	0	6	12	between
fs32k	15	all	11	0.5330020785331726	fusion	10	0	6	12	between
fs32k	15	all	12	0.5524249076843262	fusion	10	0	6	12	between
fs32k	15	all	13	0.5383886098861694	fusion	10	0	6	12	between
fs32k	15	all	14	0.5416208505630493	fusion	10	0	6	12	between
fs32k	15	all	15	0.5179994106292725	fusion	10	0	6	12	between
fs32k	15	all	16	0.5369437336921692	fusion	10	0	6	12	between
fs32k	15	all	17	0.5510623455047607	fusion	10	0	6	12	between
fs32k	15	all	18	0.518987238407135	fusion	10	0	6	12	between
fs32k	15	all	19	0.5363022089004517	fusion	10	0	6	12	between
fs32k	15	all	20	0.5280128121376038	fusion	10	0	6	12	between
fs32k	15	all	21	0.5190779566764832	fusion	10	0	6	12	between
fs32k	15	all	22	0.5119898319244385	fusion	10	0	6	12	between
fs32k	15	all	23	0.5111604928970337	fusion	10	0	6	12	between
fs32k	15	all	24	0.533491313457489	fusion	10	0	6	12	between
fs32k	15	all	25	0.5343117713928223	fusion	10	0	6	12	between
fs32k	15	all	26	0.517953634262085	fusion	10	0	6	12	between
fs32k	15	all	27	0.5336065888404846	fusion	10	0	6	12	between
fs32k	15	all	28	0.5396799445152283	fusion	10	0	6	12	between
fs32k	15	all	29	0.5327585935592651	fusion	10	0	6	12	between
fs32k	15	all	30	0.5131595730781555	fusion	10	0	6	12	between
fs32k	15	all	31	0.5437963008880615	fusion	10	0	6	12	between
fs32k	15	all	32	0.5301285982131958	fusion	10	0	6	12	between
fs32k	15	all	33	0.533128023147583	fusion	10	0	6	12	between
fs32k	15	all	34	0.553210973739624	fusion	10	0	6	12	between
fs32k	15	all	35	0.5180926322937012	fusion	10	0	6	12	between
fs32k	15	all	36	0.511450469493866	fusion	10	0	6	12	between
fs32k	15	all	37	0.5219401717185974	fusion	10	0	6	12	between
fs32k	15	all	38	0.5338267087936401	fusion	10	0	6	12	between
fs32k	15	all	39	0.5004509091377258	fusion	10	0	6	12	between
fs32k	15	all	40	0.5107885599136353	fusion	10	0	6	12	between
fs32k	15	all	41	0.512279212474823	fusion	10	0	6	12	between
fs32k	15	all	42	0.5230258703231812	fusion	10	0	6	12	between
fs32k	15	all	43	0.5532382726669312	fusion	10	0	6	12	between
fs32k	15	all	44	0.5225399732589722	fusion	10	0	6	12	between
fs32k	15	all	45	0.5191246271133423	fusion	10	0	6	12	between
fs32k	15	all	46	0.5122296214103699	fusion	10	0	6	12	between
fs32k	15	all	47	0.5353050231933594	fusion	10	0	6	12	between
fs32k	15	all	48	0.4951125383377075	fusion	10	0	6	12	between
fs32k	15	all	49	0.5081407427787781	fusion	10	0	6	12	between
fs32k	15	all	50	0.5392417907714844	fusion	10	0	6	12	between
fs32k	15	all	51	0.5107566118240356	fusion	10	0	6	12	between
fs32k	15	all	52	0.5339230298995972	fusion	10	0	6	12	between
fs32k	15	all	53	0.5322967767715454	fusion	10	0	6	12	between
fs32k	15	all	54	0.5291969180107117	fusion	10	0	6	12	between
fs32k	15	all	55	0.5296845436096191	fusion	10	0	6	12	between
fs32k	15	all	1	0.5257260799407959	fusion	10	0	6	13	between
fs32k	15	all	2	0.5241459012031555	fusion	10	0	6	13	between
fs32k	15	all	3	0.5468926429748535	fusion	10	0	6	13	between
fs32k	15	all	4	0.5383467674255371	fusion	10	0	6	13	between
fs32k	15	all	5	0.5410358905792236	fusion	10	0	6	13	between
fs32k	15	all	6	0.5338049530982971	fusion	10	0	6	13	between
fs32k	15	all	7	0.5475326776504517	fusion	10	0	6	13	between
fs32k	15	all	8	0.5310755968093872	fusion	10	0	6	13	between
fs32k	15	all	9	0.5376504063606262	fusion	10	0	6	13	between
fs32k	15	all	10	0.5320838093757629	fusion	10	0	6	13	between
fs32k	15	all	11	0.5352766513824463	fusion	10	0	6	13	between
fs32k	15	all	12	0.5437248349189758	fusion	10	0	6	13	between
fs32k	15	all	13	0.5306859016418457	fusion	10	0	6	13	between
fs32k	15	all	14	0.5295382738113403	fusion	10	0	6	13	between
fs32k	15	all	15	0.5191469192504883	fusion	10	0	6	13	between
fs32k	15	all	16	0.5424638986587524	fusion	10	0	6	13	between
fs32k	15	all	17	0.5460822582244873	fusion	10	0	6	13	between
fs32k	15	all	18	0.5339165925979614	fusion	10	0	6	13	between
fs32k	15	all	19	0.5411607623100281	fusion	10	0	6	13	between
fs32k	15	all	20	0.5228224992752075	fusion	10	0	6	13	between
fs32k	15	all	21	0.5285413265228271	fusion	10	0	6	13	between
fs32k	15	all	22	0.516132116317749	fusion	10	0	6	13	between
fs32k	15	all	23	0.5172114968299866	fusion	10	0	6	13	between
fs32k	15	all	24	0.5393723249435425	fusion	10	0	6	13	between
fs32k	15	all	25	0.5300280451774597	fusion	10	0	6	13	between
fs32k	15	all	26	0.5228527784347534	fusion	10	0	6	13	between
fs32k	15	all	27	0.5282024145126343	fusion	10	0	6	13	between
fs32k	15	all	28	0.5431529879570007	fusion	10	0	6	13	between
fs32k	15	all	29	0.5333390235900879	fusion	10	0	6	13	between
fs32k	15	all	30	0.5141133069992065	fusion	10	0	6	13	between
fs32k	15	all	31	0.5508663058280945	fusion	10	0	6	13	between
fs32k	15	all	32	0.5259735584259033	fusion	10	0	6	13	between
fs32k	15	all	33	0.5501359701156616	fusion	10	0	6	13	between
fs32k	15	all	34	0.5500470399856567	fusion	10	0	6	13	between
fs32k	15	all	35	0.5293002128601074	fusion	10	0	6	13	between
fs32k	15	all	36	0.5129297971725464	fusion	10	0	6	13	between
fs32k	15	all	37	0.5355802178382874	fusion	10	0	6	13	between
fs32k	15	all	38	0.5335448980331421	fusion	10	0	6	13	between
fs32k	15	all	39	0.5254561305046082	fusion	10	0	6	13	between
fs32k	15	all	40	0.5242235660552979	fusion	10	0	6	13	between
fs32k	15	all	41	0.5159564018249512	fusion	10	0	6	13	between
fs32k	15	all	42	0.5382322072982788	fusion	10	0	6	13	between
fs32k	15	all	43	0.5503590703010559	fusion	10	0	6	13	between
fs32k	15	all	44	0.537513017654419	fusion	10	0	6	13	between
fs32k	15	all	45	0.5163508653640747	fusion	10	0	6	13	between
fs32k	15	all	46	0.5259514451026917	fusion	10	0	6	13	between
fs32k	15	all	47	0.5346807241439819	fusion	10	0	6	13	between
fs32k	15	all	48	0.5160638689994812	fusion	10	0	6	13	between
fs32k	15	all	49	0.5203593969345093	fusion	10	0	6	13	between
fs32k	15	all	50	0.5448304414749146	fusion	10	0	6	13	between
fs32k	15	all	51	0.5330063104629517	fusion	10	0	6	13	between
fs32k	15	all	52	0.548892617225647	fusion	10	0	6	13	between
fs32k	15	all	53	0.5339890122413635	fusion	10	0	6	13	between
fs32k	15	all	54	0.5328165292739868	fusion	10	0	6	13	between
fs32k	15	all	55	0.5362140536308289	fusion	10	0	6	13	between
fs32k	15	all	1	0.5303215980529785	fusion	10	0	6	14	between
fs32k	15	all	2	0.5401719212532043	fusion	10	0	6	14	between
fs32k	15	all	3	0.5348835587501526	fusion	10	0	6	14	between
fs32k	15	all	4	0.5382777452468872	fusion	10	0	6	14	between
fs32k	15	all	5	0.5486186146736145	fusion	10	0	6	14	between
fs32k	15	all	6	0.5366197824478149	fusion	10	0	6	14	between
fs32k	15	all	7	0.5473420023918152	fusion	10	0	6	14	between
fs32k	15	all	8	0.5373154282569885	fusion	10	0	6	14	between
fs32k	15	all	9	0.543273389339447	fusion	10	0	6	14	between
fs32k	15	all	10	0.543846070766449	fusion	10	0	6	14	between
fs32k	15	all	11	0.5460293292999268	fusion	10	0	6	14	between
fs32k	15	all	12	0.5413552522659302	fusion	10	0	6	14	between
fs32k	15	all	13	0.5254628658294678	fusion	10	0	6	14	between
fs32k	15	all	14	0.5294122695922852	fusion	10	0	6	14	between
fs32k	15	all	15	0.5174280405044556	fusion	10	0	6	14	between
fs32k	15	all	16	0.5347709655761719	fusion	10	0	6	14	between
fs32k	15	all	17	0.5378074049949646	fusion	10	0	6	14	between
fs32k	15	all	18	0.5259217619895935	fusion	10	0	6	14	between
fs32k	15	all	19	0.5433899760246277	fusion	10	0	6	14	between
fs32k	15	all	20	0.5332950949668884	fusion	10	0	6	14	between
fs32k	15	all	21	0.5241222381591797	fusion	10	0	6	14	between
fs32k	15	all	22	0.5298819541931152	fusion	10	0	6	14	between
fs32k	15	all	23	0.5195926427841187	fusion	10	0	6	14	between
fs32k	15	all	24	0.542873740196228	fusion	10	0	6	14	between
fs32k	15	all	25	0.5427027344703674	fusion	10	0	6	14	between
fs32k	15	all	26	0.5313326716423035	fusion	10	0	6	14	between
fs32k	15	all	27	0.542364239692688	fusion	10	0	6	14	between
fs32k	15	all	28	0.5312002897262573	fusion	10	0	6	14	between
fs32k	15	all	29	0.5182905197143555	fusion	10	0	6	14	between
fs32k	15	all	30	0.5147414803504944	fusion	10	0	6	14	between
fs32k	15	all	31	0.5355105996131897	fusion	10	0	6	14	between
fs32k	15	all	32	0.5056419968605042	fusion	10	0	6	14	between
fs32k	15	all	33	0.537800669670105	fusion	10	0	6	14	between
fs32k	15	all	34	0.5441962480545044	fusion	10	0	6	14	between
fs32k	15	all	35	0.5297234058380127	fusion	10	0	6	14	between
fs32k	15	all	36	0.5081841349601746	fusion	10	0	6	14	between
fs32k	15	all	37	0.5288420915603638	fusion	10	0	6	14	between
fs32k	15	all	38	0.5240275859832764	fusion	10	0	6	14	between
fs32k	15	all	39	0.5137122273445129	fusion	10	0	6	14	between
fs32k	15	all	40	0.5191606283187866	fusion	10	0	6	14	between
fs32k	15	all	41	0.516129732131958	fusion	10	0	6	14	between
fs32k	15	all	42	0.5400429964065552	fusion	10	0	6	14	between
fs32k	15	all	43	0.5473191142082214	fusion	10	0	6	14	between
fs32k	15	all	44	0.5298922061920166	fusion	10	0	6	14	between
fs32k	15	all	45	0.5202503204345703	fusion	10	0	6	14	between
fs32k	15	all	46	0.5232889652252197	fusion	10	0	6	14	between
fs32k	15	all	47	0.5276898741722107	fusion	10	0	6	14	between
fs32k	15	all	48	0.5131993293762207	fusion	10	0	6	14	between
fs32k	15	all	49	0.5203259587287903	fusion	10	0	6	14	between
fs32k	15	all	50	0.5327985286712646	fusion	10	0	6	14	between
fs32k	15	all	51	0.5291007161140442	fusion	10	0	6	14	between
fs32k	15	all	52	0.5399897694587708	fusion	10	0	6	14	between
fs32k	15	all	53	0.5234247446060181	fusion	10	0	6	14	between
fs32k	15	all	54	0.5244907140731812	fusion	10	0	6	14	between
fs32k	15	all	55	0.5315515995025635	fusion	10	0	6	14	between
fs32k	15	all	1	0.519102931022644	fusion	10	0	6	15	between
fs32k	15	all	2	0.5256646871566772	fusion	10	0	6	15	between
fs32k	15	all	3	0.541450023651123	fusion	10	0	6	15	between
fs32k	15	all	4	0.5357635021209717	fusion	10	0	6	15	between
fs32k	15	all	5	0.5477887392044067	fusion	10	0	6	15	between
fs32k	15	all	6	0.5322750806808472	fusion	10	0	6	15	between
fs32k	15	all	7	0.5415928363800049	fusion	10	0	6	15	between
fs32k	15	all	8	0.5321375131607056	fusion	10	0	6	15	between
fs32k	15	all	9	0.5347998142242432	fusion	10	0	6	15	between
fs32k	15	all	10	0.5328019857406616	fusion	10	0	6	15	between
fs32k	15	all	11	0.5302005410194397	fusion	10	0	6	15	between
fs32k	15	all	12	0.5353734493255615	fusion	10	0	6	15	between
fs32k	15	all	13	0.5184926986694336	fusion	10	0	6	15	between
fs32k	15	all	14	0.520539402961731	fusion	10	0	6	15	between
fs32k	15	all	15	0.5075951814651489	fusion	10	0	6	15	between
fs32k	15	all	16	0.5278900265693665	fusion	10	0	6	15	between
fs32k	15	all	17	0.5317565202713013	fusion	10	0	6	15	between
fs32k	15	all	18	0.5204866528511047	fusion	10	0	6	15	between
fs32k	15	all	19	0.5224840641021729	fusion	10	0	6	15	between
fs32k	15	all	20	0.5234268307685852	fusion	10	0	6	15	between
fs32k	15	all	21	0.5246407985687256	fusion	10	0	6	15	between
fs32k	15	all	22	0.5209343433380127	fusion	10	0	6	15	between
fs32k	15	all	23	0.5068657398223877	fusion	10	0	6	15	between
fs32k	15	all	24	0.529687762260437	fusion	10	0	6	15	between
fs32k	15	all	25	0.5372122526168823	fusion	10	0	6	15	between
fs32k	15	all	26	0.5200204253196716	fusion	10	0	6	15	between
fs32k	15	all	27	0.5281370282173157	fusion	10	0	6	15	between
fs32k	15	all	28	0.5331077575683594	fusion	10	0	6	15	between
fs32k	15	all	29	0.5243447422981262	fusion	10	0	6	15	between
fs32k	15	all	30	0.5099825859069824	fusion	10	0	6	15	between
fs32k	15	all	31	0.5481224060058594	fusion	10	0	6	15	between
fs32k	15	all	32	0.516000509262085	fusion	10	0	6	15	between
fs32k	15	all	33	0.5446267127990723	fusion	10	0	6	15	between
fs32k	15	all	34	0.5448089838027954	fusion	10	0	6	15	between
fs32k	15	all	35	0.517264723777771	fusion	10	0	6	15	between
fs32k	15	all	36	0.5082553029060364	fusion	10	0	6	15	between
fs32k	15	all	37	0.52339106798172	fusion	10	0	6	15	between
fs32k	15	all	38	0.5300294160842896	fusion	10	0	6	15	between
fs32k	15	all	39	0.5159529447555542	fusion	10	0	6	15	between
fs32k	15	all	40	0.51191645860672	fusion	10	0	6	15	between
fs32k	15	all	41	0.5164992213249207	fusion	10	0	6	15	between
fs32k	15	all	42	0.540095865726471	fusion	10	0	6	15	between
fs32k	15	all	43	0.5483984351158142	fusion	10	0	6	15	between
fs32k	15	all	44	0.538240909576416	fusion	10	0	6	15	between
fs32k	15	all	45	0.5206290483474731	fusion	10	0	6	15	between
fs32k	15	all	46	0.5199956297874451	fusion	10	0	6	15	between
fs32k	15	all	47	0.5259808301925659	fusion	10	0	6	15	between
fs32k	15	all	48	0.5114599466323853	fusion	10	0	6	15	between
fs32k	15	all	49	0.5103297233581543	fusion	10	0	6	15	between
fs32k	15	all	50	0.5443201661109924	fusion	10	0	6	15	between
fs32k	15	all	51	0.532744288444519	fusion	10	0	6	15	between
fs32k	15	all	52	0.5419014692306519	fusion	10	0	6	15	between
fs32k	15	all	53	0.529579758644104	fusion	10	0	6	15	between
fs32k	15	all	54	0.5288916230201721	fusion	10	0	6	15	between
fs32k	15	all	55	0.5320677757263184	fusion	10	0	6	15	between
fs32k	15	all	1	0.5228433012962341	fusion	10	0	7	8	between
fs32k	15	all	2	0.5457037091255188	fusion	10	0	7	8	between
fs32k	15	all	3	0.5549917817115784	fusion	10	0	7	8	between
fs32k	15	all	4	0.5453134775161743	fusion	10	0	7	8	between
fs32k	15	all	5	0.5435171127319336	fusion	10	0	7	8	between
fs32k	15	all	6	0.5411466360092163	fusion	10	0	7	8	between
fs32k	15	all	7	0.5396924018859863	fusion	10	0	7	8	between
fs32k	15	all	8	0.53624427318573	fusion	10	0	7	8	between
fs32k	15	all	9	0.5421216487884521	fusion	10	0	7	8	between
fs32k	15	all	10	0.5490478277206421	fusion	10	0	7	8	between
fs32k	15	all	11	0.52381831407547	fusion	10	0	7	8	between
fs32k	15	all	12	0.5400274991989136	fusion	10	0	7	8	between
fs32k	15	all	13	0.5158694386482239	fusion	10	0	7	8	between
fs32k	15	all	14	0.5128380060195923	fusion	10	0	7	8	between
fs32k	15	all	15	0.5006216764450073	fusion	10	0	7	8	between
fs32k	15	all	16	0.5319579839706421	fusion	10	0	7	8	between
fs32k	15	all	17	0.5189488530158997	fusion	10	0	7	8	between
fs32k	15	all	18	0.5218852162361145	fusion	10	0	7	8	between
fs32k	15	all	19	0.5327381491661072	fusion	10	0	7	8	between
fs32k	15	all	20	0.5334363579750061	fusion	10	0	7	8	between
fs32k	15	all	21	0.535810112953186	fusion	10	0	7	8	between
fs32k	15	all	22	0.509529709815979	fusion	10	0	7	8	between
fs32k	15	all	23	0.5144716501235962	fusion	10	0	7	8	between
fs32k	15	all	24	0.5334738492965698	fusion	10	0	7	8	between
fs32k	15	all	25	0.5347684621810913	fusion	10	0	7	8	between
fs32k	15	all	26	0.5258946418762207	fusion	10	0	7	8	between
fs32k	15	all	27	0.5309907793998718	fusion	10	0	7	8	between
fs32k	15	all	28	0.5460719466209412	fusion	10	0	7	8	between
fs32k	15	all	29	0.5351032018661499	fusion	10	0	7	8	between
fs32k	15	all	30	0.5193118453025818	fusion	10	0	7	8	between
fs32k	15	all	31	0.5573639869689941	fusion	10	0	7	8	between
fs32k	15	all	32	0.5337809324264526	fusion	10	0	7	8	between
fs32k	15	all	33	0.5613486170768738	fusion	10	0	7	8	between
fs32k	15	all	34	0.5651909708976746	fusion	10	0	7	8	between
fs32k	15	all	35	0.5141637325286865	fusion	10	0	7	8	between
fs32k	15	all	36	0.5145784616470337	fusion	10	0	7	8	between
fs32k	15	all	37	0.5304387807846069	fusion	10	0	7	8	between
fs32k	15	all	38	0.521870493888855	fusion	10	0	7	8	between
fs32k	15	all	39	0.519668698310852	fusion	10	0	7	8	between
fs32k	15	all	40	0.5313149690628052	fusion	10	0	7	8	between
fs32k	15	all	41	0.5169593691825867	fusion	10	0	7	8	between
fs32k	15	all	42	0.5193306803703308	fusion	10	0	7	8	between
fs32k	15	all	43	0.5346739888191223	fusion	10	0	7	8	between
fs32k	15	all	44	0.5257564187049866	fusion	10	0	7	8	between
fs32k	15	all	45	0.5157598257064819	fusion	10	0	7	8	between
fs32k	15	all	46	0.513063371181488	fusion	10	0	7	8	between
fs32k	15	all	47	0.5251516699790955	fusion	10	0	7	8	between
fs32k	15	all	48	0.5059743523597717	fusion	10	0	7	8	between
fs32k	15	all	49	0.5208501219749451	fusion	10	0	7	8	between
fs32k	15	all	50	0.5324630737304688	fusion	10	0	7	8	between
fs32k	15	all	51	0.5262383222579956	fusion	10	0	7	8	between
fs32k	15	all	52	0.5352590084075928	fusion	10	0	7	8	between
fs32k	15	all	53	0.5287458896636963	fusion	10	0	7	8	between
fs32k	15	all	54	0.5367926955223083	fusion	10	0	7	8	between
fs32k	15	all	55	0.546988308429718	fusion	10	0	7	8	between
fs32k	15	all	1	0.5290921926498413	fusion	10	0	7	9	between
fs32k	15	all	2	0.5500390529632568	fusion	10	0	7	9	between
fs32k	15	all	3	0.5497081279754639	fusion	10	0	7	9	between
fs32k	15	all	4	0.5469313859939575	fusion	10	0	7	9	between
fs32k	15	all	5	0.5435302257537842	fusion	10	0	7	9	between
fs32k	15	all	6	0.5439795851707458	fusion	10	0	7	9	between
fs32k	15	all	7	0.552431046962738	fusion	10	0	7	9	between
fs32k	15	all	8	0.5556105375289917	fusion	10	0	7	9	between
fs32k	15	all	9	0.5555639266967773	fusion	10	0	7	9	between
fs32k	15	all	10	0.5533921122550964	fusion	10	0	7	9	between
fs32k	15	all	11	0.5283892750740051	fusion	10	0	7	9	between
fs32k	15	all	12	0.5283311605453491	fusion	10	0	7	9	between
fs32k	15	all	13	0.5218765139579773	fusion	10	0	7	9	between
fs32k	15	all	14	0.5158782005310059	fusion	10	0	7	9	between
fs32k	15	all	15	0.5058466792106628	fusion	10	0	7	9	between
fs32k	15	all	16	0.5360602140426636	fusion	10	0	7	9	between
fs32k	15	all	17	0.531976580619812	fusion	10	0	7	9	between
fs32k	15	all	18	0.5323374271392822	fusion	10	0	7	9	between
fs32k	15	all	19	0.529625415802002	fusion	10	0	7	9	between
fs32k	15	all	20	0.5190356373786926	fusion	10	0	7	9	between
fs32k	15	all	21	0.5384647846221924	fusion	10	0	7	9	between
fs32k	15	all	22	0.5201832056045532	fusion	10	0	7	9	between
fs32k	15	all	23	0.5150251388549805	fusion	10	0	7	9	between
fs32k	15	all	24	0.5345156788825989	fusion	10	0	7	9	between
fs32k	15	all	25	0.5504299998283386	fusion	10	0	7	9	between
fs32k	15	all	26	0.5366206765174866	fusion	10	0	7	9	between
fs32k	15	all	27	0.5312244892120361	fusion	10	0	7	9	between
fs32k	15	all	28	0.532684862613678	fusion	10	0	7	9	between
fs32k	15	all	29	0.5254440307617188	fusion	10	0	7	9	between
fs32k	15	all	30	0.4989374876022339	fusion	10	0	7	9	between
fs32k	15	all	31	0.5394129157066345	fusion	10	0	7	9	between
fs32k	15	all	32	0.5212205052375793	fusion	10	0	7	9	between
fs32k	15	all	33	0.5447522401809692	fusion	10	0	7	9	between
fs32k	15	all	34	0.5347331762313843	fusion	10	0	7	9	between
fs32k	15	all	35	0.5167801976203918	fusion	10	0	7	9	between
fs32k	15	all	36	0.5042763352394104	fusion	10	0	7	9	between
fs32k	15	all	37	0.5237401127815247	fusion	10	0	7	9	between
fs32k	15	all	38	0.5317098498344421	fusion	10	0	7	9	between
fs32k	15	all	39	0.5275184512138367	fusion	10	0	7	9	between
fs32k	15	all	40	0.5257710218429565	fusion	10	0	7	9	between
fs32k	15	all	41	0.5102885365486145	fusion	10	0	7	9	between
fs32k	15	all	42	0.5223315954208374	fusion	10	0	7	9	between
fs32k	15	all	43	0.5371643304824829	fusion	10	0	7	9	between
fs32k	15	all	44	0.5256806015968323	fusion	10	0	7	9	between
fs32k	15	all	45	0.5093539357185364	fusion	10	0	7	9	between
fs32k	15	all	46	0.5229201316833496	fusion	10	0	7	9	between
fs32k	15	all	47	0.5360677242279053	fusion	10	0	7	9	between
fs32k	15	all	48	0.5132341384887695	fusion	10	0	7	9	between
fs32k	15	all	49	0.5142572522163391	fusion	10	0	7	9	between
fs32k	15	all	50	0.5430876016616821	fusion	10	0	7	9	between
fs32k	15	all	51	0.5418781042098999	fusion	10	0	7	9	between
fs32k	15	all	52	0.5462808012962341	fusion	10	0	7	9	between
fs32k	15	all	53	0.5425465106964111	fusion	10	0	7	9	between
fs32k	15	all	54	0.5347236394882202	fusion	10	0	7	9	between
fs32k	15	all	55	0.5403151512145996	fusion	10	0	7	9	between
fs32k	15	all	1	0.5318566560745239	fusion	10	0	7	10	between
fs32k	15	all	2	0.5496958494186401	fusion	10	0	7	10	between
fs32k	15	all	3	0.5560851097106934	fusion	10	0	7	10	between
fs32k	15	all	4	0.5525281429290771	fusion	10	0	7	10	between
fs32k	15	all	5	0.5560040473937988	fusion	10	0	7	10	between
fs32k	15	all	6	0.5522922277450562	fusion	10	0	7	10	between
fs32k	15	all	7	0.5545476078987122	fusion	10	0	7	10	between
fs32k	15	all	8	0.5490026473999023	fusion	10	0	7	10	between
fs32k	15	all	9	0.556610643863678	fusion	10	0	7	10	between
fs32k	15	all	10	0.5560184121131897	fusion	10	0	7	10	between
fs32k	15	all	11	0.5370875000953674	fusion	10	0	7	10	between
fs32k	15	all	12	0.5377113819122314	fusion	10	0	7	10	between
fs32k	15	all	13	0.5231873989105225	fusion	10	0	7	10	between
fs32k	15	all	14	0.5207902193069458	fusion	10	0	7	10	between
fs32k	15	all	15	0.5182804465293884	fusion	10	0	7	10	between
fs32k	15	all	16	0.5375850200653076	fusion	10	0	7	10	between
fs32k	15	all	17	0.5339682102203369	fusion	10	0	7	10	between
fs32k	15	all	18	0.5324462652206421	fusion	10	0	7	10	between
fs32k	15	all	19	0.5458676815032959	fusion	10	0	7	10	between
fs32k	15	all	20	0.5277562141418457	fusion	10	0	7	10	between
fs32k	15	all	21	0.5328004956245422	fusion	10	0	7	10	between
fs32k	15	all	22	0.5134352445602417	fusion	10	0	7	10	between
fs32k	15	all	23	0.5191909074783325	fusion	10	0	7	10	between
fs32k	15	all	24	0.537862241268158	fusion	10	0	7	10	between
fs32k	15	all	25	0.5365026593208313	fusion	10	0	7	10	between
fs32k	15	all	26	0.5319722890853882	fusion	10	0	7	10	between
fs32k	15	all	27	0.5339905023574829	fusion	10	0	7	10	between
fs32k	15	all	28	0.5334252119064331	fusion	10	0	7	10	between
fs32k	15	all	29	0.5364508628845215	fusion	10	0	7	10	between
fs32k	15	all	30	0.5170459747314453	fusion	10	0	7	10	between
fs32k	15	all	31	0.5417673587799072	fusion	10	0	7	10	between
fs32k	15	all	32	0.5203851461410522	fusion	10	0	7	10	between
fs32k	15	all	33	0.5525325536727905	fusion	10	0	7	10	between
fs32k	15	all	34	0.5567673444747925	fusion	10	0	7	10	between
fs32k	15	all	35	0.5243246555328369	fusion	10	0	7	10	between
fs32k	15	all	36	0.5124136209487915	fusion	10	0	7	10	between
fs32k	15	all	37	0.5273580551147461	fusion	10	0	7	10	between
fs32k	15	all	38	0.5203372836112976	fusion	10	0	7	10	between
fs32k	15	all	39	0.5215950012207031	fusion	10	0	7	10	between
fs32k	15	all	40	0.5417025089263916	fusion	10	0	7	10	between
fs32k	15	all	41	0.5167810916900635	fusion	10	0	7	10	between
fs32k	15	all	42	0.5325606465339661	fusion	10	0	7	10	between
fs32k	15	all	43	0.5419830083847046	fusion	10	0	7	10	between
fs32k	15	all	44	0.5384656190872192	fusion	10	0	7	10	between
fs32k	15	all	45	0.5267717838287354	fusion	10	0	7	10	between
fs32k	15	all	46	0.520098090171814	fusion	10	0	7	10	between
fs32k	15	all	47	0.5271314382553101	fusion	10	0	7	10	between
fs32k	15	all	48	0.516211211681366	fusion	10	0	7	10	between
fs32k	15	all	49	0.5221669673919678	fusion	10	0	7	10	between
fs32k	15	all	50	0.5403102040290833	fusion	10	0	7	10	between
fs32k	15	all	51	0.5372239351272583	fusion	10	0	7	10	between
fs32k	15	all	52	0.5424959063529968	fusion	10	0	7	10	between
fs32k	15	all	53	0.5413221120834351	fusion	10	0	7	10	between
fs32k	15	all	54	0.5338262319564819	fusion	10	0	7	10	between
fs32k	15	all	55	0.546883225440979	fusion	10	0	7	10	between
fs32k	15	all	1	0.525791347026825	fusion	10	0	7	11	between
fs32k	15	all	2	0.5503433346748352	fusion	10	0	7	11	between
fs32k	15	all	3	0.5591225028038025	fusion	10	0	7	11	between
fs32k	15	all	4	0.5613168478012085	fusion	10	0	7	11	between
fs32k	15	all	5	0.5499671697616577	fusion	10	0	7	11	between
fs32k	15	all	6	0.5471943616867065	fusion	10	0	7	11	between
fs32k	15	all	7	0.5540972948074341	fusion	10	0	7	11	between
fs32k	15	all	8	0.5563925504684448	fusion	10	0	7	11	between
fs32k	15	all	9	0.5554354190826416	fusion	10	0	7	11	between
fs32k	15	all	10	0.5513510704040527	fusion	10	0	7	11	between
fs32k	15	all	11	0.5265029668807983	fusion	10	0	7	11	between
fs32k	15	all	12	0.5352463722229004	fusion	10	0	7	11	between
fs32k	15	all	13	0.5195518136024475	fusion	10	0	7	11	between
fs32k	15	all	14	0.5130995512008667	fusion	10	0	7	11	between
fs32k	15	all	15	0.5048961043357849	fusion	10	0	7	11	between
fs32k	15	all	16	0.5325981974601746	fusion	10	0	7	11	between
fs32k	15	all	17	0.5340653657913208	fusion	10	0	7	11	between
fs32k	15	all	18	0.522599995136261	fusion	10	0	7	11	between
fs32k	15	all	19	0.5335098505020142	fusion	10	0	7	11	between
fs32k	15	all	20	0.521703839302063	fusion	10	0	7	11	between
fs32k	15	all	21	0.5289229154586792	fusion	10	0	7	11	between
fs32k	15	all	22	0.5164281725883484	fusion	10	0	7	11	between
fs32k	15	all	23	0.5106299519538879	fusion	10	0	7	11	between
fs32k	15	all	24	0.5389077067375183	fusion	10	0	7	11	between
fs32k	15	all	25	0.5357346534729004	fusion	10	0	7	11	between
fs32k	15	all	26	0.5333445072174072	fusion	10	0	7	11	between
fs32k	15	all	27	0.5304303169250488	fusion	10	0	7	11	between
fs32k	15	all	28	0.5381254553794861	fusion	10	0	7	11	between
fs32k	15	all	29	0.5305767059326172	fusion	10	0	7	11	between
fs32k	15	all	30	0.504065752029419	fusion	10	0	7	11	between
fs32k	15	all	31	0.5467756390571594	fusion	10	0	7	11	between
fs32k	15	all	32	0.5433023571968079	fusion	10	0	7	11	between
fs32k	15	all	33	0.5541782379150391	fusion	10	0	7	11	between
fs32k	15	all	34	0.5574047565460205	fusion	10	0	7	11	between
fs32k	15	all	35	0.5225522518157959	fusion	10	0	7	11	between
fs32k	15	all	36	0.5104293823242188	fusion	10	0	7	11	between
fs32k	15	all	37	0.5258438587188721	fusion	10	0	7	11	between
fs32k	15	all	38	0.5304063558578491	fusion	10	0	7	11	between
fs32k	15	all	39	0.5280113220214844	fusion	10	0	7	11	between
fs32k	15	all	40	0.5350869297981262	fusion	10	0	7	11	between
fs32k	15	all	41	0.5108639597892761	fusion	10	0	7	11	between
fs32k	15	all	42	0.5260892510414124	fusion	10	0	7	11	between
fs32k	15	all	43	0.537778913974762	fusion	10	0	7	11	between
fs32k	15	all	44	0.5308843851089478	fusion	10	0	7	11	between
fs32k	15	all	45	0.5184674263000488	fusion	10	0	7	11	between
fs32k	15	all	46	0.517514705657959	fusion	10	0	7	11	between
fs32k	15	all	47	0.5265210270881653	fusion	10	0	7	11	between
fs32k	15	all	48	0.5095769166946411	fusion	10	0	7	11	between
fs32k	15	all	49	0.5127290487289429	fusion	10	0	7	11	between
fs32k	15	all	50	0.5447381734848022	fusion	10	0	7	11	between
fs32k	15	all	51	0.5331276655197144	fusion	10	0	7	11	between
fs32k	15	all	52	0.5462900996208191	fusion	10	0	7	11	between
fs32k	15	all	53	0.5483120679855347	fusion	10	0	7	11	between
fs32k	15	all	54	0.5435606837272644	fusion	10	0	7	11	between
fs32k	15	all	55	0.5416626930236816	fusion	10	0	7	11	between
fs32k	15	all	1	0.5193807482719421	fusion	10	0	7	12	between
fs32k	15	all	2	0.5273169875144958	fusion	10	0	7	12	between
fs32k	15	all	3	0.5541479587554932	fusion	10	0	7	12	between
fs32k	15	all	4	0.5425975322723389	fusion	10	0	7	12	between
fs32k	15	all	5	0.5380957722663879	fusion	10	0	7	12	between
fs32k	15	all	6	0.538711667060852	fusion	10	0	7	12	between
fs32k	15	all	7	0.537060022354126	fusion	10	0	7	12	between
fs32k	15	all	8	0.5507972240447998	fusion	10	0	7	12	between
fs32k	15	all	9	0.5381721258163452	fusion	10	0	7	12	between
fs32k	15	all	10	0.5396836996078491	fusion	10	0	7	12	between
fs32k	15	all	11	0.5219900012016296	fusion	10	0	7	12	between
fs32k	15	all	12	0.5445931553840637	fusion	10	0	7	12	between
fs32k	15	all	13	0.5258206129074097	fusion	10	0	7	12	between
fs32k	15	all	14	0.5239725708961487	fusion	10	0	7	12	between
fs32k	15	all	15	0.5069313645362854	fusion	10	0	7	12	between
fs32k	15	all	16	0.5368493795394897	fusion	10	0	7	12	between
fs32k	15	all	17	0.5326602458953857	fusion	10	0	7	12	between
fs32k	15	all	18	0.5115258693695068	fusion	10	0	7	12	between
fs32k	15	all	19	0.5324656367301941	fusion	10	0	7	12	between
fs32k	15	all	20	0.5324298739433289	fusion	10	0	7	12	between
fs32k	15	all	21	0.5274161696434021	fusion	10	0	7	12	between
fs32k	15	all	22	0.5101835131645203	fusion	10	0	7	12	between
fs32k	15	all	23	0.5065828561782837	fusion	10	0	7	12	between
fs32k	15	all	24	0.5369869470596313	fusion	10	0	7	12	between
fs32k	15	all	25	0.5356701612472534	fusion	10	0	7	12	between
fs32k	15	all	26	0.5205090045928955	fusion	10	0	7	12	between
fs32k	15	all	27	0.5306029319763184	fusion	10	0	7	12	between
fs32k	15	all	28	0.546777069568634	fusion	10	0	7	12	between
fs32k	15	all	29	0.5397646427154541	fusion	10	0	7	12	between
fs32k	15	all	30	0.5128538012504578	fusion	10	0	7	12	between
fs32k	15	all	31	0.5529835224151611	fusion	10	0	7	12	between
fs32k	15	all	32	0.5391640067100525	fusion	10	0	7	12	between
fs32k	15	all	33	0.5446725487709045	fusion	10	0	7	12	between
fs32k	15	all	34	0.5618967413902283	fusion	10	0	7	12	between
fs32k	15	all	35	0.5130237340927124	fusion	10	0	7	12	between
fs32k	15	all	36	0.509404718875885	fusion	10	0	7	12	between
fs32k	15	all	37	0.5211927890777588	fusion	10	0	7	12	between
fs32k	15	all	38	0.5272331833839417	fusion	10	0	7	12	between
fs32k	15	all	39	0.5033880472183228	fusion	10	0	7	12	between
fs32k	15	all	40	0.5264057517051697	fusion	10	0	7	12	between
fs32k	15	all	41	0.511349081993103	fusion	10	0	7	12	between
fs32k	15	all	42	0.522830605506897	fusion	10	0	7	12	between
fs32k	15	all	43	0.5441648960113525	fusion	10	0	7	12	between
fs32k	15	all	44	0.5196974277496338	fusion	10	0	7	12	between
fs32k	15	all	45	0.5213271975517273	fusion	10	0	7	12	between
fs32k	15	all	46	0.5056565999984741	fusion	10	0	7	12	between
fs32k	15	all	47	0.5280008912086487	fusion	10	0	7	12	between
fs32k	15	all	48	0.4961451292037964	fusion	10	0	7	12	between
fs32k	15	all	49	0.5115686655044556	fusion	10	0	7	12	between
fs32k	15	all	50	0.5396087169647217	fusion	10	0	7	12	between
fs32k	15	all	51	0.5194876790046692	fusion	10	0	7	12	between
fs32k	15	all	52	0.5449704527854919	fusion	10	0	7	12	between
fs32k	15	all	53	0.5402751564979553	fusion	10	0	7	12	between
fs32k	15	all	54	0.5379887819290161	fusion	10	0	7	12	between
fs32k	15	all	55	0.5359083414077759	fusion	10	0	7	12	between
fs32k	15	all	1	0.5204718708992004	fusion	10	0	7	13	between
fs32k	15	all	2	0.5408161282539368	fusion	10	0	7	13	between
fs32k	15	all	3	0.5587037801742554	fusion	10	0	7	13	between
fs32k	15	all	4	0.5493550896644592	fusion	10	0	7	13	between
fs32k	15	all	5	0.5406550168991089	fusion	10	0	7	13	between
fs32k	15	all	6	0.5354434847831726	fusion	10	0	7	13	between
fs32k	15	all	7	0.5551449656486511	fusion	10	0	7	13	between
fs32k	15	all	8	0.546768307685852	fusion	10	0	7	13	between
fs32k	15	all	9	0.5544602870941162	fusion	10	0	7	13	between
fs32k	15	all	10	0.5446828603744507	fusion	10	0	7	13	between
fs32k	15	all	11	0.5280999541282654	fusion	10	0	7	13	between
fs32k	15	all	12	0.5324962735176086	fusion	10	0	7	13	between
fs32k	15	all	13	0.5159444808959961	fusion	10	0	7	13	between
fs32k	15	all	14	0.5113952159881592	fusion	10	0	7	13	between
fs32k	15	all	15	0.5042146444320679	fusion	10	0	7	13	between
fs32k	15	all	16	0.5347548127174377	fusion	10	0	7	13	between
fs32k	15	all	17	0.5288598537445068	fusion	10	0	7	13	between
fs32k	15	all	18	0.5278925895690918	fusion	10	0	7	13	between
fs32k	15	all	19	0.5368518829345703	fusion	10	0	7	13	between
fs32k	15	all	20	0.5284029245376587	fusion	10	0	7	13	between
fs32k	15	all	21	0.5346363186836243	fusion	10	0	7	13	between
fs32k	15	all	22	0.517669677734375	fusion	10	0	7	13	between
fs32k	15	all	23	0.5142260193824768	fusion	10	0	7	13	between
fs32k	15	all	24	0.5430091619491577	fusion	10	0	7	13	between
fs32k	15	all	25	0.5329817533493042	fusion	10	0	7	13	between
fs32k	15	all	26	0.5347330570220947	fusion	10	0	7	13	between
fs32k	15	all	27	0.5367013216018677	fusion	10	0	7	13	between
fs32k	15	all	28	0.5460840463638306	fusion	10	0	7	13	between
fs32k	15	all	29	0.5389361381530762	fusion	10	0	7	13	between
fs32k	15	all	30	0.5142916440963745	fusion	10	0	7	13	between
fs32k	15	all	31	0.5629616975784302	fusion	10	0	7	13	between
fs32k	15	all	32	0.5372970104217529	fusion	10	0	7	13	between
fs32k	15	all	33	0.5650960803031921	fusion	10	0	7	13	between
fs32k	15	all	34	0.561854362487793	fusion	10	0	7	13	between
fs32k	15	all	35	0.5271194577217102	fusion	10	0	7	13	between
fs32k	15	all	36	0.511633574962616	fusion	10	0	7	13	between
fs32k	15	all	37	0.5361500978469849	fusion	10	0	7	13	between
fs32k	15	all	38	0.5267515778541565	fusion	10	0	7	13	between
fs32k	15	all	39	0.5343080759048462	fusion	10	0	7	13	between
fs32k	15	all	40	0.5402748584747314	fusion	10	0	7	13	between
fs32k	15	all	41	0.5136475563049316	fusion	10	0	7	13	between
fs32k	15	all	42	0.534367561340332	fusion	10	0	7	13	between
fs32k	15	all	43	0.543595552444458	fusion	10	0	7	13	between
fs32k	15	all	44	0.5350757241249084	fusion	10	0	7	13	between
fs32k	15	all	45	0.516586184501648	fusion	10	0	7	13	between
fs32k	15	all	46	0.5222643613815308	fusion	10	0	7	13	between
fs32k	15	all	47	0.5321958065032959	fusion	10	0	7	13	between
fs32k	15	all	48	0.515905499458313	fusion	10	0	7	13	between
fs32k	15	all	49	0.5210596919059753	fusion	10	0	7	13	between
fs32k	15	all	50	0.5492730140686035	fusion	10	0	7	13	between
fs32k	15	all	51	0.5499388575553894	fusion	10	0	7	13	between
fs32k	15	all	52	0.5612966418266296	fusion	10	0	7	13	between
fs32k	15	all	53	0.5460803508758545	fusion	10	0	7	13	between
fs32k	15	all	54	0.5439204573631287	fusion	10	0	7	13	between
fs32k	15	all	55	0.5501189231872559	fusion	10	0	7	13	between
fs32k	15	all	1	0.5214188694953918	fusion	10	0	7	14	between
fs32k	15	all	2	0.5587823390960693	fusion	10	0	7	14	between
fs32k	15	all	3	0.55049729347229	fusion	10	0	7	14	between
fs32k	15	all	4	0.5493842363357544	fusion	10	0	7	14	between
fs32k	15	all	5	0.5519726872444153	fusion	10	0	7	14	between
fs32k	15	all	6	0.5442519187927246	fusion	10	0	7	14	between
fs32k	15	all	7	0.559807538986206	fusion	10	0	7	14	between
fs32k	15	all	8	0.5487487316131592	fusion	10	0	7	14	between
fs32k	15	all	9	0.5552375316619873	fusion	10	0	7	14	between
fs32k	15	all	10	0.5556514263153076	fusion	10	0	7	14	between
fs32k	15	all	11	0.5334766507148743	fusion	10	0	7	14	between
fs32k	15	all	12	0.5341947078704834	fusion	10	0	7	14	between
fs32k	15	all	13	0.5151647925376892	fusion	10	0	7	14	between
fs32k	15	all	14	0.5145564079284668	fusion	10	0	7	14	between
fs32k	15	all	15	0.5069418549537659	fusion	10	0	7	14	between
fs32k	15	all	16	0.5301042795181274	fusion	10	0	7	14	between
fs32k	15	all	17	0.5172779560089111	fusion	10	0	7	14	between
fs32k	15	all	18	0.5200586318969727	fusion	10	0	7	14	between
fs32k	15	all	19	0.5386620759963989	fusion	10	0	7	14	between
fs32k	15	all	20	0.5339800119400024	fusion	10	0	7	14	between
fs32k	15	all	21	0.5322623252868652	fusion	10	0	7	14	between
fs32k	15	all	22	0.5281684994697571	fusion	10	0	7	14	between
fs32k	15	all	23	0.5195364952087402	fusion	10	0	7	14	between
fs32k	15	all	24	0.5478007793426514	fusion	10	0	7	14	between
fs32k	15	all	25	0.546088695526123	fusion	10	0	7	14	between
fs32k	15	all	26	0.5346325039863586	fusion	10	0	7	14	between
fs32k	15	all	27	0.5411806702613831	fusion	10	0	7	14	between
fs32k	15	all	28	0.5379432439804077	fusion	10	0	7	14	between
fs32k	15	all	29	0.5318620800971985	fusion	10	0	7	14	between
fs32k	15	all	30	0.5129795074462891	fusion	10	0	7	14	between
fs32k	15	all	31	0.5491474866867065	fusion	10	0	7	14	between
fs32k	15	all	32	0.5182186365127563	fusion	10	0	7	14	between
fs32k	15	all	33	0.5518893003463745	fusion	10	0	7	14	between
fs32k	15	all	34	0.5566460490226746	fusion	10	0	7	14	between
fs32k	15	all	35	0.5269067287445068	fusion	10	0	7	14	between
fs32k	15	all	36	0.5060508251190186	fusion	10	0	7	14	between
fs32k	15	all	37	0.5268931984901428	fusion	10	0	7	14	between
fs32k	15	all	38	0.5198508501052856	fusion	10	0	7	14	between
fs32k	15	all	39	0.519069492816925	fusion	10	0	7	14	between
fs32k	15	all	40	0.5351399183273315	fusion	10	0	7	14	between
fs32k	15	all	41	0.5189032554626465	fusion	10	0	7	14	between
fs32k	15	all	42	0.5340173244476318	fusion	10	0	7	14	between
fs32k	15	all	43	0.5408698320388794	fusion	10	0	7	14	between
fs32k	15	all	44	0.530457615852356	fusion	10	0	7	14	between
fs32k	15	all	45	0.5261025428771973	fusion	10	0	7	14	between
fs32k	15	all	46	0.5230433344841003	fusion	10	0	7	14	between
fs32k	15	all	47	0.5275527238845825	fusion	10	0	7	14	between
fs32k	15	all	48	0.5185816287994385	fusion	10	0	7	14	between
fs32k	15	all	49	0.5307665467262268	fusion	10	0	7	14	between
fs32k	15	all	50	0.5397920608520508	fusion	10	0	7	14	between
fs32k	15	all	51	0.5413148999214172	fusion	10	0	7	14	between
fs32k	15	all	52	0.5496439933776855	fusion	10	0	7	14	between
fs32k	15	all	53	0.5323048233985901	fusion	10	0	7	14	between
fs32k	15	all	54	0.535770833492279	fusion	10	0	7	14	between
fs32k	15	all	55	0.5480791330337524	fusion	10	0	7	14	between
fs32k	15	all	1	0.5126910209655762	fusion	10	0	7	15	between
fs32k	15	all	2	0.5402594804763794	fusion	10	0	7	15	between
fs32k	15	all	3	0.557220995426178	fusion	10	0	7	15	between
fs32k	15	all	4	0.5464611649513245	fusion	10	0	7	15	between
fs32k	15	all	5	0.547606885433197	fusion	10	0	7	15	between
fs32k	15	all	6	0.5440405011177063	fusion	10	0	7	15	between
fs32k	15	all	7	0.5503989458084106	fusion	10	0	7	15	between
fs32k	15	all	8	0.5411417484283447	fusion	10	0	7	15	between
fs32k	15	all	9	0.5474774241447449	fusion	10	0	7	15	between
fs32k	15	all	10	0.5473270416259766	fusion	10	0	7	15	between
fs32k	15	all	11	0.5184469819068909	fusion	10	0	7	15	between
fs32k	15	all	12	0.5254270434379578	fusion	10	0	7	15	between
fs32k	15	all	13	0.5067309141159058	fusion	10	0	7	15	between
fs32k	15	all	14	0.5057002305984497	fusion	10	0	7	15	between
fs32k	15	all	15	0.4949763715267181	fusion	10	0	7	15	between
fs32k	15	all	16	0.5243383646011353	fusion	10	0	7	15	between
fs32k	15	all	17	0.5154503583908081	fusion	10	0	7	15	between
fs32k	15	all	18	0.5140949487686157	fusion	10	0	7	15	between
fs32k	15	all	19	0.5172433853149414	fusion	10	0	7	15	between
fs32k	15	all	20	0.5208182334899902	fusion	10	0	7	15	between
fs32k	15	all	21	0.5282944440841675	fusion	10	0	7	15	between
fs32k	15	all	22	0.5195288062095642	fusion	10	0	7	15	between
fs32k	15	all	23	0.5023841857910156	fusion	10	0	7	15	between
fs32k	15	all	24	0.5325284004211426	fusion	10	0	7	15	between
fs32k	15	all	25	0.5368368625640869	fusion	10	0	7	15	between
fs32k	15	all	26	0.5285582542419434	fusion	10	0	7	15	between
fs32k	15	all	27	0.5306718945503235	fusion	10	0	7	15	between
fs32k	15	all	28	0.5372702479362488	fusion	10	0	7	15	between
fs32k	15	all	29	0.5323367714881897	fusion	10	0	7	15	between
fs32k	15	all	30	0.512260377407074	fusion	10	0	7	15	between
fs32k	15	all	31	0.5633472800254822	fusion	10	0	7	15	between
fs32k	15	all	32	0.5254418849945068	fusion	10	0	7	15	between
fs32k	15	all	33	0.5562896728515625	fusion	10	0	7	15	between
fs32k	15	all	34	0.5514265298843384	fusion	10	0	7	15	between
fs32k	15	all	35	0.5144178867340088	fusion	10	0	7	15	between
fs32k	15	all	36	0.5073279738426208	fusion	10	0	7	15	between
fs32k	15	all	37	0.5255106687545776	fusion	10	0	7	15	between
fs32k	15	all	38	0.5203402042388916	fusion	10	0	7	15	between
fs32k	15	all	39	0.5213242769241333	fusion	10	0	7	15	between
fs32k	15	all	40	0.5275033712387085	fusion	10	0	7	15	between
fs32k	15	all	41	0.5175180435180664	fusion	10	0	7	15	between
fs32k	15	all	42	0.5335513353347778	fusion	10	0	7	15	between
fs32k	15	all	43	0.5395854115486145	fusion	10	0	7	15	between
fs32k	15	all	44	0.5396621823310852	fusion	10	0	7	15	between
fs32k	15	all	45	0.5194957852363586	fusion	10	0	7	15	between
fs32k	15	all	46	0.5147424936294556	fusion	10	0	7	15	between
fs32k	15	all	47	0.5169093608856201	fusion	10	0	7	15	between
fs32k	15	all	48	0.5176594257354736	fusion	10	0	7	15	between
fs32k	15	all	49	0.5211629271507263	fusion	10	0	7	15	between
fs32k	15	all	50	0.54398113489151	fusion	10	0	7	15	between
fs32k	15	all	51	0.5483705401420593	fusion	10	0	7	15	between
fs32k	15	all	52	0.5489411950111389	fusion	10	0	7	15	between
fs32k	15	all	53	0.5378413200378418	fusion	10	0	7	15	between
fs32k	15	all	54	0.5375334620475769	fusion	10	0	7	15	between
fs32k	15	all	55	0.5413903594017029	fusion	10	0	7	15	between
fs32k	15	all	1	0.5288125276565552	fusion	10	0	8	9	between
fs32k	15	all	2	0.5454418063163757	fusion	10	0	8	9	between
fs32k	15	all	3	0.5490255355834961	fusion	10	0	8	9	between
fs32k	15	all	4	0.5366951823234558	fusion	10	0	8	9	between
fs32k	15	all	5	0.5397624969482422	fusion	10	0	8	9	between
fs32k	15	all	6	0.5444166660308838	fusion	10	0	8	9	between
fs32k	15	all	7	0.5338473916053772	fusion	10	0	8	9	between
fs32k	15	all	8	0.5375981330871582	fusion	10	0	8	9	between
fs32k	15	all	9	0.5422273874282837	fusion	10	0	8	9	between
fs32k	15	all	10	0.5495022535324097	fusion	10	0	8	9	between
fs32k	15	all	11	0.5222025513648987	fusion	10	0	8	9	between
fs32k	15	all	12	0.540783166885376	fusion	10	0	8	9	between
fs32k	15	all	13	0.5359617471694946	fusion	10	0	8	9	between
fs32k	15	all	14	0.522819995880127	fusion	10	0	8	9	between
fs32k	15	all	15	0.5120804309844971	fusion	10	0	8	9	between
fs32k	15	all	16	0.5285323858261108	fusion	10	0	8	9	between
fs32k	15	all	17	0.5268159508705139	fusion	10	0	8	9	between
fs32k	15	all	18	0.5300470590591431	fusion	10	0	8	9	between
fs32k	15	all	19	0.5380468368530273	fusion	10	0	8	9	between
fs32k	15	all	20	0.5284857153892517	fusion	10	0	8	9	between
fs32k	15	all	21	0.5379027128219604	fusion	10	0	8	9	between
fs32k	15	all	22	0.5268216133117676	fusion	10	0	8	9	between
fs32k	15	all	23	0.513109564781189	fusion	10	0	8	9	between
fs32k	15	all	24	0.52573162317276	fusion	10	0	8	9	between
fs32k	15	all	25	0.5512276887893677	fusion	10	0	8	9	between
fs32k	15	all	26	0.5363509058952332	fusion	10	0	8	9	between
fs32k	15	all	27	0.5369271636009216	fusion	10	0	8	9	between
fs32k	15	all	28	0.5343595743179321	fusion	10	0	8	9	between
fs32k	15	all	29	0.5272312164306641	fusion	10	0	8	9	between
fs32k	15	all	30	0.5227525234222412	fusion	10	0	8	9	between
fs32k	15	all	31	0.5355956554412842	fusion	10	0	8	9	between
fs32k	15	all	32	0.5290104150772095	fusion	10	0	8	9	between
fs32k	15	all	33	0.5520867705345154	fusion	10	0	8	9	between
fs32k	15	all	34	0.5436649918556213	fusion	10	0	8	9	between
fs32k	15	all	35	0.5228140354156494	fusion	10	0	8	9	between
fs32k	15	all	36	0.5130200982093811	fusion	10	0	8	9	between
fs32k	15	all	37	0.5195766687393188	fusion	10	0	8	9	between
fs32k	15	all	38	0.530572772026062	fusion	10	0	8	9	between
fs32k	15	all	39	0.5262738466262817	fusion	10	0	8	9	between
fs32k	15	all	40	0.5355409383773804	fusion	10	0	8	9	between
fs32k	15	all	41	0.5169575810432434	fusion	10	0	8	9	between
fs32k	15	all	42	0.5152702927589417	fusion	10	0	8	9	between
fs32k	15	all	43	0.5411245226860046	fusion	10	0	8	9	between
fs32k	15	all	44	0.5303153991699219	fusion	10	0	8	9	between
fs32k	15	all	45	0.5168485641479492	fusion	10	0	8	9	between
fs32k	15	all	46	0.5258554220199585	fusion	10	0	8	9	between
fs32k	15	all	47	0.5460633039474487	fusion	10	0	8	9	between
fs32k	15	all	48	0.5181272029876709	fusion	10	0	8	9	between
fs32k	15	all	49	0.5221210718154907	fusion	10	0	8	9	between
fs32k	15	all	50	0.5326355695724487	fusion	10	0	8	9	between
fs32k	15	all	51	0.5185046195983887	fusion	10	0	8	9	between
fs32k	15	all	52	0.5355145931243896	fusion	10	0	8	9	between
fs32k	15	all	53	0.5263045430183411	fusion	10	0	8	9	between
fs32k	15	all	54	0.5331259965896606	fusion	10	0	8	9	between
fs32k	15	all	55	0.5342617034912109	fusion	10	0	8	9	between
fs32k	15	all	1	0.5317242741584778	fusion	10	0	8	10	between
fs32k	15	all	2	0.5406311750411987	fusion	10	0	8	10	between
fs32k	15	all	3	0.551845371723175	fusion	10	0	8	10	between
fs32k	15	all	4	0.5370819568634033	fusion	10	0	8	10	between
fs32k	15	all	5	0.551265299320221	fusion	10	0	8	10	between
fs32k	15	all	6	0.5515854358673096	fusion	10	0	8	10	between
fs32k	15	all	7	0.5396473407745361	fusion	10	0	8	10	between
fs32k	15	all	8	0.5323134660720825	fusion	10	0	8	10	between
fs32k	15	all	9	0.5421736836433411	fusion	10	0	8	10	between
fs32k	15	all	10	0.5443701148033142	fusion	10	0	8	10	between
fs32k	15	all	11	0.5334991812705994	fusion	10	0	8	10	between
fs32k	15	all	12	0.5495915412902832	fusion	10	0	8	10	between
fs32k	15	all	13	0.531619131565094	fusion	10	0	8	10	between
fs32k	15	all	14	0.5318782329559326	fusion	10	0	8	10	between
fs32k	15	all	15	0.5239351987838745	fusion	10	0	8	10	between
fs32k	15	all	16	0.5326976180076599	fusion	10	0	8	10	between
fs32k	15	all	17	0.5331717729568481	fusion	10	0	8	10	between
fs32k	15	all	18	0.531118631362915	fusion	10	0	8	10	between
fs32k	15	all	19	0.5574427843093872	fusion	10	0	8	10	between
fs32k	15	all	20	0.5382071137428284	fusion	10	0	8	10	between
fs32k	15	all	21	0.5265729427337646	fusion	10	0	8	10	between
fs32k	15	all	22	0.5142121911048889	fusion	10	0	8	10	between
fs32k	15	all	23	0.5186666250228882	fusion	10	0	8	10	between
fs32k	15	all	24	0.5287606120109558	fusion	10	0	8	10	between
fs32k	15	all	25	0.5346857905387878	fusion	10	0	8	10	between
fs32k	15	all	26	0.5336821675300598	fusion	10	0	8	10	between
fs32k	15	all	27	0.5411038398742676	fusion	10	0	8	10	between
fs32k	15	all	28	0.5319563746452332	fusion	10	0	8	10	between
fs32k	15	all	29	0.5405371785163879	fusion	10	0	8	10	between
fs32k	15	all	30	0.5375456809997559	fusion	10	0	8	10	between
fs32k	15	all	31	0.536003589630127	fusion	10	0	8	10	between
fs32k	15	all	32	0.524193286895752	fusion	10	0	8	10	between
fs32k	15	all	33	0.5555250644683838	fusion	10	0	8	10	between
fs32k	15	all	34	0.5656437277793884	fusion	10	0	8	10	between
fs32k	15	all	35	0.5318633317947388	fusion	10	0	8	10	between
fs32k	15	all	36	0.5146564245223999	fusion	10	0	8	10	between
fs32k	15	all	37	0.5219616889953613	fusion	10	0	8	10	between
fs32k	15	all	38	0.5179789662361145	fusion	10	0	8	10	between
fs32k	15	all	39	0.5228496789932251	fusion	10	0	8	10	between
fs32k	15	all	40	0.5486702919006348	fusion	10	0	8	10	between
fs32k	15	all	41	0.5252875089645386	fusion	10	0	8	10	between
fs32k	15	all	42	0.5228418111801147	fusion	10	0	8	10	between
fs32k	15	all	43	0.5400923490524292	fusion	10	0	8	10	between
fs32k	15	all	44	0.5399584174156189	fusion	10	0	8	10	between
fs32k	15	all	45	0.5384740829467773	fusion	10	0	8	10	between
fs32k	15	all	46	0.5245392322540283	fusion	10	0	8	10	between
fs32k	15	all	47	0.5357645750045776	fusion	10	0	8	10	between
fs32k	15	all	48	0.520226776599884	fusion	10	0	8	10	between
fs32k	15	all	49	0.5275882482528687	fusion	10	0	8	10	between
fs32k	15	all	50	0.5277032852172852	fusion	10	0	8	10	between
fs32k	15	all	51	0.518458902835846	fusion	10	0	8	10	between
fs32k	15	all	52	0.5318340063095093	fusion	10	0	8	10	between
fs32k	15	all	53	0.5259075164794922	fusion	10	0	8	10	between
fs32k	15	all	54	0.5335566997528076	fusion	10	0	8	10	between
fs32k	15	all	55	0.543001651763916	fusion	10	0	8	10	between
fs32k	15	all	1	0.5263183116912842	fusion	10	0	8	11	between
fs32k	15	all	2	0.540796160697937	fusion	10	0	8	11	between
fs32k	15	all	3	0.5600771903991699	fusion	10	0	8	11	between
fs32k	15	all	4	0.55291748046875	fusion	10	0	8	11	between
fs32k	15	all	5	0.5467082262039185	fusion	10	0	8	11	between
fs32k	15	all	6	0.5452495813369751	fusion	10	0	8	11	between
fs32k	15	all	7	0.5359941720962524	fusion	10	0	8	11	between
fs32k	15	all	8	0.5347362160682678	fusion	10	0	8	11	between
fs32k	15	all	9	0.5415470600128174	fusion	10	0	8	11	between
fs32k	15	all	10	0.5503734350204468	fusion	10	0	8	11	between
fs32k	15	all	11	0.5275399684906006	fusion	10	0	8	11	between
fs32k	15	all	12	0.5469160676002502	fusion	10	0	8	11	between
fs32k	15	all	13	0.5301238298416138	fusion	10	0	8	11	between
fs32k	15	all	14	0.5175544023513794	fusion	10	0	8	11	between
fs32k	15	all	15	0.5130018591880798	fusion	10	0	8	11	between
fs32k	15	all	16	0.5260814428329468	fusion	10	0	8	11	between
fs32k	15	all	17	0.5361072421073914	fusion	10	0	8	11	between
fs32k	15	all	18	0.5215725898742676	fusion	10	0	8	11	between
fs32k	15	all	19	0.5387287735939026	fusion	10	0	8	11	between
fs32k	15	all	20	0.5306472182273865	fusion	10	0	8	11	between
fs32k	15	all	21	0.5234373807907104	fusion	10	0	8	11	between
fs32k	15	all	22	0.5194098949432373	fusion	10	0	8	11	between
fs32k	15	all	23	0.5045479536056519	fusion	10	0	8	11	between
fs32k	15	all	24	0.5281902551651001	fusion	10	0	8	11	between
fs32k	15	all	25	0.5384177565574646	fusion	10	0	8	11	between
fs32k	15	all	26	0.5316769480705261	fusion	10	0	8	11	between
fs32k	15	all	27	0.5385374426841736	fusion	10	0	8	11	between
fs32k	15	all	28	0.5384523272514343	fusion	10	0	8	11	between
fs32k	15	all	29	0.5335125923156738	fusion	10	0	8	11	between
fs32k	15	all	30	0.5225837230682373	fusion	10	0	8	11	between
fs32k	15	all	31	0.5404001474380493	fusion	10	0	8	11	between
fs32k	15	all	32	0.546445369720459	fusion	10	0	8	11	between
fs32k	15	all	33	0.5571713447570801	fusion	10	0	8	11	between
fs32k	15	all	34	0.5632747411727905	fusion	10	0	8	11	between
fs32k	15	all	35	0.5307389497756958	fusion	10	0	8	11	between
fs32k	15	all	36	0.5184868574142456	fusion	10	0	8	11	between
fs32k	15	all	37	0.5190026164054871	fusion	10	0	8	11	between
fs32k	15	all	38	0.5261175036430359	fusion	10	0	8	11	between
fs32k	15	all	39	0.524960994720459	fusion	10	0	8	11	between
fs32k	15	all	40	0.5385152101516724	fusion	10	0	8	11	between
fs32k	15	all	41	0.5175896883010864	fusion	10	0	8	11	between
fs32k	15	all	42	0.5170463919639587	fusion	10	0	8	11	between
fs32k	15	all	43	0.5347062945365906	fusion	10	0	8	11	between
fs32k	15	all	44	0.5336095094680786	fusion	10	0	8	11	between
fs32k	15	all	45	0.5245240330696106	fusion	10	0	8	11	between
fs32k	15	all	46	0.5209670066833496	fusion	10	0	8	11	between
fs32k	15	all	47	0.5351872444152832	fusion	10	0	8	11	between
fs32k	15	all	48	0.5122002363204956	fusion	10	0	8	11	between
fs32k	15	all	49	0.5215734243392944	fusion	10	0	8	11	between
fs32k	15	all	50	0.5335820317268372	fusion	10	0	8	11	between
fs32k	15	all	51	0.5162062644958496	fusion	10	0	8	11	between
fs32k	15	all	52	0.5331929922103882	fusion	10	0	8	11	between
fs32k	15	all	53	0.5302925705909729	fusion	10	0	8	11	between
fs32k	15	all	54	0.5444386005401611	fusion	10	0	8	11	between
fs32k	15	all	55	0.538468599319458	fusion	10	0	8	11	between
fs32k	15	all	1	0.5157634019851685	fusion	10	0	8	12	between
fs32k	15	all	2	0.5241069197654724	fusion	10	0	8	12	between
fs32k	15	all	3	0.5461847186088562	fusion	10	0	8	12	between
fs32k	15	all	4	0.5342139005661011	fusion	10	0	8	12	between
fs32k	15	all	5	0.5325554609298706	fusion	10	0	8	12	between
fs32k	15	all	6	0.5300693511962891	fusion	10	0	8	12	between
fs32k	15	all	7	0.5216844081878662	fusion	10	0	8	12	between
fs32k	15	all	8	0.5245050191879272	fusion	10	0	8	12	between
fs32k	15	all	9	0.5240902900695801	fusion	10	0	8	12	between
fs32k	15	all	10	0.5365396738052368	fusion	10	0	8	12	between
fs32k	15	all	11	0.5232688188552856	fusion	10	0	8	12	between
fs32k	15	all	12	0.5525568127632141	fusion	10	0	8	12	between
fs32k	15	all	13	0.5347316265106201	fusion	10	0	8	12	between
fs32k	15	all	14	0.5277731418609619	fusion	10	0	8	12	between
fs32k	15	all	15	0.5107676982879639	fusion	10	0	8	12	between
fs32k	15	all	16	0.5305274128913879	fusion	10	0	8	12	between
fs32k	15	all	17	0.5333080291748047	fusion	10	0	8	12	between
fs32k	15	all	18	0.5115393400192261	fusion	10	0	8	12	between
fs32k	15	all	19	0.5410664081573486	fusion	10	0	8	12	between
fs32k	15	all	20	0.5384006500244141	fusion	10	0	8	12	between
fs32k	15	all	21	0.5211860537528992	fusion	10	0	8	12	between
fs32k	15	all	22	0.5105355381965637	fusion	10	0	8	12	between
fs32k	15	all	23	0.5064720511436462	fusion	10	0	8	12	between
fs32k	15	all	24	0.5275580883026123	fusion	10	0	8	12	between
fs32k	15	all	25	0.5344128012657166	fusion	10	0	8	12	between
fs32k	15	all	26	0.5206708908081055	fusion	10	0	8	12	between
fs32k	15	all	27	0.5334334373474121	fusion	10	0	8	12	between
fs32k	15	all	28	0.5444843769073486	fusion	10	0	8	12	between
fs32k	15	all	29	0.5383014678955078	fusion	10	0	8	12	between
fs32k	15	all	30	0.528267502784729	fusion	10	0	8	12	between
fs32k	15	all	31	0.5476707816123962	fusion	10	0	8	12	between
fs32k	15	all	32	0.5397427082061768	fusion	10	0	8	12	between
fs32k	15	all	33	0.5429582595825195	fusion	10	0	8	12	between
fs32k	15	all	34	0.5689454078674316	fusion	10	0	8	12	between
fs32k	15	all	35	0.5199419260025024	fusion	10	0	8	12	between
fs32k	15	all	36	0.5148554444313049	fusion	10	0	8	12	between
fs32k	15	all	37	0.5193495750427246	fusion	10	0	8	12	between
fs32k	15	all	38	0.525689959526062	fusion	10	0	8	12	between
fs32k	15	all	39	0.5010188817977905	fusion	10	0	8	12	between
fs32k	15	all	40	0.5310982465744019	fusion	10	0	8	12	between
fs32k	15	all	41	0.5182241201400757	fusion	10	0	8	12	between
fs32k	15	all	42	0.5128122568130493	fusion	10	0	8	12	between
fs32k	15	all	43	0.5431241989135742	fusion	10	0	8	12	between
fs32k	15	all	44	0.5207613110542297	fusion	10	0	8	12	between
fs32k	15	all	45	0.5269292593002319	fusion	10	0	8	12	between
fs32k	15	all	46	0.5085287690162659	fusion	10	0	8	12	between
fs32k	15	all	47	0.5330185294151306	fusion	10	0	8	12	between
fs32k	15	all	48	0.4984690546989441	fusion	10	0	8	12	between
fs32k	15	all	49	0.5167873501777649	fusion	10	0	8	12	between
fs32k	15	all	50	0.5276342034339905	fusion	10	0	8	12	between
fs32k	15	all	51	0.5024130344390869	fusion	10	0	8	12	between
fs32k	15	all	52	0.5292700529098511	fusion	10	0	8	12	between
fs32k	15	all	53	0.5202045440673828	fusion	10	0	8	12	between
fs32k	15	all	54	0.5333665013313293	fusion	10	0	8	12	between
fs32k	15	all	55	0.5263933539390564	fusion	10	0	8	12	between
fs32k	15	all	1	0.5216823816299438	fusion	10	0	8	13	between
fs32k	15	all	2	0.5304997563362122	fusion	10	0	8	13	between
fs32k	15	all	3	0.5566135048866272	fusion	10	0	8	13	between
fs32k	15	all	4	0.5412221550941467	fusion	10	0	8	13	between
fs32k	15	all	5	0.5342488884925842	fusion	10	0	8	13	between
fs32k	15	all	6	0.5422906875610352	fusion	10	0	8	13	between
fs32k	15	all	7	0.5332172513008118	fusion	10	0	8	13	between
fs32k	15	all	8	0.5317862033843994	fusion	10	0	8	13	between
fs32k	15	all	9	0.5458760857582092	fusion	10	0	8	13	between
fs32k	15	all	10	0.5417337417602539	fusion	10	0	8	13	between
fs32k	15	all	11	0.5235962271690369	fusion	10	0	8	13	between
fs32k	15	all	12	0.5433309674263	fusion	10	0	8	13	between
fs32k	15	all	13	0.5255019068717957	fusion	10	0	8	13	between
fs32k	15	all	14	0.5197606682777405	fusion	10	0	8	13	between
fs32k	15	all	15	0.5118871331214905	fusion	10	0	8	13	between
fs32k	15	all	16	0.5298397541046143	fusion	10	0	8	13	between
fs32k	15	all	17	0.530571460723877	fusion	10	0	8	13	between
fs32k	15	all	18	0.5259678959846497	fusion	10	0	8	13	between
fs32k	15	all	19	0.5434027314186096	fusion	10	0	8	13	between
fs32k	15	all	20	0.5366299748420715	fusion	10	0	8	13	between
fs32k	15	all	21	0.5337287187576294	fusion	10	0	8	13	between
fs32k	15	all	22	0.5192687511444092	fusion	10	0	8	13	between
fs32k	15	all	23	0.5109156370162964	fusion	10	0	8	13	between
fs32k	15	all	24	0.5406513810157776	fusion	10	0	8	13	between
fs32k	15	all	25	0.5309601426124573	fusion	10	0	8	13	between
fs32k	15	all	26	0.536272406578064	fusion	10	0	8	13	between
fs32k	15	all	27	0.5462146997451782	fusion	10	0	8	13	between
fs32k	15	all	28	0.5483565330505371	fusion	10	0	8	13	between
fs32k	15	all	29	0.5434033274650574	fusion	10	0	8	13	between
fs32k	15	all	30	0.5291911959648132	fusion	10	0	8	13	between
fs32k	15	all	31	0.5544828772544861	fusion	10	0	8	13	between
fs32k	15	all	32	0.5335994362831116	fusion	10	0	8	13	between
fs32k	15	all	33	0.5640415549278259	fusion	10	0	8	13	between
fs32k	15	all	34	0.5723286271095276	fusion	10	0	8	13	between
fs32k	15	all	35	0.5332678556442261	fusion	10	0	8	13	between
fs32k	15	all	36	0.5146417617797852	fusion	10	0	8	13	between
fs32k	15	all	37	0.5315220355987549	fusion	10	0	8	13	between
fs32k	15	all	38	0.5239893198013306	fusion	10	0	8	13	between
fs32k	15	all	39	0.5310025215148926	fusion	10	0	8	13	between
fs32k	15	all	40	0.544040322303772	fusion	10	0	8	13	between
fs32k	15	all	41	0.5211227536201477	fusion	10	0	8	13	between
fs32k	15	all	42	0.5235321521759033	fusion	10	0	8	13	between
fs32k	15	all	43	0.542278528213501	fusion	10	0	8	13	between
fs32k	15	all	44	0.5371146202087402	fusion	10	0	8	13	between
fs32k	15	all	45	0.5260758399963379	fusion	10	0	8	13	between
fs32k	15	all	46	0.5239319801330566	fusion	10	0	8	13	between
fs32k	15	all	47	0.5396112203598022	fusion	10	0	8	13	between
fs32k	15	all	48	0.5216665267944336	fusion	10	0	8	13	between
fs32k	15	all	49	0.530346691608429	fusion	10	0	8	13	between
fs32k	15	all	50	0.5306494832038879	fusion	10	0	8	13	between
fs32k	15	all	51	0.5282430648803711	fusion	10	0	8	13	between
fs32k	15	all	52	0.5485262274742126	fusion	10	0	8	13	between
fs32k	15	all	53	0.5286052227020264	fusion	10	0	8	13	between
fs32k	15	all	54	0.5464819669723511	fusion	10	0	8	13	between
fs32k	15	all	55	0.5479751229286194	fusion	10	0	8	13	between
fs32k	15	all	1	0.521507740020752	fusion	10	0	8	14	between
fs32k	15	all	2	0.5469635725021362	fusion	10	0	8	14	between
fs32k	15	all	3	0.5478856563568115	fusion	10	0	8	14	between
fs32k	15	all	4	0.5393366813659668	fusion	10	0	8	14	between
fs32k	15	all	5	0.5481300354003906	fusion	10	0	8	14	between
fs32k	15	all	6	0.541849672794342	fusion	10	0	8	14	between
fs32k	15	all	7	0.5390187501907349	fusion	10	0	8	14	between
fs32k	15	all	8	0.5239869356155396	fusion	10	0	8	14	between
fs32k	15	all	9	0.5426618456840515	fusion	10	0	8	14	between
fs32k	15	all	10	0.5511213541030884	fusion	10	0	8	14	between
fs32k	15	all	11	0.5291942358016968	fusion	10	0	8	14	between
fs32k	15	all	12	0.5429351329803467	fusion	10	0	8	14	between
fs32k	15	all	13	0.5260913372039795	fusion	10	0	8	14	between
fs32k	15	all	14	0.5222086310386658	fusion	10	0	8	14	between
fs32k	15	all	15	0.5144244432449341	fusion	10	0	8	14	between
fs32k	15	all	16	0.5241656303405762	fusion	10	0	8	14	between
fs32k	15	all	17	0.5207415819168091	fusion	10	0	8	14	between
fs32k	15	all	18	0.5227844715118408	fusion	10	0	8	14	between
fs32k	15	all	19	0.5480634570121765	fusion	10	0	8	14	between
fs32k	15	all	20	0.5423944592475891	fusion	10	0	8	14	between
fs32k	15	all	21	0.5234255790710449	fusion	10	0	8	14	between
fs32k	15	all	22	0.5322633981704712	fusion	10	0	8	14	between
fs32k	15	all	23	0.5175269842147827	fusion	10	0	8	14	between
fs32k	15	all	24	0.5376782417297363	fusion	10	0	8	14	between
fs32k	15	all	25	0.5392016172409058	fusion	10	0	8	14	between
fs32k	15	all	26	0.5340787768363953	fusion	10	0	8	14	between
fs32k	15	all	27	0.551630973815918	fusion	10	0	8	14	between
fs32k	15	all	28	0.540928065776825	fusion	10	0	8	14	between
fs32k	15	all	29	0.5332851409912109	fusion	10	0	8	14	between
fs32k	15	all	30	0.5294299125671387	fusion	10	0	8	14	between
fs32k	15	all	31	0.5415360927581787	fusion	10	0	8	14	between
fs32k	15	all	32	0.5171137452125549	fusion	10	0	8	14	between
fs32k	15	all	33	0.5512288212776184	fusion	10	0	8	14	between
fs32k	15	all	34	0.5638354420661926	fusion	10	0	8	14	between
fs32k	15	all	35	0.5361591577529907	fusion	10	0	8	14	between
fs32k	15	all	36	0.5148037672042847	fusion	10	0	8	14	between
fs32k	15	all	37	0.5252490639686584	fusion	10	0	8	14	between
fs32k	15	all	38	0.5173778533935547	fusion	10	0	8	14	between
fs32k	15	all	39	0.5227625966072083	fusion	10	0	8	14	between
fs32k	15	all	40	0.5422030091285706	fusion	10	0	8	14	between
fs32k	15	all	41	0.5276477932929993	fusion	10	0	8	14	between
fs32k	15	all	42	0.5257457494735718	fusion	10	0	8	14	between
fs32k	15	all	43	0.5420324802398682	fusion	10	0	8	14	between
fs32k	15	all	44	0.5317049026489258	fusion	10	0	8	14	between
fs32k	15	all	45	0.5368402004241943	fusion	10	0	8	14	between
fs32k	15	all	46	0.5226761698722839	fusion	10	0	8	14	between
fs32k	15	all	47	0.5295623540878296	fusion	10	0	8	14	between
fs32k	15	all	48	0.5222999453544617	fusion	10	0	8	14	between
fs32k	15	all	49	0.5365660190582275	fusion	10	0	8	14	between
fs32k	15	all	50	0.5242515802383423	fusion	10	0	8	14	between
fs32k	15	all	51	0.5186067223548889	fusion	10	0	8	14	between
fs32k	15	all	52	0.5417094230651855	fusion	10	0	8	14	between
fs32k	15	all	53	0.5168818235397339	fusion	10	0	8	14	between
fs32k	15	all	54	0.5366244316101074	fusion	10	0	8	14	between
fs32k	15	all	55	0.5477171540260315	fusion	10	0	8	14	between
fs32k	15	all	1	0.5084485411643982	fusion	10	0	8	15	between
fs32k	15	all	2	0.5387052297592163	fusion	10	0	8	15	between
fs32k	15	all	3	0.5546768307685852	fusion	10	0	8	15	between
fs32k	15	all	4	0.5347188115119934	fusion	10	0	8	15	between
fs32k	15	all	5	0.5479122996330261	fusion	10	0	8	15	between
fs32k	15	all	6	0.5367065668106079	fusion	10	0	8	15	between
fs32k	15	all	7	0.5373794436454773	fusion	10	0	8	15	between
fs32k	15	all	8	0.5252714157104492	fusion	10	0	8	15	between
fs32k	15	all	9	0.537610650062561	fusion	10	0	8	15	between
fs32k	15	all	10	0.5467303991317749	fusion	10	0	8	15	between
fs32k	15	all	11	0.5144094228744507	fusion	10	0	8	15	between
fs32k	15	all	12	0.5364586710929871	fusion	10	0	8	15	between
fs32k	15	all	13	0.5126146078109741	fusion	10	0	8	15	between
fs32k	15	all	14	0.5084134340286255	fusion	10	0	8	15	between
fs32k	15	all	15	0.5020381212234497	fusion	10	0	8	15	between
fs32k	15	all	16	0.5206833481788635	fusion	10	0	8	15	between
fs32k	15	all	17	0.5156441330909729	fusion	10	0	8	15	between
fs32k	15	all	18	0.5178627967834473	fusion	10	0	8	15	between
fs32k	15	all	19	0.5218709111213684	fusion	10	0	8	15	between
fs32k	15	all	20	0.5323971509933472	fusion	10	0	8	15	between
fs32k	15	all	21	0.5273810625076294	fusion	10	0	8	15	between
fs32k	15	all	22	0.520767867565155	fusion	10	0	8	15	between
fs32k	15	all	23	0.5040653944015503	fusion	10	0	8	15	between
fs32k	15	all	24	0.522884726524353	fusion	10	0	8	15	between
fs32k	15	all	25	0.5379469394683838	fusion	10	0	8	15	between
fs32k	15	all	26	0.5256050825119019	fusion	10	0	8	15	between
fs32k	15	all	27	0.5365766286849976	fusion	10	0	8	15	between
fs32k	15	all	28	0.5407118201255798	fusion	10	0	8	15	between
fs32k	15	all	29	0.5340548753738403	fusion	10	0	8	15	between
fs32k	15	all	30	0.5264569520950317	fusion	10	0	8	15	between
fs32k	15	all	31	0.5552900433540344	fusion	10	0	8	15	between
fs32k	15	all	32	0.5249639749526978	fusion	10	0	8	15	between
fs32k	15	all	33	0.5589962005615234	fusion	10	0	8	15	between
fs32k	15	all	34	0.5592623949050903	fusion	10	0	8	15	between
fs32k	15	all	35	0.52098149061203	fusion	10	0	8	15	between
fs32k	15	all	36	0.5132509469985962	fusion	10	0	8	15	between
fs32k	15	all	37	0.5244013071060181	fusion	10	0	8	15	between
fs32k	15	all	38	0.5185970067977905	fusion	10	0	8	15	between
fs32k	15	all	39	0.5246039628982544	fusion	10	0	8	15	between
fs32k	15	all	40	0.5287598371505737	fusion	10	0	8	15	between
fs32k	15	all	41	0.5238355398178101	fusion	10	0	8	15	between
fs32k	15	all	42	0.5207379460334778	fusion	10	0	8	15	between
fs32k	15	all	43	0.5403530597686768	fusion	10	0	8	15	between
fs32k	15	all	44	0.5433534383773804	fusion	10	0	8	15	between
fs32k	15	all	45	0.5291191339492798	fusion	10	0	8	15	between
fs32k	15	all	46	0.5179038047790527	fusion	10	0	8	15	between
fs32k	15	all	47	0.5276369452476501	fusion	10	0	8	15	between
fs32k	15	all	48	0.5181668400764465	fusion	10	0	8	15	between
fs32k	15	all	49	0.5299187302589417	fusion	10	0	8	15	between
fs32k	15	all	50	0.528171181678772	fusion	10	0	8	15	between
fs32k	15	all	51	0.5258111357688904	fusion	10	0	8	15	between
fs32k	15	all	52	0.5364068746566772	fusion	10	0	8	15	between
fs32k	15	all	53	0.5159517526626587	fusion	10	0	8	15	between
fs32k	15	all	54	0.5338372588157654	fusion	10	0	8	15	between
fs32k	15	all	55	0.5371895432472229	fusion	10	0	8	15	between
fs32k	15	all	1	0.5405813455581665	fusion	10	0	9	10	between
fs32k	15	all	2	0.5509430766105652	fusion	10	0	9	10	between
fs32k	15	all	3	0.54734867811203	fusion	10	0	9	10	between
fs32k	15	all	4	0.5389958620071411	fusion	10	0	9	10	between
fs32k	15	all	5	0.5510421991348267	fusion	10	0	9	10	between
fs32k	15	all	6	0.5528485178947449	fusion	10	0	9	10	between
fs32k	15	all	7	0.5494897365570068	fusion	10	0	9	10	between
fs32k	15	all	8	0.5481208562850952	fusion	10	0	9	10	between
fs32k	15	all	9	0.5520119071006775	fusion	10	0	9	10	between
fs32k	15	all	10	0.5501125454902649	fusion	10	0	9	10	between
fs32k	15	all	11	0.5388144254684448	fusion	10	0	9	10	between
fs32k	15	all	12	0.5377552509307861	fusion	10	0	9	10	between
fs32k	15	all	13	0.534947395324707	fusion	10	0	9	10	between
fs32k	15	all	14	0.5362619757652283	fusion	10	0	9	10	between
fs32k	15	all	15	0.52838534116745	fusion	10	0	9	10	between
fs32k	15	all	16	0.5358673334121704	fusion	10	0	9	10	between
fs32k	15	all	17	0.5455459356307983	fusion	10	0	9	10	between
fs32k	15	all	18	0.5429392457008362	fusion	10	0	9	10	between
fs32k	15	all	19	0.5480188131332397	fusion	10	0	9	10	between
fs32k	15	all	20	0.5268297791481018	fusion	10	0	9	10	between
fs32k	15	all	21	0.5387579202651978	fusion	10	0	9	10	between
fs32k	15	all	22	0.5304312705993652	fusion	10	0	9	10	between
fs32k	15	all	23	0.5191014409065247	fusion	10	0	9	10	between
fs32k	15	all	24	0.5317507386207581	fusion	10	0	9	10	between
fs32k	15	all	25	0.5484444499015808	fusion	10	0	9	10	between
fs32k	15	all	26	0.5472956895828247	fusion	10	0	9	10	between
fs32k	15	all	27	0.5398687720298767	fusion	10	0	9	10	between
fs32k	15	all	28	0.5195549726486206	fusion	10	0	9	10	between
fs32k	15	all	29	0.5245060920715332	fusion	10	0	9	10	between
fs32k	15	all	30	0.5179267525672913	fusion	10	0	9	10	between
fs32k	15	all	31	0.5140505433082581	fusion	10	0	9	10	between
fs32k	15	all	32	0.5147872567176819	fusion	10	0	9	10	between
fs32k	15	all	33	0.5440525412559509	fusion	10	0	9	10	between
fs32k	15	all	34	0.5332480072975159	fusion	10	0	9	10	between
fs32k	15	all	35	0.5281128287315369	fusion	10	0	9	10	between
fs32k	15	all	36	0.5096458196640015	fusion	10	0	9	10	between
fs32k	15	all	37	0.5151877403259277	fusion	10	0	9	10	between
fs32k	15	all	38	0.531920850276947	fusion	10	0	9	10	between
fs32k	15	all	39	0.5309374332427979	fusion	10	0	9	10	between
fs32k	15	all	40	0.5368472933769226	fusion	10	0	9	10	between
fs32k	15	all	41	0.5220485925674438	fusion	10	0	9	10	between
fs32k	15	all	42	0.5250431299209595	fusion	10	0	9	10	between
fs32k	15	all	43	0.5464905500411987	fusion	10	0	9	10	between
fs32k	15	all	44	0.5424646139144897	fusion	10	0	9	10	between
fs32k	15	all	45	0.5291541814804077	fusion	10	0	9	10	between
fs32k	15	all	46	0.5270335078239441	fusion	10	0	9	10	between
fs32k	15	all	47	0.5423376560211182	fusion	10	0	9	10	between
fs32k	15	all	48	0.5271367430686951	fusion	10	0	9	10	between
fs32k	15	all	49	0.5220304727554321	fusion	10	0	9	10	between
fs32k	15	all	50	0.5372022390365601	fusion	10	0	9	10	between
fs32k	15	all	51	0.5270063877105713	fusion	10	0	9	10	between
fs32k	15	all	52	0.5386394262313843	fusion	10	0	9	10	between
fs32k	15	all	53	0.5417546033859253	fusion	10	0	9	10	between
fs32k	15	all	54	0.5319846868515015	fusion	10	0	9	10	between
fs32k	15	all	55	0.542030394077301	fusion	10	0	9	10	between
fs32k	15	all	1	0.5371853113174438	fusion	10	0	9	11	between
fs32k	15	all	2	0.5534061193466187	fusion	10	0	9	11	between
fs32k	15	all	3	0.5526611804962158	fusion	10	0	9	11	between
fs32k	15	all	4	0.553820788860321	fusion	10	0	9	11	between
fs32k	15	all	5	0.5423414707183838	fusion	10	0	9	11	between
fs32k	15	all	6	0.5434127449989319	fusion	10	0	9	11	between
fs32k	15	all	7	0.5448970794677734	fusion	10	0	9	11	between
fs32k	15	all	8	0.5615562796592712	fusion	10	0	9	11	between
fs32k	15	all	9	0.5542241930961609	fusion	10	0	9	11	between
fs32k	15	all	10	0.5469262599945068	fusion	10	0	9	11	between
fs32k	15	all	11	0.5284605026245117	fusion	10	0	9	11	between
fs32k	15	all	12	0.5362786054611206	fusion	10	0	9	11	between
fs32k	15	all	13	0.531661868095398	fusion	10	0	9	11	between
fs32k	15	all	14	0.5211070775985718	fusion	10	0	9	11	between
fs32k	15	all	15	0.5200660824775696	fusion	10	0	9	11	between
fs32k	15	all	16	0.5241299867630005	fusion	10	0	9	11	between
fs32k	15	all	17	0.5469922423362732	fusion	10	0	9	11	between
fs32k	15	all	18	0.5299306511878967	fusion	10	0	9	11	between
fs32k	15	all	19	0.5349395275115967	fusion	10	0	9	11	between
fs32k	15	all	20	0.5171841979026794	fusion	10	0	9	11	between
fs32k	15	all	21	0.5328046083450317	fusion	10	0	9	11	between
fs32k	15	all	22	0.5268062949180603	fusion	10	0	9	11	between
fs32k	15	all	23	0.5101796984672546	fusion	10	0	9	11	between
fs32k	15	all	24	0.535529613494873	fusion	10	0	9	11	between
fs32k	15	all	25	0.550564706325531	fusion	10	0	9	11	between
fs32k	15	all	26	0.5422650575637817	fusion	10	0	9	11	between
fs32k	15	all	27	0.5361563563346863	fusion	10	0	9	11	between
fs32k	15	all	28	0.5287491083145142	fusion	10	0	9	11	between
fs32k	15	all	29	0.5250751972198486	fusion	10	0	9	11	between
fs32k	15	all	30	0.5052093863487244	fusion	10	0	9	11	between
fs32k	15	all	31	0.5166264772415161	fusion	10	0	9	11	between
fs32k	15	all	32	0.5376027822494507	fusion	10	0	9	11	between
fs32k	15	all	33	0.5437597036361694	fusion	10	0	9	11	between
fs32k	15	all	34	0.5321671962738037	fusion	10	0	9	11	between
fs32k	15	all	35	0.5271136164665222	fusion	10	0	9	11	between
fs32k	15	all	36	0.5083538293838501	fusion	10	0	9	11	between
fs32k	15	all	37	0.5123425722122192	fusion	10	0	9	11	between
fs32k	15	all	38	0.5426086783409119	fusion	10	0	9	11	between
fs32k	15	all	39	0.5394651293754578	fusion	10	0	9	11	between
fs32k	15	all	40	0.5336723923683167	fusion	10	0	9	11	between
fs32k	15	all	41	0.509409487247467	fusion	10	0	9	11	between
fs32k	15	all	42	0.5178637504577637	fusion	10	0	9	11	between
fs32k	15	all	43	0.5465677976608276	fusion	10	0	9	11	between
fs32k	15	all	44	0.5397478342056274	fusion	10	0	9	11	between
fs32k	15	all	45	0.5194847583770752	fusion	10	0	9	11	between
fs32k	15	all	46	0.5249240398406982	fusion	10	0	9	11	between
fs32k	15	all	47	0.5395158529281616	fusion	10	0	9	11	between
fs32k	15	all	48	0.5158730745315552	fusion	10	0	9	11	between
fs32k	15	all	49	0.5179806351661682	fusion	10	0	9	11	between
fs32k	15	all	50	0.5364603400230408	fusion	10	0	9	11	between
fs32k	15	all	51	0.5240569710731506	fusion	10	0	9	11	between
fs32k	15	all	52	0.53941810131073	fusion	10	0	9	11	between
fs32k	15	all	53	0.5504404306411743	fusion	10	0	9	11	between
fs32k	15	all	54	0.5351483225822449	fusion	10	0	9	11	between
fs32k	15	all	55	0.5354580879211426	fusion	10	0	9	11	between
fs32k	15	all	1	0.525547206401825	fusion	10	0	9	12	between
fs32k	15	all	2	0.5340789556503296	fusion	10	0	9	12	between
fs32k	15	all	3	0.5399242043495178	fusion	10	0	9	12	between
fs32k	15	all	4	0.5332763195037842	fusion	10	0	9	12	between
fs32k	15	all	5	0.5314314961433411	fusion	10	0	9	12	between
fs32k	15	all	6	0.530791163444519	fusion	10	0	9	12	between
fs32k	15	all	7	0.5279069542884827	fusion	10	0	9	12	between
fs32k	15	all	8	0.5498062968254089	fusion	10	0	9	12	between
fs32k	15	all	9	0.5360414385795593	fusion	10	0	9	12	between
fs32k	15	all	10	0.5369552969932556	fusion	10	0	9	12	between
fs32k	15	all	11	0.5276705026626587	fusion	10	0	9	12	between
fs32k	15	all	12	0.541736364364624	fusion	10	0	9	12	between
fs32k	15	all	13	0.5310064554214478	fusion	10	0	9	12	between
fs32k	15	all	14	0.5307862758636475	fusion	10	0	9	12	between
fs32k	15	all	15	0.518997848033905	fusion	10	0	9	12	between
fs32k	15	all	16	0.5303272008895874	fusion	10	0	9	12	between
fs32k	15	all	17	0.5452101826667786	fusion	10	0	9	12	between
fs32k	15	all	18	0.519794225692749	fusion	10	0	9	12	between
fs32k	15	all	19	0.5363105535507202	fusion	10	0	9	12	between
fs32k	15	all	20	0.5295410752296448	fusion	10	0	9	12	between
fs32k	15	all	21	0.5299184322357178	fusion	10	0	9	12	between
fs32k	15	all	22	0.5234392881393433	fusion	10	0	9	12	between
fs32k	15	all	23	0.5116081237792969	fusion	10	0	9	12	between
fs32k	15	all	24	0.5273942947387695	fusion	10	0	9	12	between
fs32k	15	all	25	0.545523464679718	fusion	10	0	9	12	between
fs32k	15	all	26	0.5306406617164612	fusion	10	0	9	12	between
fs32k	15	all	27	0.5347335338592529	fusion	10	0	9	12	between
fs32k	15	all	28	0.5319967269897461	fusion	10	0	9	12	between
fs32k	15	all	29	0.5286347270011902	fusion	10	0	9	12	between
fs32k	15	all	30	0.513545036315918	fusion	10	0	9	12	between
fs32k	15	all	31	0.5261391401290894	fusion	10	0	9	12	between
fs32k	15	all	32	0.530070424079895	fusion	10	0	9	12	between
fs32k	15	all	33	0.5304446220397949	fusion	10	0	9	12	between
fs32k	15	all	34	0.5418524146080017	fusion	10	0	9	12	between
fs32k	15	all	35	0.5251941084861755	fusion	10	0	9	12	between
fs32k	15	all	36	0.509238064289093	fusion	10	0	9	12	between
fs32k	15	all	37	0.5117074251174927	fusion	10	0	9	12	between
fs32k	15	all	38	0.5367200374603271	fusion	10	0	9	12	between
fs32k	15	all	39	0.5138034820556641	fusion	10	0	9	12	between
fs32k	15	all	40	0.525107741355896	fusion	10	0	9	12	between
fs32k	15	all	41	0.5152285099029541	fusion	10	0	9	12	between
fs32k	15	all	42	0.5134759545326233	fusion	10	0	9	12	between
fs32k	15	all	43	0.5492044687271118	fusion	10	0	9	12	between
fs32k	15	all	44	0.5252454876899719	fusion	10	0	9	12	between
fs32k	15	all	45	0.5171954035758972	fusion	10	0	9	12	between
fs32k	15	all	46	0.5131679177284241	fusion	10	0	9	12	between
fs32k	15	all	47	0.5412118434906006	fusion	10	0	9	12	between
fs32k	15	all	48	0.5029999613761902	fusion	10	0	9	12	between
fs32k	15	all	49	0.5140358209609985	fusion	10	0	9	12	between
fs32k	15	all	50	0.5357894897460938	fusion	10	0	9	12	between
fs32k	15	all	51	0.5141628980636597	fusion	10	0	9	12	between
fs32k	15	all	52	0.5391136407852173	fusion	10	0	9	12	between
fs32k	15	all	53	0.5396124124526978	fusion	10	0	9	12	between
fs32k	15	all	54	0.5302515625953674	fusion	10	0	9	12	between
fs32k	15	all	55	0.5253050923347473	fusion	10	0	9	12	between
fs32k	15	all	1	0.530124306678772	fusion	10	0	9	13	between
fs32k	15	all	2	0.5429534912109375	fusion	10	0	9	13	between
fs32k	15	all	3	0.5514543056488037	fusion	10	0	9	13	between
fs32k	15	all	4	0.5361982583999634	fusion	10	0	9	13	between
fs32k	15	all	5	0.5312425494194031	fusion	10	0	9	13	between
fs32k	15	all	6	0.5430014133453369	fusion	10	0	9	13	between
fs32k	15	all	7	0.5499931573867798	fusion	10	0	9	13	between
fs32k	15	all	8	0.5419006943702698	fusion	10	0	9	13	between
fs32k	15	all	9	0.5524899959564209	fusion	10	0	9	13	between
fs32k	15	all	10	0.5493007898330688	fusion	10	0	9	13	between
fs32k	15	all	11	0.5310736298561096	fusion	10	0	9	13	between
fs32k	15	all	12	0.5364533066749573	fusion	10	0	9	13	between
fs32k	15	all	13	0.5293806195259094	fusion	10	0	9	13	between
fs32k	15	all	14	0.5210829377174377	fusion	10	0	9	13	between
fs32k	15	all	15	0.5165253281593323	fusion	10	0	9	13	between
fs32k	15	all	16	0.538930356502533	fusion	10	0	9	13	between
fs32k	15	all	17	0.5441718101501465	fusion	10	0	9	13	between
fs32k	15	all	18	0.5399301052093506	fusion	10	0	9	13	between
fs32k	15	all	19	0.5373896360397339	fusion	10	0	9	13	between
fs32k	15	all	20	0.5304772853851318	fusion	10	0	9	13	between
fs32k	15	all	21	0.5364301204681396	fusion	10	0	9	13	between
fs32k	15	all	22	0.5290679335594177	fusion	10	0	9	13	between
fs32k	15	all	23	0.5170708298683167	fusion	10	0	9	13	between
fs32k	15	all	24	0.5382952690124512	fusion	10	0	9	13	between
fs32k	15	all	25	0.5407161116600037	fusion	10	0	9	13	between
fs32k	15	all	26	0.5439713597297668	fusion	10	0	9	13	between
fs32k	15	all	27	0.5506674647331238	fusion	10	0	9	13	between
fs32k	15	all	28	0.5333503484725952	fusion	10	0	9	13	between
fs32k	15	all	29	0.528046190738678	fusion	10	0	9	13	between
fs32k	15	all	30	0.5146982669830322	fusion	10	0	9	13	between
fs32k	15	all	31	0.5387786626815796	fusion	10	0	9	13	between
fs32k	15	all	32	0.5232633948326111	fusion	10	0	9	13	between
fs32k	15	all	33	0.5483219027519226	fusion	10	0	9	13	between
fs32k	15	all	34	0.544712245464325	fusion	10	0	9	13	between
fs32k	15	all	35	0.5338387489318848	fusion	10	0	9	13	between
fs32k	15	all	36	0.5103302001953125	fusion	10	0	9	13	between
fs32k	15	all	37	0.5276874303817749	fusion	10	0	9	13	between
fs32k	15	all	38	0.5340677499771118	fusion	10	0	9	13	between
fs32k	15	all	39	0.5416747331619263	fusion	10	0	9	13	between
fs32k	15	all	40	0.538983941078186	fusion	10	0	9	13	between
fs32k	15	all	41	0.5197932124137878	fusion	10	0	9	13	between
fs32k	15	all	42	0.5222235918045044	fusion	10	0	9	13	between
fs32k	15	all	43	0.5438517332077026	fusion	10	0	9	13	between
fs32k	15	all	44	0.5413820743560791	fusion	10	0	9	13	between
fs32k	15	all	45	0.5194587707519531	fusion	10	0	9	13	between
fs32k	15	all	46	0.5298360586166382	fusion	10	0	9	13	between
fs32k	15	all	47	0.5445290207862854	fusion	10	0	9	13	between
fs32k	15	all	48	0.5267460346221924	fusion	10	0	9	13	between
fs32k	15	all	49	0.5288420915603638	fusion	10	0	9	13	between
fs32k	15	all	50	0.5429151654243469	fusion	10	0	9	13	between
fs32k	15	all	51	0.5379747748374939	fusion	10	0	9	13	between
fs32k	15	all	52	0.5555167198181152	fusion	10	0	9	13	between
fs32k	15	all	53	0.5448848605155945	fusion	10	0	9	13	between
fs32k	15	all	54	0.5377733111381531	fusion	10	0	9	13	between
fs32k	15	all	55	0.5420073866844177	fusion	10	0	9	13	between
fs32k	15	all	1	0.5300741195678711	fusion	10	0	9	14	between
fs32k	15	all	2	0.5630742907524109	fusion	10	0	9	14	between
fs32k	15	all	3	0.5450282692909241	fusion	10	0	9	14	between
fs32k	15	all	4	0.539071261882782	fusion	10	0	9	14	between
fs32k	15	all	5	0.5426637530326843	fusion	10	0	9	14	between
fs32k	15	all	6	0.5457889437675476	fusion	10	0	9	14	between
fs32k	15	all	7	0.5537395477294922	fusion	10	0	9	14	between
fs32k	15	all	8	0.5485623478889465	fusion	10	0	9	14	between
fs32k	15	all	9	0.5529513359069824	fusion	10	0	9	14	between
fs32k	15	all	10	0.5539506077766418	fusion	10	0	9	14	between
fs32k	15	all	11	0.5353817939758301	fusion	10	0	9	14	between
fs32k	15	all	12	0.5332448482513428	fusion	10	0	9	14	between
fs32k	15	all	13	0.5263411402702332	fusion	10	0	9	14	between
fs32k	15	all	14	0.5247962474822998	fusion	10	0	9	14	between
fs32k	15	all	15	0.5186575651168823	fusion	10	0	9	14	between
fs32k	15	all	16	0.5289127826690674	fusion	10	0	9	14	between
fs32k	15	all	17	0.5316245555877686	fusion	10	0	9	14	between
fs32k	15	all	18	0.5319306254386902	fusion	10	0	9	14	between
fs32k	15	all	19	0.544791042804718	fusion	10	0	9	14	between
fs32k	15	all	20	0.5311489105224609	fusion	10	0	9	14	between
fs32k	15	all	21	0.53862464427948	fusion	10	0	9	14	between
fs32k	15	all	22	0.5442144274711609	fusion	10	0	9	14	between
fs32k	15	all	23	0.5242690443992615	fusion	10	0	9	14	between
fs32k	15	all	24	0.5416116118431091	fusion	10	0	9	14	between
fs32k	15	all	25	0.5560823678970337	fusion	10	0	9	14	between
fs32k	15	all	26	0.5500915050506592	fusion	10	0	9	14	between
fs32k	15	all	27	0.5480769276618958	fusion	10	0	9	14	between
fs32k	15	all	28	0.5279840230941772	fusion	10	0	9	14	between
fs32k	15	all	29	0.5220662355422974	fusion	10	0	9	14	between
fs32k	15	all	30	0.5127990245819092	fusion	10	0	9	14	between
fs32k	15	all	31	0.5183566808700562	fusion	10	0	9	14	between
fs32k	15	all	32	0.507714569568634	fusion	10	0	9	14	between
fs32k	15	all	33	0.5392459630966187	fusion	10	0	9	14	between
fs32k	15	all	34	0.5380127429962158	fusion	10	0	9	14	between
fs32k	15	all	35	0.5339424014091492	fusion	10	0	9	14	between
fs32k	15	all	36	0.512172520160675	fusion	10	0	9	14	between
fs32k	15	all	37	0.518975019454956	fusion	10	0	9	14	between
fs32k	15	all	38	0.5282903909683228	fusion	10	0	9	14	between
fs32k	15	all	39	0.5321612358093262	fusion	10	0	9	14	between
fs32k	15	all	40	0.5380123257637024	fusion	10	0	9	14	between
fs32k	15	all	41	0.5230569839477539	fusion	10	0	9	14	between
fs32k	15	all	42	0.5233688354492188	fusion	10	0	9	14	between
fs32k	15	all	43	0.547205924987793	fusion	10	0	9	14	between
fs32k	15	all	44	0.5338494777679443	fusion	10	0	9	14	between
fs32k	15	all	45	0.5286746025085449	fusion	10	0	9	14	between
fs32k	15	all	46	0.5284125804901123	fusion	10	0	9	14	between
fs32k	15	all	47	0.5386580228805542	fusion	10	0	9	14	between
fs32k	15	all	48	0.5270944237709045	fusion	10	0	9	14	between
fs32k	15	all	49	0.5295310020446777	fusion	10	0	9	14	between
fs32k	15	all	50	0.5311447978019714	fusion	10	0	9	14	between
fs32k	15	all	51	0.5340371131896973	fusion	10	0	9	14	between
fs32k	15	all	52	0.5420463681221008	fusion	10	0	9	14	between
fs32k	15	all	53	0.5278445482254028	fusion	10	0	9	14	between
fs32k	15	all	54	0.5305250883102417	fusion	10	0	9	14	between
fs32k	15	all	55	0.5428966283798218	fusion	10	0	9	14	between
fs32k	15	all	1	0.5162568688392639	fusion	10	0	9	15	between
fs32k	15	all	2	0.5444449186325073	fusion	10	0	9	15	between
fs32k	15	all	3	0.5476782321929932	fusion	10	0	9	15	between
fs32k	15	all	4	0.5387976765632629	fusion	10	0	9	15	between
fs32k	15	all	5	0.541902482509613	fusion	10	0	9	15	between
fs32k	15	all	6	0.5391010046005249	fusion	10	0	9	15	between
fs32k	15	all	7	0.5448155403137207	fusion	10	0	9	15	between
fs32k	15	all	8	0.5508447885513306	fusion	10	0	9	15	between
fs32k	15	all	9	0.5451234579086304	fusion	10	0	9	15	between
fs32k	15	all	10	0.5423792004585266	fusion	10	0	9	15	between
fs32k	15	all	11	0.5149638652801514	fusion	10	0	9	15	between
fs32k	15	all	12	0.5269887447357178	fusion	10	0	9	15	between
fs32k	15	all	13	0.5153211951255798	fusion	10	0	9	15	between
fs32k	15	all	14	0.5148732662200928	fusion	10	0	9	15	between
fs32k	15	all	15	0.5055693984031677	fusion	10	0	9	15	between
fs32k	15	all	16	0.5214524269104004	fusion	10	0	9	15	between
fs32k	15	all	17	0.5234290361404419	fusion	10	0	9	15	between
fs32k	15	all	18	0.5284768342971802	fusion	10	0	9	15	between
fs32k	15	all	19	0.5176229476928711	fusion	10	0	9	15	between
fs32k	15	all	20	0.5222316980361938	fusion	10	0	9	15	between
fs32k	15	all	21	0.5374402403831482	fusion	10	0	9	15	between
fs32k	15	all	22	0.5323881506919861	fusion	10	0	9	15	between
fs32k	15	all	23	0.5091691613197327	fusion	10	0	9	15	between
fs32k	15	all	24	0.5278163552284241	fusion	10	0	9	15	between
fs32k	15	all	25	0.5499590635299683	fusion	10	0	9	15	between
fs32k	15	all	26	0.5379970073699951	fusion	10	0	9	15	between
fs32k	15	all	27	0.5381249189376831	fusion	10	0	9	15	between
fs32k	15	all	28	0.5343239307403564	fusion	10	0	9	15	between
fs32k	15	all	29	0.5217673182487488	fusion	10	0	9	15	between
fs32k	15	all	30	0.5091873407363892	fusion	10	0	9	15	between
fs32k	15	all	31	0.5276917219161987	fusion	10	0	9	15	between
fs32k	15	all	32	0.5166106820106506	fusion	10	0	9	15	between
fs32k	15	all	33	0.5461687445640564	fusion	10	0	9	15	between
fs32k	15	all	34	0.5308065414428711	fusion	10	0	9	15	between
fs32k	15	all	35	0.5259111523628235	fusion	10	0	9	15	between
fs32k	15	all	36	0.5060005784034729	fusion	10	0	9	15	between
fs32k	15	all	37	0.5116767287254333	fusion	10	0	9	15	between
fs32k	15	all	38	0.5344864130020142	fusion	10	0	9	15	between
fs32k	15	all	39	0.5339239835739136	fusion	10	0	9	15	between
fs32k	15	all	40	0.5211942791938782	fusion	10	0	9	15	between
fs32k	15	all	41	0.5162647366523743	fusion	10	0	9	15	between
fs32k	15	all	42	0.5239126086235046	fusion	10	0	9	15	between
fs32k	15	all	43	0.550438642501831	fusion	10	0	9	15	between
fs32k	15	all	44	0.5471226572990417	fusion	10	0	9	15	between
fs32k	15	all	45	0.5237250328063965	fusion	10	0	9	15	between
fs32k	15	all	46	0.5254910588264465	fusion	10	0	9	15	between
fs32k	15	all	47	0.5299912691116333	fusion	10	0	9	15	between
fs32k	15	all	48	0.522865355014801	fusion	10	0	9	15	between
fs32k	15	all	49	0.517770528793335	fusion	10	0	9	15	between
fs32k	15	all	50	0.5336368083953857	fusion	10	0	9	15	between
fs32k	15	all	51	0.5341622829437256	fusion	10	0	9	15	between
fs32k	15	all	52	0.5453759431838989	fusion	10	0	9	15	between
fs32k	15	all	53	0.5361002087593079	fusion	10	0	9	15	between
fs32k	15	all	54	0.5349123477935791	fusion	10	0	9	15	between
fs32k	15	all	55	0.536742091178894	fusion	10	0	9	15	between
fs32k	15	all	1	0.540857195854187	fusion	10	0	10	11	between
fs32k	15	all	2	0.5516116619110107	fusion	10	0	10	11	between
fs32k	15	all	3	0.5587736368179321	fusion	10	0	10	11	between
fs32k	15	all	4	0.5542972683906555	fusion	10	0	10	11	between
fs32k	15	all	5	0.5565527677536011	fusion	10	0	10	11	between
fs32k	15	all	6	0.5518681406974792	fusion	10	0	10	11	between
fs32k	15	all	7	0.5503341555595398	fusion	10	0	10	11	between
fs32k	15	all	8	0.5497453808784485	fusion	10	0	10	11	between
fs32k	15	all	9	0.5556210279464722	fusion	10	0	10	11	between
fs32k	15	all	10	0.5536059141159058	fusion	10	0	10	11	between
fs32k	15	all	11	0.5402325391769409	fusion	10	0	10	11	between
fs32k	15	all	12	0.5440809726715088	fusion	10	0	10	11	between
fs32k	15	all	13	0.5294361114501953	fusion	10	0	10	11	between
fs32k	15	all	14	0.5278695225715637	fusion	10	0	10	11	between
fs32k	15	all	15	0.5286248922348022	fusion	10	0	10	11	between
fs32k	15	all	16	0.5309816002845764	fusion	10	0	10	11	between
fs32k	15	all	17	0.5483441352844238	fusion	10	0	10	11	between
fs32k	15	all	18	0.5357861518859863	fusion	10	0	10	11	between
fs32k	15	all	19	0.5577983856201172	fusion	10	0	10	11	between
fs32k	15	all	20	0.528236448764801	fusion	10	0	10	11	between
fs32k	15	all	21	0.5260204076766968	fusion	10	0	10	11	between
fs32k	15	all	22	0.524167001247406	fusion	10	0	10	11	between
fs32k	15	all	23	0.5116293430328369	fusion	10	0	10	11	between
fs32k	15	all	24	0.5385238528251648	fusion	10	0	10	11	between
fs32k	15	all	25	0.5403174757957458	fusion	10	0	10	11	between
fs32k	15	all	26	0.5409581065177917	fusion	10	0	10	11	between
fs32k	15	all	27	0.5412211418151855	fusion	10	0	10	11	between
fs32k	15	all	28	0.5296944379806519	fusion	10	0	10	11	between
fs32k	15	all	29	0.5342313051223755	fusion	10	0	10	11	between
fs32k	15	all	30	0.5198156237602234	fusion	10	0	10	11	between
fs32k	15	all	31	0.5244943499565125	fusion	10	0	10	11	between
fs32k	15	all	32	0.53596031665802	fusion	10	0	10	11	between
fs32k	15	all	33	0.5530352592468262	fusion	10	0	10	11	between
fs32k	15	all	34	0.5581257343292236	fusion	10	0	10	11	between
fs32k	15	all	35	0.5341542959213257	fusion	10	0	10	11	between
fs32k	15	all	36	0.5150315165519714	fusion	10	0	10	11	between
fs32k	15	all	37	0.5150918960571289	fusion	10	0	10	11	between
fs32k	15	all	38	0.5308366417884827	fusion	10	0	10	11	between
fs32k	15	all	39	0.531592071056366	fusion	10	0	10	11	between
fs32k	15	all	40	0.5485135316848755	fusion	10	0	10	11	between
fs32k	15	all	41	0.5236483216285706	fusion	10	0	10	11	between
fs32k	15	all	42	0.5261982679367065	fusion	10	0	10	11	between
fs32k	15	all	43	0.5442633032798767	fusion	10	0	10	11	between
fs32k	15	all	44	0.548488438129425	fusion	10	0	10	11	between
fs32k	15	all	45	0.5378824472427368	fusion	10	0	10	11	between
fs32k	15	all	46	0.5230854749679565	fusion	10	0	10	11	between
fs32k	15	all	47	0.5358571410179138	fusion	10	0	10	11	between
fs32k	15	all	48	0.5230507850646973	fusion	10	0	10	11	between
fs32k	15	all	49	0.5255505442619324	fusion	10	0	10	11	between
fs32k	15	all	50	0.5348243713378906	fusion	10	0	10	11	between
fs32k	15	all	51	0.5247089266777039	fusion	10	0	10	11	between
fs32k	15	all	52	0.539027750492096	fusion	10	0	10	11	between
fs32k	15	all	53	0.5450395941734314	fusion	10	0	10	11	between
fs32k	15	all	54	0.5451341271400452	fusion	10	0	10	11	between
fs32k	15	all	55	0.546786904335022	fusion	10	0	10	11	between
fs32k	15	all	1	0.5317694544792175	fusion	10	0	10	12	between
fs32k	15	all	2	0.532710075378418	fusion	10	0	10	12	between
fs32k	15	all	3	0.5467265248298645	fusion	10	0	10	12	between
fs32k	15	all	4	0.5413886904716492	fusion	10	0	10	12	between
fs32k	15	all	5	0.5462360382080078	fusion	10	0	10	12	between
fs32k	15	all	6	0.5398653745651245	fusion	10	0	10	12	between
fs32k	15	all	7	0.5318452715873718	fusion	10	0	10	12	between
fs32k	15	all	8	0.5422570705413818	fusion	10	0	10	12	between
fs32k	15	all	9	0.5407586097717285	fusion	10	0	10	12	between
fs32k	15	all	10	0.542639434337616	fusion	10	0	10	12	between
fs32k	15	all	11	0.5363906025886536	fusion	10	0	10	12	between
fs32k	15	all	12	0.5507962703704834	fusion	10	0	10	12	between
fs32k	15	all	13	0.5348968505859375	fusion	10	0	10	12	between
fs32k	15	all	14	0.5382646918296814	fusion	10	0	10	12	between
fs32k	15	all	15	0.527214527130127	fusion	10	0	10	12	between
fs32k	15	all	16	0.5333209037780762	fusion	10	0	10	12	between
fs32k	15	all	17	0.5482852458953857	fusion	10	0	10	12	between
fs32k	15	all	18	0.5254567861557007	fusion	10	0	10	12	between
fs32k	15	all	19	0.5554643869400024	fusion	10	0	10	12	between
fs32k	15	all	20	0.5360046625137329	fusion	10	0	10	12	between
fs32k	15	all	21	0.5223088264465332	fusion	10	0	10	12	between
fs32k	15	all	22	0.5165740251541138	fusion	10	0	10	12	between
fs32k	15	all	23	0.5154163837432861	fusion	10	0	10	12	between
fs32k	15	all	24	0.5328464508056641	fusion	10	0	10	12	between
fs32k	15	all	25	0.5303966999053955	fusion	10	0	10	12	between
fs32k	15	all	26	0.5211294889450073	fusion	10	0	10	12	between
fs32k	15	all	27	0.5390400886535645	fusion	10	0	10	12	between
fs32k	15	all	28	0.5312802791595459	fusion	10	0	10	12	between
fs32k	15	all	29	0.5395971536636353	fusion	10	0	10	12	between
fs32k	15	all	30	0.524170994758606	fusion	10	0	10	12	between
fs32k	15	all	31	0.5324627757072449	fusion	10	0	10	12	between
fs32k	15	all	32	0.5256384015083313	fusion	10	0	10	12	between
fs32k	15	all	33	0.5378584861755371	fusion	10	0	10	12	between
fs32k	15	all	34	0.562436580657959	fusion	10	0	10	12	between
fs32k	15	all	35	0.5295684337615967	fusion	10	0	10	12	between
fs32k	15	all	36	0.5140676498413086	fusion	10	0	10	12	between
fs32k	15	all	37	0.5131129026412964	fusion	10	0	10	12	between
fs32k	15	all	38	0.5288472175598145	fusion	10	0	10	12	between
fs32k	15	all	39	0.5073965191841125	fusion	10	0	10	12	between
fs32k	15	all	40	0.5359138250350952	fusion	10	0	10	12	between
fs32k	15	all	41	0.5228967666625977	fusion	10	0	10	12	between
fs32k	15	all	42	0.5209355354309082	fusion	10	0	10	12	between
fs32k	15	all	43	0.550960898399353	fusion	10	0	10	12	between
fs32k	15	all	44	0.5307032465934753	fusion	10	0	10	12	between
fs32k	15	all	45	0.5376942157745361	fusion	10	0	10	12	between
fs32k	15	all	46	0.5130342245101929	fusion	10	0	10	12	between
fs32k	15	all	47	0.5324417352676392	fusion	10	0	10	12	between
fs32k	15	all	48	0.5076872110366821	fusion	10	0	10	12	between
fs32k	15	all	49	0.5208386182785034	fusion	10	0	10	12	between
fs32k	15	all	50	0.5325947403907776	fusion	10	0	10	12	between
fs32k	15	all	51	0.513995349407196	fusion	10	0	10	12	between
fs32k	15	all	52	0.5372309684753418	fusion	10	0	10	12	between
fs32k	15	all	53	0.5369049310684204	fusion	10	0	10	12	between
fs32k	15	all	54	0.5380041599273682	fusion	10	0	10	12	between
fs32k	15	all	55	0.5335803031921387	fusion	10	0	10	12	between
fs32k	15	all	1	0.5311269760131836	fusion	10	0	10	13	between
fs32k	15	all	2	0.538313090801239	fusion	10	0	10	13	between
fs32k	15	all	3	0.5524723529815674	fusion	10	0	10	13	between
fs32k	15	all	4	0.5408807396888733	fusion	10	0	10	13	between
fs32k	15	all	5	0.5448486804962158	fusion	10	0	10	13	between
fs32k	15	all	6	0.5493170619010925	fusion	10	0	10	13	between
fs32k	15	all	7	0.5524708032608032	fusion	10	0	10	13	between
fs32k	15	all	8	0.5378617644309998	fusion	10	0	10	13	between
fs32k	15	all	9	0.5520150661468506	fusion	10	0	10	13	between
fs32k	15	all	10	0.5439191460609436	fusion	10	0	10	13	between
fs32k	15	all	11	0.5360307693481445	fusion	10	0	10	13	between
fs32k	15	all	12	0.5447737574577332	fusion	10	0	10	13	between
fs32k	15	all	13	0.5272568464279175	fusion	10	0	10	13	between
fs32k	15	all	14	0.5269799828529358	fusion	10	0	10	13	between
fs32k	15	all	15	0.5271027684211731	fusion	10	0	10	13	between
fs32k	15	all	16	0.5403220057487488	fusion	10	0	10	13	between
fs32k	15	all	17	0.5475355386734009	fusion	10	0	10	13	between
fs32k	15	all	18	0.5440132021903992	fusion	10	0	10	13	between
fs32k	15	all	19	0.5582057237625122	fusion	10	0	10	13	between
fs32k	15	all	20	0.5322930812835693	fusion	10	0	10	13	between
fs32k	15	all	21	0.5288799405097961	fusion	10	0	10	13	between
fs32k	15	all	22	0.5243218541145325	fusion	10	0	10	13	between
fs32k	15	all	23	0.5219417214393616	fusion	10	0	10	13	between
fs32k	15	all	24	0.5416083931922913	fusion	10	0	10	13	between
fs32k	15	all	25	0.5242881774902344	fusion	10	0	10	13	between
fs32k	15	all	26	0.5380637049674988	fusion	10	0	10	13	between
fs32k	15	all	27	0.548445463180542	fusion	10	0	10	13	between
fs32k	15	all	28	0.5385698080062866	fusion	10	0	10	13	between
fs32k	15	all	29	0.5424059629440308	fusion	10	0	10	13	between
fs32k	15	all	30	0.5228673815727234	fusion	10	0	10	13	between
fs32k	15	all	31	0.5422990322113037	fusion	10	0	10	13	between
fs32k	15	all	32	0.5237333178520203	fusion	10	0	10	13	between
fs32k	15	all	33	0.5579690933227539	fusion	10	0	10	13	between
fs32k	15	all	34	0.563470184803009	fusion	10	0	10	13	between
fs32k	15	all	35	0.5420506000518799	fusion	10	0	10	13	between
fs32k	15	all	36	0.5130814909934998	fusion	10	0	10	13	between
fs32k	15	all	37	0.5297083854675293	fusion	10	0	10	13	between
fs32k	15	all	38	0.5306110382080078	fusion	10	0	10	13	between
fs32k	15	all	39	0.5353350639343262	fusion	10	0	10	13	between
fs32k	15	all	40	0.5494728088378906	fusion	10	0	10	13	between
fs32k	15	all	41	0.5255190134048462	fusion	10	0	10	13	between
fs32k	15	all	42	0.5343475341796875	fusion	10	0	10	13	between
fs32k	15	all	43	0.5483748912811279	fusion	10	0	10	13	between
fs32k	15	all	44	0.5472897291183472	fusion	10	0	10	13	between
fs32k	15	all	45	0.5359869003295898	fusion	10	0	10	13	between
fs32k	15	all	46	0.5275684595108032	fusion	10	0	10	13	between
fs32k	15	all	47	0.5342010259628296	fusion	10	0	10	13	between
fs32k	15	all	48	0.5292826294898987	fusion	10	0	10	13	between
fs32k	15	all	49	0.5323505401611328	fusion	10	0	10	13	between
fs32k	15	all	50	0.5391036868095398	fusion	10	0	10	13	between
fs32k	15	all	51	0.5348920822143555	fusion	10	0	10	13	between
fs32k	15	all	52	0.5535581111907959	fusion	10	0	10	13	between
fs32k	15	all	53	0.5399462580680847	fusion	10	0	10	13	between
fs32k	15	all	54	0.5396419763565063	fusion	10	0	10	13	between
fs32k	15	all	55	0.5523448586463928	fusion	10	0	10	13	between
fs32k	15	all	1	0.5351778268814087	fusion	10	0	10	14	between
fs32k	15	all	2	0.5556319952011108	fusion	10	0	10	14	between
fs32k	15	all	3	0.548094630241394	fusion	10	0	10	14	between
fs32k	15	all	4	0.5395074486732483	fusion	10	0	10	14	between
fs32k	15	all	5	0.5557765960693359	fusion	10	0	10	14	between
fs32k	15	all	6	0.5504542589187622	fusion	10	0	10	14	between
fs32k	15	all	7	0.5528790354728699	fusion	10	0	10	14	between
fs32k	15	all	8	0.5406409502029419	fusion	10	0	10	14	between
fs32k	15	all	9	0.5530306100845337	fusion	10	0	10	14	between
fs32k	15	all	10	0.5553742051124573	fusion	10	0	10	14	between
fs32k	15	all	11	0.5441588759422302	fusion	10	0	10	14	between
fs32k	15	all	12	0.5407600402832031	fusion	10	0	10	14	between
fs32k	15	all	13	0.5277338027954102	fusion	10	0	10	14	between
fs32k	15	all	14	0.533927321434021	fusion	10	0	10	14	between
fs32k	15	all	15	0.526517391204834	fusion	10	0	10	14	between
fs32k	15	all	16	0.5298776626586914	fusion	10	0	10	14	between
fs32k	15	all	17	0.533791720867157	fusion	10	0	10	14	between
fs32k	15	all	18	0.5305519104003906	fusion	10	0	10	14	between
fs32k	15	all	19	0.5631517171859741	fusion	10	0	10	14	between
fs32k	15	all	20	0.5431253910064697	fusion	10	0	10	14	between
fs32k	15	all	21	0.5281291007995605	fusion	10	0	10	14	between
fs32k	15	all	22	0.533281683921814	fusion	10	0	10	14	between
fs32k	15	all	23	0.5261145830154419	fusion	10	0	10	14	between
fs32k	15	all	24	0.5418576002120972	fusion	10	0	10	14	between
fs32k	15	all	25	0.5407692790031433	fusion	10	0	10	14	between
fs32k	15	all	26	0.5405031442642212	fusion	10	0	10	14	between
fs32k	15	all	27	0.5521166324615479	fusion	10	0	10	14	between
fs32k	15	all	28	0.5276780128479004	fusion	10	0	10	14	between
fs32k	15	all	29	0.5320389270782471	fusion	10	0	10	14	between
fs32k	15	all	30	0.5308218598365784	fusion	10	0	10	14	between
fs32k	15	all	31	0.5297807455062866	fusion	10	0	10	14	between
fs32k	15	all	32	0.5050582885742188	fusion	10	0	10	14	between
fs32k	15	all	33	0.5448516011238098	fusion	10	0	10	14	between
fs32k	15	all	34	0.5573426485061646	fusion	10	0	10	14	between
fs32k	15	all	35	0.543942928314209	fusion	10	0	10	14	between
fs32k	15	all	36	0.5147446393966675	fusion	10	0	10	14	between
fs32k	15	all	37	0.5239529609680176	fusion	10	0	10	14	between
fs32k	15	all	38	0.5232955813407898	fusion	10	0	10	14	between
fs32k	15	all	39	0.5282280445098877	fusion	10	0	10	14	between
fs32k	15	all	40	0.5525519847869873	fusion	10	0	10	14	between
fs32k	15	all	41	0.5277308821678162	fusion	10	0	10	14	between
fs32k	15	all	42	0.5364245176315308	fusion	10	0	10	14	between
fs32k	15	all	43	0.5505719184875488	fusion	10	0	10	14	between
fs32k	15	all	44	0.5459464192390442	fusion	10	0	10	14	between
fs32k	15	all	45	0.5484364628791809	fusion	10	0	10	14	between
fs32k	15	all	46	0.5261985063552856	fusion	10	0	10	14	between
fs32k	15	all	47	0.5270867347717285	fusion	10	0	10	14	between
fs32k	15	all	48	0.5288959741592407	fusion	10	0	10	14	between
fs32k	15	all	49	0.5348549485206604	fusion	10	0	10	14	between
fs32k	15	all	50	0.5324907302856445	fusion	10	0	10	14	between
fs32k	15	all	51	0.5313414335250854	fusion	10	0	10	14	between
fs32k	15	all	52	0.5411666035652161	fusion	10	0	10	14	between
fs32k	15	all	53	0.5271234512329102	fusion	10	0	10	14	between
fs32k	15	all	54	0.5362789630889893	fusion	10	0	10	14	between
fs32k	15	all	55	0.5510880947113037	fusion	10	0	10	14	between
fs32k	15	all	1	0.5219603776931763	fusion	10	0	10	15	between
fs32k	15	all	2	0.542545735836029	fusion	10	0	10	15	between
fs32k	15	all	3	0.5523760318756104	fusion	10	0	10	15	between
fs32k	15	all	4	0.540489673614502	fusion	10	0	10	15	between
fs32k	15	all	5	0.55412757396698	fusion	10	0	10	15	between
fs32k	15	all	6	0.5478840470314026	fusion	10	0	10	15	between
fs32k	15	all	7	0.5481752157211304	fusion	10	0	10	15	between
fs32k	15	all	8	0.5416237711906433	fusion	10	0	10	15	between
fs32k	15	all	9	0.549532949924469	fusion	10	0	10	15	between
fs32k	15	all	10	0.5496039390563965	fusion	10	0	10	15	between
fs32k	15	all	11	0.5269194841384888	fusion	10	0	10	15	between
fs32k	15	all	12	0.5328124761581421	fusion	10	0	10	15	between
fs32k	15	all	13	0.5171329379081726	fusion	10	0	10	15	between
fs32k	15	all	14	0.5187375545501709	fusion	10	0	10	15	between
fs32k	15	all	15	0.5220018625259399	fusion	10	0	10	15	between
fs32k	15	all	16	0.5236841440200806	fusion	10	0	10	15	between
fs32k	15	all	17	0.5303072929382324	fusion	10	0	10	15	between
fs32k	15	all	18	0.5327028632164001	fusion	10	0	10	15	between
fs32k	15	all	19	0.5387619733810425	fusion	10	0	10	15	between
fs32k	15	all	20	0.5303500890731812	fusion	10	0	10	15	between
fs32k	15	all	21	0.5267784595489502	fusion	10	0	10	15	between
fs32k	15	all	22	0.5244519114494324	fusion	10	0	10	15	between
fs32k	15	all	23	0.5119075179100037	fusion	10	0	10	15	between
fs32k	15	all	24	0.5310406684875488	fusion	10	0	10	15	between
fs32k	15	all	25	0.5374642610549927	fusion	10	0	10	15	between
fs32k	15	all	26	0.5351516008377075	fusion	10	0	10	15	between
fs32k	15	all	27	0.5409484505653381	fusion	10	0	10	15	between
fs32k	15	all	28	0.5297032594680786	fusion	10	0	10	15	between
fs32k	15	all	29	0.5342941284179688	fusion	10	0	10	15	between
fs32k	15	all	30	0.5263075828552246	fusion	10	0	10	15	between
fs32k	15	all	31	0.5399237871170044	fusion	10	0	10	15	between
fs32k	15	all	32	0.5145629644393921	fusion	10	0	10	15	between
fs32k	15	all	33	0.5522964596748352	fusion	10	0	10	15	between
fs32k	15	all	34	0.5538989305496216	fusion	10	0	10	15	between
fs32k	15	all	35	0.5264776945114136	fusion	10	0	10	15	between
fs32k	15	all	36	0.5122763514518738	fusion	10	0	10	15	between
fs32k	15	all	37	0.5170906186103821	fusion	10	0	10	15	between
fs32k	15	all	38	0.5200042724609375	fusion	10	0	10	15	between
fs32k	15	all	39	0.5265823602676392	fusion	10	0	10	15	between
fs32k	15	all	40	0.5366643071174622	fusion	10	0	10	15	between
fs32k	15	all	41	0.5275916457176208	fusion	10	0	10	15	between
fs32k	15	all	42	0.5379593372344971	fusion	10	0	10	15	between
fs32k	15	all	43	0.5485376715660095	fusion	10	0	10	15	between
fs32k	15	all	44	0.5549290776252747	fusion	10	0	10	15	between
fs32k	15	all	45	0.5378536581993103	fusion	10	0	10	15	between
fs32k	15	all	46	0.5228209495544434	fusion	10	0	10	15	between
fs32k	15	all	47	0.526965320110321	fusion	10	0	10	15	between
fs32k	15	all	48	0.5272855758666992	fusion	10	0	10	15	between
fs32k	15	all	49	0.5258495807647705	fusion	10	0	10	15	between
fs32k	15	all	50	0.5329684019088745	fusion	10	0	10	15	between
fs32k	15	all	51	0.5337134599685669	fusion	10	0	10	15	between
fs32k	15	all	52	0.5426719188690186	fusion	10	0	10	15	between
fs32k	15	all	53	0.5347864031791687	fusion	10	0	10	15	between
fs32k	15	all	54	0.5382568836212158	fusion	10	0	10	15	between
fs32k	15	all	55	0.5453016757965088	fusion	10	0	10	15	between
fs32k	15	all	1	0.5242091417312622	fusion	10	0	11	12	between
fs32k	15	all	2	0.5319479703903198	fusion	10	0	11	12	between
fs32k	15	all	3	0.5531149506568909	fusion	10	0	11	12	between
fs32k	15	all	4	0.550239086151123	fusion	10	0	11	12	between
fs32k	15	all	5	0.5373650789260864	fusion	10	0	11	12	between
fs32k	15	all	6	0.5355924367904663	fusion	10	0	11	12	between
fs32k	15	all	7	0.530500054359436	fusion	10	0	11	12	between
fs32k	15	all	8	0.5525617599487305	fusion	10	0	11	12	between
fs32k	15	all	9	0.5412554144859314	fusion	10	0	11	12	between
fs32k	15	all	10	0.5374153256416321	fusion	10	0	11	12	between
fs32k	15	all	11	0.5277711749076843	fusion	10	0	11	12	between
fs32k	15	all	12	0.5479196310043335	fusion	10	0	11	12	between
fs32k	15	all	13	0.5336012840270996	fusion	10	0	11	12	between
fs32k	15	all	14	0.5300722122192383	fusion	10	0	11	12	between
fs32k	15	all	15	0.5170345306396484	fusion	10	0	11	12	between
fs32k	15	all	16	0.5326508283615112	fusion	10	0	11	12	between
fs32k	15	all	17	0.5491783618927002	fusion	10	0	11	12	between
fs32k	15	all	18	0.5157359838485718	fusion	10	0	11	12	between
fs32k	15	all	19	0.5404314398765564	fusion	10	0	11	12	between
fs32k	15	all	20	0.5289628505706787	fusion	10	0	11	12	between
fs32k	15	all	21	0.5184816122055054	fusion	10	0	11	12	between
fs32k	15	all	22	0.5132430791854858	fusion	10	0	11	12	between
fs32k	15	all	23	0.5051381587982178	fusion	10	0	11	12	between
fs32k	15	all	24	0.5320031642913818	fusion	10	0	11	12	between
fs32k	15	all	25	0.5329971313476562	fusion	10	0	11	12	between
fs32k	15	all	26	0.5283510684967041	fusion	10	0	11	12	between
fs32k	15	all	27	0.5364769101142883	fusion	10	0	11	12	between
fs32k	15	all	28	0.5358765125274658	fusion	10	0	11	12	between
fs32k	15	all	29	0.534112274646759	fusion	10	0	11	12	between
fs32k	15	all	30	0.5125112533569336	fusion	10	0	11	12	between
fs32k	15	all	31	0.5384652614593506	fusion	10	0	11	12	between
fs32k	15	all	32	0.5471380949020386	fusion	10	0	11	12	between
fs32k	15	all	33	0.5385000705718994	fusion	10	0	11	12	between
fs32k	15	all	34	0.5616639256477356	fusion	10	0	11	12	between
fs32k	15	all	35	0.5280404090881348	fusion	10	0	11	12	between
fs32k	15	all	36	0.5150468349456787	fusion	10	0	11	12	between
fs32k	15	all	37	0.514894962310791	fusion	10	0	11	12	between
fs32k	15	all	38	0.5380069017410278	fusion	10	0	11	12	between
fs32k	15	all	39	0.5155402421951294	fusion	10	0	11	12	between
fs32k	15	all	40	0.5318500995635986	fusion	10	0	11	12	between
fs32k	15	all	41	0.5145694017410278	fusion	10	0	11	12	between
fs32k	15	all	42	0.5197693109512329	fusion	10	0	11	12	between
fs32k	15	all	43	0.5507930517196655	fusion	10	0	11	12	between
fs32k	15	all	44	0.5297645926475525	fusion	10	0	11	12	between
fs32k	15	all	45	0.5335561633110046	fusion	10	0	11	12	between
fs32k	15	all	46	0.5069509148597717	fusion	10	0	11	12	between
fs32k	15	all	47	0.5358456373214722	fusion	10	0	11	12	between
fs32k	15	all	48	0.4960139989852905	fusion	10	0	11	12	between
fs32k	15	all	49	0.513788104057312	fusion	10	0	11	12	between
fs32k	15	all	50	0.5353471040725708	fusion	10	0	11	12	between
fs32k	15	all	51	0.5164492130279541	fusion	10	0	11	12	between
fs32k	15	all	52	0.5422108173370361	fusion	10	0	11	12	between
fs32k	15	all	53	0.5374951958656311	fusion	10	0	11	12	between
fs32k	15	all	54	0.5435824394226074	fusion	10	0	11	12	between
fs32k	15	all	55	0.5336570143699646	fusion	10	0	11	12	between
fs32k	15	all	1	0.5253639221191406	fusion	10	0	11	13	between
fs32k	15	all	2	0.5388736724853516	fusion	10	0	11	13	between
fs32k	15	all	3	0.5593681335449219	fusion	10	0	11	13	between
fs32k	15	all	4	0.5525730848312378	fusion	10	0	11	13	between
fs32k	15	all	5	0.5403163433074951	fusion	10	0	11	13	between
fs32k	15	all	6	0.5421735644340515	fusion	10	0	11	13	between
fs32k	15	all	7	0.5471585988998413	fusion	10	0	11	13	between
fs32k	15	all	8	0.5443129539489746	fusion	10	0	11	13	between
fs32k	15	all	9	0.5541456937789917	fusion	10	0	11	13	between
fs32k	15	all	10	0.5440106391906738	fusion	10	0	11	13	between
fs32k	15	all	11	0.5317740440368652	fusion	10	0	11	13	between
fs32k	15	all	12	0.5411491990089417	fusion	10	0	11	13	between
fs32k	15	all	13	0.5241739749908447	fusion	10	0	11	13	between
fs32k	15	all	14	0.5180940628051758	fusion	10	0	11	13	between
fs32k	15	all	15	0.511523962020874	fusion	10	0	11	13	between
fs32k	15	all	16	0.5353830456733704	fusion	10	0	11	13	between
fs32k	15	all	17	0.5400821566581726	fusion	10	0	11	13	between
fs32k	15	all	18	0.5345474481582642	fusion	10	0	11	13	between
fs32k	15	all	19	0.5445573925971985	fusion	10	0	11	13	between
fs32k	15	all	20	0.5255798101425171	fusion	10	0	11	13	between
fs32k	15	all	21	0.5296029448509216	fusion	10	0	11	13	between
fs32k	15	all	22	0.520222008228302	fusion	10	0	11	13	between
fs32k	15	all	23	0.5136691331863403	fusion	10	0	11	13	between
fs32k	15	all	24	0.5361557006835938	fusion	10	0	11	13	between
fs32k	15	all	25	0.5287646651268005	fusion	10	0	11	13	between
fs32k	15	all	26	0.5341747999191284	fusion	10	0	11	13	between
fs32k	15	all	27	0.543813943862915	fusion	10	0	11	13	between
fs32k	15	all	28	0.5445873141288757	fusion	10	0	11	13	between
fs32k	15	all	29	0.5327789783477783	fusion	10	0	11	13	between
fs32k	15	all	30	0.5140374898910522	fusion	10	0	11	13	between
fs32k	15	all	31	0.5437464714050293	fusion	10	0	11	13	between
fs32k	15	all	32	0.5407395958900452	fusion	10	0	11	13	between
fs32k	15	all	33	0.5569091439247131	fusion	10	0	11	13	between
fs32k	15	all	34	0.5604357719421387	fusion	10	0	11	13	between
fs32k	15	all	35	0.5383058786392212	fusion	10	0	11	13	between
fs32k	15	all	36	0.5164490342140198	fusion	10	0	11	13	between
fs32k	15	all	37	0.5248002409934998	fusion	10	0	11	13	between
fs32k	15	all	38	0.5345019102096558	fusion	10	0	11	13	between
fs32k	15	all	39	0.5390704870223999	fusion	10	0	11	13	between
fs32k	15	all	40	0.543860912322998	fusion	10	0	11	13	between
fs32k	15	all	41	0.5201663374900818	fusion	10	0	11	13	between
fs32k	15	all	42	0.5225850343704224	fusion	10	0	11	13	between
fs32k	15	all	43	0.5429068803787231	fusion	10	0	11	13	between
fs32k	15	all	44	0.5437185764312744	fusion	10	0	11	13	between
fs32k	15	all	45	0.5284601449966431	fusion	10	0	11	13	between
fs32k	15	all	46	0.5222703218460083	fusion	10	0	11	13	between
fs32k	15	all	47	0.5389763116836548	fusion	10	0	11	13	between
fs32k	15	all	48	0.5197745561599731	fusion	10	0	11	13	between
fs32k	15	all	49	0.5237146019935608	fusion	10	0	11	13	between
fs32k	15	all	50	0.5426944494247437	fusion	10	0	11	13	between
fs32k	15	all	51	0.5334275960922241	fusion	10	0	11	13	between
fs32k	15	all	52	0.5585319995880127	fusion	10	0	11	13	between
fs32k	15	all	53	0.5468502044677734	fusion	10	0	11	13	between
fs32k	15	all	54	0.5456960201263428	fusion	10	0	11	13	between
fs32k	15	all	55	0.5491060018539429	fusion	10	0	11	13	between
fs32k	15	all	1	0.5254682302474976	fusion	10	0	11	14	between
fs32k	15	all	2	0.5599431395530701	fusion	10	0	11	14	between
fs32k	15	all	3	0.5531431436538696	fusion	10	0	11	14	between
fs32k	15	all	4	0.5568280220031738	fusion	10	0	11	14	between
fs32k	15	all	5	0.5535264015197754	fusion	10	0	11	14	between
fs32k	15	all	6	0.5503751039505005	fusion	10	0	11	14	between
fs32k	15	all	7	0.5539793968200684	fusion	10	0	11	14	between
fs32k	15	all	8	0.5510510206222534	fusion	10	0	11	14	between
fs32k	15	all	9	0.5548380613327026	fusion	10	0	11	14	between
fs32k	15	all	10	0.5557132363319397	fusion	10	0	11	14	between
fs32k	15	all	11	0.5343496799468994	fusion	10	0	11	14	between
fs32k	15	all	12	0.5363813042640686	fusion	10	0	11	14	between
fs32k	15	all	13	0.5218340754508972	fusion	10	0	11	14	between
fs32k	15	all	14	0.5202513337135315	fusion	10	0	11	14	between
fs32k	15	all	15	0.5161956548690796	fusion	10	0	11	14	between
fs32k	15	all	16	0.5220727920532227	fusion	10	0	11	14	between
fs32k	15	all	17	0.5336801409721375	fusion	10	0	11	14	between
fs32k	15	all	18	0.5232757925987244	fusion	10	0	11	14	between
fs32k	15	all	19	0.5467631220817566	fusion	10	0	11	14	between
fs32k	15	all	20	0.5330738425254822	fusion	10	0	11	14	between
fs32k	15	all	21	0.5250046253204346	fusion	10	0	11	14	between
fs32k	15	all	22	0.533338725566864	fusion	10	0	11	14	between
fs32k	15	all	23	0.5146965980529785	fusion	10	0	11	14	between
fs32k	15	all	24	0.5466111898422241	fusion	10	0	11	14	between
fs32k	15	all	25	0.5449056625366211	fusion	10	0	11	14	between
fs32k	15	all	26	0.5410565137863159	fusion	10	0	11	14	between
fs32k	15	all	27	0.5484334230422974	fusion	10	0	11	14	between
fs32k	15	all	28	0.5336700677871704	fusion	10	0	11	14	between
fs32k	15	all	29	0.5277831554412842	fusion	10	0	11	14	between
fs32k	15	all	30	0.5144343972206116	fusion	10	0	11	14	between
fs32k	15	all	31	0.5321458578109741	fusion	10	0	11	14	between
fs32k	15	all	32	0.5256858468055725	fusion	10	0	11	14	between
fs32k	15	all	33	0.5462634563446045	fusion	10	0	11	14	between
fs32k	15	all	34	0.5558972954750061	fusion	10	0	11	14	between
fs32k	15	all	35	0.5415403842926025	fusion	10	0	11	14	between
fs32k	15	all	36	0.5186089873313904	fusion	10	0	11	14	between
fs32k	15	all	37	0.5189749598503113	fusion	10	0	11	14	between
fs32k	15	all	38	0.5290583968162537	fusion	10	0	11	14	between
fs32k	15	all	39	0.5327140092849731	fusion	10	0	11	14	between
fs32k	15	all	40	0.5419673323631287	fusion	10	0	11	14	between
fs32k	15	all	41	0.5231151580810547	fusion	10	0	11	14	between
fs32k	15	all	42	0.5266984701156616	fusion	10	0	11	14	between
fs32k	15	all	43	0.5416737794876099	fusion	10	0	11	14	between
fs32k	15	all	44	0.539550244808197	fusion	10	0	11	14	between
fs32k	15	all	45	0.5360251069068909	fusion	10	0	11	14	between
fs32k	15	all	46	0.5195019841194153	fusion	10	0	11	14	between
fs32k	15	all	47	0.5371813774108887	fusion	10	0	11	14	between
fs32k	15	all	48	0.5232468843460083	fusion	10	0	11	14	between
fs32k	15	all	49	0.5305703282356262	fusion	10	0	11	14	between
fs32k	15	all	50	0.5308102965354919	fusion	10	0	11	14	between
fs32k	15	all	51	0.5281079411506653	fusion	10	0	11	14	between
fs32k	15	all	52	0.5433821678161621	fusion	10	0	11	14	between
fs32k	15	all	53	0.5315676927566528	fusion	10	0	11	14	between
fs32k	15	all	54	0.5399451851844788	fusion	10	0	11	14	between
fs32k	15	all	55	0.5449581146240234	fusion	10	0	11	14	between
fs32k	15	all	1	0.5178611278533936	fusion	10	0	11	15	between
fs32k	15	all	2	0.5427122116088867	fusion	10	0	11	15	between
fs32k	15	all	3	0.5595524311065674	fusion	10	0	11	15	between
fs32k	15	all	4	0.5553969740867615	fusion	10	0	11	15	between
fs32k	15	all	5	0.5507941246032715	fusion	10	0	11	15	between
fs32k	15	all	6	0.5418040156364441	fusion	10	0	11	15	between
fs32k	15	all	7	0.5503803491592407	fusion	10	0	11	15	between
fs32k	15	all	8	0.5534529685974121	fusion	10	0	11	15	between
fs32k	15	all	9	0.554217517375946	fusion	10	0	11	15	between
fs32k	15	all	10	0.5468183159828186	fusion	10	0	11	15	between
fs32k	15	all	11	0.5176191329956055	fusion	10	0	11	15	between
fs32k	15	all	12	0.5297925472259521	fusion	10	0	11	15	between
fs32k	15	all	13	0.5135193467140198	fusion	10	0	11	15	between
fs32k	15	all	14	0.51244056224823	fusion	10	0	11	15	between
fs32k	15	all	15	0.5048239827156067	fusion	10	0	11	15	between
fs32k	15	all	16	0.5188174247741699	fusion	10	0	11	15	between
fs32k	15	all	17	0.5355595946311951	fusion	10	0	11	15	between
fs32k	15	all	18	0.5189020037651062	fusion	10	0	11	15	between
fs32k	15	all	19	0.5263521671295166	fusion	10	0	11	15	between
fs32k	15	all	20	0.5216289758682251	fusion	10	0	11	15	between
fs32k	15	all	21	0.5235381126403809	fusion	10	0	11	15	between
fs32k	15	all	22	0.5295047760009766	fusion	10	0	11	15	between
fs32k	15	all	23	0.5024425387382507	fusion	10	0	11	15	between
fs32k	15	all	24	0.5300433039665222	fusion	10	0	11	15	between
fs32k	15	all	25	0.5347175598144531	fusion	10	0	11	15	between
fs32k	15	all	26	0.5318487882614136	fusion	10	0	11	15	between
fs32k	15	all	27	0.5382907390594482	fusion	10	0	11	15	between
fs32k	15	all	28	0.5385405421257019	fusion	10	0	11	15	between
fs32k	15	all	29	0.5299711227416992	fusion	10	0	11	15	between
fs32k	15	all	30	0.5143359899520874	fusion	10	0	11	15	between
fs32k	15	all	31	0.5413601398468018	fusion	10	0	11	15	between
fs32k	15	all	32	0.5371407270431519	fusion	10	0	11	15	between
fs32k	15	all	33	0.552153468132019	fusion	10	0	11	15	between
fs32k	15	all	34	0.5558630228042603	fusion	10	0	11	15	between
fs32k	15	all	35	0.5282030701637268	fusion	10	0	11	15	between
fs32k	15	all	36	0.5106987357139587	fusion	10	0	11	15	between
fs32k	15	all	37	0.5181868076324463	fusion	10	0	11	15	between
fs32k	15	all	38	0.5348711013793945	fusion	10	0	11	15	between
fs32k	15	all	39	0.5375319719314575	fusion	10	0	11	15	between
fs32k	15	all	40	0.5325189828872681	fusion	10	0	11	15	between
fs32k	15	all	41	0.5144991278648376	fusion	10	0	11	15	between
fs32k	15	all	42	0.5297582745552063	fusion	10	0	11	15	between
fs32k	15	all	43	0.5476989150047302	fusion	10	0	11	15	between
fs32k	15	all	44	0.5538306832313538	fusion	10	0	11	15	between
fs32k	15	all	45	0.5337262153625488	fusion	10	0	11	15	between
fs32k	15	all	46	0.5185505151748657	fusion	10	0	11	15	between
fs32k	15	all	47	0.5282775163650513	fusion	10	0	11	15	between
fs32k	15	all	48	0.5169519782066345	fusion	10	0	11	15	between
fs32k	15	all	49	0.5160374045372009	fusion	10	0	11	15	between
fs32k	15	all	50	0.540177583694458	fusion	10	0	11	15	between
fs32k	15	all	51	0.5322307348251343	fusion	10	0	11	15	between
fs32k	15	all	52	0.5522873997688293	fusion	10	0	11	15	between
fs32k	15	all	53	0.5426552891731262	fusion	10	0	11	15	between
fs32k	15	all	54	0.5424938797950745	fusion	10	0	11	15	between
fs32k	15	all	55	0.5458241105079651	fusion	10	0	11	15	between
fs32k	15	all	1	0.5158461332321167	fusion	10	0	12	13	between
fs32k	15	all	2	0.5232201814651489	fusion	10	0	12	13	between
fs32k	15	all	3	0.5499728322029114	fusion	10	0	12	13	between
fs32k	15	all	4	0.5340369343757629	fusion	10	0	12	13	between
fs32k	15	all	5	0.5243769884109497	fusion	10	0	12	13	between
fs32k	15	all	6	0.5262108445167542	fusion	10	0	12	13	between
fs32k	15	all	7	0.5301748514175415	fusion	10	0	12	13	between
fs32k	15	all	8	0.5363680124282837	fusion	10	0	12	13	between
fs32k	15	all	9	0.5348696112632751	fusion	10	0	12	13	between
fs32k	15	all	10	0.5320726633071899	fusion	10	0	12	13	between
fs32k	15	all	11	0.5257281064987183	fusion	10	0	12	13	between
fs32k	15	all	12	0.5480930805206299	fusion	10	0	12	13	between
fs32k	15	all	13	0.5300003290176392	fusion	10	0	12	13	between
fs32k	15	all	14	0.5256606340408325	fusion	10	0	12	13	between
fs32k	15	all	15	0.515141487121582	fusion	10	0	12	13	between
fs32k	15	all	16	0.5358590483665466	fusion	10	0	12	13	between
fs32k	15	all	17	0.5433616042137146	fusion	10	0	12	13	between
fs32k	15	all	18	0.5258554220199585	fusion	10	0	12	13	between
fs32k	15	all	19	0.5433439016342163	fusion	10	0	12	13	between
fs32k	15	all	20	0.5336114168167114	fusion	10	0	12	13	between
fs32k	15	all	21	0.5272092223167419	fusion	10	0	12	13	between
fs32k	15	all	22	0.5212867856025696	fusion	10	0	12	13	between
fs32k	15	all	23	0.5118229389190674	fusion	10	0	12	13	between
fs32k	15	all	24	0.5399256944656372	fusion	10	0	12	13	between
fs32k	15	all	25	0.5276930928230286	fusion	10	0	12	13	between
fs32k	15	all	26	0.5195227861404419	fusion	10	0	12	13	between
fs32k	15	all	27	0.544650673866272	fusion	10	0	12	13	between
fs32k	15	all	28	0.5440107583999634	fusion	10	0	12	13	between
fs32k	15	all	29	0.5428560972213745	fusion	10	0	12	13	between
fs32k	15	all	30	0.5203168392181396	fusion	10	0	12	13	between
fs32k	15	all	31	0.5509134531021118	fusion	10	0	12	13	between
fs32k	15	all	32	0.5396066904067993	fusion	10	0	12	13	between
fs32k	15	all	33	0.5455752611160278	fusion	10	0	12	13	between
fs32k	15	all	34	0.5690407156944275	fusion	10	0	12	13	between
fs32k	15	all	35	0.5326125621795654	fusion	10	0	12	13	between
fs32k	15	all	36	0.514398455619812	fusion	10	0	12	13	between
fs32k	15	all	37	0.521986722946167	fusion	10	0	12	13	between
fs32k	15	all	38	0.5347724556922913	fusion	10	0	12	13	between
fs32k	15	all	39	0.5165795087814331	fusion	10	0	12	13	between
fs32k	15	all	40	0.541940450668335	fusion	10	0	12	13	between
fs32k	15	all	41	0.51846843957901	fusion	10	0	12	13	between
fs32k	15	all	42	0.5237433910369873	fusion	10	0	12	13	between
fs32k	15	all	43	0.550363302230835	fusion	10	0	12	13	between
fs32k	15	all	44	0.5263837575912476	fusion	10	0	12	13	between
fs32k	15	all	45	0.5289568305015564	fusion	10	0	12	13	between
fs32k	15	all	46	0.5126683115959167	fusion	10	0	12	13	between
fs32k	15	all	47	0.5337986946105957	fusion	10	0	12	13	between
fs32k	15	all	48	0.5062399506568909	fusion	10	0	12	13	between
fs32k	15	all	49	0.524321436882019	fusion	10	0	12	13	between
fs32k	15	all	50	0.537649393081665	fusion	10	0	12	13	between
fs32k	15	all	51	0.5203632116317749	fusion	10	0	12	13	between
fs32k	15	all	52	0.5537882447242737	fusion	10	0	12	13	between
fs32k	15	all	53	0.5356334447860718	fusion	10	0	12	13	between
fs32k	15	all	54	0.5394090414047241	fusion	10	0	12	13	between
fs32k	15	all	55	0.5372417569160461	fusion	10	0	12	13	between
fs32k	15	all	1	0.5193464159965515	fusion	10	0	12	14	between
fs32k	15	all	2	0.541513204574585	fusion	10	0	12	14	between
fs32k	15	all	3	0.5409795045852661	fusion	10	0	12	14	between
fs32k	15	all	4	0.5386689305305481	fusion	10	0	12	14	between
fs32k	15	all	5	0.5401099920272827	fusion	10	0	12	14	between
fs32k	15	all	6	0.5333462357521057	fusion	10	0	12	14	between
fs32k	15	all	7	0.5373914241790771	fusion	10	0	12	14	between
fs32k	15	all	8	0.5447485446929932	fusion	10	0	12	14	between
fs32k	15	all	9	0.5421786308288574	fusion	10	0	12	14	between
fs32k	15	all	10	0.5413748025894165	fusion	10	0	12	14	between
fs32k	15	all	11	0.5341768860816956	fusion	10	0	12	14	between
fs32k	15	all	12	0.5459839701652527	fusion	10	0	12	14	between
fs32k	15	all	13	0.5312763452529907	fusion	10	0	12	14	between
fs32k	15	all	14	0.5315809845924377	fusion	10	0	12	14	between
fs32k	15	all	15	0.5166842341423035	fusion	10	0	12	14	between
fs32k	15	all	16	0.5273399949073792	fusion	10	0	12	14	between
fs32k	15	all	17	0.5351674556732178	fusion	10	0	12	14	between
fs32k	15	all	18	0.5166479349136353	fusion	10	0	12	14	between
fs32k	15	all	19	0.5463072061538696	fusion	10	0	12	14	between
fs32k	15	all	20	0.5395161509513855	fusion	10	0	12	14	between
fs32k	15	all	21	0.5211004614830017	fusion	10	0	12	14	between
fs32k	15	all	22	0.5276341438293457	fusion	10	0	12	14	between
fs32k	15	all	23	0.5144153833389282	fusion	10	0	12	14	between
fs32k	15	all	24	0.5371319055557251	fusion	10	0	12	14	between
fs32k	15	all	25	0.5392060875892639	fusion	10	0	12	14	between
fs32k	15	all	26	0.5270704627037048	fusion	10	0	12	14	between
fs32k	15	all	27	0.5487388372421265	fusion	10	0	12	14	between
fs32k	15	all	28	0.5382583141326904	fusion	10	0	12	14	between
fs32k	15	all	29	0.539035975933075	fusion	10	0	12	14	between
fs32k	15	all	30	0.5205903053283691	fusion	10	0	12	14	between
fs32k	15	all	31	0.5383080244064331	fusion	10	0	12	14	between
fs32k	15	all	32	0.520569920539856	fusion	10	0	12	14	between
fs32k	15	all	33	0.5323615670204163	fusion	10	0	12	14	between
fs32k	15	all	34	0.5635502338409424	fusion	10	0	12	14	between
fs32k	15	all	35	0.5328571200370789	fusion	10	0	12	14	between
fs32k	15	all	36	0.5109608173370361	fusion	10	0	12	14	between
fs32k	15	all	37	0.5160878896713257	fusion	10	0	12	14	between
fs32k	15	all	38	0.5277643799781799	fusion	10	0	12	14	between
fs32k	15	all	39	0.5076471567153931	fusion	10	0	12	14	between
fs32k	15	all	40	0.5370121598243713	fusion	10	0	12	14	between
fs32k	15	all	41	0.5258250832557678	fusion	10	0	12	14	between
fs32k	15	all	42	0.5236848592758179	fusion	10	0	12	14	between
fs32k	15	all	43	0.5496339797973633	fusion	10	0	12	14	between
fs32k	15	all	44	0.526740312576294	fusion	10	0	12	14	between
fs32k	15	all	45	0.5359698534011841	fusion	10	0	12	14	between
fs32k	15	all	46	0.5129852294921875	fusion	10	0	12	14	between
fs32k	15	all	47	0.5337564945220947	fusion	10	0	12	14	between
fs32k	15	all	48	0.5058457851409912	fusion	10	0	12	14	between
fs32k	15	all	49	0.5273271799087524	fusion	10	0	12	14	between
fs32k	15	all	50	0.5290727019309998	fusion	10	0	12	14	between
fs32k	15	all	51	0.5174325704574585	fusion	10	0	12	14	between
fs32k	15	all	52	0.5409182906150818	fusion	10	0	12	14	between
fs32k	15	all	53	0.5248483419418335	fusion	10	0	12	14	between
fs32k	15	all	54	0.536531925201416	fusion	10	0	12	14	between
fs32k	15	all	55	0.5321680307388306	fusion	10	0	12	14	between
fs32k	15	all	1	0.5082991123199463	fusion	10	0	12	15	between
fs32k	15	all	2	0.5167103409767151	fusion	10	0	12	15	between
fs32k	15	all	3	0.5471558570861816	fusion	10	0	12	15	between
fs32k	15	all	4	0.5334893465042114	fusion	10	0	12	15	between
fs32k	15	all	5	0.5375317931175232	fusion	10	0	12	15	between
fs32k	15	all	6	0.5320844054222107	fusion	10	0	12	15	between
fs32k	15	all	7	0.5312812328338623	fusion	10	0	12	15	between
fs32k	15	all	8	0.541431188583374	fusion	10	0	12	15	between
fs32k	15	all	9	0.5342128276824951	fusion	10	0	12	15	between
fs32k	15	all	10	0.5348063707351685	fusion	10	0	12	15	between
fs32k	15	all	11	0.5181750059127808	fusion	10	0	12	15	between
fs32k	15	all	12	0.5396096706390381	fusion	10	0	12	15	between
fs32k	15	all	13	0.5189423561096191	fusion	10	0	12	15	between
fs32k	15	all	14	0.52113938331604	fusion	10	0	12	15	between
fs32k	15	all	15	0.5071871280670166	fusion	10	0	12	15	between
fs32k	15	all	16	0.5210987329483032	fusion	10	0	12	15	between
fs32k	15	all	17	0.525689423084259	fusion	10	0	12	15	between
fs32k	15	all	18	0.5119373798370361	fusion	10	0	12	15	between
fs32k	15	all	19	0.5267088413238525	fusion	10	0	12	15	between
fs32k	15	all	20	0.5312075018882751	fusion	10	0	12	15	between
fs32k	15	all	21	0.5238152742385864	fusion	10	0	12	15	between
fs32k	15	all	22	0.5197890996932983	fusion	10	0	12	15	between
fs32k	15	all	23	0.5004387497901917	fusion	10	0	12	15	between
fs32k	15	all	24	0.5308040380477905	fusion	10	0	12	15	between
fs32k	15	all	25	0.5334669351577759	fusion	10	0	12	15	between
fs32k	15	all	26	0.5190401673316956	fusion	10	0	12	15	between
fs32k	15	all	27	0.5373257398605347	fusion	10	0	12	15	between
fs32k	15	all	28	0.539619505405426	fusion	10	0	12	15	between
fs32k	15	all	29	0.5378760099411011	fusion	10	0	12	15	between
fs32k	15	all	30	0.5173153877258301	fusion	10	0	12	15	between
fs32k	15	all	31	0.5485406517982483	fusion	10	0	12	15	between
fs32k	15	all	32	0.5284856557846069	fusion	10	0	12	15	between
fs32k	15	all	33	0.5388146638870239	fusion	10	0	12	15	between
fs32k	15	all	34	0.558761715888977	fusion	10	0	12	15	between
fs32k	15	all	35	0.5213192701339722	fusion	10	0	12	15	between
fs32k	15	all	36	0.508926272392273	fusion	10	0	12	15	between
fs32k	15	all	37	0.5129075646400452	fusion	10	0	12	15	between
fs32k	15	all	38	0.531427264213562	fusion	10	0	12	15	between
fs32k	15	all	39	0.5110016465187073	fusion	10	0	12	15	between
fs32k	15	all	40	0.5250539183616638	fusion	10	0	12	15	between
fs32k	15	all	41	0.5205667614936829	fusion	10	0	12	15	between
fs32k	15	all	42	0.5256084203720093	fusion	10	0	12	15	between
fs32k	15	all	43	0.5481162071228027	fusion	10	0	12	15	between
fs32k	15	all	44	0.5334946513175964	fusion	10	0	12	15	between
fs32k	15	all	45	0.5310993790626526	fusion	10	0	12	15	between
fs32k	15	all	46	0.5066388845443726	fusion	10	0	12	15	between
fs32k	15	all	47	0.5258699655532837	fusion	10	0	12	15	between
fs32k	15	all	48	0.5043538212776184	fusion	10	0	12	15	between
fs32k	15	all	49	0.5155997276306152	fusion	10	0	12	15	between
fs32k	15	all	50	0.5322993993759155	fusion	10	0	12	15	between
fs32k	15	all	51	0.5215030312538147	fusion	10	0	12	15	between
fs32k	15	all	52	0.5463534593582153	fusion	10	0	12	15	between
fs32k	15	all	53	0.5320507287979126	fusion	10	0	12	15	between
fs32k	15	all	54	0.538864016532898	fusion	10	0	12	15	between
fs32k	15	all	55	0.5372599959373474	fusion	10	0	12	15	between
fs32k	15	all	1	0.5217053890228271	fusion	10	0	13	14	between
fs32k	15	all	2	0.5461698174476624	fusion	10	0	13	14	between
fs32k	15	all	3	0.5475459694862366	fusion	10	0	13	14	between
fs32k	15	all	4	0.5408620834350586	fusion	10	0	13	14	between
fs32k	15	all	5	0.5360357761383057	fusion	10	0	13	14	between
fs32k	15	all	6	0.5384933948516846	fusion	10	0	13	14	between
fs32k	15	all	7	0.5504631996154785	fusion	10	0	13	14	between
fs32k	15	all	8	0.5345721244812012	fusion	10	0	13	14	between
fs32k	15	all	9	0.5557057857513428	fusion	10	0	13	14	between
fs32k	15	all	10	0.5497198104858398	fusion	10	0	13	14	between
fs32k	15	all	11	0.5358915328979492	fusion	10	0	13	14	between
fs32k	15	all	12	0.5364063382148743	fusion	10	0	13	14	between
fs32k	15	all	13	0.52064448595047	fusion	10	0	13	14	between
fs32k	15	all	14	0.5187137126922607	fusion	10	0	13	14	between
fs32k	15	all	15	0.5136675834655762	fusion	10	0	13	14	between
fs32k	15	all	16	0.5322146415710449	fusion	10	0	13	14	between
fs32k	15	all	17	0.5300915241241455	fusion	10	0	13	14	between
fs32k	15	all	18	0.5296436548233032	fusion	10	0	13	14	between
fs32k	15	all	19	0.5506905317306519	fusion	10	0	13	14	between
fs32k	15	all	20	0.5371181964874268	fusion	10	0	13	14	between
fs32k	15	all	21	0.5370787978172302	fusion	10	0	13	14	between
fs32k	15	all	22	0.5383704900741577	fusion	10	0	13	14	between
fs32k	15	all	23	0.5259378552436829	fusion	10	0	13	14	between
fs32k	15	all	24	0.5497807860374451	fusion	10	0	13	14	between
fs32k	15	all	25	0.5406337380409241	fusion	10	0	13	14	between
fs32k	15	all	26	0.5441596508026123	fusion	10	0	13	14	between
fs32k	15	all	27	0.5565710663795471	fusion	10	0	13	14	between
fs32k	15	all	28	0.5444427132606506	fusion	10	0	13	14	between
fs32k	15	all	29	0.539375364780426	fusion	10	0	13	14	between
fs32k	15	all	30	0.520829439163208	fusion	10	0	13	14	between
fs32k	15	all	31	0.549275815486908	fusion	10	0	13	14	between
fs32k	15	all	32	0.5161295533180237	fusion	10	0	13	14	between
fs32k	15	all	33	0.5531660914421082	fusion	10	0	13	14	between
fs32k	15	all	34	0.563590943813324	fusion	10	0	13	14	between
fs32k	15	all	35	0.5456289052963257	fusion	10	0	13	14	between
fs32k	15	all	36	0.5131065845489502	fusion	10	0	13	14	between
fs32k	15	all	37	0.5344265103340149	fusion	10	0	13	14	between
fs32k	15	all	38	0.5260779857635498	fusion	10	0	13	14	between
fs32k	15	all	39	0.5371491312980652	fusion	10	0	13	14	between
fs32k	15	all	40	0.5511226654052734	fusion	10	0	13	14	between
fs32k	15	all	41	0.5241541266441345	fusion	10	0	13	14	between
fs32k	15	all	42	0.5351465344429016	fusion	10	0	13	14	between
fs32k	15	all	43	0.545751690864563	fusion	10	0	13	14	between
fs32k	15	all	44	0.5440363883972168	fusion	10	0	13	14	between
fs32k	15	all	45	0.5403041243553162	fusion	10	0	13	14	between
fs32k	15	all	46	0.5291318893432617	fusion	10	0	13	14	between
fs32k	15	all	47	0.532451868057251	fusion	10	0	13	14	between
fs32k	15	all	48	0.5295513272285461	fusion	10	0	13	14	between
fs32k	15	all	49	0.5368422269821167	fusion	10	0	13	14	between
fs32k	15	all	50	0.5373610258102417	fusion	10	0	13	14	between
fs32k	15	all	51	0.5425127148628235	fusion	10	0	13	14	between
fs32k	15	all	52	0.5572561025619507	fusion	10	0	13	14	between
fs32k	15	all	53	0.5289148092269897	fusion	10	0	13	14	between
fs32k	15	all	54	0.5384207963943481	fusion	10	0	13	14	between
fs32k	15	all	55	0.5533939003944397	fusion	10	0	13	14	between
fs32k	15	all	1	0.5092890858650208	fusion	10	0	13	15	between
fs32k	15	all	2	0.5311424732208252	fusion	10	0	13	15	between
fs32k	15	all	3	0.5515753030776978	fusion	10	0	13	15	between
fs32k	15	all	4	0.5338702201843262	fusion	10	0	13	15	between
fs32k	15	all	5	0.5369094610214233	fusion	10	0	13	15	between
fs32k	15	all	6	0.5325906872749329	fusion	10	0	13	15	between
fs32k	15	all	7	0.5455930233001709	fusion	10	0	13	15	between
fs32k	15	all	8	0.5331307649612427	fusion	10	0	13	15	between
fs32k	15	all	9	0.5482320189476013	fusion	10	0	13	15	between
fs32k	15	all	10	0.5402998924255371	fusion	10	0	13	15	between
fs32k	15	all	11	0.5198143720626831	fusion	10	0	13	15	between
fs32k	15	all	12	0.5240137577056885	fusion	10	0	13	15	between
fs32k	15	all	13	0.5096652507781982	fusion	10	0	13	15	between
fs32k	15	all	14	0.5111258625984192	fusion	10	0	13	15	between
fs32k	15	all	15	0.5089384913444519	fusion	10	0	13	15	between
fs32k	15	all	16	0.5230717658996582	fusion	10	0	13	15	between
fs32k	15	all	17	0.5256213545799255	fusion	10	0	13	15	between
fs32k	15	all	18	0.5269078016281128	fusion	10	0	13	15	between
fs32k	15	all	19	0.5327560901641846	fusion	10	0	13	15	between
fs32k	15	all	20	0.5296030640602112	fusion	10	0	13	15	between
fs32k	15	all	21	0.5295168161392212	fusion	10	0	13	15	between
fs32k	15	all	22	0.5267829895019531	fusion	10	0	13	15	between
fs32k	15	all	23	0.5077154636383057	fusion	10	0	13	15	between
fs32k	15	all	24	0.5365518927574158	fusion	10	0	13	15	between
fs32k	15	all	25	0.5277124047279358	fusion	10	0	13	15	between
fs32k	15	all	26	0.533130407333374	fusion	10	0	13	15	between
fs32k	15	all	27	0.5388320684432983	fusion	10	0	13	15	between
fs32k	15	all	28	0.5409111380577087	fusion	10	0	13	15	between
fs32k	15	all	29	0.5393218994140625	fusion	10	0	13	15	between
fs32k	15	all	30	0.5176223516464233	fusion	10	0	13	15	between
fs32k	15	all	31	0.5610544681549072	fusion	10	0	13	15	between
fs32k	15	all	32	0.5235421061515808	fusion	10	0	13	15	between
fs32k	15	all	33	0.5594867467880249	fusion	10	0	13	15	between
fs32k	15	all	34	0.5590556263923645	fusion	10	0	13	15	between
fs32k	15	all	35	0.5318122506141663	fusion	10	0	13	15	between
fs32k	15	all	36	0.5100921988487244	fusion	10	0	13	15	between
fs32k	15	all	37	0.5312649011611938	fusion	10	0	13	15	between
fs32k	15	all	38	0.5262015461921692	fusion	10	0	13	15	between
fs32k	15	all	39	0.5358780026435852	fusion	10	0	13	15	between
fs32k	15	all	40	0.5357604622840881	fusion	10	0	13	15	between
fs32k	15	all	41	0.5224159955978394	fusion	10	0	13	15	between
fs32k	15	all	42	0.5354453325271606	fusion	10	0	13	15	between
fs32k	15	all	43	0.5466147661209106	fusion	10	0	13	15	between
fs32k	15	all	44	0.552283525466919	fusion	10	0	13	15	between
fs32k	15	all	45	0.5311040878295898	fusion	10	0	13	15	between
fs32k	15	all	46	0.5273773074150085	fusion	10	0	13	15	between
fs32k	15	all	47	0.5280541181564331	fusion	10	0	13	15	between
fs32k	15	all	48	0.5254443883895874	fusion	10	0	13	15	between
fs32k	15	all	49	0.5275291204452515	fusion	10	0	13	15	between
fs32k	15	all	50	0.540287971496582	fusion	10	0	13	15	between
fs32k	15	all	51	0.5453605651855469	fusion	10	0	13	15	between
fs32k	15	all	52	0.5601071119308472	fusion	10	0	13	15	between
fs32k	15	all	53	0.5338919162750244	fusion	10	0	13	15	between
fs32k	15	all	54	0.543590247631073	fusion	10	0	13	15	between
fs32k	15	all	55	0.5482935309410095	fusion	10	0	13	15	between
fs32k	15	all	1	0.508625864982605	fusion	10	0	14	15	between
fs32k	15	all	2	0.5490218997001648	fusion	10	0	14	15	between
fs32k	15	all	3	0.5476359724998474	fusion	10	0	14	15	between
fs32k	15	all	4	0.5375920534133911	fusion	10	0	14	15	between
fs32k	15	all	5	0.5506460666656494	fusion	10	0	14	15	between
fs32k	15	all	6	0.5416195392608643	fusion	10	0	14	15	between
fs32k	15	all	7	0.5538074374198914	fusion	10	0	14	15	between
fs32k	15	all	8	0.5409507155418396	fusion	10	0	14	15	between
fs32k	15	all	9	0.5482915639877319	fusion	10	0	14	15	between
fs32k	15	all	10	0.5506869554519653	fusion	10	0	14	15	between
fs32k	15	all	11	0.5245071649551392	fusion	10	0	14	15	between
fs32k	15	all	12	0.526356041431427	fusion	10	0	14	15	between
fs32k	15	all	13	0.5091843008995056	fusion	10	0	14	15	between
fs32k	15	all	14	0.5104524493217468	fusion	10	0	14	15	between
fs32k	15	all	15	0.5054967403411865	fusion	10	0	14	15	between
fs32k	15	all	16	0.5132598280906677	fusion	10	0	14	15	between
fs32k	15	all	17	0.5164714455604553	fusion	10	0	14	15	between
fs32k	15	all	18	0.5161567330360413	fusion	10	0	14	15	between
fs32k	15	all	19	0.5331198573112488	fusion	10	0	14	15	between
fs32k	15	all	20	0.5371620655059814	fusion	10	0	14	15	between
fs32k	15	all	21	0.5268641710281372	fusion	10	0	14	15	between
fs32k	15	all	22	0.5363191366195679	fusion	10	0	14	15	between
fs32k	15	all	23	0.5124765634536743	fusion	10	0	14	15	between
fs32k	15	all	24	0.5412587523460388	fusion	10	0	14	15	between
fs32k	15	all	25	0.5408135056495667	fusion	10	0	14	15	between
fs32k	15	all	26	0.5350552201271057	fusion	10	0	14	15	between
fs32k	15	all	27	0.5469272136688232	fusion	10	0	14	15	between
fs32k	15	all	28	0.5360194444656372	fusion	10	0	14	15	between
fs32k	15	all	29	0.5304304957389832	fusion	10	0	14	15	between
fs32k	15	all	30	0.5212410688400269	fusion	10	0	14	15	between
fs32k	15	all	31	0.5473145842552185	fusion	10	0	14	15	between
fs32k	15	all	32	0.5089468955993652	fusion	10	0	14	15	between
fs32k	15	all	33	0.547492265701294	fusion	10	0	14	15	between
fs32k	15	all	34	0.5522068738937378	fusion	10	0	14	15	between
fs32k	15	all	35	0.5344535112380981	fusion	10	0	14	15	between
fs32k	15	all	36	0.5112735629081726	fusion	10	0	14	15	between
fs32k	15	all	37	0.5208112597465515	fusion	10	0	14	15	between
fs32k	15	all	38	0.521684467792511	fusion	10	0	14	15	between
fs32k	15	all	39	0.5265626907348633	fusion	10	0	14	15	between
fs32k	15	all	40	0.5321240425109863	fusion	10	0	14	15	between
fs32k	15	all	41	0.5274316668510437	fusion	10	0	14	15	between
fs32k	15	all	42	0.5384280681610107	fusion	10	0	14	15	between
fs32k	15	all	43	0.5464174151420593	fusion	10	0	14	15	between
fs32k	15	all	44	0.5466340780258179	fusion	10	0	14	15	between
fs32k	15	all	45	0.5358361601829529	fusion	10	0	14	15	between
fs32k	15	all	46	0.5289953947067261	fusion	10	0	14	15	between
fs32k	15	all	47	0.5243859887123108	fusion	10	0	14	15	between
fs32k	15	all	48	0.5286960005760193	fusion	10	0	14	15	between
fs32k	15	all	49	0.5300946831703186	fusion	10	0	14	15	between
fs32k	15	all	50	0.5279896259307861	fusion	10	0	14	15	between
fs32k	15	all	51	0.542351245880127	fusion	10	0	14	15	between
fs32k	15	all	52	0.5492633581161499	fusion	10	0	14	15	between
fs32k	15	all	53	0.5205179452896118	fusion	10	0	14	15	between
fs32k	15	all	54	0.5343287587165833	fusion	10	0	14	15	between
fs32k	15	all	55	0.5433773994445801	fusion	10	0	14	15	between
