atlas	K	train_data	train_sess	test_data	test_sess	model_type	group_map_name	subj_num	indiv_test_kappa	dcbc_indiv	inhomo_indiv	task_name	test_run	train_smooth	test_smooth	test_type	strength	spatial_w
fs32k	17	['HCP']	run-2	HCP	contrasts	Models_03	MSHBM17	100206		0.12622331	0.91548026	EMOTION	1	6fwhm	sm0	Tseries	20	100
fs32k	17	['HCP']	run-2	HCP	contrasts	Models_03	MSHBM17	100307		0.11203765	0.9042398	EMOTION	1	6fwhm	sm0	Tseries	20	100
fs32k	17	['HCP']	run-2	HCP	contrasts	Models_03	MSHBM17	100408		0.08261378	0.941314	EMOTION	1	6fwhm	sm0	Tseries	20	100
fs32k	17	['HCP']	run-2	HCP	contrasts	Models_03	MSHBM17	100610		0.06257007	0.9263615	EMOTION	1	6fwhm	sm0	Tseries	20	100
fs32k	17	['HCP']	run-2	HCP	contrasts	Models_03	MSHBM17	101006		0.08777103	0.91801304	EMOTION	1	6fwhm	sm0	Tseries	20	100
fs32k	17	['HCP']	run-2	HCP	contrasts	Models_03	MSHBM17	101107		0.027304169	0.97136307	EMOTION	1	6fwhm	sm0	Tseries	20	100
fs32k	17	['HCP']	run-2	HCP	contrasts	Models_03	MSHBM17	101309		0.09571235	0.93580556	EMOTION	1	6fwhm	sm0	Tseries	20	100
fs32k	17	['HCP']	run-2	HCP	contrasts	Models_03	MSHBM17	101915		0.12430543	0.90823424	EMOTION	1	6fwhm	sm0	Tseries	20	100
fs32k	17	['HCP']	run-2	HCP	contrasts	Models_03	MSHBM17	102008		0.08325873	0.91940033	EMOTION	1	6fwhm	sm0	Tseries	20	100
fs32k	17	['HCP']	run-2	HCP	contrasts	Models_03	MSHBM17	102109		0.119168065	0.9215705	EMOTION	1	6fwhm	sm0	Tseries	20	100
fs32k	17	['HCP']	run-2	HCP	contrasts	Models_03	MSHBM17	102311		0.1155708	0.93149745	EMOTION	1	6fwhm	sm0	Tseries	20	100
fs32k	17	['HCP']	run-2	HCP	contrasts	Models_03	MSHBM17	102513		0.11881735	0.91727924	EMOTION	1	6fwhm	sm0	Tseries	20	100
fs32k	17	['HCP']	run-2	HCP	contrasts	Models_03	MSHBM17	102614		0.17266804	0.92195815	EMOTION	1	6fwhm	sm0	Tseries	20	100
fs32k	17	['HCP']	run-2	HCP	contrasts	Models_03	MSHBM17	102715		0.09567334	0.90986943	EMOTION	1	6fwhm	sm0	Tseries	20	100
fs32k	17	['HCP']	run-2	HCP	contrasts	Models_03	MSHBM17	102816		0.09095448	0.96294063	EMOTION	1	6fwhm	sm0	Tseries	20	100
fs32k	17	['HCP']	run-2	HCP	contrasts	Models_03	MSHBM17	103111		0.06346246	0.9412799	EMOTION	1	6fwhm	sm0	Tseries	20	100
fs32k	17	['HCP']	run-2	HCP	contrasts	Models_03	MSHBM17	103212		0.123563506	0.9391062	EMOTION	1	6fwhm	sm0	Tseries	20	100
fs32k	17	['HCP']	run-2	HCP	contrasts	Models_03	MSHBM17	103414		0.059779234	0.9564039	EMOTION	1	6fwhm	sm0	Tseries	20	100
fs32k	17	['HCP']	run-2	HCP	contrasts	Models_03	MSHBM17	103818		0.1129321	0.9280927	EMOTION	1	6fwhm	sm0	Tseries	20	100
fs32k	17	['HCP']	run-2	HCP	contrasts	Models_03	MSHBM17	104820		0.12637085	0.90490615	EMOTION	1	6fwhm	sm0	Tseries	20	100
fs32k	17	['HCP']	run-2	HCP	contrasts	Models_03	MSHBM17	105216		0.088188484	0.9054302	EMOTION	1	6fwhm	sm0	Tseries	20	100
fs32k	17	['HCP']	run-2	HCP	contrasts	Models_03	MSHBM17	105923		0.1536032	0.9017484	EMOTION	1	6fwhm	sm0	Tseries	20	100
fs32k	17	['HCP']	run-2	HCP	contrasts	Models_03	MSHBM17	106319		0.09415349	0.94923174	EMOTION	1	6fwhm	sm0	Tseries	20	100
fs32k	17	['HCP']	run-2	HCP	contrasts	Models_03	MSHBM17	108121		0.12638663	0.93953013	EMOTION	1	6fwhm	sm0	Tseries	20	100
fs32k	17	['HCP']	run-2	HCP	contrasts	Models_03	MSHBM17	108222		0.065587275	0.9443776	EMOTION	1	6fwhm	sm0	Tseries	20	100
fs32k	17	['HCP']	run-2	HCP	contrasts	Models_03	MSHBM17	113316		0.053610124	0.941431	EMOTION	1	6fwhm	sm0	Tseries	20	100
fs32k	17	['HCP']	run-2	HCP	contrasts	Models_03	MSHBM17	123723		0.025215302	0.96230364	EMOTION	1	6fwhm	sm0	Tseries	20	100
fs32k	17	['HCP']	run-2	HCP	contrasts	Models_03	MSHBM17	127226		0.08179062	0.9178302	EMOTION	1	6fwhm	sm0	Tseries	20	100
fs32k	17	['HCP']	run-2	HCP	contrasts	Models_03	MSHBM17	127933		0.0726372	0.92992544	EMOTION	1	6fwhm	sm0	Tseries	20	100
fs32k	17	['HCP']	run-2	HCP	contrasts	Models_03	MSHBM17	128026		0.023354448	0.92634076	EMOTION	1	6fwhm	sm0	Tseries	20	100
fs32k	17	['HCP']	run-2	HCP	contrasts	Models_03	MSHBM17	128127		0.10242215	0.9204569	EMOTION	1	6fwhm	sm0	Tseries	20	100
fs32k	17	['HCP']	run-2	HCP	contrasts	Models_03	MSHBM17	128632		0.024946697	0.94856143	EMOTION	1	6fwhm	sm0	Tseries	20	100
fs32k	17	['HCP']	run-2	HCP	contrasts	Models_03	MSHBM17	128935		0.09862292	0.95347404	EMOTION	1	6fwhm	sm0	Tseries	20	100
fs32k	17	['HCP']	run-2	HCP	contrasts	Models_03	MSHBM17	129331		0.09096554	0.9559349	EMOTION	1	6fwhm	sm0	Tseries	20	100
fs32k	17	['HCP']	run-2	HCP	contrasts	Models_03	MSHBM17	130316		0.1395413	0.93687487	EMOTION	1	6fwhm	sm0	Tseries	20	100
fs32k	17	['HCP']	run-2	HCP	contrasts	Models_03	MSHBM17	130922		0.14104494	0.926778	EMOTION	1	6fwhm	sm0	Tseries	20	100
fs32k	17	['HCP']	run-2	HCP	contrasts	Models_03	MSHBM17	131217		0.053496867	0.9300133	EMOTION	1	6fwhm	sm0	Tseries	20	100
fs32k	17	['HCP']	run-2	HCP	contrasts	Models_03	MSHBM17	132017		0.050592184	0.9065733	EMOTION	1	6fwhm	sm0	Tseries	20	100
fs32k	17	['HCP']	run-2	HCP	contrasts	Models_03	MSHBM17	134021		0.14685643	0.9211778	EMOTION	1	6fwhm	sm0	Tseries	20	100
fs32k	17	['HCP']	run-2	HCP	contrasts	Models_03	MSHBM17	134324		0.058212657	0.9357952	EMOTION	1	6fwhm	sm0	Tseries	20	100
fs32k	17	['HCP']	run-2	HCP	contrasts	Models_03	MSHBM17	134425		0.12348926	0.9108903	EMOTION	1	6fwhm	sm0	Tseries	20	100
fs32k	17	['HCP']	run-2	HCP	contrasts	Models_03	MSHBM17	135629		0.15873045	0.91300505	EMOTION	1	6fwhm	sm0	Tseries	20	100
fs32k	17	['HCP']	run-2	HCP	contrasts	Models_03	MSHBM17	135730		0.018289942	0.91058177	EMOTION	1	6fwhm	sm0	Tseries	20	100
fs32k	17	['HCP']	run-2	HCP	contrasts	Models_03	MSHBM17	135932		0.064892635	0.9162501	EMOTION	1	6fwhm	sm0	Tseries	20	100
fs32k	17	['HCP']	run-2	HCP	contrasts	Models_03	MSHBM17	136126		0.032984257	0.94409937	EMOTION	1	6fwhm	sm0	Tseries	20	100
fs32k	17	['HCP']	run-2	HCP	contrasts	Models_03	MSHBM17	136227		0.14219336	0.91492856	EMOTION	1	6fwhm	sm0	Tseries	20	100
fs32k	17	['HCP']	run-2	HCP	contrasts	Models_03	MSHBM17	136631		0.16928273	0.9107091	EMOTION	1	6fwhm	sm0	Tseries	20	100
fs32k	17	['HCP']	run-2	HCP	contrasts	Models_03	MSHBM17	138332		0.1148686	0.9164971	EMOTION	1	6fwhm	sm0	Tseries	20	100
fs32k	17	['HCP']	run-2	HCP	contrasts	Models_03	MSHBM17	140824		0.02677783	0.9586372	EMOTION	1	6fwhm	sm0	Tseries	20	100
fs32k	17	['HCP']	run-2	HCP	contrasts	Models_03	MSHBM17	143325		0.117627576	0.935518	EMOTION	1	6fwhm	sm0	Tseries	20	100
fs32k	17	['HCP']	run-2	HCP	contrasts	Models_03	MSHBM17	100206		0.15483513	0.93570393	GAMBLING	1	6fwhm	sm0	Tseries	20	100
fs32k	17	['HCP']	run-2	HCP	contrasts	Models_03	MSHBM17	100307		0.22099286	0.9096955	GAMBLING	1	6fwhm	sm0	Tseries	20	100
fs32k	17	['HCP']	run-2	HCP	contrasts	Models_03	MSHBM17	100408		0.05518252	0.9838683	GAMBLING	1	6fwhm	sm0	Tseries	20	100
fs32k	17	['HCP']	run-2	HCP	contrasts	Models_03	MSHBM17	100610		0.16321935	0.9519429	GAMBLING	1	6fwhm	sm0	Tseries	20	100
fs32k	17	['HCP']	run-2	HCP	contrasts	Models_03	MSHBM17	101006		0.14279151	0.9346224	GAMBLING	1	6fwhm	sm0	Tseries	20	100
fs32k	17	['HCP']	run-2	HCP	contrasts	Models_03	MSHBM17	101107		0.043064717	0.9418246	GAMBLING	1	6fwhm	sm0	Tseries	20	100
fs32k	17	['HCP']	run-2	HCP	contrasts	Models_03	MSHBM17	101309		0.051704127	0.96194255	GAMBLING	1	6fwhm	sm0	Tseries	20	100
fs32k	17	['HCP']	run-2	HCP	contrasts	Models_03	MSHBM17	101915		0.15340237	0.9471357	GAMBLING	1	6fwhm	sm0	Tseries	20	100
fs32k	17	['HCP']	run-2	HCP	contrasts	Models_03	MSHBM17	102008		0.12732342	0.94938993	GAMBLING	1	6fwhm	sm0	Tseries	20	100
fs32k	17	['HCP']	run-2	HCP	contrasts	Models_03	MSHBM17	102109		0.054110706	0.9678351	GAMBLING	1	6fwhm	sm0	Tseries	20	100
fs32k	17	['HCP']	run-2	HCP	contrasts	Models_03	MSHBM17	102311		0.13574933	0.9586762	GAMBLING	1	6fwhm	sm0	Tseries	20	100
fs32k	17	['HCP']	run-2	HCP	contrasts	Models_03	MSHBM17	102513		0.02447257	0.96893585	GAMBLING	1	6fwhm	sm0	Tseries	20	100
fs32k	17	['HCP']	run-2	HCP	contrasts	Models_03	MSHBM17	102614		0.29511806	0.9055092	GAMBLING	1	6fwhm	sm0	Tseries	20	100
fs32k	17	['HCP']	run-2	HCP	contrasts	Models_03	MSHBM17	102715		0.07453404	0.96144533	GAMBLING	1	6fwhm	sm0	Tseries	20	100
fs32k	17	['HCP']	run-2	HCP	contrasts	Models_03	MSHBM17	102816		0.120507345	0.9567196	GAMBLING	1	6fwhm	sm0	Tseries	20	100
fs32k	17	['HCP']	run-2	HCP	contrasts	Models_03	MSHBM17	103111		0.019641863	0.97905445	GAMBLING	1	6fwhm	sm0	Tseries	20	100
fs32k	17	['HCP']	run-2	HCP	contrasts	Models_03	MSHBM17	103212		0.10496339	0.96678436	GAMBLING	1	6fwhm	sm0	Tseries	20	100
fs32k	17	['HCP']	run-2	HCP	contrasts	Models_03	MSHBM17	103414		0.19777381	0.92257804	GAMBLING	1	6fwhm	sm0	Tseries	20	100
fs32k	17	['HCP']	run-2	HCP	contrasts	Models_03	MSHBM17	103818		0.13748375	0.9479283	GAMBLING	1	6fwhm	sm0	Tseries	20	100
fs32k	17	['HCP']	run-2	HCP	contrasts	Models_03	MSHBM17	104820		0.09499812	0.9481605	GAMBLING	1	6fwhm	sm0	Tseries	20	100
fs32k	17	['HCP']	run-2	HCP	contrasts	Models_03	MSHBM17	105216		0.11737193	0.9636125	GAMBLING	1	6fwhm	sm0	Tseries	20	100
fs32k	17	['HCP']	run-2	HCP	contrasts	Models_03	MSHBM17	105923		0.15950783	0.9454663	GAMBLING	1	6fwhm	sm0	Tseries	20	100
fs32k	17	['HCP']	run-2	HCP	contrasts	Models_03	MSHBM17	106319		0.12356131	0.9624659	GAMBLING	1	6fwhm	sm0	Tseries	20	100
fs32k	17	['HCP']	run-2	HCP	contrasts	Models_03	MSHBM17	108121		0.22117507	0.9204807	GAMBLING	1	6fwhm	sm0	Tseries	20	100
fs32k	17	['HCP']	run-2	HCP	contrasts	Models_03	MSHBM17	108222		0.16060627	0.94109696	GAMBLING	1	6fwhm	sm0	Tseries	20	100
fs32k	17	['HCP']	run-2	HCP	contrasts	Models_03	MSHBM17	113316		0.18446974	0.9439504	GAMBLING	1	6fwhm	sm0	Tseries	20	100
fs32k	17	['HCP']	run-2	HCP	contrasts	Models_03	MSHBM17	123723		0.1261797	0.9469582	GAMBLING	1	6fwhm	sm0	Tseries	20	100
fs32k	17	['HCP']	run-2	HCP	contrasts	Models_03	MSHBM17	127226		0.09365846	0.96253395	GAMBLING	1	6fwhm	sm0	Tseries	20	100
fs32k	17	['HCP']	run-2	HCP	contrasts	Models_03	MSHBM17	127933		0.21587843	0.9149909	GAMBLING	1	6fwhm	sm0	Tseries	20	100
fs32k	17	['HCP']	run-2	HCP	contrasts	Models_03	MSHBM17	128026		0.019586254	0.97248405	GAMBLING	1	6fwhm	sm0	Tseries	20	100
fs32k	17	['HCP']	run-2	HCP	contrasts	Models_03	MSHBM17	128127		0.32070467	0.9164759	GAMBLING	1	6fwhm	sm0	Tseries	20	100
fs32k	17	['HCP']	run-2	HCP	contrasts	Models_03	MSHBM17	128632		0.15802969	0.9491967	GAMBLING	1	6fwhm	sm0	Tseries	20	100
fs32k	17	['HCP']	run-2	HCP	contrasts	Models_03	MSHBM17	128935		0.10865729	0.966558	GAMBLING	1	6fwhm	sm0	Tseries	20	100
fs32k	17	['HCP']	run-2	HCP	contrasts	Models_03	MSHBM17	129331		0.16267307	0.9473697	GAMBLING	1	6fwhm	sm0	Tseries	20	100
fs32k	17	['HCP']	run-2	HCP	contrasts	Models_03	MSHBM17	130316		0.17810784	0.9415444	GAMBLING	1	6fwhm	sm0	Tseries	20	100
fs32k	17	['HCP']	run-2	HCP	contrasts	Models_03	MSHBM17	130922		0.056281768	0.95281506	GAMBLING	1	6fwhm	sm0	Tseries	20	100
fs32k	17	['HCP']	run-2	HCP	contrasts	Models_03	MSHBM17	131217		0.00538825	0.9690374	GAMBLING	1	6fwhm	sm0	Tseries	20	100
fs32k	17	['HCP']	run-2	HCP	contrasts	Models_03	MSHBM17	132017		0.15055734	0.94121784	GAMBLING	1	6fwhm	sm0	Tseries	20	100
fs32k	17	['HCP']	run-2	HCP	contrasts	Models_03	MSHBM17	134021		0.2314828	0.9509594	GAMBLING	1	6fwhm	sm0	Tseries	20	100
fs32k	17	['HCP']	run-2	HCP	contrasts	Models_03	MSHBM17	134324		0.26250568	0.88884294	GAMBLING	1	6fwhm	sm0	Tseries	20	100
fs32k	17	['HCP']	run-2	HCP	contrasts	Models_03	MSHBM17	134425		0.15156128	0.9406214	GAMBLING	1	6fwhm	sm0	Tseries	20	100
fs32k	17	['HCP']	run-2	HCP	contrasts	Models_03	MSHBM17	135629		0.1522251	0.95231056	GAMBLING	1	6fwhm	sm0	Tseries	20	100
fs32k	17	['HCP']	run-2	HCP	contrasts	Models_03	MSHBM17	135730		0.1934937	0.9276616	GAMBLING	1	6fwhm	sm0	Tseries	20	100
fs32k	17	['HCP']	run-2	HCP	contrasts	Models_03	MSHBM17	135932		0.13575345	0.96118593	GAMBLING	1	6fwhm	sm0	Tseries	20	100
fs32k	17	['HCP']	run-2	HCP	contrasts	Models_03	MSHBM17	136126		0.13750738	0.9445871	GAMBLING	1	6fwhm	sm0	Tseries	20	100
fs32k	17	['HCP']	run-2	HCP	contrasts	Models_03	MSHBM17	136227		0.17732319	0.9343152	GAMBLING	1	6fwhm	sm0	Tseries	20	100
fs32k	17	['HCP']	run-2	HCP	contrasts	Models_03	MSHBM17	136631		0.1602585	0.9364144	GAMBLING	1	6fwhm	sm0	Tseries	20	100
fs32k	17	['HCP']	run-2	HCP	contrasts	Models_03	MSHBM17	138332		0.019798037	0.95006317	GAMBLING	1	6fwhm	sm0	Tseries	20	100
fs32k	17	['HCP']	run-2	HCP	contrasts	Models_03	MSHBM17	140824		0.0750131	0.9606475	GAMBLING	1	6fwhm	sm0	Tseries	20	100
fs32k	17	['HCP']	run-2	HCP	contrasts	Models_03	MSHBM17	143325		0.15723135	0.9502072	GAMBLING	1	6fwhm	sm0	Tseries	20	100
fs32k	17	['HCP']	run-2	HCP	contrasts	Models_03	MSHBM17	100206		0.018849473	0.9747753	LANGUAGE	1	6fwhm	sm0	Tseries	20	100
fs32k	17	['HCP']	run-2	HCP	contrasts	Models_03	MSHBM17	100307		0.07821257	0.9625373	LANGUAGE	1	6fwhm	sm0	Tseries	20	100
fs32k	17	['HCP']	run-2	HCP	contrasts	Models_03	MSHBM17	100408		0.11623119	0.96321523	LANGUAGE	1	6fwhm	sm0	Tseries	20	100
fs32k	17	['HCP']	run-2	HCP	contrasts	Models_03	MSHBM17	100610		0.07018538	0.92983955	LANGUAGE	1	6fwhm	sm0	Tseries	20	100
fs32k	17	['HCP']	run-2	HCP	contrasts	Models_03	MSHBM17	101006		0.055592958	0.940643	LANGUAGE	1	6fwhm	sm0	Tseries	20	100
fs32k	17	['HCP']	run-2	HCP	contrasts	Models_03	MSHBM17	101107		0.05451471	0.9803227	LANGUAGE	1	6fwhm	sm0	Tseries	20	100
fs32k	17	['HCP']	run-2	HCP	contrasts	Models_03	MSHBM17	101309		0.002172968	0.9541039	LANGUAGE	1	6fwhm	sm0	Tseries	20	100
fs32k	17	['HCP']	run-2	HCP	contrasts	Models_03	MSHBM17	101915		0.07953633	0.9490113	LANGUAGE	1	6fwhm	sm0	Tseries	20	100
fs32k	17	['HCP']	run-2	HCP	contrasts	Models_03	MSHBM17	102008		0.012410544	0.9530448	LANGUAGE	1	6fwhm	sm0	Tseries	20	100
fs32k	17	['HCP']	run-2	HCP	contrasts	Models_03	MSHBM17	102109		0.051719345	0.9523751	LANGUAGE	1	6fwhm	sm0	Tseries	20	100
fs32k	17	['HCP']	run-2	HCP	contrasts	Models_03	MSHBM17	102311		0.05828315	0.9621102	LANGUAGE	1	6fwhm	sm0	Tseries	20	100
fs32k	17	['HCP']	run-2	HCP	contrasts	Models_03	MSHBM17	102513		0.060333442	0.95506597	LANGUAGE	1	6fwhm	sm0	Tseries	20	100
fs32k	17	['HCP']	run-2	HCP	contrasts	Models_03	MSHBM17	102614		0.071252145	0.94288415	LANGUAGE	1	6fwhm	sm0	Tseries	20	100
fs32k	17	['HCP']	run-2	HCP	contrasts	Models_03	MSHBM17	102715		0.06993799	0.9498086	LANGUAGE	1	6fwhm	sm0	Tseries	20	100
fs32k	17	['HCP']	run-2	HCP	contrasts	Models_03	MSHBM17	102816		0.018349677	0.9627144	LANGUAGE	1	6fwhm	sm0	Tseries	20	100
fs32k	17	['HCP']	run-2	HCP	contrasts	Models_03	MSHBM17	103111		0.02541994	0.96355915	LANGUAGE	1	6fwhm	sm0	Tseries	20	100
fs32k	17	['HCP']	run-2	HCP	contrasts	Models_03	MSHBM17	103212		0.07516357	0.95878696	LANGUAGE	1	6fwhm	sm0	Tseries	20	100
fs32k	17	['HCP']	run-2	HCP	contrasts	Models_03	MSHBM17	103414		0.026511585	0.94755095	LANGUAGE	1	6fwhm	sm0	Tseries	20	100
fs32k	17	['HCP']	run-2	HCP	contrasts	Models_03	MSHBM17	103818		0.103448436	0.93500876	LANGUAGE	1	6fwhm	sm0	Tseries	20	100
fs32k	17	['HCP']	run-2	HCP	contrasts	Models_03	MSHBM17	104820		0.044527076	0.94534004	LANGUAGE	1	6fwhm	sm0	Tseries	20	100
fs32k	17	['HCP']	run-2	HCP	contrasts	Models_03	MSHBM17	105216		0.048601802	0.95221704	LANGUAGE	1	6fwhm	sm0	Tseries	20	100
fs32k	17	['HCP']	run-2	HCP	contrasts	Models_03	MSHBM17	105923		0.04138085	0.9464609	LANGUAGE	1	6fwhm	sm0	Tseries	20	100
fs32k	17	['HCP']	run-2	HCP	contrasts	Models_03	MSHBM17	106319		-0.019625207	0.97657275	LANGUAGE	1	6fwhm	sm0	Tseries	20	100
fs32k	17	['HCP']	run-2	HCP	contrasts	Models_03	MSHBM17	108121		0.04909835	0.9657711	LANGUAGE	1	6fwhm	sm0	Tseries	20	100
fs32k	17	['HCP']	run-2	HCP	contrasts	Models_03	MSHBM17	108222		0.07313444	0.9634764	LANGUAGE	1	6fwhm	sm0	Tseries	20	100
fs32k	17	['HCP']	run-2	HCP	contrasts	Models_03	MSHBM17	113316		0.07851503	0.94100094	LANGUAGE	1	6fwhm	sm0	Tseries	20	100
fs32k	17	['HCP']	run-2	HCP	contrasts	Models_03	MSHBM17	123723		0.033399314	0.9574537	LANGUAGE	1	6fwhm	sm0	Tseries	20	100
fs32k	17	['HCP']	run-2	HCP	contrasts	Models_03	MSHBM17	127226		0.06325455	0.95786494	LANGUAGE	1	6fwhm	sm0	Tseries	20	100
fs32k	17	['HCP']	run-2	HCP	contrasts	Models_03	MSHBM17	127933		0.06716621	0.9410825	LANGUAGE	1	6fwhm	sm0	Tseries	20	100
fs32k	17	['HCP']	run-2	HCP	contrasts	Models_03	MSHBM17	128026		0.04318331	0.9649179	LANGUAGE	1	6fwhm	sm0	Tseries	20	100
fs32k	17	['HCP']	run-2	HCP	contrasts	Models_03	MSHBM17	128127		0.14098924	0.93155086	LANGUAGE	1	6fwhm	sm0	Tseries	20	100
fs32k	17	['HCP']	run-2	HCP	contrasts	Models_03	MSHBM17	128632		0.08154822	0.96837467	LANGUAGE	1	6fwhm	sm0	Tseries	20	100
fs32k	17	['HCP']	run-2	HCP	contrasts	Models_03	MSHBM17	128935		-0.011995243	0.96097267	LANGUAGE	1	6fwhm	sm0	Tseries	20	100
fs32k	17	['HCP']	run-2	HCP	contrasts	Models_03	MSHBM17	129331		0.027233012	0.9627049	LANGUAGE	1	6fwhm	sm0	Tseries	20	100
fs32k	17	['HCP']	run-2	HCP	contrasts	Models_03	MSHBM17	130316		0.11825065	0.94326293	LANGUAGE	1	6fwhm	sm0	Tseries	20	100
fs32k	17	['HCP']	run-2	HCP	contrasts	Models_03	MSHBM17	130922		0.03899369	0.96431273	LANGUAGE	1	6fwhm	sm0	Tseries	20	100
fs32k	17	['HCP']	run-2	HCP	contrasts	Models_03	MSHBM17	131217		0.10023216	0.9610273	LANGUAGE	1	6fwhm	sm0	Tseries	20	100
fs32k	17	['HCP']	run-2	HCP	contrasts	Models_03	MSHBM17	132017		0.094247304	0.9117405	LANGUAGE	1	6fwhm	sm0	Tseries	20	100
fs32k	17	['HCP']	run-2	HCP	contrasts	Models_03	MSHBM17	134021		0.009922381	0.95612925	LANGUAGE	1	6fwhm	sm0	Tseries	20	100
fs32k	17	['HCP']	run-2	HCP	contrasts	Models_03	MSHBM17	134324		0.054069005	0.9295838	LANGUAGE	1	6fwhm	sm0	Tseries	20	100
fs32k	17	['HCP']	run-2	HCP	contrasts	Models_03	MSHBM17	134425		0.057932712	0.94368446	LANGUAGE	1	6fwhm	sm0	Tseries	20	100
fs32k	17	['HCP']	run-2	HCP	contrasts	Models_03	MSHBM17	135629		0.04101806	0.92293376	LANGUAGE	1	6fwhm	sm0	Tseries	20	100
fs32k	17	['HCP']	run-2	HCP	contrasts	Models_03	MSHBM17	135730		0.06724566	0.9524033	LANGUAGE	1	6fwhm	sm0	Tseries	20	100
fs32k	17	['HCP']	run-2	HCP	contrasts	Models_03	MSHBM17	135932		0.0911642	0.95666784	LANGUAGE	1	6fwhm	sm0	Tseries	20	100
fs32k	17	['HCP']	run-2	HCP	contrasts	Models_03	MSHBM17	136126		0.023769066	0.9589344	LANGUAGE	1	6fwhm	sm0	Tseries	20	100
fs32k	17	['HCP']	run-2	HCP	contrasts	Models_03	MSHBM17	136227		0.11173065	0.9443624	LANGUAGE	1	6fwhm	sm0	Tseries	20	100
fs32k	17	['HCP']	run-2	HCP	contrasts	Models_03	MSHBM17	136631		0.051140387	0.96964043	LANGUAGE	1	6fwhm	sm0	Tseries	20	100
fs32k	17	['HCP']	run-2	HCP	contrasts	Models_03	MSHBM17	138332		0.055733446	0.9427743	LANGUAGE	1	6fwhm	sm0	Tseries	20	100
fs32k	17	['HCP']	run-2	HCP	contrasts	Models_03	MSHBM17	140824		0.024982266	0.96215576	LANGUAGE	1	6fwhm	sm0	Tseries	20	100
fs32k	17	['HCP']	run-2	HCP	contrasts	Models_03	MSHBM17	143325		0.09975834	0.9293599	LANGUAGE	1	6fwhm	sm0	Tseries	20	100
fs32k	17	['HCP']	run-2	HCP	contrasts	Models_03	MSHBM17	100206		0.046967443	0.93534327	MOTOR	1	6fwhm	sm0	Tseries	20	100
fs32k	17	['HCP']	run-2	HCP	contrasts	Models_03	MSHBM17	100307		0.053980496	0.9405742	MOTOR	1	6fwhm	sm0	Tseries	20	100
fs32k	17	['HCP']	run-2	HCP	contrasts	Models_03	MSHBM17	100408		0.06467017	0.9445135	MOTOR	1	6fwhm	sm0	Tseries	20	100
fs32k	17	['HCP']	run-2	HCP	contrasts	Models_03	MSHBM17	100610		0.03820154	0.9518597	MOTOR	1	6fwhm	sm0	Tseries	20	100
fs32k	17	['HCP']	run-2	HCP	contrasts	Models_03	MSHBM17	101006		0.013556329	0.95459545	MOTOR	1	6fwhm	sm0	Tseries	20	100
fs32k	17	['HCP']	run-2	HCP	contrasts	Models_03	MSHBM17	101107		0.045360215	0.9413831	MOTOR	1	6fwhm	sm0	Tseries	20	100
fs32k	17	['HCP']	run-2	HCP	contrasts	Models_03	MSHBM17	101309		0.005921958	0.96331924	MOTOR	1	6fwhm	sm0	Tseries	20	100
fs32k	17	['HCP']	run-2	HCP	contrasts	Models_03	MSHBM17	101915		0.050064597	0.93598163	MOTOR	1	6fwhm	sm0	Tseries	20	100
fs32k	17	['HCP']	run-2	HCP	contrasts	Models_03	MSHBM17	102008		0.038464755	0.9558514	MOTOR	1	6fwhm	sm0	Tseries	20	100
fs32k	17	['HCP']	run-2	HCP	contrasts	Models_03	MSHBM17	102109		0.07764527	0.9485377	MOTOR	1	6fwhm	sm0	Tseries	20	100
fs32k	17	['HCP']	run-2	HCP	contrasts	Models_03	MSHBM17	102311		0.057267442	0.9568874	MOTOR	1	6fwhm	sm0	Tseries	20	100
fs32k	17	['HCP']	run-2	HCP	contrasts	Models_03	MSHBM17	102513		0.023187298	0.95334554	MOTOR	1	6fwhm	sm0	Tseries	20	100
fs32k	17	['HCP']	run-2	HCP	contrasts	Models_03	MSHBM17	102614		0.07007357	0.9239555	MOTOR	1	6fwhm	sm0	Tseries	20	100
fs32k	17	['HCP']	run-2	HCP	contrasts	Models_03	MSHBM17	102715		0.05402359	0.9380753	MOTOR	1	6fwhm	sm0	Tseries	20	100
fs32k	17	['HCP']	run-2	HCP	contrasts	Models_03	MSHBM17	102816		0.009754093	0.96674335	MOTOR	1	6fwhm	sm0	Tseries	20	100
fs32k	17	['HCP']	run-2	HCP	contrasts	Models_03	MSHBM17	103111		0.108722016	0.94068193	MOTOR	1	6fwhm	sm0	Tseries	20	100
fs32k	17	['HCP']	run-2	HCP	contrasts	Models_03	MSHBM17	103212		0.03543146	0.97061425	MOTOR	1	6fwhm	sm0	Tseries	20	100
fs32k	17	['HCP']	run-2	HCP	contrasts	Models_03	MSHBM17	103414		0.055192675	0.9387663	MOTOR	1	6fwhm	sm0	Tseries	20	100
fs32k	17	['HCP']	run-2	HCP	contrasts	Models_03	MSHBM17	103818		0.07664929	0.9375265	MOTOR	1	6fwhm	sm0	Tseries	20	100
fs32k	17	['HCP']	run-2	HCP	contrasts	Models_03	MSHBM17	104820		0.028605333	0.95527315	MOTOR	1	6fwhm	sm0	Tseries	20	100
fs32k	17	['HCP']	run-2	HCP	contrasts	Models_03	MSHBM17	105216		0.028801557	0.9350719	MOTOR	1	6fwhm	sm0	Tseries	20	100
fs32k	17	['HCP']	run-2	HCP	contrasts	Models_03	MSHBM17	105923		0.02120206	0.94209707	MOTOR	1	6fwhm	sm0	Tseries	20	100
fs32k	17	['HCP']	run-2	HCP	contrasts	Models_03	MSHBM17	106319		0.006334658	0.9607659	MOTOR	1	6fwhm	sm0	Tseries	20	100
fs32k	17	['HCP']	run-2	HCP	contrasts	Models_03	MSHBM17	108121		0.047900718	0.9440518	MOTOR	1	6fwhm	sm0	Tseries	20	100
fs32k	17	['HCP']	run-2	HCP	contrasts	Models_03	MSHBM17	108222		0.0612258	0.950306	MOTOR	1	6fwhm	sm0	Tseries	20	100
fs32k	17	['HCP']	run-2	HCP	contrasts	Models_03	MSHBM17	113316		0.053696156	0.9502531	MOTOR	1	6fwhm	sm0	Tseries	20	100
fs32k	17	['HCP']	run-2	HCP	contrasts	Models_03	MSHBM17	123723		0.05449845	0.94191754	MOTOR	1	6fwhm	sm0	Tseries	20	100
fs32k	17	['HCP']	run-2	HCP	contrasts	Models_03	MSHBM17	127226		0.03729283	0.9582752	MOTOR	1	6fwhm	sm0	Tseries	20	100
fs32k	17	['HCP']	run-2	HCP	contrasts	Models_03	MSHBM17	127933		0.07499911	0.94218963	MOTOR	1	6fwhm	sm0	Tseries	20	100
fs32k	17	['HCP']	run-2	HCP	contrasts	Models_03	MSHBM17	128026		-0.0031587388	0.96031755	MOTOR	1	6fwhm	sm0	Tseries	20	100
fs32k	17	['HCP']	run-2	HCP	contrasts	Models_03	MSHBM17	128127		0.059457023	0.94373107	MOTOR	1	6fwhm	sm0	Tseries	20	100
fs32k	17	['HCP']	run-2	HCP	contrasts	Models_03	MSHBM17	128632		0.047174074	0.92695856	MOTOR	1	6fwhm	sm0	Tseries	20	100
fs32k	17	['HCP']	run-2	HCP	contrasts	Models_03	MSHBM17	128935		0.049950734	0.9612747	MOTOR	1	6fwhm	sm0	Tseries	20	100
fs32k	17	['HCP']	run-2	HCP	contrasts	Models_03	MSHBM17	129331		0.037951823	0.9522836	MOTOR	1	6fwhm	sm0	Tseries	20	100
fs32k	17	['HCP']	run-2	HCP	contrasts	Models_03	MSHBM17	130316		0.0327775	0.9602077	MOTOR	1	6fwhm	sm0	Tseries	20	100
fs32k	17	['HCP']	run-2	HCP	contrasts	Models_03	MSHBM17	130922		-0.0012807474	0.95662415	MOTOR	1	6fwhm	sm0	Tseries	20	100
fs32k	17	['HCP']	run-2	HCP	contrasts	Models_03	MSHBM17	131217		0.04768072	0.94751585	MOTOR	1	6fwhm	sm0	Tseries	20	100
fs32k	17	['HCP']	run-2	HCP	contrasts	Models_03	MSHBM17	132017		0.06447294	0.9429641	MOTOR	1	6fwhm	sm0	Tseries	20	100
fs32k	17	['HCP']	run-2	HCP	contrasts	Models_03	MSHBM17	134021		0.044658177	0.9401672	MOTOR	1	6fwhm	sm0	Tseries	20	100
fs32k	17	['HCP']	run-2	HCP	contrasts	Models_03	MSHBM17	134324		0.027808703	0.96127105	MOTOR	1	6fwhm	sm0	Tseries	20	100
fs32k	17	['HCP']	run-2	HCP	contrasts	Models_03	MSHBM17	134425		0.108661406	0.9422298	MOTOR	1	6fwhm	sm0	Tseries	20	100
fs32k	17	['HCP']	run-2	HCP	contrasts	Models_03	MSHBM17	135629		0.04311309	0.94530064	MOTOR	1	6fwhm	sm0	Tseries	20	100
fs32k	17	['HCP']	run-2	HCP	contrasts	Models_03	MSHBM17	135730		0.038598605	0.9568253	MOTOR	1	6fwhm	sm0	Tseries	20	100
fs32k	17	['HCP']	run-2	HCP	contrasts	Models_03	MSHBM17	135932		0.040402494	0.9354583	MOTOR	1	6fwhm	sm0	Tseries	20	100
fs32k	17	['HCP']	run-2	HCP	contrasts	Models_03	MSHBM17	136126		0.048669405	0.93216723	MOTOR	1	6fwhm	sm0	Tseries	20	100
fs32k	17	['HCP']	run-2	HCP	contrasts	Models_03	MSHBM17	136227		0.07705216	0.95062625	MOTOR	1	6fwhm	sm0	Tseries	20	100
fs32k	17	['HCP']	run-2	HCP	contrasts	Models_03	MSHBM17	136631		0.042156696	0.95184565	MOTOR	1	6fwhm	sm0	Tseries	20	100
fs32k	17	['HCP']	run-2	HCP	contrasts	Models_03	MSHBM17	138332		0.027005585	0.9513946	MOTOR	1	6fwhm	sm0	Tseries	20	100
fs32k	17	['HCP']	run-2	HCP	contrasts	Models_03	MSHBM17	140824		0.016829323	0.9767695	MOTOR	1	6fwhm	sm0	Tseries	20	100
fs32k	17	['HCP']	run-2	HCP	contrasts	Models_03	MSHBM17	143325		0.04702577	0.9578286	MOTOR	1	6fwhm	sm0	Tseries	20	100
fs32k	17	['HCP']	run-2	HCP	contrasts	Models_03	MSHBM17	100206		0.12684865	0.9200487	RELATIONAL	1	6fwhm	sm0	Tseries	20	100
fs32k	17	['HCP']	run-2	HCP	contrasts	Models_03	MSHBM17	100307		0.1371732	0.9178493	RELATIONAL	1	6fwhm	sm0	Tseries	20	100
fs32k	17	['HCP']	run-2	HCP	contrasts	Models_03	MSHBM17	100408		0.20803402	0.9240901	RELATIONAL	1	6fwhm	sm0	Tseries	20	100
fs32k	17	['HCP']	run-2	HCP	contrasts	Models_03	MSHBM17	100610		0.1702298	0.9148046	RELATIONAL	1	6fwhm	sm0	Tseries	20	100
fs32k	17	['HCP']	run-2	HCP	contrasts	Models_03	MSHBM17	101006		0.120431654	0.9343947	RELATIONAL	1	6fwhm	sm0	Tseries	20	100
fs32k	17	['HCP']	run-2	HCP	contrasts	Models_03	MSHBM17	101107		0.023582414	0.9340528	RELATIONAL	1	6fwhm	sm0	Tseries	20	100
fs32k	17	['HCP']	run-2	HCP	contrasts	Models_03	MSHBM17	101309		0.09867748	0.944011	RELATIONAL	1	6fwhm	sm0	Tseries	20	100
fs32k	17	['HCP']	run-2	HCP	contrasts	Models_03	MSHBM17	101915		0.13216479	0.92458504	RELATIONAL	1	6fwhm	sm0	Tseries	20	100
fs32k	17	['HCP']	run-2	HCP	contrasts	Models_03	MSHBM17	102008		0.13981935	0.8999852	RELATIONAL	1	6fwhm	sm0	Tseries	20	100
fs32k	17	['HCP']	run-2	HCP	contrasts	Models_03	MSHBM17	102109		0.15498069	0.9267377	RELATIONAL	1	6fwhm	sm0	Tseries	20	100
fs32k	17	['HCP']	run-2	HCP	contrasts	Models_03	MSHBM17	102311		0.1598544	0.9423017	RELATIONAL	1	6fwhm	sm0	Tseries	20	100
fs32k	17	['HCP']	run-2	HCP	contrasts	Models_03	MSHBM17	102513		0.14778048	0.9204943	RELATIONAL	1	6fwhm	sm0	Tseries	20	100
fs32k	17	['HCP']	run-2	HCP	contrasts	Models_03	MSHBM17	102614		0.21412893	0.88407993	RELATIONAL	1	6fwhm	sm0	Tseries	20	100
fs32k	17	['HCP']	run-2	HCP	contrasts	Models_03	MSHBM17	102715		0.16733415	0.91025823	RELATIONAL	1	6fwhm	sm0	Tseries	20	100
fs32k	17	['HCP']	run-2	HCP	contrasts	Models_03	MSHBM17	102816		0.06542535	0.96033657	RELATIONAL	1	6fwhm	sm0	Tseries	20	100
fs32k	17	['HCP']	run-2	HCP	contrasts	Models_03	MSHBM17	103111		0.20426485	0.9333229	RELATIONAL	1	6fwhm	sm0	Tseries	20	100
fs32k	17	['HCP']	run-2	HCP	contrasts	Models_03	MSHBM17	103212		0.14521454	0.9528846	RELATIONAL	1	6fwhm	sm0	Tseries	20	100
fs32k	17	['HCP']	run-2	HCP	contrasts	Models_03	MSHBM17	103414		0.17470795	0.91416883	RELATIONAL	1	6fwhm	sm0	Tseries	20	100
fs32k	17	['HCP']	run-2	HCP	contrasts	Models_03	MSHBM17	103818		0.111290455	0.90998286	RELATIONAL	1	6fwhm	sm0	Tseries	20	100
fs32k	17	['HCP']	run-2	HCP	contrasts	Models_03	MSHBM17	104820		0.13909538	0.91902936	RELATIONAL	1	6fwhm	sm0	Tseries	20	100
fs32k	17	['HCP']	run-2	HCP	contrasts	Models_03	MSHBM17	105216		0.1761471	0.9097333	RELATIONAL	1	6fwhm	sm0	Tseries	20	100
fs32k	17	['HCP']	run-2	HCP	contrasts	Models_03	MSHBM17	105923		0.1087097	0.93179053	RELATIONAL	1	6fwhm	sm0	Tseries	20	100
fs32k	17	['HCP']	run-2	HCP	contrasts	Models_03	MSHBM17	106319		0.15004647	0.9319679	RELATIONAL	1	6fwhm	sm0	Tseries	20	100
fs32k	17	['HCP']	run-2	HCP	contrasts	Models_03	MSHBM17	108121		0.1852215	0.9165642	RELATIONAL	1	6fwhm	sm0	Tseries	20	100
fs32k	17	['HCP']	run-2	HCP	contrasts	Models_03	MSHBM17	108222		0.14076893	0.92465436	RELATIONAL	1	6fwhm	sm0	Tseries	20	100
fs32k	17	['HCP']	run-2	HCP	contrasts	Models_03	MSHBM17	113316		0.13327427	0.92713016	RELATIONAL	1	6fwhm	sm0	Tseries	20	100
fs32k	17	['HCP']	run-2	HCP	contrasts	Models_03	MSHBM17	123723		0.049358323	0.9574226	RELATIONAL	1	6fwhm	sm0	Tseries	20	100
fs32k	17	['HCP']	run-2	HCP	contrasts	Models_03	MSHBM17	127226		0.116505764	0.9338719	RELATIONAL	1	6fwhm	sm0	Tseries	20	100
fs32k	17	['HCP']	run-2	HCP	contrasts	Models_03	MSHBM17	127933		0.14422026	0.9116156	RELATIONAL	1	6fwhm	sm0	Tseries	20	100
fs32k	17	['HCP']	run-2	HCP	contrasts	Models_03	MSHBM17	128026		0.10332803	0.93710726	RELATIONAL	1	6fwhm	sm0	Tseries	20	100
fs32k	17	['HCP']	run-2	HCP	contrasts	Models_03	MSHBM17	128127		0.20237449	0.9276764	RELATIONAL	1	6fwhm	sm0	Tseries	20	100
fs32k	17	['HCP']	run-2	HCP	contrasts	Models_03	MSHBM17	128632		0.15432316	0.9150128	RELATIONAL	1	6fwhm	sm0	Tseries	20	100
fs32k	17	['HCP']	run-2	HCP	contrasts	Models_03	MSHBM17	128935		0.16980505	0.93502057	RELATIONAL	1	6fwhm	sm0	Tseries	20	100
fs32k	17	['HCP']	run-2	HCP	contrasts	Models_03	MSHBM17	129331		0.21892141	0.9072586	RELATIONAL	1	6fwhm	sm0	Tseries	20	100
fs32k	17	['HCP']	run-2	HCP	contrasts	Models_03	MSHBM17	130316		0.24462557	0.89993596	RELATIONAL	1	6fwhm	sm0	Tseries	20	100
fs32k	17	['HCP']	run-2	HCP	contrasts	Models_03	MSHBM17	130922		0.1061465	0.93026394	RELATIONAL	1	6fwhm	sm0	Tseries	20	100
fs32k	17	['HCP']	run-2	HCP	contrasts	Models_03	MSHBM17	131217		0.0849159	0.94646645	RELATIONAL	1	6fwhm	sm0	Tseries	20	100
fs32k	17	['HCP']	run-2	HCP	contrasts	Models_03	MSHBM17	132017		0.12234298	0.90819377	RELATIONAL	1	6fwhm	sm0	Tseries	20	100
fs32k	17	['HCP']	run-2	HCP	contrasts	Models_03	MSHBM17	134021		0.1941683	0.924366	RELATIONAL	1	6fwhm	sm0	Tseries	20	100
fs32k	17	['HCP']	run-2	HCP	contrasts	Models_03	MSHBM17	134324		0.13135763	0.90544593	RELATIONAL	1	6fwhm	sm0	Tseries	20	100
fs32k	17	['HCP']	run-2	HCP	contrasts	Models_03	MSHBM17	134425		0.14617337	0.9156107	RELATIONAL	1	6fwhm	sm0	Tseries	20	100
fs32k	17	['HCP']	run-2	HCP	contrasts	Models_03	MSHBM17	135629		0.19440576	0.9138838	RELATIONAL	1	6fwhm	sm0	Tseries	20	100
fs32k	17	['HCP']	run-2	HCP	contrasts	Models_03	MSHBM17	135730		0.23260373	0.87482446	RELATIONAL	1	6fwhm	sm0	Tseries	20	100
fs32k	17	['HCP']	run-2	HCP	contrasts	Models_03	MSHBM17	135932		0.12915584	0.927691	RELATIONAL	1	6fwhm	sm0	Tseries	20	100
fs32k	17	['HCP']	run-2	HCP	contrasts	Models_03	MSHBM17	136126		0.09991818	0.9480183	RELATIONAL	1	6fwhm	sm0	Tseries	20	100
fs32k	17	['HCP']	run-2	HCP	contrasts	Models_03	MSHBM17	136227		0.20629673	0.91870064	RELATIONAL	1	6fwhm	sm0	Tseries	20	100
fs32k	17	['HCP']	run-2	HCP	contrasts	Models_03	MSHBM17	136631		0.14696427	0.9136159	RELATIONAL	1	6fwhm	sm0	Tseries	20	100
fs32k	17	['HCP']	run-2	HCP	contrasts	Models_03	MSHBM17	138332		0.17989206	0.8965551	RELATIONAL	1	6fwhm	sm0	Tseries	20	100
fs32k	17	['HCP']	run-2	HCP	contrasts	Models_03	MSHBM17	140824		0.054038867	0.96156275	RELATIONAL	1	6fwhm	sm0	Tseries	20	100
fs32k	17	['HCP']	run-2	HCP	contrasts	Models_03	MSHBM17	143325		0.2373268	0.9126357	RELATIONAL	1	6fwhm	sm0	Tseries	20	100
fs32k	17	['HCP']	run-2	HCP	contrasts	Models_03	MSHBM17	100206		0.033516496	0.94245577	SOCIAL	1	6fwhm	sm0	Tseries	20	100
fs32k	17	['HCP']	run-2	HCP	contrasts	Models_03	MSHBM17	100307		0.0054574404	0.93430704	SOCIAL	1	6fwhm	sm0	Tseries	20	100
fs32k	17	['HCP']	run-2	HCP	contrasts	Models_03	MSHBM17	100408		0.094463564	0.9354086	SOCIAL	1	6fwhm	sm0	Tseries	20	100
fs32k	17	['HCP']	run-2	HCP	contrasts	Models_03	MSHBM17	100610		0.0047517633	0.9383318	SOCIAL	1	6fwhm	sm0	Tseries	20	100
fs32k	17	['HCP']	run-2	HCP	contrasts	Models_03	MSHBM17	101006		0.060781762	0.9019283	SOCIAL	1	6fwhm	sm0	Tseries	20	100
fs32k	17	['HCP']	run-2	HCP	contrasts	Models_03	MSHBM17	101107		0.017232662	0.91955423	SOCIAL	1	6fwhm	sm0	Tseries	20	100
fs32k	17	['HCP']	run-2	HCP	contrasts	Models_03	MSHBM17	101309		0.020674584	0.96473163	SOCIAL	1	6fwhm	sm0	Tseries	20	100
fs32k	17	['HCP']	run-2	HCP	contrasts	Models_03	MSHBM17	101915		0.028906256	0.9358976	SOCIAL	1	6fwhm	sm0	Tseries	20	100
fs32k	17	['HCP']	run-2	HCP	contrasts	Models_03	MSHBM17	102008		0.08256198	0.92628855	SOCIAL	1	6fwhm	sm0	Tseries	20	100
fs32k	17	['HCP']	run-2	HCP	contrasts	Models_03	MSHBM17	102109		0.1385316	0.90500927	SOCIAL	1	6fwhm	sm0	Tseries	20	100
fs32k	17	['HCP']	run-2	HCP	contrasts	Models_03	MSHBM17	102311		0.07374581	0.95683235	SOCIAL	1	6fwhm	sm0	Tseries	20	100
fs32k	17	['HCP']	run-2	HCP	contrasts	Models_03	MSHBM17	102513		0.14706203	0.91756344	SOCIAL	1	6fwhm	sm0	Tseries	20	100
fs32k	17	['HCP']	run-2	HCP	contrasts	Models_03	MSHBM17	102614		0.008599164	0.9376073	SOCIAL	1	6fwhm	sm0	Tseries	20	100
fs32k	17	['HCP']	run-2	HCP	contrasts	Models_03	MSHBM17	102715		0.010293664	0.93940294	SOCIAL	1	6fwhm	sm0	Tseries	20	100
fs32k	17	['HCP']	run-2	HCP	contrasts	Models_03	MSHBM17	102816		0.015729394	0.94017076	SOCIAL	1	6fwhm	sm0	Tseries	20	100
fs32k	17	['HCP']	run-2	HCP	contrasts	Models_03	MSHBM17	103111		0.0016849833	0.9311664	SOCIAL	1	6fwhm	sm0	Tseries	20	100
fs32k	17	['HCP']	run-2	HCP	contrasts	Models_03	MSHBM17	103212		-0.025400445	0.9506661	SOCIAL	1	6fwhm	sm0	Tseries	20	100
fs32k	17	['HCP']	run-2	HCP	contrasts	Models_03	MSHBM17	103414		0.08447069	0.9000199	SOCIAL	1	6fwhm	sm0	Tseries	20	100
fs32k	17	['HCP']	run-2	HCP	contrasts	Models_03	MSHBM17	103818		0.06564907	0.9218364	SOCIAL	1	6fwhm	sm0	Tseries	20	100
fs32k	17	['HCP']	run-2	HCP	contrasts	Models_03	MSHBM17	104820		0.06674807	0.9284498	SOCIAL	1	6fwhm	sm0	Tseries	20	100
fs32k	17	['HCP']	run-2	HCP	contrasts	Models_03	MSHBM17	105216		0.09134303	0.91685903	SOCIAL	1	6fwhm	sm0	Tseries	20	100
fs32k	17	['HCP']	run-2	HCP	contrasts	Models_03	MSHBM17	105923		0.033232518	0.9496751	SOCIAL	1	6fwhm	sm0	Tseries	20	100
fs32k	17	['HCP']	run-2	HCP	contrasts	Models_03	MSHBM17	106319		0.10874857	0.9334228	SOCIAL	1	6fwhm	sm0	Tseries	20	100
fs32k	17	['HCP']	run-2	HCP	contrasts	Models_03	MSHBM17	108121		0.02751039	0.9253587	SOCIAL	1	6fwhm	sm0	Tseries	20	100
fs32k	17	['HCP']	run-2	HCP	contrasts	Models_03	MSHBM17	108222		0.059272565	0.93947494	SOCIAL	1	6fwhm	sm0	Tseries	20	100
fs32k	17	['HCP']	run-2	HCP	contrasts	Models_03	MSHBM17	113316		0.08674218	0.9316306	SOCIAL	1	6fwhm	sm0	Tseries	20	100
fs32k	17	['HCP']	run-2	HCP	contrasts	Models_03	MSHBM17	123723		0.040703394	0.9595685	SOCIAL	1	6fwhm	sm0	Tseries	20	100
fs32k	17	['HCP']	run-2	HCP	contrasts	Models_03	MSHBM17	127226		0.055920105	0.9118347	SOCIAL	1	6fwhm	sm0	Tseries	20	100
fs32k	17	['HCP']	run-2	HCP	contrasts	Models_03	MSHBM17	127933		0.051293604	0.9131962	SOCIAL	1	6fwhm	sm0	Tseries	20	100
fs32k	17	['HCP']	run-2	HCP	contrasts	Models_03	MSHBM17	128026		-0.0074404106	0.95104027	SOCIAL	1	6fwhm	sm0	Tseries	20	100
fs32k	17	['HCP']	run-2	HCP	contrasts	Models_03	MSHBM17	128127		-0.032424577	0.93246317	SOCIAL	1	6fwhm	sm0	Tseries	20	100
fs32k	17	['HCP']	run-2	HCP	contrasts	Models_03	MSHBM17	128632		0.012721507	0.9374044	SOCIAL	1	6fwhm	sm0	Tseries	20	100
fs32k	17	['HCP']	run-2	HCP	contrasts	Models_03	MSHBM17	128935		0.04298354	0.937395	SOCIAL	1	6fwhm	sm0	Tseries	20	100
fs32k	17	['HCP']	run-2	HCP	contrasts	Models_03	MSHBM17	129331		-0.0054606004	0.928847	SOCIAL	1	6fwhm	sm0	Tseries	20	100
fs32k	17	['HCP']	run-2	HCP	contrasts	Models_03	MSHBM17	130316		0.0055143265	0.9436366	SOCIAL	1	6fwhm	sm0	Tseries	20	100
fs32k	17	['HCP']	run-2	HCP	contrasts	Models_03	MSHBM17	130922		-0.005535839	0.94275254	SOCIAL	1	6fwhm	sm0	Tseries	20	100
fs32k	17	['HCP']	run-2	HCP	contrasts	Models_03	MSHBM17	131217		0.0065953056	0.93381613	SOCIAL	1	6fwhm	sm0	Tseries	20	100
fs32k	17	['HCP']	run-2	HCP	contrasts	Models_03	MSHBM17	132017		0.0031398167	0.92369074	SOCIAL	1	6fwhm	sm0	Tseries	20	100
fs32k	17	['HCP']	run-2	HCP	contrasts	Models_03	MSHBM17	134021		0.09736197	0.92421997	SOCIAL	1	6fwhm	sm0	Tseries	20	100
fs32k	17	['HCP']	run-2	HCP	contrasts	Models_03	MSHBM17	134324		0.035847798	0.92183936	SOCIAL	1	6fwhm	sm0	Tseries	20	100
fs32k	17	['HCP']	run-2	HCP	contrasts	Models_03	MSHBM17	134425		0.02512705	0.92429316	SOCIAL	1	6fwhm	sm0	Tseries	20	100
fs32k	17	['HCP']	run-2	HCP	contrasts	Models_03	MSHBM17	135629		0.088306144	0.9198545	SOCIAL	1	6fwhm	sm0	Tseries	20	100
fs32k	17	['HCP']	run-2	HCP	contrasts	Models_03	MSHBM17	135730		0.13409701	0.91637486	SOCIAL	1	6fwhm	sm0	Tseries	20	100
fs32k	17	['HCP']	run-2	HCP	contrasts	Models_03	MSHBM17	135932		-0.04146479	0.94234073	SOCIAL	1	6fwhm	sm0	Tseries	20	100
fs32k	17	['HCP']	run-2	HCP	contrasts	Models_03	MSHBM17	136126		0.06880565	0.91926706	SOCIAL	1	6fwhm	sm0	Tseries	20	100
fs32k	17	['HCP']	run-2	HCP	contrasts	Models_03	MSHBM17	136227		0.090602025	0.93122095	SOCIAL	1	6fwhm	sm0	Tseries	20	100
fs32k	17	['HCP']	run-2	HCP	contrasts	Models_03	MSHBM17	136631		0.010922312	0.9312891	SOCIAL	1	6fwhm	sm0	Tseries	20	100
fs32k	17	['HCP']	run-2	HCP	contrasts	Models_03	MSHBM17	138332		0.016860653	0.9186777	SOCIAL	1	6fwhm	sm0	Tseries	20	100
fs32k	17	['HCP']	run-2	HCP	contrasts	Models_03	MSHBM17	140824		0.0032568607	0.96316195	SOCIAL	1	6fwhm	sm0	Tseries	20	100
fs32k	17	['HCP']	run-2	HCP	contrasts	Models_03	MSHBM17	143325		0.033980407	0.94120806	SOCIAL	1	6fwhm	sm0	Tseries	20	100
fs32k	17	['HCP']	run-2	HCP	contrasts	Models_03	MSHBM17	100206		0.07415169	0.943035	WM	1	6fwhm	sm0	Tseries	20	100
fs32k	17	['HCP']	run-2	HCP	contrasts	Models_03	MSHBM17	100307		0.06615401	0.9220375	WM	1	6fwhm	sm0	Tseries	20	100
fs32k	17	['HCP']	run-2	HCP	contrasts	Models_03	MSHBM17	100408		0.059032597	0.9728869	WM	1	6fwhm	sm0	Tseries	20	100
fs32k	17	['HCP']	run-2	HCP	contrasts	Models_03	MSHBM17	100610		0.10230779	0.9203781	WM	1	6fwhm	sm0	Tseries	20	100
fs32k	17	['HCP']	run-2	HCP	contrasts	Models_03	MSHBM17	101006		0.08616363	0.9150177	WM	1	6fwhm	sm0	Tseries	20	100
fs32k	17	['HCP']	run-2	HCP	contrasts	Models_03	MSHBM17	101107		0.08635241	0.92575777	WM	1	6fwhm	sm0	Tseries	20	100
fs32k	17	['HCP']	run-2	HCP	contrasts	Models_03	MSHBM17	101309		0.04052604	0.96802217	WM	1	6fwhm	sm0	Tseries	20	100
fs32k	17	['HCP']	run-2	HCP	contrasts	Models_03	MSHBM17	101915		0.10701174	0.9276796	WM	1	6fwhm	sm0	Tseries	20	100
fs32k	17	['HCP']	run-2	HCP	contrasts	Models_03	MSHBM17	102008		0.16338632	0.9229541	WM	1	6fwhm	sm0	Tseries	20	100
fs32k	17	['HCP']	run-2	HCP	contrasts	Models_03	MSHBM17	102109		0.07747204	0.946709	WM	1	6fwhm	sm0	Tseries	20	100
fs32k	17	['HCP']	run-2	HCP	contrasts	Models_03	MSHBM17	102311		0.10610371	0.9628276	WM	1	6fwhm	sm0	Tseries	20	100
fs32k	17	['HCP']	run-2	HCP	contrasts	Models_03	MSHBM17	102513		0.059122097	0.94317377	WM	1	6fwhm	sm0	Tseries	20	100
fs32k	17	['HCP']	run-2	HCP	contrasts	Models_03	MSHBM17	102614		0.12300697	0.9173011	WM	1	6fwhm	sm0	Tseries	20	100
fs32k	17	['HCP']	run-2	HCP	contrasts	Models_03	MSHBM17	102715		0.042417802	0.94738024	WM	1	6fwhm	sm0	Tseries	20	100
fs32k	17	['HCP']	run-2	HCP	contrasts	Models_03	MSHBM17	102816		0.05909472	0.95705837	WM	1	6fwhm	sm0	Tseries	20	100
fs32k	17	['HCP']	run-2	HCP	contrasts	Models_03	MSHBM17	103111		0.022869527	0.9600429	WM	1	6fwhm	sm0	Tseries	20	100
fs32k	17	['HCP']	run-2	HCP	contrasts	Models_03	MSHBM17	103212		0.06873668	0.9500374	WM	1	6fwhm	sm0	Tseries	20	100
fs32k	17	['HCP']	run-2	HCP	contrasts	Models_03	MSHBM17	103414		0.07998812	0.94964856	WM	1	6fwhm	sm0	Tseries	20	100
fs32k	17	['HCP']	run-2	HCP	contrasts	Models_03	MSHBM17	103818		0.115774214	0.9404439	WM	1	6fwhm	sm0	Tseries	20	100
fs32k	17	['HCP']	run-2	HCP	contrasts	Models_03	MSHBM17	104820		0.06250997	0.945287	WM	1	6fwhm	sm0	Tseries	20	100
fs32k	17	['HCP']	run-2	HCP	contrasts	Models_03	MSHBM17	105216		0.038837813	0.9487973	WM	1	6fwhm	sm0	Tseries	20	100
fs32k	17	['HCP']	run-2	HCP	contrasts	Models_03	MSHBM17	105923		0.09421489	0.93130237	WM	1	6fwhm	sm0	Tseries	20	100
fs32k	17	['HCP']	run-2	HCP	contrasts	Models_03	MSHBM17	106319		0.13122734	0.9407351	WM	1	6fwhm	sm0	Tseries	20	100
fs32k	17	['HCP']	run-2	HCP	contrasts	Models_03	MSHBM17	108121		0.073330715	0.9524602	WM	1	6fwhm	sm0	Tseries	20	100
fs32k	17	['HCP']	run-2	HCP	contrasts	Models_03	MSHBM17	108222		0.12162203	0.9234233	WM	1	6fwhm	sm0	Tseries	20	100
fs32k	17	['HCP']	run-2	HCP	contrasts	Models_03	MSHBM17	113316		0.09267265	0.9473601	WM	1	6fwhm	sm0	Tseries	20	100
fs32k	17	['HCP']	run-2	HCP	contrasts	Models_03	MSHBM17	123723		0.14341404	0.9246089	WM	1	6fwhm	sm0	Tseries	20	100
fs32k	17	['HCP']	run-2	HCP	contrasts	Models_03	MSHBM17	127226		0.08744768	0.93824685	WM	1	6fwhm	sm0	Tseries	20	100
fs32k	17	['HCP']	run-2	HCP	contrasts	Models_03	MSHBM17	127933		0.12465539	0.9027798	WM	1	6fwhm	sm0	Tseries	20	100
fs32k	17	['HCP']	run-2	HCP	contrasts	Models_03	MSHBM17	128026		0.052830584	0.95896035	WM	1	6fwhm	sm0	Tseries	20	100
fs32k	17	['HCP']	run-2	HCP	contrasts	Models_03	MSHBM17	128127		0.14274567	0.92414224	WM	1	6fwhm	sm0	Tseries	20	100
fs32k	17	['HCP']	run-2	HCP	contrasts	Models_03	MSHBM17	128632		0.044753503	0.9451113	WM	1	6fwhm	sm0	Tseries	20	100
fs32k	17	['HCP']	run-2	HCP	contrasts	Models_03	MSHBM17	128935		0.104170606	0.9607982	WM	1	6fwhm	sm0	Tseries	20	100
fs32k	17	['HCP']	run-2	HCP	contrasts	Models_03	MSHBM17	129331		0.116389565	0.95668024	WM	1	6fwhm	sm0	Tseries	20	100
fs32k	17	['HCP']	run-2	HCP	contrasts	Models_03	MSHBM17	130316		0.08973073	0.9331878	WM	1	6fwhm	sm0	Tseries	20	100
fs32k	17	['HCP']	run-2	HCP	contrasts	Models_03	MSHBM17	130922		0.009362471	0.97015965	WM	1	6fwhm	sm0	Tseries	20	100
fs32k	17	['HCP']	run-2	HCP	contrasts	Models_03	MSHBM17	131217		0.022559347	0.9503868	WM	1	6fwhm	sm0	Tseries	20	100
fs32k	17	['HCP']	run-2	HCP	contrasts	Models_03	MSHBM17	132017		0.11555503	0.92328274	WM	1	6fwhm	sm0	Tseries	20	100
fs32k	17	['HCP']	run-2	HCP	contrasts	Models_03	MSHBM17	134021		0.24853922	0.9263624	WM	1	6fwhm	sm0	Tseries	20	100
fs32k	17	['HCP']	run-2	HCP	contrasts	Models_03	MSHBM17	134324		0.13894758	0.9216822	WM	1	6fwhm	sm0	Tseries	20	100
fs32k	17	['HCP']	run-2	HCP	contrasts	Models_03	MSHBM17	134425		0.06250925	0.9394497	WM	1	6fwhm	sm0	Tseries	20	100
fs32k	17	['HCP']	run-2	HCP	contrasts	Models_03	MSHBM17	135629		0.11435846	0.9325038	WM	1	6fwhm	sm0	Tseries	20	100
fs32k	17	['HCP']	run-2	HCP	contrasts	Models_03	MSHBM17	135730		0.15871528	0.91954154	WM	1	6fwhm	sm0	Tseries	20	100
fs32k	17	['HCP']	run-2	HCP	contrasts	Models_03	MSHBM17	135932		0.07427673	0.94238526	WM	1	6fwhm	sm0	Tseries	20	100
fs32k	17	['HCP']	run-2	HCP	contrasts	Models_03	MSHBM17	136126		0.036011025	0.95895594	WM	1	6fwhm	sm0	Tseries	20	100
fs32k	17	['HCP']	run-2	HCP	contrasts	Models_03	MSHBM17	136227		0.13182105	0.92778033	WM	1	6fwhm	sm0	Tseries	20	100
fs32k	17	['HCP']	run-2	HCP	contrasts	Models_03	MSHBM17	136631		0.09434679	0.9335275	WM	1	6fwhm	sm0	Tseries	20	100
fs32k	17	['HCP']	run-2	HCP	contrasts	Models_03	MSHBM17	138332		0.06914181	0.9473927	WM	1	6fwhm	sm0	Tseries	20	100
fs32k	17	['HCP']	run-2	HCP	contrasts	Models_03	MSHBM17	140824		-0.011630628	0.9630307	WM	1	6fwhm	sm0	Tseries	20	100
fs32k	17	['HCP']	run-2	HCP	contrasts	Models_03	MSHBM17	143325		0.084579796	0.9527189	WM	1	6fwhm	sm0	Tseries	20	100
fs32k	17	['HCP']	run-2	HCP	contrasts	Models_03	MSHBM17	100206		0.06411256	0.93884605	all	1	6fwhm	sm0	Tseries	20	100
fs32k	17	['HCP']	run-2	HCP	contrasts	Models_03	MSHBM17	100307		0.06250459	0.9289282	all	1	6fwhm	sm0	Tseries	20	100
fs32k	17	['HCP']	run-2	HCP	contrasts	Models_03	MSHBM17	100408		0.07480201	0.9561782	all	1	6fwhm	sm0	Tseries	20	100
fs32k	17	['HCP']	run-2	HCP	contrasts	Models_03	MSHBM17	100610		0.073563956	0.9340393	all	1	6fwhm	sm0	Tseries	20	100
fs32k	17	['HCP']	run-2	HCP	contrasts	Models_03	MSHBM17	101006		0.06603226	0.9307863	all	1	6fwhm	sm0	Tseries	20	100
fs32k	17	['HCP']	run-2	HCP	contrasts	Models_03	MSHBM17	101107		0.052533396	0.9387372	all	1	6fwhm	sm0	Tseries	20	100
fs32k	17	['HCP']	run-2	HCP	contrasts	Models_03	MSHBM17	101309		0.032750938	0.96105266	all	1	6fwhm	sm0	Tseries	20	100
fs32k	17	['HCP']	run-2	HCP	contrasts	Models_03	MSHBM17	101915		0.09129986	0.9320359	all	1	6fwhm	sm0	Tseries	20	100
fs32k	17	['HCP']	run-2	HCP	contrasts	Models_03	MSHBM17	102008		0.10150196	0.9352257	all	1	6fwhm	sm0	Tseries	20	100
fs32k	17	['HCP']	run-2	HCP	contrasts	Models_03	MSHBM17	102109		0.08760151	0.9430746	all	1	6fwhm	sm0	Tseries	20	100
fs32k	17	['HCP']	run-2	HCP	contrasts	Models_03	MSHBM17	102311		0.09432496	0.9566559	all	1	6fwhm	sm0	Tseries	20	100
fs32k	17	['HCP']	run-2	HCP	contrasts	Models_03	MSHBM17	102513		0.06526475	0.9437004	all	1	6fwhm	sm0	Tseries	20	100
fs32k	17	['HCP']	run-2	HCP	contrasts	Models_03	MSHBM17	102614		0.12180151	0.91969895	all	1	6fwhm	sm0	Tseries	20	100
fs32k	17	['HCP']	run-2	HCP	contrasts	Models_03	MSHBM17	102715		0.0507975	0.9399543	all	1	6fwhm	sm0	Tseries	20	100
fs32k	17	['HCP']	run-2	HCP	contrasts	Models_03	MSHBM17	102816		0.04777742	0.9598182	all	1	6fwhm	sm0	Tseries	20	100
fs32k	17	['HCP']	run-2	HCP	contrasts	Models_03	MSHBM17	103111		0.049986742	0.9505734	all	1	6fwhm	sm0	Tseries	20	100
fs32k	17	['HCP']	run-2	HCP	contrasts	Models_03	MSHBM17	103212		0.05743251	0.957517	all	1	6fwhm	sm0	Tseries	20	100
fs32k	17	['HCP']	run-2	HCP	contrasts	Models_03	MSHBM17	103414		0.07948146	0.9388571	all	1	6fwhm	sm0	Tseries	20	100
fs32k	17	['HCP']	run-2	HCP	contrasts	Models_03	MSHBM17	103818		0.09514716	0.9354197	all	1	6fwhm	sm0	Tseries	20	100
fs32k	17	['HCP']	run-2	HCP	contrasts	Models_03	MSHBM17	104820		0.06230627	0.9426863	all	1	6fwhm	sm0	Tseries	20	100
fs32k	17	['HCP']	run-2	HCP	contrasts	Models_03	MSHBM17	105216		0.054192692	0.9379407	all	1	6fwhm	sm0	Tseries	20	100
fs32k	17	['HCP']	run-2	HCP	contrasts	Models_03	MSHBM17	105923		0.07769777	0.9358655	all	1	6fwhm	sm0	Tseries	20	100
fs32k	17	['HCP']	run-2	HCP	contrasts	Models_03	MSHBM17	106319		0.07604087	0.9502783	all	1	6fwhm	sm0	Tseries	20	100
fs32k	17	['HCP']	run-2	HCP	contrasts	Models_03	MSHBM17	108121		0.080753595	0.94331837	all	1	6fwhm	sm0	Tseries	20	100
fs32k	17	['HCP']	run-2	HCP	contrasts	Models_03	MSHBM17	108222		0.09663644	0.9382457	all	1	6fwhm	sm0	Tseries	20	100
fs32k	17	['HCP']	run-2	HCP	contrasts	Models_03	MSHBM17	113316		0.08289911	0.9446306	all	1	6fwhm	sm0	Tseries	20	100
fs32k	17	['HCP']	run-2	HCP	contrasts	Models_03	MSHBM17	123723		0.10190038	0.9410507	all	1	6fwhm	sm0	Tseries	20	100
fs32k	17	['HCP']	run-2	HCP	contrasts	Models_03	MSHBM17	127226		0.06272169	0.94379276	all	1	6fwhm	sm0	Tseries	20	100
fs32k	17	['HCP']	run-2	HCP	contrasts	Models_03	MSHBM17	127933		0.10383703	0.9214556	all	1	6fwhm	sm0	Tseries	20	100
fs32k	17	['HCP']	run-2	HCP	contrasts	Models_03	MSHBM17	128026		0.032762878	0.9563768	all	1	6fwhm	sm0	Tseries	20	100
fs32k	17	['HCP']	run-2	HCP	contrasts	Models_03	MSHBM17	128127		0.11444339	0.93061644	all	1	6fwhm	sm0	Tseries	20	100
fs32k	17	['HCP']	run-2	HCP	contrasts	Models_03	MSHBM17	128632		0.049257793	0.93913436	all	1	6fwhm	sm0	Tseries	20	100
fs32k	17	['HCP']	run-2	HCP	contrasts	Models_03	MSHBM17	128935		0.07629715	0.957414	all	1	6fwhm	sm0	Tseries	20	100
fs32k	17	['HCP']	run-2	HCP	contrasts	Models_03	MSHBM17	129331		0.08446482	0.94967985	all	1	6fwhm	sm0	Tseries	20	100
fs32k	17	['HCP']	run-2	HCP	contrasts	Models_03	MSHBM17	130316		0.08469378	0.94130886	all	1	6fwhm	sm0	Tseries	20	100
fs32k	17	['HCP']	run-2	HCP	contrasts	Models_03	MSHBM17	130922		0.017917098	0.9567273	all	1	6fwhm	sm0	Tseries	20	100
fs32k	17	['HCP']	run-2	HCP	contrasts	Models_03	MSHBM17	131217		0.034053627	0.9487113	all	1	6fwhm	sm0	Tseries	20	100
fs32k	17	['HCP']	run-2	HCP	contrasts	Models_03	MSHBM17	132017		0.083100386	0.9274888	all	1	6fwhm	sm0	Tseries	20	100
fs32k	17	['HCP']	run-2	HCP	contrasts	Models_03	MSHBM17	134021		0.1417399	0.93367827	all	1	6fwhm	sm0	Tseries	20	100
fs32k	17	['HCP']	run-2	HCP	contrasts	Models_03	MSHBM17	134324		0.10087368	0.9317738	all	1	6fwhm	sm0	Tseries	20	100
fs32k	17	['HCP']	run-2	HCP	contrasts	Models_03	MSHBM17	134425		0.076201946	0.9359543	all	1	6fwhm	sm0	Tseries	20	100
fs32k	17	['HCP']	run-2	HCP	contrasts	Models_03	MSHBM17	135629		0.097182795	0.93354475	all	1	6fwhm	sm0	Tseries	20	100
fs32k	17	['HCP']	run-2	HCP	contrasts	Models_03	MSHBM17	135730		0.13223295	0.92970663	all	1	6fwhm	sm0	Tseries	20	100
fs32k	17	['HCP']	run-2	HCP	contrasts	Models_03	MSHBM17	135932		0.06137053	0.93974745	all	1	6fwhm	sm0	Tseries	20	100
fs32k	17	['HCP']	run-2	HCP	contrasts	Models_03	MSHBM17	136126		0.048353627	0.9452845	all	1	6fwhm	sm0	Tseries	20	100
fs32k	17	['HCP']	run-2	HCP	contrasts	Models_03	MSHBM17	136227		0.11367284	0.93500996	all	1	6fwhm	sm0	Tseries	20	100
fs32k	17	['HCP']	run-2	HCP	contrasts	Models_03	MSHBM17	136631		0.07899718	0.9386491	all	1	6fwhm	sm0	Tseries	20	100
fs32k	17	['HCP']	run-2	HCP	contrasts	Models_03	MSHBM17	138332		0.060391407	0.94076097	all	1	6fwhm	sm0	Tseries	20	100
fs32k	17	['HCP']	run-2	HCP	contrasts	Models_03	MSHBM17	140824		0.0054591987	0.96655715	all	1	6fwhm	sm0	Tseries	20	100
fs32k	17	['HCP']	run-2	HCP	contrasts	Models_03	MSHBM17	143325		0.086577415	0.9476591	all	1	6fwhm	sm0	Tseries	20	100
fs32k	17	['HCP']	run-2	HCP	contrasts	Models_03	MSHBM17	144428		0.019121405	0.9695678	EMOTION	1	6fwhm	sm0	Tseries	20	100
fs32k	17	['HCP']	run-2	HCP	contrasts	Models_03	MSHBM17	145834		0.10603199	0.9349076	EMOTION	1	6fwhm	sm0	Tseries	20	100
fs32k	17	['HCP']	run-2	HCP	contrasts	Models_03	MSHBM17	146836		0.09727791	0.9311942	EMOTION	1	6fwhm	sm0	Tseries	20	100
fs32k	17	['HCP']	run-2	HCP	contrasts	Models_03	MSHBM17	147636		0.17077318	0.90217876	EMOTION	1	6fwhm	sm0	Tseries	20	100
fs32k	17	['HCP']	run-2	HCP	contrasts	Models_03	MSHBM17	148133		0.06591566	0.93748397	EMOTION	1	6fwhm	sm0	Tseries	20	100
fs32k	17	['HCP']	run-2	HCP	contrasts	Models_03	MSHBM17	149337		0.041908417	0.9506395	EMOTION	1	6fwhm	sm0	Tseries	20	100
fs32k	17	['HCP']	run-2	HCP	contrasts	Models_03	MSHBM17	149539		0.027600951	0.9655737	EMOTION	1	6fwhm	sm0	Tseries	20	100
fs32k	17	['HCP']	run-2	HCP	contrasts	Models_03	MSHBM17	150625		0.123463996	0.9137294	EMOTION	1	6fwhm	sm0	Tseries	20	100
fs32k	17	['HCP']	run-2	HCP	contrasts	Models_03	MSHBM17	151728		0.055994548	0.96316993	EMOTION	1	6fwhm	sm0	Tseries	20	100
fs32k	17	['HCP']	run-2	HCP	contrasts	Models_03	MSHBM17	153025		0.046042174	0.9489991	EMOTION	1	6fwhm	sm0	Tseries	20	100
fs32k	17	['HCP']	run-2	HCP	contrasts	Models_03	MSHBM17	153429		0.068472326	0.94591594	EMOTION	1	6fwhm	sm0	Tseries	20	100
fs32k	17	['HCP']	run-2	HCP	contrasts	Models_03	MSHBM17	153833		0.15543535	0.9373779	EMOTION	1	6fwhm	sm0	Tseries	20	100
fs32k	17	['HCP']	run-2	HCP	contrasts	Models_03	MSHBM17	153934		0.068491764	0.9258744	EMOTION	1	6fwhm	sm0	Tseries	20	100
fs32k	17	['HCP']	run-2	HCP	contrasts	Models_03	MSHBM17	154229		0.10325314	0.935222	EMOTION	1	6fwhm	sm0	Tseries	20	100
fs32k	17	['HCP']	run-2	HCP	contrasts	Models_03	MSHBM17	154431		0.18966782	0.9245558	EMOTION	1	6fwhm	sm0	Tseries	20	100
fs32k	17	['HCP']	run-2	HCP	contrasts	Models_03	MSHBM17	154936		0.074449435	0.9392006	EMOTION	1	6fwhm	sm0	Tseries	20	100
fs32k	17	['HCP']	run-2	HCP	contrasts	Models_03	MSHBM17	155635		0.083438106	0.9334482	EMOTION	1	6fwhm	sm0	Tseries	20	100
fs32k	17	['HCP']	run-2	HCP	contrasts	Models_03	MSHBM17	156031		0.12305009	0.915106	EMOTION	1	6fwhm	sm0	Tseries	20	100
fs32k	17	['HCP']	run-2	HCP	contrasts	Models_03	MSHBM17	156435		0.061441798	0.9444337	EMOTION	1	6fwhm	sm0	Tseries	20	100
fs32k	17	['HCP']	run-2	HCP	contrasts	Models_03	MSHBM17	158540		0.062059112	0.95103693	EMOTION	1	6fwhm	sm0	Tseries	20	100
fs32k	17	['HCP']	run-2	HCP	contrasts	Models_03	MSHBM17	158843		0.057512082	0.91194934	EMOTION	1	6fwhm	sm0	Tseries	20	100
fs32k	17	['HCP']	run-2	HCP	contrasts	Models_03	MSHBM17	159441		0.07606933	0.968032	EMOTION	1	6fwhm	sm0	Tseries	20	100
fs32k	17	['HCP']	run-2	HCP	contrasts	Models_03	MSHBM17	160830		-0.0047134976	0.9535198	EMOTION	1	6fwhm	sm0	Tseries	20	100
fs32k	17	['HCP']	run-2	HCP	contrasts	Models_03	MSHBM17	164939		0.10555047	0.9368261	EMOTION	1	6fwhm	sm0	Tseries	20	100
fs32k	17	['HCP']	run-2	HCP	contrasts	Models_03	MSHBM17	167238		0.17582549	0.8993754	EMOTION	1	6fwhm	sm0	Tseries	20	100
fs32k	17	['HCP']	run-2	HCP	contrasts	Models_03	MSHBM17	168139		0.03392216	0.9820392	EMOTION	1	6fwhm	sm0	Tseries	20	100
fs32k	17	['HCP']	run-2	HCP	contrasts	Models_03	MSHBM17	168240		0.09394351	0.95427865	EMOTION	1	6fwhm	sm0	Tseries	20	100
fs32k	17	['HCP']	run-2	HCP	contrasts	Models_03	MSHBM17	168745		0.0659665	0.94785136	EMOTION	1	6fwhm	sm0	Tseries	20	100
fs32k	17	['HCP']	run-2	HCP	contrasts	Models_03	MSHBM17	169040		0.11124265	0.95228714	EMOTION	1	6fwhm	sm0	Tseries	20	100
fs32k	17	['HCP']	run-2	HCP	contrasts	Models_03	MSHBM17	169545		0.08566368	0.9457034	EMOTION	1	6fwhm	sm0	Tseries	20	100
fs32k	17	['HCP']	run-2	HCP	contrasts	Models_03	MSHBM17	171330		0.12875456	0.90363586	EMOTION	1	6fwhm	sm0	Tseries	20	100
fs32k	17	['HCP']	run-2	HCP	contrasts	Models_03	MSHBM17	172332		0.1121155	0.9166514	EMOTION	1	6fwhm	sm0	Tseries	20	100
fs32k	17	['HCP']	run-2	HCP	contrasts	Models_03	MSHBM17	172433		0.16729997	0.9134147	EMOTION	1	6fwhm	sm0	Tseries	20	100
fs32k	17	['HCP']	run-2	HCP	contrasts	Models_03	MSHBM17	173435		0.0918158	0.92575645	EMOTION	1	6fwhm	sm0	Tseries	20	100
fs32k	17	['HCP']	run-2	HCP	contrasts	Models_03	MSHBM17	173637		-0.0007384855	0.9641223	EMOTION	1	6fwhm	sm0	Tseries	20	100
fs32k	17	['HCP']	run-2	HCP	contrasts	Models_03	MSHBM17	176542		0.096354485	0.9252629	EMOTION	1	6fwhm	sm0	Tseries	20	100
fs32k	17	['HCP']	run-2	HCP	contrasts	Models_03	MSHBM17	178142		0.13025036	0.89692247	EMOTION	1	6fwhm	sm0	Tseries	20	100
fs32k	17	['HCP']	run-2	HCP	contrasts	Models_03	MSHBM17	179346		0.05895494	0.90647334	EMOTION	1	6fwhm	sm0	Tseries	20	100
fs32k	17	['HCP']	run-2	HCP	contrasts	Models_03	MSHBM17	180432		0.124166764	0.9161369	EMOTION	1	6fwhm	sm0	Tseries	20	100
fs32k	17	['HCP']	run-2	HCP	contrasts	Models_03	MSHBM17	185442		0.07349843	0.9181551	EMOTION	1	6fwhm	sm0	Tseries	20	100
fs32k	17	['HCP']	run-2	HCP	contrasts	Models_03	MSHBM17	188145		0.050111994	0.922413	EMOTION	1	6fwhm	sm0	Tseries	20	100
fs32k	17	['HCP']	run-2	HCP	contrasts	Models_03	MSHBM17	191336		0.1488922	0.9181489	EMOTION	1	6fwhm	sm0	Tseries	20	100
fs32k	17	['HCP']	run-2	HCP	contrasts	Models_03	MSHBM17	191942		0.14070064	0.91226315	EMOTION	1	6fwhm	sm0	Tseries	20	100
fs32k	17	['HCP']	run-2	HCP	contrasts	Models_03	MSHBM17	192035		0.117473364	0.9119367	EMOTION	1	6fwhm	sm0	Tseries	20	100
fs32k	17	['HCP']	run-2	HCP	contrasts	Models_03	MSHBM17	192843		0.13203043	0.91675746	EMOTION	1	6fwhm	sm0	Tseries	20	100
fs32k	17	['HCP']	run-2	HCP	contrasts	Models_03	MSHBM17	193845		0.052506305	0.9396893	EMOTION	1	6fwhm	sm0	Tseries	20	100
fs32k	17	['HCP']	run-2	HCP	contrasts	Models_03	MSHBM17	194140		0.04969892	0.93388987	EMOTION	1	6fwhm	sm0	Tseries	20	100
fs32k	17	['HCP']	run-2	HCP	contrasts	Models_03	MSHBM17	195849		0.08218268	0.92315865	EMOTION	1	6fwhm	sm0	Tseries	20	100
fs32k	17	['HCP']	run-2	HCP	contrasts	Models_03	MSHBM17	198350		0.11354148	0.92327213	EMOTION	1	6fwhm	sm0	Tseries	20	100
fs32k	17	['HCP']	run-2	HCP	contrasts	Models_03	MSHBM17	199655		0.14892429	0.8996967	EMOTION	1	6fwhm	sm0	Tseries	20	100
fs32k	17	['HCP']	run-2	HCP	contrasts	Models_03	MSHBM17	144428		0.04997714	0.9673157	GAMBLING	1	6fwhm	sm0	Tseries	20	100
fs32k	17	['HCP']	run-2	HCP	contrasts	Models_03	MSHBM17	145834		0.2236109	0.94446105	GAMBLING	1	6fwhm	sm0	Tseries	20	100
fs32k	17	['HCP']	run-2	HCP	contrasts	Models_03	MSHBM17	146836		0.19229348	0.93267745	GAMBLING	1	6fwhm	sm0	Tseries	20	100
fs32k	17	['HCP']	run-2	HCP	contrasts	Models_03	MSHBM17	147636		0.09546639	0.97008145	GAMBLING	1	6fwhm	sm0	Tseries	20	100
fs32k	17	['HCP']	run-2	HCP	contrasts	Models_03	MSHBM17	148133		0.17057076	0.9469228	GAMBLING	1	6fwhm	sm0	Tseries	20	100
fs32k	17	['HCP']	run-2	HCP	contrasts	Models_03	MSHBM17	149337		0.05839795	0.9542434	GAMBLING	1	6fwhm	sm0	Tseries	20	100
fs32k	17	['HCP']	run-2	HCP	contrasts	Models_03	MSHBM17	149539		0.18942887	0.9524394	GAMBLING	1	6fwhm	sm0	Tseries	20	100
fs32k	17	['HCP']	run-2	HCP	contrasts	Models_03	MSHBM17	150625		0.12771136	0.91982305	GAMBLING	1	6fwhm	sm0	Tseries	20	100
fs32k	17	['HCP']	run-2	HCP	contrasts	Models_03	MSHBM17	151728		-0.040458415	0.974895	GAMBLING	1	6fwhm	sm0	Tseries	20	100
fs32k	17	['HCP']	run-2	HCP	contrasts	Models_03	MSHBM17	153025		0.24896295	0.91935915	GAMBLING	1	6fwhm	sm0	Tseries	20	100
fs32k	17	['HCP']	run-2	HCP	contrasts	Models_03	MSHBM17	153429		0.13751	0.9598435	GAMBLING	1	6fwhm	sm0	Tseries	20	100
fs32k	17	['HCP']	run-2	HCP	contrasts	Models_03	MSHBM17	153833		0.13460694	0.9449959	GAMBLING	1	6fwhm	sm0	Tseries	20	100
fs32k	17	['HCP']	run-2	HCP	contrasts	Models_03	MSHBM17	153934		0.084460005	0.9642415	GAMBLING	1	6fwhm	sm0	Tseries	20	100
fs32k	17	['HCP']	run-2	HCP	contrasts	Models_03	MSHBM17	154229		0.12984526	0.95506877	GAMBLING	1	6fwhm	sm0	Tseries	20	100
fs32k	17	['HCP']	run-2	HCP	contrasts	Models_03	MSHBM17	154431		0.17088377	0.94829905	GAMBLING	1	6fwhm	sm0	Tseries	20	100
fs32k	17	['HCP']	run-2	HCP	contrasts	Models_03	MSHBM17	154936		0.06521664	0.9652149	GAMBLING	1	6fwhm	sm0	Tseries	20	100
fs32k	17	['HCP']	run-2	HCP	contrasts	Models_03	MSHBM17	155635		0.17323019	0.95191854	GAMBLING	1	6fwhm	sm0	Tseries	20	100
fs32k	17	['HCP']	run-2	HCP	contrasts	Models_03	MSHBM17	156031		0.0379361	0.96236277	GAMBLING	1	6fwhm	sm0	Tseries	20	100
fs32k	17	['HCP']	run-2	HCP	contrasts	Models_03	MSHBM17	156435		0.113600165	0.9293139	GAMBLING	1	6fwhm	sm0	Tseries	20	100
fs32k	17	['HCP']	run-2	HCP	contrasts	Models_03	MSHBM17	158540		0.04944795	0.9625074	GAMBLING	1	6fwhm	sm0	Tseries	20	100
fs32k	17	['HCP']	run-2	HCP	contrasts	Models_03	MSHBM17	158843		0.06237243	0.95955175	GAMBLING	1	6fwhm	sm0	Tseries	20	100
fs32k	17	['HCP']	run-2	HCP	contrasts	Models_03	MSHBM17	159441		0.058235317	0.95618	GAMBLING	1	6fwhm	sm0	Tseries	20	100
fs32k	17	['HCP']	run-2	HCP	contrasts	Models_03	MSHBM17	160830		0.027821818	0.96578646	GAMBLING	1	6fwhm	sm0	Tseries	20	100
fs32k	17	['HCP']	run-2	HCP	contrasts	Models_03	MSHBM17	164939		0.061076358	0.9613141	GAMBLING	1	6fwhm	sm0	Tseries	20	100
fs32k	17	['HCP']	run-2	HCP	contrasts	Models_03	MSHBM17	167238		0.18328984	0.9250676	GAMBLING	1	6fwhm	sm0	Tseries	20	100
fs32k	17	['HCP']	run-2	HCP	contrasts	Models_03	MSHBM17	168139		0.04343635	0.9864785	GAMBLING	1	6fwhm	sm0	Tseries	20	100
fs32k	17	['HCP']	run-2	HCP	contrasts	Models_03	MSHBM17	168240		0.1245878	0.9548974	GAMBLING	1	6fwhm	sm0	Tseries	20	100
fs32k	17	['HCP']	run-2	HCP	contrasts	Models_03	MSHBM17	168745		0.08993604	0.96051824	GAMBLING	1	6fwhm	sm0	Tseries	20	100
fs32k	17	['HCP']	run-2	HCP	contrasts	Models_03	MSHBM17	169040		0.051230364	0.9683272	GAMBLING	1	6fwhm	sm0	Tseries	20	100
fs32k	17	['HCP']	run-2	HCP	contrasts	Models_03	MSHBM17	169545		0.107109174	0.96682614	GAMBLING	1	6fwhm	sm0	Tseries	20	100
fs32k	17	['HCP']	run-2	HCP	contrasts	Models_03	MSHBM17	171330		0.15051794	0.9649229	GAMBLING	1	6fwhm	sm0	Tseries	20	100
fs32k	17	['HCP']	run-2	HCP	contrasts	Models_03	MSHBM17	172332		0.16790025	0.94523704	GAMBLING	1	6fwhm	sm0	Tseries	20	100
fs32k	17	['HCP']	run-2	HCP	contrasts	Models_03	MSHBM17	172433		0.1663037	0.9482348	GAMBLING	1	6fwhm	sm0	Tseries	20	100
fs32k	17	['HCP']	run-2	HCP	contrasts	Models_03	MSHBM17	173435		0.24495643	0.93699956	GAMBLING	1	6fwhm	sm0	Tseries	20	100
fs32k	17	['HCP']	run-2	HCP	contrasts	Models_03	MSHBM17	173637		0.016109064	0.9664922	GAMBLING	1	6fwhm	sm0	Tseries	20	100
fs32k	17	['HCP']	run-2	HCP	contrasts	Models_03	MSHBM17	176542		0.22998814	0.9252445	GAMBLING	1	6fwhm	sm0	Tseries	20	100
fs32k	17	['HCP']	run-2	HCP	contrasts	Models_03	MSHBM17	178142		0.12849605	0.94924444	GAMBLING	1	6fwhm	sm0	Tseries	20	100
fs32k	17	['HCP']	run-2	HCP	contrasts	Models_03	MSHBM17	179346		0.29782963	0.90647715	GAMBLING	1	6fwhm	sm0	Tseries	20	100
fs32k	17	['HCP']	run-2	HCP	contrasts	Models_03	MSHBM17	180432		0.080616534	0.95889175	GAMBLING	1	6fwhm	sm0	Tseries	20	100
fs32k	17	['HCP']	run-2	HCP	contrasts	Models_03	MSHBM17	185442		0.10451526	0.93130827	GAMBLING	1	6fwhm	sm0	Tseries	20	100
fs32k	17	['HCP']	run-2	HCP	contrasts	Models_03	MSHBM17	188145		0.12307337	0.93848336	GAMBLING	1	6fwhm	sm0	Tseries	20	100
fs32k	17	['HCP']	run-2	HCP	contrasts	Models_03	MSHBM17	191336		0.101411544	0.96367097	GAMBLING	1	6fwhm	sm0	Tseries	20	100
fs32k	17	['HCP']	run-2	HCP	contrasts	Models_03	MSHBM17	191942		0.12412746	0.9507548	GAMBLING	1	6fwhm	sm0	Tseries	20	100
fs32k	17	['HCP']	run-2	HCP	contrasts	Models_03	MSHBM17	192035		0.22443074	0.9256619	GAMBLING	1	6fwhm	sm0	Tseries	20	100
fs32k	17	['HCP']	run-2	HCP	contrasts	Models_03	MSHBM17	192843		0.108902365	0.9513342	GAMBLING	1	6fwhm	sm0	Tseries	20	100
fs32k	17	['HCP']	run-2	HCP	contrasts	Models_03	MSHBM17	193845		0.1194157	0.9544425	GAMBLING	1	6fwhm	sm0	Tseries	20	100
fs32k	17	['HCP']	run-2	HCP	contrasts	Models_03	MSHBM17	194140		0.06849072	0.9667241	GAMBLING	1	6fwhm	sm0	Tseries	20	100
fs32k	17	['HCP']	run-2	HCP	contrasts	Models_03	MSHBM17	195849		0.105652854	0.9488062	GAMBLING	1	6fwhm	sm0	Tseries	20	100
fs32k	17	['HCP']	run-2	HCP	contrasts	Models_03	MSHBM17	198350		0.14355297	0.951358	GAMBLING	1	6fwhm	sm0	Tseries	20	100
fs32k	17	['HCP']	run-2	HCP	contrasts	Models_03	MSHBM17	199655		0.10832065	0.9425311	GAMBLING	1	6fwhm	sm0	Tseries	20	100
fs32k	17	['HCP']	run-2	HCP	contrasts	Models_03	MSHBM17	144428		0.080438375	0.9548135	LANGUAGE	1	6fwhm	sm0	Tseries	20	100
fs32k	17	['HCP']	run-2	HCP	contrasts	Models_03	MSHBM17	145834		0.046794184	0.95701045	LANGUAGE	1	6fwhm	sm0	Tseries	20	100
fs32k	17	['HCP']	run-2	HCP	contrasts	Models_03	MSHBM17	146836		0.06552793	0.9429271	LANGUAGE	1	6fwhm	sm0	Tseries	20	100
fs32k	17	['HCP']	run-2	HCP	contrasts	Models_03	MSHBM17	147636		0.082002066	0.94160926	LANGUAGE	1	6fwhm	sm0	Tseries	20	100
fs32k	17	['HCP']	run-2	HCP	contrasts	Models_03	MSHBM17	148133		0.11266185	0.9462367	LANGUAGE	1	6fwhm	sm0	Tseries	20	100
fs32k	17	['HCP']	run-2	HCP	contrasts	Models_03	MSHBM17	149337		0.044059835	0.95656174	LANGUAGE	1	6fwhm	sm0	Tseries	20	100
fs32k	17	['HCP']	run-2	HCP	contrasts	Models_03	MSHBM17	149539		-0.0015983568	0.9680443	LANGUAGE	1	6fwhm	sm0	Tseries	20	100
fs32k	17	['HCP']	run-2	HCP	contrasts	Models_03	MSHBM17	150625		0.034678373	0.9446737	LANGUAGE	1	6fwhm	sm0	Tseries	20	100
fs32k	17	['HCP']	run-2	HCP	contrasts	Models_03	MSHBM17	151728		0.016736168	0.967992	LANGUAGE	1	6fwhm	sm0	Tseries	20	100
fs32k	17	['HCP']	run-2	HCP	contrasts	Models_03	MSHBM17	153025		0.06993339	0.96189874	LANGUAGE	1	6fwhm	sm0	Tseries	20	100
fs32k	17	['HCP']	run-2	HCP	contrasts	Models_03	MSHBM17	153429		0.08068812	0.9431295	LANGUAGE	1	6fwhm	sm0	Tseries	20	100
fs32k	17	['HCP']	run-2	HCP	contrasts	Models_03	MSHBM17	153833		0.06301969	0.9526202	LANGUAGE	1	6fwhm	sm0	Tseries	20	100
fs32k	17	['HCP']	run-2	HCP	contrasts	Models_03	MSHBM17	153934		0.09277773	0.9506168	LANGUAGE	1	6fwhm	sm0	Tseries	20	100
fs32k	17	['HCP']	run-2	HCP	contrasts	Models_03	MSHBM17	154229		0.08003062	0.9194023	LANGUAGE	1	6fwhm	sm0	Tseries	20	100
fs32k	17	['HCP']	run-2	HCP	contrasts	Models_03	MSHBM17	154431		-0.0030540158	0.95700216	LANGUAGE	1	6fwhm	sm0	Tseries	20	100
fs32k	17	['HCP']	run-2	HCP	contrasts	Models_03	MSHBM17	154936		0.013604143	0.9533171	LANGUAGE	1	6fwhm	sm0	Tseries	20	100
fs32k	17	['HCP']	run-2	HCP	contrasts	Models_03	MSHBM17	155635		0.07082252	0.9487394	LANGUAGE	1	6fwhm	sm0	Tseries	20	100
fs32k	17	['HCP']	run-2	HCP	contrasts	Models_03	MSHBM17	156031		0.04680687	0.94987977	LANGUAGE	1	6fwhm	sm0	Tseries	20	100
fs32k	17	['HCP']	run-2	HCP	contrasts	Models_03	MSHBM17	156435		0.08643126	0.9331045	LANGUAGE	1	6fwhm	sm0	Tseries	20	100
fs32k	17	['HCP']	run-2	HCP	contrasts	Models_03	MSHBM17	158540		0.033264082	0.96538675	LANGUAGE	1	6fwhm	sm0	Tseries	20	100
fs32k	17	['HCP']	run-2	HCP	contrasts	Models_03	MSHBM17	158843		-0.02757286	0.96166795	LANGUAGE	1	6fwhm	sm0	Tseries	20	100
fs32k	17	['HCP']	run-2	HCP	contrasts	Models_03	MSHBM17	159441		0.05116036	0.94385755	LANGUAGE	1	6fwhm	sm0	Tseries	20	100
fs32k	17	['HCP']	run-2	HCP	contrasts	Models_03	MSHBM17	160830		0.048349533	0.9662359	LANGUAGE	1	6fwhm	sm0	Tseries	20	100
fs32k	17	['HCP']	run-2	HCP	contrasts	Models_03	MSHBM17	164939		0.08807659	0.9445033	LANGUAGE	1	6fwhm	sm0	Tseries	20	100
fs32k	17	['HCP']	run-2	HCP	contrasts	Models_03	MSHBM17	167238		0.08715817	0.9295494	LANGUAGE	1	6fwhm	sm0	Tseries	20	100
fs32k	17	['HCP']	run-2	HCP	contrasts	Models_03	MSHBM17	168139		0.05259613	0.95418584	LANGUAGE	1	6fwhm	sm0	Tseries	20	100
fs32k	17	['HCP']	run-2	HCP	contrasts	Models_03	MSHBM17	168240		0.08407562	0.9589898	LANGUAGE	1	6fwhm	sm0	Tseries	20	100
fs32k	17	['HCP']	run-2	HCP	contrasts	Models_03	MSHBM17	168745		0.103785895	0.94372106	LANGUAGE	1	6fwhm	sm0	Tseries	20	100
fs32k	17	['HCP']	run-2	HCP	contrasts	Models_03	MSHBM17	169040		0.06331316	0.9639007	LANGUAGE	1	6fwhm	sm0	Tseries	20	100
fs32k	17	['HCP']	run-2	HCP	contrasts	Models_03	MSHBM17	169545		0.09288412	0.93700016	LANGUAGE	1	6fwhm	sm0	Tseries	20	100
fs32k	17	['HCP']	run-2	HCP	contrasts	Models_03	MSHBM17	171330		0.097232394	0.9497762	LANGUAGE	1	6fwhm	sm0	Tseries	20	100
fs32k	17	['HCP']	run-2	HCP	contrasts	Models_03	MSHBM17	172332		0.05612201	0.97431725	LANGUAGE	1	6fwhm	sm0	Tseries	20	100
fs32k	17	['HCP']	run-2	HCP	contrasts	Models_03	MSHBM17	172433		0.048898082	0.9322251	LANGUAGE	1	6fwhm	sm0	Tseries	20	100
fs32k	17	['HCP']	run-2	HCP	contrasts	Models_03	MSHBM17	173435		0.03893857	0.95304173	LANGUAGE	1	6fwhm	sm0	Tseries	20	100
fs32k	17	['HCP']	run-2	HCP	contrasts	Models_03	MSHBM17	173637		0.005931449	0.94729275	LANGUAGE	1	6fwhm	sm0	Tseries	20	100
fs32k	17	['HCP']	run-2	HCP	contrasts	Models_03	MSHBM17	176542		0.10173027	0.92591035	LANGUAGE	1	6fwhm	sm0	Tseries	20	100
fs32k	17	['HCP']	run-2	HCP	contrasts	Models_03	MSHBM17	178142		0.077218585	0.9506702	LANGUAGE	1	6fwhm	sm0	Tseries	20	100
fs32k	17	['HCP']	run-2	HCP	contrasts	Models_03	MSHBM17	179346		0.1199679	0.9390125	LANGUAGE	1	6fwhm	sm0	Tseries	20	100
fs32k	17	['HCP']	run-2	HCP	contrasts	Models_03	MSHBM17	180432		0.002037822	0.96225303	LANGUAGE	1	6fwhm	sm0	Tseries	20	100
fs32k	17	['HCP']	run-2	HCP	contrasts	Models_03	MSHBM17	185442		0.08997848	0.93809545	LANGUAGE	1	6fwhm	sm0	Tseries	20	100
fs32k	17	['HCP']	run-2	HCP	contrasts	Models_03	MSHBM17	188145		0.013861001	0.9700038	LANGUAGE	1	6fwhm	sm0	Tseries	20	100
fs32k	17	['HCP']	run-2	HCP	contrasts	Models_03	MSHBM17	191336		0.041880373	0.95419574	LANGUAGE	1	6fwhm	sm0	Tseries	20	100
fs32k	17	['HCP']	run-2	HCP	contrasts	Models_03	MSHBM17	191942		0.05499604	0.9529657	LANGUAGE	1	6fwhm	sm0	Tseries	20	100
fs32k	17	['HCP']	run-2	HCP	contrasts	Models_03	MSHBM17	192035		0.04203174	0.9523519	LANGUAGE	1	6fwhm	sm0	Tseries	20	100
fs32k	17	['HCP']	run-2	HCP	contrasts	Models_03	MSHBM17	192843		0.07430253	0.9663231	LANGUAGE	1	6fwhm	sm0	Tseries	20	100
fs32k	17	['HCP']	run-2	HCP	contrasts	Models_03	MSHBM17	193845		0.02148432	0.94891787	LANGUAGE	1	6fwhm	sm0	Tseries	20	100
fs32k	17	['HCP']	run-2	HCP	contrasts	Models_03	MSHBM17	194140		0.099200636	0.944952	LANGUAGE	1	6fwhm	sm0	Tseries	20	100
fs32k	17	['HCP']	run-2	HCP	contrasts	Models_03	MSHBM17	195849		0.0826083	0.9455818	LANGUAGE	1	6fwhm	sm0	Tseries	20	100
fs32k	17	['HCP']	run-2	HCP	contrasts	Models_03	MSHBM17	198350		0.112603925	0.9297694	LANGUAGE	1	6fwhm	sm0	Tseries	20	100
fs32k	17	['HCP']	run-2	HCP	contrasts	Models_03	MSHBM17	199655		0.005077977	0.95859545	LANGUAGE	1	6fwhm	sm0	Tseries	20	100
fs32k	17	['HCP']	run-2	HCP	contrasts	Models_03	MSHBM17	144428		0.010240361	0.9634096	MOTOR	1	6fwhm	sm0	Tseries	20	100
fs32k	17	['HCP']	run-2	HCP	contrasts	Models_03	MSHBM17	145834		0.07785173	0.94541776	MOTOR	1	6fwhm	sm0	Tseries	20	100
fs32k	17	['HCP']	run-2	HCP	contrasts	Models_03	MSHBM17	146836		0.050444387	0.9480449	MOTOR	1	6fwhm	sm0	Tseries	20	100
fs32k	17	['HCP']	run-2	HCP	contrasts	Models_03	MSHBM17	147636		0.07544411	0.9185515	MOTOR	1	6fwhm	sm0	Tseries	20	100
fs32k	17	['HCP']	run-2	HCP	contrasts	Models_03	MSHBM17	148133		0.08177817	0.92312616	MOTOR	1	6fwhm	sm0	Tseries	20	100
fs32k	17	['HCP']	run-2	HCP	contrasts	Models_03	MSHBM17	149337		0.027184665	0.9584905	MOTOR	1	6fwhm	sm0	Tseries	20	100
fs32k	17	['HCP']	run-2	HCP	contrasts	Models_03	MSHBM17	149539		0.056291603	0.956576	MOTOR	1	6fwhm	sm0	Tseries	20	100
fs32k	17	['HCP']	run-2	HCP	contrasts	Models_03	MSHBM17	150625		0.054593932	0.9332296	MOTOR	1	6fwhm	sm0	Tseries	20	100
fs32k	17	['HCP']	run-2	HCP	contrasts	Models_03	MSHBM17	151728		0.014782443	0.96523166	MOTOR	1	6fwhm	sm0	Tseries	20	100
fs32k	17	['HCP']	run-2	HCP	contrasts	Models_03	MSHBM17	153025		0.01807145	0.9509838	MOTOR	1	6fwhm	sm0	Tseries	20	100
fs32k	17	['HCP']	run-2	HCP	contrasts	Models_03	MSHBM17	153429		0.039912492	0.94718117	MOTOR	1	6fwhm	sm0	Tseries	20	100
fs32k	17	['HCP']	run-2	HCP	contrasts	Models_03	MSHBM17	153833		0.024214823	0.9644243	MOTOR	1	6fwhm	sm0	Tseries	20	100
fs32k	17	['HCP']	run-2	HCP	contrasts	Models_03	MSHBM17	153934		0.05801893	0.9416048	MOTOR	1	6fwhm	sm0	Tseries	20	100
fs32k	17	['HCP']	run-2	HCP	contrasts	Models_03	MSHBM17	154229		0.10875685	0.91939944	MOTOR	1	6fwhm	sm0	Tseries	20	100
fs32k	17	['HCP']	run-2	HCP	contrasts	Models_03	MSHBM17	154431		0.025901623	0.95900434	MOTOR	1	6fwhm	sm0	Tseries	20	100
fs32k	17	['HCP']	run-2	HCP	contrasts	Models_03	MSHBM17	154936		0.04898992	0.95090926	MOTOR	1	6fwhm	sm0	Tseries	20	100
fs32k	17	['HCP']	run-2	HCP	contrasts	Models_03	MSHBM17	155635		0.039754994	0.94235235	MOTOR	1	6fwhm	sm0	Tseries	20	100
fs32k	17	['HCP']	run-2	HCP	contrasts	Models_03	MSHBM17	156031		0.033836655	0.9445492	MOTOR	1	6fwhm	sm0	Tseries	20	100
fs32k	17	['HCP']	run-2	HCP	contrasts	Models_03	MSHBM17	156435		0.055607114	0.92222637	MOTOR	1	6fwhm	sm0	Tseries	20	100
fs32k	17	['HCP']	run-2	HCP	contrasts	Models_03	MSHBM17	158540		0.0030063717	0.95636	MOTOR	1	6fwhm	sm0	Tseries	20	100
fs32k	17	['HCP']	run-2	HCP	contrasts	Models_03	MSHBM17	158843		0.05885548	0.93410105	MOTOR	1	6fwhm	sm0	Tseries	20	100
fs32k	17	['HCP']	run-2	HCP	contrasts	Models_03	MSHBM17	159441		0.046210494	0.94883496	MOTOR	1	6fwhm	sm0	Tseries	20	100
fs32k	17	['HCP']	run-2	HCP	contrasts	Models_03	MSHBM17	160830		-0.028841794	0.9707856	MOTOR	1	6fwhm	sm0	Tseries	20	100
fs32k	17	['HCP']	run-2	HCP	contrasts	Models_03	MSHBM17	164939		0.0121535985	0.9630486	MOTOR	1	6fwhm	sm0	Tseries	20	100
fs32k	17	['HCP']	run-2	HCP	contrasts	Models_03	MSHBM17	167238		0.0510264	0.9104151	MOTOR	1	6fwhm	sm0	Tseries	20	100
fs32k	17	['HCP']	run-2	HCP	contrasts	Models_03	MSHBM17	168139		-0.017630482	0.97839504	MOTOR	1	6fwhm	sm0	Tseries	20	100
fs32k	17	['HCP']	run-2	HCP	contrasts	Models_03	MSHBM17	168240		0.052609675	0.948531	MOTOR	1	6fwhm	sm0	Tseries	20	100
fs32k	17	['HCP']	run-2	HCP	contrasts	Models_03	MSHBM17	168745		0.008692339	0.9469537	MOTOR	1	6fwhm	sm0	Tseries	20	100
fs32k	17	['HCP']	run-2	HCP	contrasts	Models_03	MSHBM17	169040		-0.008465764	0.97014487	MOTOR	1	6fwhm	sm0	Tseries	20	100
fs32k	17	['HCP']	run-2	HCP	contrasts	Models_03	MSHBM17	169545		-0.011553892	0.963723	MOTOR	1	6fwhm	sm0	Tseries	20	100
fs32k	17	['HCP']	run-2	HCP	contrasts	Models_03	MSHBM17	171330		0.06759639	0.9389916	MOTOR	1	6fwhm	sm0	Tseries	20	100
fs32k	17	['HCP']	run-2	HCP	contrasts	Models_03	MSHBM17	172332		0.02253557	0.9394071	MOTOR	1	6fwhm	sm0	Tseries	20	100
fs32k	17	['HCP']	run-2	HCP	contrasts	Models_03	MSHBM17	172433		0.08086534	0.94787514	MOTOR	1	6fwhm	sm0	Tseries	20	100
fs32k	17	['HCP']	run-2	HCP	contrasts	Models_03	MSHBM17	173435		0.075277776	0.93008685	MOTOR	1	6fwhm	sm0	Tseries	20	100
fs32k	17	['HCP']	run-2	HCP	contrasts	Models_03	MSHBM17	173637		0.016807303	0.9548198	MOTOR	1	6fwhm	sm0	Tseries	20	100
fs32k	17	['HCP']	run-2	HCP	contrasts	Models_03	MSHBM17	176542		0.033604957	0.9467667	MOTOR	1	6fwhm	sm0	Tseries	20	100
fs32k	17	['HCP']	run-2	HCP	contrasts	Models_03	MSHBM17	178142		0.051351182	0.95065546	MOTOR	1	6fwhm	sm0	Tseries	20	100
fs32k	17	['HCP']	run-2	HCP	contrasts	Models_03	MSHBM17	179346		0.03549311	0.9474329	MOTOR	1	6fwhm	sm0	Tseries	20	100
fs32k	17	['HCP']	run-2	HCP	contrasts	Models_03	MSHBM17	180432		0.074191645	0.91993666	MOTOR	1	6fwhm	sm0	Tseries	20	100
fs32k	17	['HCP']	run-2	HCP	contrasts	Models_03	MSHBM17	185442		0.062317386	0.93325675	MOTOR	1	6fwhm	sm0	Tseries	20	100
fs32k	17	['HCP']	run-2	HCP	contrasts	Models_03	MSHBM17	188145		0.08108522	0.9422708	MOTOR	1	6fwhm	sm0	Tseries	20	100
fs32k	17	['HCP']	run-2	HCP	contrasts	Models_03	MSHBM17	191336		0.05955901	0.94608355	MOTOR	1	6fwhm	sm0	Tseries	20	100
fs32k	17	['HCP']	run-2	HCP	contrasts	Models_03	MSHBM17	191942		0.03527841	0.9514413	MOTOR	1	6fwhm	sm0	Tseries	20	100
fs32k	17	['HCP']	run-2	HCP	contrasts	Models_03	MSHBM17	192035		0.058396503	0.943837	MOTOR	1	6fwhm	sm0	Tseries	20	100
fs32k	17	['HCP']	run-2	HCP	contrasts	Models_03	MSHBM17	192843		0.03278915	0.9486304	MOTOR	1	6fwhm	sm0	Tseries	20	100
fs32k	17	['HCP']	run-2	HCP	contrasts	Models_03	MSHBM17	193845		0.042671848	0.9595828	MOTOR	1	6fwhm	sm0	Tseries	20	100
fs32k	17	['HCP']	run-2	HCP	contrasts	Models_03	MSHBM17	194140		0.01237072	0.9506873	MOTOR	1	6fwhm	sm0	Tseries	20	100
fs32k	17	['HCP']	run-2	HCP	contrasts	Models_03	MSHBM17	195849		0.09514776	0.92763597	MOTOR	1	6fwhm	sm0	Tseries	20	100
fs32k	17	['HCP']	run-2	HCP	contrasts	Models_03	MSHBM17	198350		0.03556251	0.9462577	MOTOR	1	6fwhm	sm0	Tseries	20	100
fs32k	17	['HCP']	run-2	HCP	contrasts	Models_03	MSHBM17	199655		-0.005797592	0.96972513	MOTOR	1	6fwhm	sm0	Tseries	20	100
fs32k	17	['HCP']	run-2	HCP	contrasts	Models_03	MSHBM17	144428		0.1530307	0.9447786	RELATIONAL	1	6fwhm	sm0	Tseries	20	100
fs32k	17	['HCP']	run-2	HCP	contrasts	Models_03	MSHBM17	145834		0.126599	0.93734044	RELATIONAL	1	6fwhm	sm0	Tseries	20	100
fs32k	17	['HCP']	run-2	HCP	contrasts	Models_03	MSHBM17	146836		0.23867771	0.9039016	RELATIONAL	1	6fwhm	sm0	Tseries	20	100
fs32k	17	['HCP']	run-2	HCP	contrasts	Models_03	MSHBM17	147636		0.14081918	0.92653054	RELATIONAL	1	6fwhm	sm0	Tseries	20	100
fs32k	17	['HCP']	run-2	HCP	contrasts	Models_03	MSHBM17	148133		0.1901217	0.9177284	RELATIONAL	1	6fwhm	sm0	Tseries	20	100
fs32k	17	['HCP']	run-2	HCP	contrasts	Models_03	MSHBM17	149337		0.07809792	0.9438021	RELATIONAL	1	6fwhm	sm0	Tseries	20	100
fs32k	17	['HCP']	run-2	HCP	contrasts	Models_03	MSHBM17	149539		0.19106153	0.9231226	RELATIONAL	1	6fwhm	sm0	Tseries	20	100
fs32k	17	['HCP']	run-2	HCP	contrasts	Models_03	MSHBM17	150625		0.14254878	0.9226209	RELATIONAL	1	6fwhm	sm0	Tseries	20	100
fs32k	17	['HCP']	run-2	HCP	contrasts	Models_03	MSHBM17	151728		0.10791968	0.94180936	RELATIONAL	1	6fwhm	sm0	Tseries	20	100
fs32k	17	['HCP']	run-2	HCP	contrasts	Models_03	MSHBM17	153025		0.14837712	0.93660563	RELATIONAL	1	6fwhm	sm0	Tseries	20	100
fs32k	17	['HCP']	run-2	HCP	contrasts	Models_03	MSHBM17	153429		0.15025076	0.9245266	RELATIONAL	1	6fwhm	sm0	Tseries	20	100
fs32k	17	['HCP']	run-2	HCP	contrasts	Models_03	MSHBM17	153833		0.12487814	0.9399651	RELATIONAL	1	6fwhm	sm0	Tseries	20	100
fs32k	17	['HCP']	run-2	HCP	contrasts	Models_03	MSHBM17	153934		0.17773743	0.9044482	RELATIONAL	1	6fwhm	sm0	Tseries	20	100
fs32k	17	['HCP']	run-2	HCP	contrasts	Models_03	MSHBM17	154229		0.22232005	0.9203912	RELATIONAL	1	6fwhm	sm0	Tseries	20	100
fs32k	17	['HCP']	run-2	HCP	contrasts	Models_03	MSHBM17	154431		0.17134891	0.92571247	RELATIONAL	1	6fwhm	sm0	Tseries	20	100
fs32k	17	['HCP']	run-2	HCP	contrasts	Models_03	MSHBM17	154936		0.114355125	0.94971275	RELATIONAL	1	6fwhm	sm0	Tseries	20	100
fs32k	17	['HCP']	run-2	HCP	contrasts	Models_03	MSHBM17	155635		0.2185276	0.92073	RELATIONAL	1	6fwhm	sm0	Tseries	20	100
fs32k	17	['HCP']	run-2	HCP	contrasts	Models_03	MSHBM17	156031		0.16009857	0.93084395	RELATIONAL	1	6fwhm	sm0	Tseries	20	100
fs32k	17	['HCP']	run-2	HCP	contrasts	Models_03	MSHBM17	156435		0.14530136	0.91935205	RELATIONAL	1	6fwhm	sm0	Tseries	20	100
fs32k	17	['HCP']	run-2	HCP	contrasts	Models_03	MSHBM17	158540		0.035784945	0.96378106	RELATIONAL	1	6fwhm	sm0	Tseries	20	100
fs32k	17	['HCP']	run-2	HCP	contrasts	Models_03	MSHBM17	158843		0.1762889	0.9204151	RELATIONAL	1	6fwhm	sm0	Tseries	20	100
fs32k	17	['HCP']	run-2	HCP	contrasts	Models_03	MSHBM17	159441		0.03720864	0.9493307	RELATIONAL	1	6fwhm	sm0	Tseries	20	100
fs32k	17	['HCP']	run-2	HCP	contrasts	Models_03	MSHBM17	160830		0.039383	0.96173203	RELATIONAL	1	6fwhm	sm0	Tseries	20	100
fs32k	17	['HCP']	run-2	HCP	contrasts	Models_03	MSHBM17	164939		0.14158475	0.93849075	RELATIONAL	1	6fwhm	sm0	Tseries	20	100
fs32k	17	['HCP']	run-2	HCP	contrasts	Models_03	MSHBM17	167238		0.24449427	0.8879894	RELATIONAL	1	6fwhm	sm0	Tseries	20	100
fs32k	17	['HCP']	run-2	HCP	contrasts	Models_03	MSHBM17	168139		0.026510641	0.979345	RELATIONAL	1	6fwhm	sm0	Tseries	20	100
fs32k	17	['HCP']	run-2	HCP	contrasts	Models_03	MSHBM17	168240		0.123943746	0.9341136	RELATIONAL	1	6fwhm	sm0	Tseries	20	100
fs32k	17	['HCP']	run-2	HCP	contrasts	Models_03	MSHBM17	168745		0.13757217	0.9256298	RELATIONAL	1	6fwhm	sm0	Tseries	20	100
fs32k	17	['HCP']	run-2	HCP	contrasts	Models_03	MSHBM17	169040		0.08364901	0.96168554	RELATIONAL	1	6fwhm	sm0	Tseries	20	100
fs32k	17	['HCP']	run-2	HCP	contrasts	Models_03	MSHBM17	169545		0.1399176	0.9554283	RELATIONAL	1	6fwhm	sm0	Tseries	20	100
fs32k	17	['HCP']	run-2	HCP	contrasts	Models_03	MSHBM17	171330		0.16237321	0.9198637	RELATIONAL	1	6fwhm	sm0	Tseries	20	100
fs32k	17	['HCP']	run-2	HCP	contrasts	Models_03	MSHBM17	172332		0.17178096	0.9202506	RELATIONAL	1	6fwhm	sm0	Tseries	20	100
fs32k	17	['HCP']	run-2	HCP	contrasts	Models_03	MSHBM17	172433		0.20116289	0.9195037	RELATIONAL	1	6fwhm	sm0	Tseries	20	100
fs32k	17	['HCP']	run-2	HCP	contrasts	Models_03	MSHBM17	173435		0.18579313	0.8963003	RELATIONAL	1	6fwhm	sm0	Tseries	20	100
fs32k	17	['HCP']	run-2	HCP	contrasts	Models_03	MSHBM17	173637		0.0919103	0.9488451	RELATIONAL	1	6fwhm	sm0	Tseries	20	100
fs32k	17	['HCP']	run-2	HCP	contrasts	Models_03	MSHBM17	176542		0.19047418	0.9053453	RELATIONAL	1	6fwhm	sm0	Tseries	20	100
fs32k	17	['HCP']	run-2	HCP	contrasts	Models_03	MSHBM17	178142		0.1975759	0.907482	RELATIONAL	1	6fwhm	sm0	Tseries	20	100
fs32k	17	['HCP']	run-2	HCP	contrasts	Models_03	MSHBM17	179346		0.10912669	0.9068138	RELATIONAL	1	6fwhm	sm0	Tseries	20	100
fs32k	17	['HCP']	run-2	HCP	contrasts	Models_03	MSHBM17	180432		0.11370217	0.89675915	RELATIONAL	1	6fwhm	sm0	Tseries	20	100
fs32k	17	['HCP']	run-2	HCP	contrasts	Models_03	MSHBM17	185442		0.17787868	0.9106436	RELATIONAL	1	6fwhm	sm0	Tseries	20	100
fs32k	17	['HCP']	run-2	HCP	contrasts	Models_03	MSHBM17	188145		0.111684844	0.9285277	RELATIONAL	1	6fwhm	sm0	Tseries	20	100
fs32k	17	['HCP']	run-2	HCP	contrasts	Models_03	MSHBM17	191336		0.1371956	0.9327337	RELATIONAL	1	6fwhm	sm0	Tseries	20	100
fs32k	17	['HCP']	run-2	HCP	contrasts	Models_03	MSHBM17	191942		0.11492493	0.91428035	RELATIONAL	1	6fwhm	sm0	Tseries	20	100
fs32k	17	['HCP']	run-2	HCP	contrasts	Models_03	MSHBM17	192035		0.1615495	0.9229187	RELATIONAL	1	6fwhm	sm0	Tseries	20	100
fs32k	17	['HCP']	run-2	HCP	contrasts	Models_03	MSHBM17	192843		0.19483688	0.92255735	RELATIONAL	1	6fwhm	sm0	Tseries	20	100
fs32k	17	['HCP']	run-2	HCP	contrasts	Models_03	MSHBM17	193845		0.06100169	0.95740604	RELATIONAL	1	6fwhm	sm0	Tseries	20	100
fs32k	17	['HCP']	run-2	HCP	contrasts	Models_03	MSHBM17	194140		0.08285324	0.9136697	RELATIONAL	1	6fwhm	sm0	Tseries	20	100
fs32k	17	['HCP']	run-2	HCP	contrasts	Models_03	MSHBM17	195849		0.06115913	0.93956155	RELATIONAL	1	6fwhm	sm0	Tseries	20	100
fs32k	17	['HCP']	run-2	HCP	contrasts	Models_03	MSHBM17	198350		0.10269449	0.94543517	RELATIONAL	1	6fwhm	sm0	Tseries	20	100
fs32k	17	['HCP']	run-2	HCP	contrasts	Models_03	MSHBM17	199655		0.18588674	0.90160215	RELATIONAL	1	6fwhm	sm0	Tseries	20	100
fs32k	17	['HCP']	run-2	HCP	contrasts	Models_03	MSHBM17	144428		0.033055615	0.9629129	SOCIAL	1	6fwhm	sm0	Tseries	20	100
fs32k	17	['HCP']	run-2	HCP	contrasts	Models_03	MSHBM17	145834		0.13087395	0.9312061	SOCIAL	1	6fwhm	sm0	Tseries	20	100
fs32k	17	['HCP']	run-2	HCP	contrasts	Models_03	MSHBM17	146836		0.04172189	0.9278914	SOCIAL	1	6fwhm	sm0	Tseries	20	100
fs32k	17	['HCP']	run-2	HCP	contrasts	Models_03	MSHBM17	147636		0.06859033	0.9187872	SOCIAL	1	6fwhm	sm0	Tseries	20	100
fs32k	17	['HCP']	run-2	HCP	contrasts	Models_03	MSHBM17	148133		0.04249122	0.943395	SOCIAL	1	6fwhm	sm0	Tseries	20	100
fs32k	17	['HCP']	run-2	HCP	contrasts	Models_03	MSHBM17	149337		0.0171033	0.9438814	SOCIAL	1	6fwhm	sm0	Tseries	20	100
fs32k	17	['HCP']	run-2	HCP	contrasts	Models_03	MSHBM17	149539		0.057152897	0.9390098	SOCIAL	1	6fwhm	sm0	Tseries	20	100
fs32k	17	['HCP']	run-2	HCP	contrasts	Models_03	MSHBM17	150625		0.10048935	0.9302148	SOCIAL	1	6fwhm	sm0	Tseries	20	100
fs32k	17	['HCP']	run-2	HCP	contrasts	Models_03	MSHBM17	151728		-0.04117582	0.96539235	SOCIAL	1	6fwhm	sm0	Tseries	20	100
fs32k	17	['HCP']	run-2	HCP	contrasts	Models_03	MSHBM17	153025		0.035449155	0.9318305	SOCIAL	1	6fwhm	sm0	Tseries	20	100
fs32k	17	['HCP']	run-2	HCP	contrasts	Models_03	MSHBM17	153429		-0.046869606	0.9408137	SOCIAL	1	6fwhm	sm0	Tseries	20	100
fs32k	17	['HCP']	run-2	HCP	contrasts	Models_03	MSHBM17	153833		0.08700691	0.94320726	SOCIAL	1	6fwhm	sm0	Tseries	20	100
fs32k	17	['HCP']	run-2	HCP	contrasts	Models_03	MSHBM17	153934		0.047484472	0.93060344	SOCIAL	1	6fwhm	sm0	Tseries	20	100
fs32k	17	['HCP']	run-2	HCP	contrasts	Models_03	MSHBM17	154229		0.042793408	0.91184056	SOCIAL	1	6fwhm	sm0	Tseries	20	100
fs32k	17	['HCP']	run-2	HCP	contrasts	Models_03	MSHBM17	154431		0.029822376	0.9382752	SOCIAL	1	6fwhm	sm0	Tseries	20	100
fs32k	17	['HCP']	run-2	HCP	contrasts	Models_03	MSHBM17	154936		-0.04193572	0.9420724	SOCIAL	1	6fwhm	sm0	Tseries	20	100
fs32k	17	['HCP']	run-2	HCP	contrasts	Models_03	MSHBM17	155635		0.053785983	0.936447	SOCIAL	1	6fwhm	sm0	Tseries	20	100
fs32k	17	['HCP']	run-2	HCP	contrasts	Models_03	MSHBM17	156031		0.023657342	0.9465462	SOCIAL	1	6fwhm	sm0	Tseries	20	100
fs32k	17	['HCP']	run-2	HCP	contrasts	Models_03	MSHBM17	156435		-0.0042954097	0.9543613	SOCIAL	1	6fwhm	sm0	Tseries	20	100
fs32k	17	['HCP']	run-2	HCP	contrasts	Models_03	MSHBM17	158540		0.0062137153	0.9535131	SOCIAL	1	6fwhm	sm0	Tseries	20	100
fs32k	17	['HCP']	run-2	HCP	contrasts	Models_03	MSHBM17	158843		0.084419884	0.9211856	SOCIAL	1	6fwhm	sm0	Tseries	20	100
fs32k	17	['HCP']	run-2	HCP	contrasts	Models_03	MSHBM17	159441		0.10310367	0.93748224	SOCIAL	1	6fwhm	sm0	Tseries	20	100
fs32k	17	['HCP']	run-2	HCP	contrasts	Models_03	MSHBM17	160830		0.0017118306	0.9589691	SOCIAL	1	6fwhm	sm0	Tseries	20	100
fs32k	17	['HCP']	run-2	HCP	contrasts	Models_03	MSHBM17	164939		-0.0031407848	0.9547195	SOCIAL	1	6fwhm	sm0	Tseries	20	100
fs32k	17	['HCP']	run-2	HCP	contrasts	Models_03	MSHBM17	167238		0.05478858	0.92017865	SOCIAL	1	6fwhm	sm0	Tseries	20	100
fs32k	17	['HCP']	run-2	HCP	contrasts	Models_03	MSHBM17	168139		0.025434125	0.9771985	SOCIAL	1	6fwhm	sm0	Tseries	20	100
fs32k	17	['HCP']	run-2	HCP	contrasts	Models_03	MSHBM17	168240		0.026314635	0.9355495	SOCIAL	1	6fwhm	sm0	Tseries	20	100
fs32k	17	['HCP']	run-2	HCP	contrasts	Models_03	MSHBM17	168745		0.057848677	0.9402136	SOCIAL	1	6fwhm	sm0	Tseries	20	100
fs32k	17	['HCP']	run-2	HCP	contrasts	Models_03	MSHBM17	169040		0.028371006	0.956727	SOCIAL	1	6fwhm	sm0	Tseries	20	100
fs32k	17	['HCP']	run-2	HCP	contrasts	Models_03	MSHBM17	169545		0.06979819	0.9471829	SOCIAL	1	6fwhm	sm0	Tseries	20	100
fs32k	17	['HCP']	run-2	HCP	contrasts	Models_03	MSHBM17	171330		0.012544515	0.939119	SOCIAL	1	6fwhm	sm0	Tseries	20	100
fs32k	17	['HCP']	run-2	HCP	contrasts	Models_03	MSHBM17	172332		0.09461738	0.9328042	SOCIAL	1	6fwhm	sm0	Tseries	20	100
fs32k	17	['HCP']	run-2	HCP	contrasts	Models_03	MSHBM17	172433		0.16557741	0.92129487	SOCIAL	1	6fwhm	sm0	Tseries	20	100
fs32k	17	['HCP']	run-2	HCP	contrasts	Models_03	MSHBM17	173435		-0.046840675	0.94033	SOCIAL	1	6fwhm	sm0	Tseries	20	100
fs32k	17	['HCP']	run-2	HCP	contrasts	Models_03	MSHBM17	173637		0.020799164	0.9501528	SOCIAL	1	6fwhm	sm0	Tseries	20	100
fs32k	17	['HCP']	run-2	HCP	contrasts	Models_03	MSHBM17	176542		0.029860128	0.9142426	SOCIAL	1	6fwhm	sm0	Tseries	20	100
fs32k	17	['HCP']	run-2	HCP	contrasts	Models_03	MSHBM17	178142		0.055117186	0.92393816	SOCIAL	1	6fwhm	sm0	Tseries	20	100
fs32k	17	['HCP']	run-2	HCP	contrasts	Models_03	MSHBM17	179346		0.01735247	0.90475833	SOCIAL	1	6fwhm	sm0	Tseries	20	100
fs32k	17	['HCP']	run-2	HCP	contrasts	Models_03	MSHBM17	180432		-0.024330266	0.9291266	SOCIAL	1	6fwhm	sm0	Tseries	20	100
fs32k	17	['HCP']	run-2	HCP	contrasts	Models_03	MSHBM17	185442		0.02465425	0.9332172	SOCIAL	1	6fwhm	sm0	Tseries	20	100
fs32k	17	['HCP']	run-2	HCP	contrasts	Models_03	MSHBM17	188145		0.11977567	0.940534	SOCIAL	1	6fwhm	sm0	Tseries	20	100
fs32k	17	['HCP']	run-2	HCP	contrasts	Models_03	MSHBM17	191336		-0.07310861	0.9458472	SOCIAL	1	6fwhm	sm0	Tseries	20	100
fs32k	17	['HCP']	run-2	HCP	contrasts	Models_03	MSHBM17	191942		0.13624099	0.92186356	SOCIAL	1	6fwhm	sm0	Tseries	20	100
fs32k	17	['HCP']	run-2	HCP	contrasts	Models_03	MSHBM17	192035		0.077788405	0.92694557	SOCIAL	1	6fwhm	sm0	Tseries	20	100
fs32k	17	['HCP']	run-2	HCP	contrasts	Models_03	MSHBM17	192843		0.08798221	0.94026315	SOCIAL	1	6fwhm	sm0	Tseries	20	100
fs32k	17	['HCP']	run-2	HCP	contrasts	Models_03	MSHBM17	193845		0.054791864	0.9522201	SOCIAL	1	6fwhm	sm0	Tseries	20	100
fs32k	17	['HCP']	run-2	HCP	contrasts	Models_03	MSHBM17	194140		0.011011969	0.923047	SOCIAL	1	6fwhm	sm0	Tseries	20	100
fs32k	17	['HCP']	run-2	HCP	contrasts	Models_03	MSHBM17	195849		0.030799028	0.9296405	SOCIAL	1	6fwhm	sm0	Tseries	20	100
fs32k	17	['HCP']	run-2	HCP	contrasts	Models_03	MSHBM17	198350		-0.0062326225	0.9414536	SOCIAL	1	6fwhm	sm0	Tseries	20	100
fs32k	17	['HCP']	run-2	HCP	contrasts	Models_03	MSHBM17	199655		0.13432372	0.9166126	SOCIAL	1	6fwhm	sm0	Tseries	20	100
fs32k	17	['HCP']	run-2	HCP	contrasts	Models_03	MSHBM17	144428		-0.0042124623	0.9678261	WM	1	6fwhm	sm0	Tseries	20	100
fs32k	17	['HCP']	run-2	HCP	contrasts	Models_03	MSHBM17	145834		0.027388904	0.9687032	WM	1	6fwhm	sm0	Tseries	20	100
fs32k	17	['HCP']	run-2	HCP	contrasts	Models_03	MSHBM17	146836		0.102600895	0.9240986	WM	1	6fwhm	sm0	Tseries	20	100
fs32k	17	['HCP']	run-2	HCP	contrasts	Models_03	MSHBM17	147636		0.15425089	0.92738837	WM	1	6fwhm	sm0	Tseries	20	100
fs32k	17	['HCP']	run-2	HCP	contrasts	Models_03	MSHBM17	148133		0.12888551	0.9232341	WM	1	6fwhm	sm0	Tseries	20	100
fs32k	17	['HCP']	run-2	HCP	contrasts	Models_03	MSHBM17	149337		0.09792208	0.9403759	WM	1	6fwhm	sm0	Tseries	20	100
fs32k	17	['HCP']	run-2	HCP	contrasts	Models_03	MSHBM17	149539		0.0736625	0.95293456	WM	1	6fwhm	sm0	Tseries	20	100
fs32k	17	['HCP']	run-2	HCP	contrasts	Models_03	MSHBM17	150625		0.08301993	0.9410973	WM	1	6fwhm	sm0	Tseries	20	100
fs32k	17	['HCP']	run-2	HCP	contrasts	Models_03	MSHBM17	151728		0.031421646	0.9581579	WM	1	6fwhm	sm0	Tseries	20	100
fs32k	17	['HCP']	run-2	HCP	contrasts	Models_03	MSHBM17	153025		0.12367815	0.93662083	WM	1	6fwhm	sm0	Tseries	20	100
fs32k	17	['HCP']	run-2	HCP	contrasts	Models_03	MSHBM17	153429		0.016915137	0.951427	WM	1	6fwhm	sm0	Tseries	20	100
fs32k	17	['HCP']	run-2	HCP	contrasts	Models_03	MSHBM17	153833		0.13348202	0.9512237	WM	1	6fwhm	sm0	Tseries	20	100
fs32k	17	['HCP']	run-2	HCP	contrasts	Models_03	MSHBM17	153934		0.08895171	0.94254434	WM	1	6fwhm	sm0	Tseries	20	100
fs32k	17	['HCP']	run-2	HCP	contrasts	Models_03	MSHBM17	154229		0.113398984	0.9284328	WM	1	6fwhm	sm0	Tseries	20	100
fs32k	17	['HCP']	run-2	HCP	contrasts	Models_03	MSHBM17	154431		0.094972685	0.9546236	WM	1	6fwhm	sm0	Tseries	20	100
fs32k	17	['HCP']	run-2	HCP	contrasts	Models_03	MSHBM17	154936		0.07639305	0.9431383	WM	1	6fwhm	sm0	Tseries	20	100
fs32k	17	['HCP']	run-2	HCP	contrasts	Models_03	MSHBM17	155635		0.100665465	0.9543174	WM	1	6fwhm	sm0	Tseries	20	100
fs32k	17	['HCP']	run-2	HCP	contrasts	Models_03	MSHBM17	156031		0.082456216	0.94315094	WM	1	6fwhm	sm0	Tseries	20	100
fs32k	17	['HCP']	run-2	HCP	contrasts	Models_03	MSHBM17	156435		0.080761455	0.9419863	WM	1	6fwhm	sm0	Tseries	20	100
fs32k	17	['HCP']	run-2	HCP	contrasts	Models_03	MSHBM17	158540		0.053374633	0.95333004	WM	1	6fwhm	sm0	Tseries	20	100
fs32k	17	['HCP']	run-2	HCP	contrasts	Models_03	MSHBM17	158843		0.12500301	0.9373824	WM	1	6fwhm	sm0	Tseries	20	100
fs32k	17	['HCP']	run-2	HCP	contrasts	Models_03	MSHBM17	159441		0.046654657	0.970337	WM	1	6fwhm	sm0	Tseries	20	100
fs32k	17	['HCP']	run-2	HCP	contrasts	Models_03	MSHBM17	160830		-0.017236136	0.9771403	WM	1	6fwhm	sm0	Tseries	20	100
fs32k	17	['HCP']	run-2	HCP	contrasts	Models_03	MSHBM17	164939		0.09937359	0.9479649	WM	1	6fwhm	sm0	Tseries	20	100
fs32k	17	['HCP']	run-2	HCP	contrasts	Models_03	MSHBM17	167238		0.111482434	0.9220243	WM	1	6fwhm	sm0	Tseries	20	100
fs32k	17	['HCP']	run-2	HCP	contrasts	Models_03	MSHBM17	168139		-0.046096403	0.9812264	WM	1	6fwhm	sm0	Tseries	20	100
fs32k	17	['HCP']	run-2	HCP	contrasts	Models_03	MSHBM17	168240		0.08629935	0.9553398	WM	1	6fwhm	sm0	Tseries	20	100
fs32k	17	['HCP']	run-2	HCP	contrasts	Models_03	MSHBM17	168745		0.018797752	0.962597	WM	1	6fwhm	sm0	Tseries	20	100
fs32k	17	['HCP']	run-2	HCP	contrasts	Models_03	MSHBM17	169040		-0.0106911445	0.9654759	WM	1	6fwhm	sm0	Tseries	20	100
fs32k	17	['HCP']	run-2	HCP	contrasts	Models_03	MSHBM17	169545		0.1111127	0.9517033	WM	1	6fwhm	sm0	Tseries	20	100
fs32k	17	['HCP']	run-2	HCP	contrasts	Models_03	MSHBM17	171330		0.12054168	0.9378693	WM	1	6fwhm	sm0	Tseries	20	100
fs32k	17	['HCP']	run-2	HCP	contrasts	Models_03	MSHBM17	172332		0.11244282	0.9479142	WM	1	6fwhm	sm0	Tseries	20	100
fs32k	17	['HCP']	run-2	HCP	contrasts	Models_03	MSHBM17	172433		0.18294892	0.946852	WM	1	6fwhm	sm0	Tseries	20	100
fs32k	17	['HCP']	run-2	HCP	contrasts	Models_03	MSHBM17	173435		0.1154191	0.92705953	WM	1	6fwhm	sm0	Tseries	20	100
fs32k	17	['HCP']	run-2	HCP	contrasts	Models_03	MSHBM17	173637		0.016432043	0.9533163	WM	1	6fwhm	sm0	Tseries	20	100
fs32k	17	['HCP']	run-2	HCP	contrasts	Models_03	MSHBM17	176542		0.10184897	0.9279049	WM	1	6fwhm	sm0	Tseries	20	100
fs32k	17	['HCP']	run-2	HCP	contrasts	Models_03	MSHBM17	178142		0.13535196	0.9315551	WM	1	6fwhm	sm0	Tseries	20	100
fs32k	17	['HCP']	run-2	HCP	contrasts	Models_03	MSHBM17	179346		0.091742426	0.91876704	WM	1	6fwhm	sm0	Tseries	20	100
fs32k	17	['HCP']	run-2	HCP	contrasts	Models_03	MSHBM17	180432		0.04745357	0.94640213	WM	1	6fwhm	sm0	Tseries	20	100
fs32k	17	['HCP']	run-2	HCP	contrasts	Models_03	MSHBM17	185442		0.12770376	0.91293246	WM	1	6fwhm	sm0	Tseries	20	100
fs32k	17	['HCP']	run-2	HCP	contrasts	Models_03	MSHBM17	188145		0.086954206	0.93741155	WM	1	6fwhm	sm0	Tseries	20	100
fs32k	17	['HCP']	run-2	HCP	contrasts	Models_03	MSHBM17	191336		0.054443058	0.9505969	WM	1	6fwhm	sm0	Tseries	20	100
fs32k	17	['HCP']	run-2	HCP	contrasts	Models_03	MSHBM17	191942		0.15952215	0.9358812	WM	1	6fwhm	sm0	Tseries	20	100
fs32k	17	['HCP']	run-2	HCP	contrasts	Models_03	MSHBM17	192035		0.07362048	0.9285313	WM	1	6fwhm	sm0	Tseries	20	100
fs32k	17	['HCP']	run-2	HCP	contrasts	Models_03	MSHBM17	192843		0.115829796	0.94895476	WM	1	6fwhm	sm0	Tseries	20	100
fs32k	17	['HCP']	run-2	HCP	contrasts	Models_03	MSHBM17	193845		0.05288502	0.9565135	WM	1	6fwhm	sm0	Tseries	20	100
fs32k	17	['HCP']	run-2	HCP	contrasts	Models_03	MSHBM17	194140		0.063683674	0.9522513	WM	1	6fwhm	sm0	Tseries	20	100
fs32k	17	['HCP']	run-2	HCP	contrasts	Models_03	MSHBM17	195849		0.054066367	0.9396233	WM	1	6fwhm	sm0	Tseries	20	100
fs32k	17	['HCP']	run-2	HCP	contrasts	Models_03	MSHBM17	198350		0.11421144	0.9373897	WM	1	6fwhm	sm0	Tseries	20	100
fs32k	17	['HCP']	run-2	HCP	contrasts	Models_03	MSHBM17	199655		0.11145264	0.94152987	WM	1	6fwhm	sm0	Tseries	20	100
fs32k	17	['HCP']	run-2	HCP	contrasts	Models_03	MSHBM17	144428		0.010263482	0.96371824	all	1	6fwhm	sm0	Tseries	20	100
fs32k	17	['HCP']	run-2	HCP	contrasts	Models_03	MSHBM17	145834		0.06953435	0.95199424	all	1	6fwhm	sm0	Tseries	20	100
fs32k	17	['HCP']	run-2	HCP	contrasts	Models_03	MSHBM17	146836		0.085796334	0.93260086	all	1	6fwhm	sm0	Tseries	20	100
fs32k	17	['HCP']	run-2	HCP	contrasts	Models_03	MSHBM17	147636		0.11632024	0.92626876	all	1	6fwhm	sm0	Tseries	20	100
fs32k	17	['HCP']	run-2	HCP	contrasts	Models_03	MSHBM17	148133		0.10366641	0.92847556	all	1	6fwhm	sm0	Tseries	20	100
fs32k	17	['HCP']	run-2	HCP	contrasts	Models_03	MSHBM17	149337		0.059481416	0.9491488	all	1	6fwhm	sm0	Tseries	20	100
fs32k	17	['HCP']	run-2	HCP	contrasts	Models_03	MSHBM17	149539		0.06376082	0.95288545	all	1	6fwhm	sm0	Tseries	20	100
fs32k	17	['HCP']	run-2	HCP	contrasts	Models_03	MSHBM17	150625		0.07371031	0.9335262	all	1	6fwhm	sm0	Tseries	20	100
fs32k	17	['HCP']	run-2	HCP	contrasts	Models_03	MSHBM17	151728		0.023128249	0.961864	all	1	6fwhm	sm0	Tseries	20	100
fs32k	17	['HCP']	run-2	HCP	contrasts	Models_03	MSHBM17	153025		0.08170787	0.94205064	all	1	6fwhm	sm0	Tseries	20	100
fs32k	17	['HCP']	run-2	HCP	contrasts	Models_03	MSHBM17	153429		0.032590907	0.94714993	all	1	6fwhm	sm0	Tseries	20	100
fs32k	17	['HCP']	run-2	HCP	contrasts	Models_03	MSHBM17	153833		0.092824236	0.95256674	all	1	6fwhm	sm0	Tseries	20	100
fs32k	17	['HCP']	run-2	HCP	contrasts	Models_03	MSHBM17	153934		0.07645927	0.93968326	all	1	6fwhm	sm0	Tseries	20	100
fs32k	17	['HCP']	run-2	HCP	contrasts	Models_03	MSHBM17	154229		0.099121206	0.9256851	all	1	6fwhm	sm0	Tseries	20	100
fs32k	17	['HCP']	run-2	HCP	contrasts	Models_03	MSHBM17	154431		0.0736042	0.9504173	all	1	6fwhm	sm0	Tseries	20	100
fs32k	17	['HCP']	run-2	HCP	contrasts	Models_03	MSHBM17	154936		0.047955506	0.9478476	all	1	6fwhm	sm0	Tseries	20	100
fs32k	17	['HCP']	run-2	HCP	contrasts	Models_03	MSHBM17	155635		0.07897498	0.94509745	all	1	6fwhm	sm0	Tseries	20	100
fs32k	17	['HCP']	run-2	HCP	contrasts	Models_03	MSHBM17	156031		0.06478092	0.9428051	all	1	6fwhm	sm0	Tseries	20	100
fs32k	17	['HCP']	run-2	HCP	contrasts	Models_03	MSHBM17	156435		0.05849374	0.9339635	all	1	6fwhm	sm0	Tseries	20	100
fs32k	17	['HCP']	run-2	HCP	contrasts	Models_03	MSHBM17	158540		0.03410475	0.9563095	all	1	6fwhm	sm0	Tseries	20	100
fs32k	17	['HCP']	run-2	HCP	contrasts	Models_03	MSHBM17	158843		0.08792463	0.93554324	all	1	6fwhm	sm0	Tseries	20	100
fs32k	17	['HCP']	run-2	HCP	contrasts	Models_03	MSHBM17	159441		0.05036078	0.9570827	all	1	6fwhm	sm0	Tseries	20	100
fs32k	17	['HCP']	run-2	HCP	contrasts	Models_03	MSHBM17	160830		-0.010611532	0.9696755	all	1	6fwhm	sm0	Tseries	20	100
fs32k	17	['HCP']	run-2	HCP	contrasts	Models_03	MSHBM17	164939		0.06814429	0.952248	all	1	6fwhm	sm0	Tseries	20	100
fs32k	17	['HCP']	run-2	HCP	contrasts	Models_03	MSHBM17	167238		0.10250949	0.9151684	all	1	6fwhm	sm0	Tseries	20	100
fs32k	17	['HCP']	run-2	HCP	contrasts	Models_03	MSHBM17	168139		-0.010232622	0.9784947	all	1	6fwhm	sm0	Tseries	20	100
fs32k	17	['HCP']	run-2	HCP	contrasts	Models_03	MSHBM17	168240		0.0705228	0.9505694	all	1	6fwhm	sm0	Tseries	20	100
fs32k	17	['HCP']	run-2	HCP	contrasts	Models_03	MSHBM17	168745		0.03633762	0.9512361	all	1	6fwhm	sm0	Tseries	20	100
fs32k	17	['HCP']	run-2	HCP	contrasts	Models_03	MSHBM17	169040		0.014518231	0.96518147	all	1	6fwhm	sm0	Tseries	20	100
fs32k	17	['HCP']	run-2	HCP	contrasts	Models_03	MSHBM17	169545		0.07325275	0.95489234	all	1	6fwhm	sm0	Tseries	20	100
fs32k	17	['HCP']	run-2	HCP	contrasts	Models_03	MSHBM17	171330		0.09593409	0.9373694	all	1	6fwhm	sm0	Tseries	20	100
fs32k	17	['HCP']	run-2	HCP	contrasts	Models_03	MSHBM17	172332		0.08370253	0.9418322	all	1	6fwhm	sm0	Tseries	20	100
fs32k	17	['HCP']	run-2	HCP	contrasts	Models_03	MSHBM17	172433		0.14014946	0.9402134	all	1	6fwhm	sm0	Tseries	20	100
fs32k	17	['HCP']	run-2	HCP	contrasts	Models_03	MSHBM17	173435		0.0980628	0.92916995	all	1	6fwhm	sm0	Tseries	20	100
fs32k	17	['HCP']	run-2	HCP	contrasts	Models_03	MSHBM17	173637		0.01725568	0.954491	all	1	6fwhm	sm0	Tseries	20	100
fs32k	17	['HCP']	run-2	HCP	contrasts	Models_03	MSHBM17	176542		0.094959676	0.9305711	all	1	6fwhm	sm0	Tseries	20	100
fs32k	17	['HCP']	run-2	HCP	contrasts	Models_03	MSHBM17	178142		0.104853384	0.93527025	all	1	6fwhm	sm0	Tseries	20	100
fs32k	17	['HCP']	run-2	HCP	contrasts	Models_03	MSHBM17	179346		0.086668	0.9253195	all	1	6fwhm	sm0	Tseries	20	100
fs32k	17	['HCP']	run-2	HCP	contrasts	Models_03	MSHBM17	180432		0.047367167	0.9335979	all	1	6fwhm	sm0	Tseries	20	100
fs32k	17	['HCP']	run-2	HCP	contrasts	Models_03	MSHBM17	185442		0.099053785	0.9237344	all	1	6fwhm	sm0	Tseries	20	100
fs32k	17	['HCP']	run-2	HCP	contrasts	Models_03	MSHBM17	188145		0.07613674	0.93978083	all	1	6fwhm	sm0	Tseries	20	100
fs32k	17	['HCP']	run-2	HCP	contrasts	Models_03	MSHBM17	191336		0.04670481	0.9465541	all	1	6fwhm	sm0	Tseries	20	100
fs32k	17	['HCP']	run-2	HCP	contrasts	Models_03	MSHBM17	191942		0.11749523	0.9386822	all	1	6fwhm	sm0	Tseries	20	100
fs32k	17	['HCP']	run-2	HCP	contrasts	Models_03	MSHBM17	192035		0.079334304	0.93296033	all	1	6fwhm	sm0	Tseries	20	100
fs32k	17	['HCP']	run-2	HCP	contrasts	Models_03	MSHBM17	192843		0.08915955	0.94553995	all	1	6fwhm	sm0	Tseries	20	100
fs32k	17	['HCP']	run-2	HCP	contrasts	Models_03	MSHBM17	193845		0.051078077	0.9553559	all	1	6fwhm	sm0	Tseries	20	100
fs32k	17	['HCP']	run-2	HCP	contrasts	Models_03	MSHBM17	194140		0.047194917	0.9462687	all	1	6fwhm	sm0	Tseries	20	100
fs32k	17	['HCP']	run-2	HCP	contrasts	Models_03	MSHBM17	195849		0.05535105	0.9352061	all	1	6fwhm	sm0	Tseries	20	100
fs32k	17	['HCP']	run-2	HCP	contrasts	Models_03	MSHBM17	198350		0.07818143	0.9403734	all	1	6fwhm	sm0	Tseries	20	100
fs32k	17	['HCP']	run-2	HCP	contrasts	Models_03	MSHBM17	199655		0.09027694	0.9438718	all	1	6fwhm	sm0	Tseries	20	100
fs32k	17	['HCP']	run-2	HCP	contrasts	Models_03	MSHBM17	200311		0.01725544	0.9198909	EMOTION	1	6fwhm	sm0	Tseries	20	100
fs32k	17	['HCP']	run-2	HCP	contrasts	Models_03	MSHBM17	202719		0.022460245	0.9517579	EMOTION	1	6fwhm	sm0	Tseries	20	100
fs32k	17	['HCP']	run-2	HCP	contrasts	Models_03	MSHBM17	204319		0.15812531	0.91343015	EMOTION	1	6fwhm	sm0	Tseries	20	100
fs32k	17	['HCP']	run-2	HCP	contrasts	Models_03	MSHBM17	204622		0.078611895	0.9275581	EMOTION	1	6fwhm	sm0	Tseries	20	100
fs32k	17	['HCP']	run-2	HCP	contrasts	Models_03	MSHBM17	205119		0.062861204	0.9473695	EMOTION	1	6fwhm	sm0	Tseries	20	100
fs32k	17	['HCP']	run-2	HCP	contrasts	Models_03	MSHBM17	206828		0.036001015	0.95134896	EMOTION	1	6fwhm	sm0	Tseries	20	100
fs32k	17	['HCP']	run-2	HCP	contrasts	Models_03	MSHBM17	209329		0.089858025	0.92390317	EMOTION	1	6fwhm	sm0	Tseries	20	100
fs32k	17	['HCP']	run-2	HCP	contrasts	Models_03	MSHBM17	210415		0.17800775	0.9133831	EMOTION	1	6fwhm	sm0	Tseries	20	100
fs32k	17	['HCP']	run-2	HCP	contrasts	Models_03	MSHBM17	210617		0.08423519	0.93509567	EMOTION	1	6fwhm	sm0	Tseries	20	100
fs32k	17	['HCP']	run-2	HCP	contrasts	Models_03	MSHBM17	211417		0.12805282	0.91395015	EMOTION	1	6fwhm	sm0	Tseries	20	100
fs32k	17	['HCP']	run-2	HCP	contrasts	Models_03	MSHBM17	212015		0.09218737	0.91848075	EMOTION	1	6fwhm	sm0	Tseries	20	100
fs32k	17	['HCP']	run-2	HCP	contrasts	Models_03	MSHBM17	213421		0.10347689	0.9208951	EMOTION	1	6fwhm	sm0	Tseries	20	100
fs32k	17	['HCP']	run-2	HCP	contrasts	Models_03	MSHBM17	217429		0.17719257	0.9170213	EMOTION	1	6fwhm	sm0	Tseries	20	100
fs32k	17	['HCP']	run-2	HCP	contrasts	Models_03	MSHBM17	227432		0.08551574	0.9466879	EMOTION	1	6fwhm	sm0	Tseries	20	100
fs32k	17	['HCP']	run-2	HCP	contrasts	Models_03	MSHBM17	227533		0.0492017	0.93744105	EMOTION	1	6fwhm	sm0	Tseries	20	100
fs32k	17	['HCP']	run-2	HCP	contrasts	Models_03	MSHBM17	228434		0.14603782	0.93499744	EMOTION	1	6fwhm	sm0	Tseries	20	100
fs32k	17	['HCP']	run-2	HCP	contrasts	Models_03	MSHBM17	237334		0.03888829	0.93680394	EMOTION	1	6fwhm	sm0	Tseries	20	100
fs32k	17	['HCP']	run-2	HCP	contrasts	Models_03	MSHBM17	246133		0.15090086	0.92670107	EMOTION	1	6fwhm	sm0	Tseries	20	100
fs32k	17	['HCP']	run-2	HCP	contrasts	Models_03	MSHBM17	251833		0.22858912	0.8729855	EMOTION	1	6fwhm	sm0	Tseries	20	100
fs32k	17	['HCP']	run-2	HCP	contrasts	Models_03	MSHBM17	255639		0.10749774	0.9233153	EMOTION	1	6fwhm	sm0	Tseries	20	100
fs32k	17	['HCP']	run-2	HCP	contrasts	Models_03	MSHBM17	298051		0.17408147	0.88202107	EMOTION	1	6fwhm	sm0	Tseries	20	100
fs32k	17	['HCP']	run-2	HCP	contrasts	Models_03	MSHBM17	298455		0.056379363	0.92943954	EMOTION	1	6fwhm	sm0	Tseries	20	100
fs32k	17	['HCP']	run-2	HCP	contrasts	Models_03	MSHBM17	299154		0.11392035	0.9370533	EMOTION	1	6fwhm	sm0	Tseries	20	100
fs32k	17	['HCP']	run-2	HCP	contrasts	Models_03	MSHBM17	300719		0.09300202	0.93508923	EMOTION	1	6fwhm	sm0	Tseries	20	100
fs32k	17	['HCP']	run-2	HCP	contrasts	Models_03	MSHBM17	311320		-0.00016881549	0.9453466	EMOTION	1	6fwhm	sm0	Tseries	20	100
fs32k	17	['HCP']	run-2	HCP	contrasts	Models_03	MSHBM17	333330		0.14150555	0.92131567	EMOTION	1	6fwhm	sm0	Tseries	20	100
fs32k	17	['HCP']	run-2	HCP	contrasts	Models_03	MSHBM17	336841		0.076549366	0.912305	EMOTION	1	6fwhm	sm0	Tseries	20	100
fs32k	17	['HCP']	run-2	HCP	contrasts	Models_03	MSHBM17	346945		0.17397921	0.9012152	EMOTION	1	6fwhm	sm0	Tseries	20	100
fs32k	17	['HCP']	run-2	HCP	contrasts	Models_03	MSHBM17	350330		0.11076172	0.9229056	EMOTION	1	6fwhm	sm0	Tseries	20	100
fs32k	17	['HCP']	run-2	HCP	contrasts	Models_03	MSHBM17	358144		0.04477075	0.91251266	EMOTION	1	6fwhm	sm0	Tseries	20	100
fs32k	17	['HCP']	run-2	HCP	contrasts	Models_03	MSHBM17	361234		0.17177603	0.898658	EMOTION	1	6fwhm	sm0	Tseries	20	100
fs32k	17	['HCP']	run-2	HCP	contrasts	Models_03	MSHBM17	365343		0.08299682	0.9303498	EMOTION	1	6fwhm	sm0	Tseries	20	100
fs32k	17	['HCP']	run-2	HCP	contrasts	Models_03	MSHBM17	371843		0.10975468	0.92607737	EMOTION	1	6fwhm	sm0	Tseries	20	100
fs32k	17	['HCP']	run-2	HCP	contrasts	Models_03	MSHBM17	385046		0.22804017	0.8648104	EMOTION	1	6fwhm	sm0	Tseries	20	100
fs32k	17	['HCP']	run-2	HCP	contrasts	Models_03	MSHBM17	393550		0.07383533	0.9477637	EMOTION	1	6fwhm	sm0	Tseries	20	100
fs32k	17	['HCP']	run-2	HCP	contrasts	Models_03	MSHBM17	397760		0.1254791	0.9116251	EMOTION	1	6fwhm	sm0	Tseries	20	100
fs32k	17	['HCP']	run-2	HCP	contrasts	Models_03	MSHBM17	406432		-0.0067361877	0.946095	EMOTION	1	6fwhm	sm0	Tseries	20	100
fs32k	17	['HCP']	run-2	HCP	contrasts	Models_03	MSHBM17	414229		0.2355027	0.8931593	EMOTION	1	6fwhm	sm0	Tseries	20	100
fs32k	17	['HCP']	run-2	HCP	contrasts	Models_03	MSHBM17	421226		0.061846443	0.9268373	EMOTION	1	6fwhm	sm0	Tseries	20	100
fs32k	17	['HCP']	run-2	HCP	contrasts	Models_03	MSHBM17	432332		0.08209118	0.9184525	EMOTION	1	6fwhm	sm0	Tseries	20	100
fs32k	17	['HCP']	run-2	HCP	contrasts	Models_03	MSHBM17	441939		0.04570911	0.954679	EMOTION	1	6fwhm	sm0	Tseries	20	100
fs32k	17	['HCP']	run-2	HCP	contrasts	Models_03	MSHBM17	449753		-0.009084965	0.95103836	EMOTION	1	6fwhm	sm0	Tseries	20	100
fs32k	17	['HCP']	run-2	HCP	contrasts	Models_03	MSHBM17	453441		0.15514976	0.9258051	EMOTION	1	6fwhm	sm0	Tseries	20	100
fs32k	17	['HCP']	run-2	HCP	contrasts	Models_03	MSHBM17	456346		0.176841	0.9153372	EMOTION	1	6fwhm	sm0	Tseries	20	100
fs32k	17	['HCP']	run-2	HCP	contrasts	Models_03	MSHBM17	467351		0.051535517	0.95153517	EMOTION	1	6fwhm	sm0	Tseries	20	100
fs32k	17	['HCP']	run-2	HCP	contrasts	Models_03	MSHBM17	469961		0.08628535	0.93135643	EMOTION	1	6fwhm	sm0	Tseries	20	100
fs32k	17	['HCP']	run-2	HCP	contrasts	Models_03	MSHBM17	475855		0.16010584	0.8954939	EMOTION	1	6fwhm	sm0	Tseries	20	100
fs32k	17	['HCP']	run-2	HCP	contrasts	Models_03	MSHBM17	481042		0.09723665	0.93685853	EMOTION	1	6fwhm	sm0	Tseries	20	100
fs32k	17	['HCP']	run-2	HCP	contrasts	Models_03	MSHBM17	485757		0.1565998	0.9293696	EMOTION	1	6fwhm	sm0	Tseries	20	100
fs32k	17	['HCP']	run-2	HCP	contrasts	Models_03	MSHBM17	499566		0.12638406	0.92381305	EMOTION	1	6fwhm	sm0	Tseries	20	100
fs32k	17	['HCP']	run-2	HCP	contrasts	Models_03	MSHBM17	200311		0.14772013	0.9427233	GAMBLING	1	6fwhm	sm0	Tseries	20	100
fs32k	17	['HCP']	run-2	HCP	contrasts	Models_03	MSHBM17	202719		0.08951783	0.9465553	GAMBLING	1	6fwhm	sm0	Tseries	20	100
fs32k	17	['HCP']	run-2	HCP	contrasts	Models_03	MSHBM17	204319		-0.009422373	0.97247255	GAMBLING	1	6fwhm	sm0	Tseries	20	100
fs32k	17	['HCP']	run-2	HCP	contrasts	Models_03	MSHBM17	204622		0.05327878	0.95076585	GAMBLING	1	6fwhm	sm0	Tseries	20	100
fs32k	17	['HCP']	run-2	HCP	contrasts	Models_03	MSHBM17	205119		0.1937841	0.953887	GAMBLING	1	6fwhm	sm0	Tseries	20	100
fs32k	17	['HCP']	run-2	HCP	contrasts	Models_03	MSHBM17	206828		0.087793514	0.9578292	GAMBLING	1	6fwhm	sm0	Tseries	20	100
fs32k	17	['HCP']	run-2	HCP	contrasts	Models_03	MSHBM17	209329		0.15108788	0.93292844	GAMBLING	1	6fwhm	sm0	Tseries	20	100
fs32k	17	['HCP']	run-2	HCP	contrasts	Models_03	MSHBM17	210415		0.18209708	0.93668187	GAMBLING	1	6fwhm	sm0	Tseries	20	100
fs32k	17	['HCP']	run-2	HCP	contrasts	Models_03	MSHBM17	210617		0.15971152	0.9479089	GAMBLING	1	6fwhm	sm0	Tseries	20	100
fs32k	17	['HCP']	run-2	HCP	contrasts	Models_03	MSHBM17	211417		0.16629003	0.9291653	GAMBLING	1	6fwhm	sm0	Tseries	20	100
fs32k	17	['HCP']	run-2	HCP	contrasts	Models_03	MSHBM17	212015		0.030232072	0.96234435	GAMBLING	1	6fwhm	sm0	Tseries	20	100
fs32k	17	['HCP']	run-2	HCP	contrasts	Models_03	MSHBM17	213421		0.101377815	0.9636127	GAMBLING	1	6fwhm	sm0	Tseries	20	100
fs32k	17	['HCP']	run-2	HCP	contrasts	Models_03	MSHBM17	217429		0.10132186	0.9517171	GAMBLING	1	6fwhm	sm0	Tseries	20	100
fs32k	17	['HCP']	run-2	HCP	contrasts	Models_03	MSHBM17	227432		0.07137851	0.9640188	GAMBLING	1	6fwhm	sm0	Tseries	20	100
fs32k	17	['HCP']	run-2	HCP	contrasts	Models_03	MSHBM17	227533		0.019066935	0.95808876	GAMBLING	1	6fwhm	sm0	Tseries	20	100
fs32k	17	['HCP']	run-2	HCP	contrasts	Models_03	MSHBM17	228434		0.073558845	0.96154153	GAMBLING	1	6fwhm	sm0	Tseries	20	100
fs32k	17	['HCP']	run-2	HCP	contrasts	Models_03	MSHBM17	237334		0.049495175	0.95489424	GAMBLING	1	6fwhm	sm0	Tseries	20	100
fs32k	17	['HCP']	run-2	HCP	contrasts	Models_03	MSHBM17	246133		0.21968544	0.9362377	GAMBLING	1	6fwhm	sm0	Tseries	20	100
fs32k	17	['HCP']	run-2	HCP	contrasts	Models_03	MSHBM17	251833		0.28204703	0.9315703	GAMBLING	1	6fwhm	sm0	Tseries	20	100
fs32k	17	['HCP']	run-2	HCP	contrasts	Models_03	MSHBM17	255639		0.21954161	0.9238236	GAMBLING	1	6fwhm	sm0	Tseries	20	100
fs32k	17	['HCP']	run-2	HCP	contrasts	Models_03	MSHBM17	298051		0.24637727	0.917113	GAMBLING	1	6fwhm	sm0	Tseries	20	100
fs32k	17	['HCP']	run-2	HCP	contrasts	Models_03	MSHBM17	298455		0.033041682	0.9555313	GAMBLING	1	6fwhm	sm0	Tseries	20	100
fs32k	17	['HCP']	run-2	HCP	contrasts	Models_03	MSHBM17	299154		0.11848851	0.953503	GAMBLING	1	6fwhm	sm0	Tseries	20	100
fs32k	17	['HCP']	run-2	HCP	contrasts	Models_03	MSHBM17	300719		0.089845814	0.9709014	GAMBLING	1	6fwhm	sm0	Tseries	20	100
fs32k	17	['HCP']	run-2	HCP	contrasts	Models_03	MSHBM17	311320		0.014987041	0.9643593	GAMBLING	1	6fwhm	sm0	Tseries	20	100
fs32k	17	['HCP']	run-2	HCP	contrasts	Models_03	MSHBM17	333330		0.12422953	0.94513506	GAMBLING	1	6fwhm	sm0	Tseries	20	100
fs32k	17	['HCP']	run-2	HCP	contrasts	Models_03	MSHBM17	336841		0.07793338	0.9360877	GAMBLING	1	6fwhm	sm0	Tseries	20	100
fs32k	17	['HCP']	run-2	HCP	contrasts	Models_03	MSHBM17	346945		0.16458231	0.9309866	GAMBLING	1	6fwhm	sm0	Tseries	20	100
fs32k	17	['HCP']	run-2	HCP	contrasts	Models_03	MSHBM17	350330		0.14958397	0.9394027	GAMBLING	1	6fwhm	sm0	Tseries	20	100
fs32k	17	['HCP']	run-2	HCP	contrasts	Models_03	MSHBM17	358144		0.105321065	0.9400039	GAMBLING	1	6fwhm	sm0	Tseries	20	100
fs32k	17	['HCP']	run-2	HCP	contrasts	Models_03	MSHBM17	361234		0.15550934	0.93705195	GAMBLING	1	6fwhm	sm0	Tseries	20	100
fs32k	17	['HCP']	run-2	HCP	contrasts	Models_03	MSHBM17	365343		0.014726249	0.9616159	GAMBLING	1	6fwhm	sm0	Tseries	20	100
fs32k	17	['HCP']	run-2	HCP	contrasts	Models_03	MSHBM17	371843		0.13147442	0.94577885	GAMBLING	1	6fwhm	sm0	Tseries	20	100
fs32k	17	['HCP']	run-2	HCP	contrasts	Models_03	MSHBM17	385046		0.24366447	0.94649714	GAMBLING	1	6fwhm	sm0	Tseries	20	100
fs32k	17	['HCP']	run-2	HCP	contrasts	Models_03	MSHBM17	393550		0.06646393	0.975733	GAMBLING	1	6fwhm	sm0	Tseries	20	100
fs32k	17	['HCP']	run-2	HCP	contrasts	Models_03	MSHBM17	397760		0.20928773	0.9366345	GAMBLING	1	6fwhm	sm0	Tseries	20	100
fs32k	17	['HCP']	run-2	HCP	contrasts	Models_03	MSHBM17	406432		0.048401233	0.9741343	GAMBLING	1	6fwhm	sm0	Tseries	20	100
fs32k	17	['HCP']	run-2	HCP	contrasts	Models_03	MSHBM17	414229		0.22834662	0.9347624	GAMBLING	1	6fwhm	sm0	Tseries	20	100
fs32k	17	['HCP']	run-2	HCP	contrasts	Models_03	MSHBM17	421226		0.006264064	0.97509396	GAMBLING	1	6fwhm	sm0	Tseries	20	100
fs32k	17	['HCP']	run-2	HCP	contrasts	Models_03	MSHBM17	432332		0.1560576	0.9472331	GAMBLING	1	6fwhm	sm0	Tseries	20	100
fs32k	17	['HCP']	run-2	HCP	contrasts	Models_03	MSHBM17	441939		0.05246966	0.956532	GAMBLING	1	6fwhm	sm0	Tseries	20	100
fs32k	17	['HCP']	run-2	HCP	contrasts	Models_03	MSHBM17	449753		0.048807252	0.97323215	GAMBLING	1	6fwhm	sm0	Tseries	20	100
fs32k	17	['HCP']	run-2	HCP	contrasts	Models_03	MSHBM17	453441		0.13390388	0.9593507	GAMBLING	1	6fwhm	sm0	Tseries	20	100
fs32k	17	['HCP']	run-2	HCP	contrasts	Models_03	MSHBM17	456346		0.07655037	0.9506785	GAMBLING	1	6fwhm	sm0	Tseries	20	100
fs32k	17	['HCP']	run-2	HCP	contrasts	Models_03	MSHBM17	467351		0.2450403	0.95477915	GAMBLING	1	6fwhm	sm0	Tseries	20	100
fs32k	17	['HCP']	run-2	HCP	contrasts	Models_03	MSHBM17	469961		0.2796527	0.918735	GAMBLING	1	6fwhm	sm0	Tseries	20	100
fs32k	17	['HCP']	run-2	HCP	contrasts	Models_03	MSHBM17	475855		0.13875604	0.9454326	GAMBLING	1	6fwhm	sm0	Tseries	20	100
fs32k	17	['HCP']	run-2	HCP	contrasts	Models_03	MSHBM17	481042		0.16579144	0.92041147	GAMBLING	1	6fwhm	sm0	Tseries	20	100
fs32k	17	['HCP']	run-2	HCP	contrasts	Models_03	MSHBM17	485757		0.063988805	0.9706208	GAMBLING	1	6fwhm	sm0	Tseries	20	100
fs32k	17	['HCP']	run-2	HCP	contrasts	Models_03	MSHBM17	499566		0.06781933	0.9445013	GAMBLING	1	6fwhm	sm0	Tseries	20	100
fs32k	17	['HCP']	run-2	HCP	contrasts	Models_03	MSHBM17	200311		0.019733721	0.95760864	LANGUAGE	1	6fwhm	sm0	Tseries	20	100
fs32k	17	['HCP']	run-2	HCP	contrasts	Models_03	MSHBM17	202719		0.0803951	0.941108	LANGUAGE	1	6fwhm	sm0	Tseries	20	100
fs32k	17	['HCP']	run-2	HCP	contrasts	Models_03	MSHBM17	204319		0.1071382	0.9511571	LANGUAGE	1	6fwhm	sm0	Tseries	20	100
fs32k	17	['HCP']	run-2	HCP	contrasts	Models_03	MSHBM17	204622		0.075223	0.94216526	LANGUAGE	1	6fwhm	sm0	Tseries	20	100
fs32k	17	['HCP']	run-2	HCP	contrasts	Models_03	MSHBM17	205119		0.044409715	0.96084565	LANGUAGE	1	6fwhm	sm0	Tseries	20	100
fs32k	17	['HCP']	run-2	HCP	contrasts	Models_03	MSHBM17	206828		0.09869392	0.92698234	LANGUAGE	1	6fwhm	sm0	Tseries	20	100
fs32k	17	['HCP']	run-2	HCP	contrasts	Models_03	MSHBM17	209329		0.0866158	0.9516982	LANGUAGE	1	6fwhm	sm0	Tseries	20	100
fs32k	17	['HCP']	run-2	HCP	contrasts	Models_03	MSHBM17	210415		0.043725457	0.95452595	LANGUAGE	1	6fwhm	sm0	Tseries	20	100
fs32k	17	['HCP']	run-2	HCP	contrasts	Models_03	MSHBM17	210617		0.046068564	0.95702237	LANGUAGE	1	6fwhm	sm0	Tseries	20	100
fs32k	17	['HCP']	run-2	HCP	contrasts	Models_03	MSHBM17	211417		0.04404147	0.9468837	LANGUAGE	1	6fwhm	sm0	Tseries	20	100
fs32k	17	['HCP']	run-2	HCP	contrasts	Models_03	MSHBM17	212015		0.045223042	0.9639348	LANGUAGE	1	6fwhm	sm0	Tseries	20	100
fs32k	17	['HCP']	run-2	HCP	contrasts	Models_03	MSHBM17	213421		0.040067554	0.93797433	LANGUAGE	1	6fwhm	sm0	Tseries	20	100
fs32k	17	['HCP']	run-2	HCP	contrasts	Models_03	MSHBM17	217429		0.09323634	0.9276783	LANGUAGE	1	6fwhm	sm0	Tseries	20	100
fs32k	17	['HCP']	run-2	HCP	contrasts	Models_03	MSHBM17	227432		0.08734635	0.9373939	LANGUAGE	1	6fwhm	sm0	Tseries	20	100
fs32k	17	['HCP']	run-2	HCP	contrasts	Models_03	MSHBM17	227533		0.0145352045	0.9545727	LANGUAGE	1	6fwhm	sm0	Tseries	20	100
fs32k	17	['HCP']	run-2	HCP	contrasts	Models_03	MSHBM17	228434		0.029657448	0.9543772	LANGUAGE	1	6fwhm	sm0	Tseries	20	100
fs32k	17	['HCP']	run-2	HCP	contrasts	Models_03	MSHBM17	237334		0.06556954	0.947529	LANGUAGE	1	6fwhm	sm0	Tseries	20	100
fs32k	17	['HCP']	run-2	HCP	contrasts	Models_03	MSHBM17	246133		0.0592969	0.9451946	LANGUAGE	1	6fwhm	sm0	Tseries	20	100
fs32k	17	['HCP']	run-2	HCP	contrasts	Models_03	MSHBM17	251833		0.035863675	0.9670889	LANGUAGE	1	6fwhm	sm0	Tseries	20	100
fs32k	17	['HCP']	run-2	HCP	contrasts	Models_03	MSHBM17	255639		0.07011177	0.964554	LANGUAGE	1	6fwhm	sm0	Tseries	20	100
fs32k	17	['HCP']	run-2	HCP	contrasts	Models_03	MSHBM17	298051		0.03723654	0.9494976	LANGUAGE	1	6fwhm	sm0	Tseries	20	100
fs32k	17	['HCP']	run-2	HCP	contrasts	Models_03	MSHBM17	298455		-0.018780652	0.9770038	LANGUAGE	1	6fwhm	sm0	Tseries	20	100
fs32k	17	['HCP']	run-2	HCP	contrasts	Models_03	MSHBM17	299154		0.10538709	0.92856014	LANGUAGE	1	6fwhm	sm0	Tseries	20	100
fs32k	17	['HCP']	run-2	HCP	contrasts	Models_03	MSHBM17	300719		0.02615762	0.95267695	LANGUAGE	1	6fwhm	sm0	Tseries	20	100
fs32k	17	['HCP']	run-2	HCP	contrasts	Models_03	MSHBM17	311320		-0.030587703	0.97614944	LANGUAGE	1	6fwhm	sm0	Tseries	20	100
fs32k	17	['HCP']	run-2	HCP	contrasts	Models_03	MSHBM17	333330		0.05012889	0.9522519	LANGUAGE	1	6fwhm	sm0	Tseries	20	100
fs32k	17	['HCP']	run-2	HCP	contrasts	Models_03	MSHBM17	336841		0.053231485	0.9454691	LANGUAGE	1	6fwhm	sm0	Tseries	20	100
fs32k	17	['HCP']	run-2	HCP	contrasts	Models_03	MSHBM17	346945		0.057880953	0.9580083	LANGUAGE	1	6fwhm	sm0	Tseries	20	100
fs32k	17	['HCP']	run-2	HCP	contrasts	Models_03	MSHBM17	350330		0.07544306	0.93425965	LANGUAGE	1	6fwhm	sm0	Tseries	20	100
fs32k	17	['HCP']	run-2	HCP	contrasts	Models_03	MSHBM17	358144		0.025008172	0.9394679	LANGUAGE	1	6fwhm	sm0	Tseries	20	100
fs32k	17	['HCP']	run-2	HCP	contrasts	Models_03	MSHBM17	361234		0.06916606	0.9633217	LANGUAGE	1	6fwhm	sm0	Tseries	20	100
fs32k	17	['HCP']	run-2	HCP	contrasts	Models_03	MSHBM17	365343		0.001909689	0.9627595	LANGUAGE	1	6fwhm	sm0	Tseries	20	100
fs32k	17	['HCP']	run-2	HCP	contrasts	Models_03	MSHBM17	371843		0.046913795	0.94965905	LANGUAGE	1	6fwhm	sm0	Tseries	20	100
fs32k	17	['HCP']	run-2	HCP	contrasts	Models_03	MSHBM17	385046		0.03193773	0.9621823	LANGUAGE	1	6fwhm	sm0	Tseries	20	100
fs32k	17	['HCP']	run-2	HCP	contrasts	Models_03	MSHBM17	393550		0.026393313	0.95164096	LANGUAGE	1	6fwhm	sm0	Tseries	20	100
fs32k	17	['HCP']	run-2	HCP	contrasts	Models_03	MSHBM17	397760		0.11234012	0.94544023	LANGUAGE	1	6fwhm	sm0	Tseries	20	100
fs32k	17	['HCP']	run-2	HCP	contrasts	Models_03	MSHBM17	406432		0.06270941	0.95926064	LANGUAGE	1	6fwhm	sm0	Tseries	20	100
fs32k	17	['HCP']	run-2	HCP	contrasts	Models_03	MSHBM17	414229		0.058163557	0.9497167	LANGUAGE	1	6fwhm	sm0	Tseries	20	100
fs32k	17	['HCP']	run-2	HCP	contrasts	Models_03	MSHBM17	421226		0.053051498	0.94186485	LANGUAGE	1	6fwhm	sm0	Tseries	20	100
fs32k	17	['HCP']	run-2	HCP	contrasts	Models_03	MSHBM17	432332		0.10544508	0.94087684	LANGUAGE	1	6fwhm	sm0	Tseries	20	100
fs32k	17	['HCP']	run-2	HCP	contrasts	Models_03	MSHBM17	441939		0.039211728	0.9693929	LANGUAGE	1	6fwhm	sm0	Tseries	20	100
fs32k	17	['HCP']	run-2	HCP	contrasts	Models_03	MSHBM17	449753		0.034187075	0.96177787	LANGUAGE	1	6fwhm	sm0	Tseries	20	100
fs32k	17	['HCP']	run-2	HCP	contrasts	Models_03	MSHBM17	453441		0.023989711	0.94828546	LANGUAGE	1	6fwhm	sm0	Tseries	20	100
fs32k	17	['HCP']	run-2	HCP	contrasts	Models_03	MSHBM17	456346		0.022263497	0.9422621	LANGUAGE	1	6fwhm	sm0	Tseries	20	100
fs32k	17	['HCP']	run-2	HCP	contrasts	Models_03	MSHBM17	467351		0.10998769	0.9520577	LANGUAGE	1	6fwhm	sm0	Tseries	20	100
fs32k	17	['HCP']	run-2	HCP	contrasts	Models_03	MSHBM17	469961		0.12852798	0.92176557	LANGUAGE	1	6fwhm	sm0	Tseries	20	100
fs32k	17	['HCP']	run-2	HCP	contrasts	Models_03	MSHBM17	475855		0.08815187	0.9502198	LANGUAGE	1	6fwhm	sm0	Tseries	20	100
fs32k	17	['HCP']	run-2	HCP	contrasts	Models_03	MSHBM17	481042		-0.0213749	0.961566	LANGUAGE	1	6fwhm	sm0	Tseries	20	100
fs32k	17	['HCP']	run-2	HCP	contrasts	Models_03	MSHBM17	485757		0.026301764	0.9527831	LANGUAGE	1	6fwhm	sm0	Tseries	20	100
fs32k	17	['HCP']	run-2	HCP	contrasts	Models_03	MSHBM17	499566		0.06141773	0.94235885	LANGUAGE	1	6fwhm	sm0	Tseries	20	100
fs32k	17	['HCP']	run-2	HCP	contrasts	Models_03	MSHBM17	200311		0.055241473	0.95452505	MOTOR	1	6fwhm	sm0	Tseries	20	100
fs32k	17	['HCP']	run-2	HCP	contrasts	Models_03	MSHBM17	202719		0.04100597	0.9484513	MOTOR	1	6fwhm	sm0	Tseries	20	100
fs32k	17	['HCP']	run-2	HCP	contrasts	Models_03	MSHBM17	204319		-0.00994003	0.9554769	MOTOR	1	6fwhm	sm0	Tseries	20	100
fs32k	17	['HCP']	run-2	HCP	contrasts	Models_03	MSHBM17	204622		0.07501948	0.92635363	MOTOR	1	6fwhm	sm0	Tseries	20	100
fs32k	17	['HCP']	run-2	HCP	contrasts	Models_03	MSHBM17	205119		0.010442009	0.9756402	MOTOR	1	6fwhm	sm0	Tseries	20	100
fs32k	17	['HCP']	run-2	HCP	contrasts	Models_03	MSHBM17	206828		0.044211	0.9423683	MOTOR	1	6fwhm	sm0	Tseries	20	100
fs32k	17	['HCP']	run-2	HCP	contrasts	Models_03	MSHBM17	209329		0.0714902	0.9225648	MOTOR	1	6fwhm	sm0	Tseries	20	100
fs32k	17	['HCP']	run-2	HCP	contrasts	Models_03	MSHBM17	210415		0.034602668	0.939781	MOTOR	1	6fwhm	sm0	Tseries	20	100
fs32k	17	['HCP']	run-2	HCP	contrasts	Models_03	MSHBM17	210617		0.05241862	0.9481889	MOTOR	1	6fwhm	sm0	Tseries	20	100
fs32k	17	['HCP']	run-2	HCP	contrasts	Models_03	MSHBM17	211417		0.01332415	0.9575889	MOTOR	1	6fwhm	sm0	Tseries	20	100
fs32k	17	['HCP']	run-2	HCP	contrasts	Models_03	MSHBM17	212015		0.03004966	0.93953806	MOTOR	1	6fwhm	sm0	Tseries	20	100
fs32k	17	['HCP']	run-2	HCP	contrasts	Models_03	MSHBM17	213421		0.10408756	0.9307711	MOTOR	1	6fwhm	sm0	Tseries	20	100
fs32k	17	['HCP']	run-2	HCP	contrasts	Models_03	MSHBM17	217429		0.035731412	0.9579028	MOTOR	1	6fwhm	sm0	Tseries	20	100
fs32k	17	['HCP']	run-2	HCP	contrasts	Models_03	MSHBM17	227432		0.043177254	0.9605108	MOTOR	1	6fwhm	sm0	Tseries	20	100
fs32k	17	['HCP']	run-2	HCP	contrasts	Models_03	MSHBM17	227533		0.066507585	0.9286295	MOTOR	1	6fwhm	sm0	Tseries	20	100
fs32k	17	['HCP']	run-2	HCP	contrasts	Models_03	MSHBM17	228434		0.0065544182	0.95150965	MOTOR	1	6fwhm	sm0	Tseries	20	100
fs32k	17	['HCP']	run-2	HCP	contrasts	Models_03	MSHBM17	237334		0.05265543	0.9407732	MOTOR	1	6fwhm	sm0	Tseries	20	100
fs32k	17	['HCP']	run-2	HCP	contrasts	Models_03	MSHBM17	246133		0.04949857	0.9491607	MOTOR	1	6fwhm	sm0	Tseries	20	100
fs32k	17	['HCP']	run-2	HCP	contrasts	Models_03	MSHBM17	251833		0.061515868	0.95037085	MOTOR	1	6fwhm	sm0	Tseries	20	100
fs32k	17	['HCP']	run-2	HCP	contrasts	Models_03	MSHBM17	255639		0.07934829	0.9443872	MOTOR	1	6fwhm	sm0	Tseries	20	100
fs32k	17	['HCP']	run-2	HCP	contrasts	Models_03	MSHBM17	298051		0.08658919	0.9360025	MOTOR	1	6fwhm	sm0	Tseries	20	100
fs32k	17	['HCP']	run-2	HCP	contrasts	Models_03	MSHBM17	298455		-0.0033662873	0.9720841	MOTOR	1	6fwhm	sm0	Tseries	20	100
fs32k	17	['HCP']	run-2	HCP	contrasts	Models_03	MSHBM17	299154		0.041767683	0.94042796	MOTOR	1	6fwhm	sm0	Tseries	20	100
fs32k	17	['HCP']	run-2	HCP	contrasts	Models_03	MSHBM17	300719		0.037426077	0.9485873	MOTOR	1	6fwhm	sm0	Tseries	20	100
fs32k	17	['HCP']	run-2	HCP	contrasts	Models_03	MSHBM17	311320		0.009774543	0.9503202	MOTOR	1	6fwhm	sm0	Tseries	20	100
fs32k	17	['HCP']	run-2	HCP	contrasts	Models_03	MSHBM17	333330		0.08372793	0.9520678	MOTOR	1	6fwhm	sm0	Tseries	20	100
fs32k	17	['HCP']	run-2	HCP	contrasts	Models_03	MSHBM17	336841		0.0274331	0.9491246	MOTOR	1	6fwhm	sm0	Tseries	20	100
fs32k	17	['HCP']	run-2	HCP	contrasts	Models_03	MSHBM17	346945		0.113212235	0.9342081	MOTOR	1	6fwhm	sm0	Tseries	20	100
fs32k	17	['HCP']	run-2	HCP	contrasts	Models_03	MSHBM17	350330		0.0646705	0.9258088	MOTOR	1	6fwhm	sm0	Tseries	20	100
fs32k	17	['HCP']	run-2	HCP	contrasts	Models_03	MSHBM17	358144		0.06360589	0.9689434	MOTOR	1	6fwhm	sm0	Tseries	20	100
fs32k	17	['HCP']	run-2	HCP	contrasts	Models_03	MSHBM17	361234		0.029744808	0.953614	MOTOR	1	6fwhm	sm0	Tseries	20	100
fs32k	17	['HCP']	run-2	HCP	contrasts	Models_03	MSHBM17	365343		0.07278727	0.9607825	MOTOR	1	6fwhm	sm0	Tseries	20	100
fs32k	17	['HCP']	run-2	HCP	contrasts	Models_03	MSHBM17	371843		0.010058682	0.9637961	MOTOR	1	6fwhm	sm0	Tseries	20	100
fs32k	17	['HCP']	run-2	HCP	contrasts	Models_03	MSHBM17	385046		0.061532892	0.94407576	MOTOR	1	6fwhm	sm0	Tseries	20	100
fs32k	17	['HCP']	run-2	HCP	contrasts	Models_03	MSHBM17	393550		0.032729782	0.941976	MOTOR	1	6fwhm	sm0	Tseries	20	100
fs32k	17	['HCP']	run-2	HCP	contrasts	Models_03	MSHBM17	397760		0.058010865	0.9408875	MOTOR	1	6fwhm	sm0	Tseries	20	100
fs32k	17	['HCP']	run-2	HCP	contrasts	Models_03	MSHBM17	406432		0.030064441	0.9370496	MOTOR	1	6fwhm	sm0	Tseries	20	100
fs32k	17	['HCP']	run-2	HCP	contrasts	Models_03	MSHBM17	414229		0.034256633	0.941977	MOTOR	1	6fwhm	sm0	Tseries	20	100
fs32k	17	['HCP']	run-2	HCP	contrasts	Models_03	MSHBM17	421226		0.017016206	0.9394982	MOTOR	1	6fwhm	sm0	Tseries	20	100
fs32k	17	['HCP']	run-2	HCP	contrasts	Models_03	MSHBM17	432332		0.04865117	0.95026535	MOTOR	1	6fwhm	sm0	Tseries	20	100
fs32k	17	['HCP']	run-2	HCP	contrasts	Models_03	MSHBM17	441939		0.06593028	0.9449798	MOTOR	1	6fwhm	sm0	Tseries	20	100
fs32k	17	['HCP']	run-2	HCP	contrasts	Models_03	MSHBM17	449753		0.017055282	0.96765244	MOTOR	1	6fwhm	sm0	Tseries	20	100
fs32k	17	['HCP']	run-2	HCP	contrasts	Models_03	MSHBM17	453441		0.029967621	0.9463839	MOTOR	1	6fwhm	sm0	Tseries	20	100
fs32k	17	['HCP']	run-2	HCP	contrasts	Models_03	MSHBM17	456346		0.046834465	0.9512408	MOTOR	1	6fwhm	sm0	Tseries	20	100
fs32k	17	['HCP']	run-2	HCP	contrasts	Models_03	MSHBM17	467351		0.044828624	0.9535455	MOTOR	1	6fwhm	sm0	Tseries	20	100
fs32k	17	['HCP']	run-2	HCP	contrasts	Models_03	MSHBM17	469961		0.044471033	0.95152485	MOTOR	1	6fwhm	sm0	Tseries	20	100
fs32k	17	['HCP']	run-2	HCP	contrasts	Models_03	MSHBM17	475855		0.08073312	0.9421265	MOTOR	1	6fwhm	sm0	Tseries	20	100
fs32k	17	['HCP']	run-2	HCP	contrasts	Models_03	MSHBM17	481042		0.072522625	0.92977136	MOTOR	1	6fwhm	sm0	Tseries	20	100
fs32k	17	['HCP']	run-2	HCP	contrasts	Models_03	MSHBM17	485757		0.02298676	0.978524	MOTOR	1	6fwhm	sm0	Tseries	20	100
fs32k	17	['HCP']	run-2	HCP	contrasts	Models_03	MSHBM17	499566		0.036994927	0.93941057	MOTOR	1	6fwhm	sm0	Tseries	20	100
fs32k	17	['HCP']	run-2	HCP	contrasts	Models_03	MSHBM17	200311		0.14646134	0.9002778	RELATIONAL	1	6fwhm	sm0	Tseries	20	100
fs32k	17	['HCP']	run-2	HCP	contrasts	Models_03	MSHBM17	202719		-0.010701647	0.96653533	RELATIONAL	1	6fwhm	sm0	Tseries	20	100
fs32k	17	['HCP']	run-2	HCP	contrasts	Models_03	MSHBM17	204319		0.09446654	0.94395673	RELATIONAL	1	6fwhm	sm0	Tseries	20	100
fs32k	17	['HCP']	run-2	HCP	contrasts	Models_03	MSHBM17	204622		0.16745587	0.92473334	RELATIONAL	1	6fwhm	sm0	Tseries	20	100
fs32k	17	['HCP']	run-2	HCP	contrasts	Models_03	MSHBM17	205119		0.1593665	0.9569838	RELATIONAL	1	6fwhm	sm0	Tseries	20	100
fs32k	17	['HCP']	run-2	HCP	contrasts	Models_03	MSHBM17	206828		0.16897061	0.9257134	RELATIONAL	1	6fwhm	sm0	Tseries	20	100
fs32k	17	['HCP']	run-2	HCP	contrasts	Models_03	MSHBM17	209329		0.13371183	0.89562595	RELATIONAL	1	6fwhm	sm0	Tseries	20	100
fs32k	17	['HCP']	run-2	HCP	contrasts	Models_03	MSHBM17	210415		0.081135646	0.9033248	RELATIONAL	1	6fwhm	sm0	Tseries	20	100
fs32k	17	['HCP']	run-2	HCP	contrasts	Models_03	MSHBM17	210617		0.104605824	0.9310354	RELATIONAL	1	6fwhm	sm0	Tseries	20	100
fs32k	17	['HCP']	run-2	HCP	contrasts	Models_03	MSHBM17	211417		0.18208289	0.9017536	RELATIONAL	1	6fwhm	sm0	Tseries	20	100
fs32k	17	['HCP']	run-2	HCP	contrasts	Models_03	MSHBM17	212015		0.19885531	0.91043687	RELATIONAL	1	6fwhm	sm0	Tseries	20	100
fs32k	17	['HCP']	run-2	HCP	contrasts	Models_03	MSHBM17	213421		0.10464368	0.94023573	RELATIONAL	1	6fwhm	sm0	Tseries	20	100
fs32k	17	['HCP']	run-2	HCP	contrasts	Models_03	MSHBM17	217429		0.18193898	0.8977685	RELATIONAL	1	6fwhm	sm0	Tseries	20	100
fs32k	17	['HCP']	run-2	HCP	contrasts	Models_03	MSHBM17	227432		0.09166847	0.94197285	RELATIONAL	1	6fwhm	sm0	Tseries	20	100
fs32k	17	['HCP']	run-2	HCP	contrasts	Models_03	MSHBM17	227533		0.12602518	0.9108925	RELATIONAL	1	6fwhm	sm0	Tseries	20	100
fs32k	17	['HCP']	run-2	HCP	contrasts	Models_03	MSHBM17	228434		0.17793041	0.9340882	RELATIONAL	1	6fwhm	sm0	Tseries	20	100
fs32k	17	['HCP']	run-2	HCP	contrasts	Models_03	MSHBM17	237334		0.17898409	0.9119677	RELATIONAL	1	6fwhm	sm0	Tseries	20	100
fs32k	17	['HCP']	run-2	HCP	contrasts	Models_03	MSHBM17	246133		0.23531654	0.90057373	RELATIONAL	1	6fwhm	sm0	Tseries	20	100
fs32k	17	['HCP']	run-2	HCP	contrasts	Models_03	MSHBM17	251833		0.23282103	0.8812647	RELATIONAL	1	6fwhm	sm0	Tseries	20	100
fs32k	17	['HCP']	run-2	HCP	contrasts	Models_03	MSHBM17	255639		0.1183187	0.9208877	RELATIONAL	1	6fwhm	sm0	Tseries	20	100
fs32k	17	['HCP']	run-2	HCP	contrasts	Models_03	MSHBM17	298051		0.21866259	0.92641515	RELATIONAL	1	6fwhm	sm0	Tseries	20	100
fs32k	17	['HCP']	run-2	HCP	contrasts	Models_03	MSHBM17	298455		0.034131974	0.9528295	RELATIONAL	1	6fwhm	sm0	Tseries	20	100
fs32k	17	['HCP']	run-2	HCP	contrasts	Models_03	MSHBM17	299154		0.16752613	0.9125104	RELATIONAL	1	6fwhm	sm0	Tseries	20	100
fs32k	17	['HCP']	run-2	HCP	contrasts	Models_03	MSHBM17	300719		0.13170168	0.9088986	RELATIONAL	1	6fwhm	sm0	Tseries	20	100
fs32k	17	['HCP']	run-2	HCP	contrasts	Models_03	MSHBM17	311320		0.044502065	0.955266	RELATIONAL	1	6fwhm	sm0	Tseries	20	100
fs32k	17	['HCP']	run-2	HCP	contrasts	Models_03	MSHBM17	333330		0.115258396	0.9117033	RELATIONAL	1	6fwhm	sm0	Tseries	20	100
fs32k	17	['HCP']	run-2	HCP	contrasts	Models_03	MSHBM17	336841		0.074959055	0.94542265	RELATIONAL	1	6fwhm	sm0	Tseries	20	100
fs32k	17	['HCP']	run-2	HCP	contrasts	Models_03	MSHBM17	346945		0.29957396	0.89786595	RELATIONAL	1	6fwhm	sm0	Tseries	20	100
fs32k	17	['HCP']	run-2	HCP	contrasts	Models_03	MSHBM17	350330		0.09694007	0.90409654	RELATIONAL	1	6fwhm	sm0	Tseries	20	100
fs32k	17	['HCP']	run-2	HCP	contrasts	Models_03	MSHBM17	358144		0.1245898	0.9459199	RELATIONAL	1	6fwhm	sm0	Tseries	20	100
fs32k	17	['HCP']	run-2	HCP	contrasts	Models_03	MSHBM17	361234		0.18462078	0.9155953	RELATIONAL	1	6fwhm	sm0	Tseries	20	100
fs32k	17	['HCP']	run-2	HCP	contrasts	Models_03	MSHBM17	365343		0.12935933	0.92121696	RELATIONAL	1	6fwhm	sm0	Tseries	20	100
fs32k	17	['HCP']	run-2	HCP	contrasts	Models_03	MSHBM17	371843		0.16832644	0.95281935	RELATIONAL	1	6fwhm	sm0	Tseries	20	100
fs32k	17	['HCP']	run-2	HCP	contrasts	Models_03	MSHBM17	385046		0.3336248	0.8819768	RELATIONAL	1	6fwhm	sm0	Tseries	20	100
fs32k	17	['HCP']	run-2	HCP	contrasts	Models_03	MSHBM17	393550		0.21357861	0.9352526	RELATIONAL	1	6fwhm	sm0	Tseries	20	100
fs32k	17	['HCP']	run-2	HCP	contrasts	Models_03	MSHBM17	397760		0.14569567	0.9241699	RELATIONAL	1	6fwhm	sm0	Tseries	20	100
fs32k	17	['HCP']	run-2	HCP	contrasts	Models_03	MSHBM17	406432		0.089190945	0.9367244	RELATIONAL	1	6fwhm	sm0	Tseries	20	100
fs32k	17	['HCP']	run-2	HCP	contrasts	Models_03	MSHBM17	414229		0.24640277	0.8962945	RELATIONAL	1	6fwhm	sm0	Tseries	20	100
fs32k	17	['HCP']	run-2	HCP	contrasts	Models_03	MSHBM17	421226		0.15910125	0.92278194	RELATIONAL	1	6fwhm	sm0	Tseries	20	100
fs32k	17	['HCP']	run-2	HCP	contrasts	Models_03	MSHBM17	432332		0.13420507	0.9153804	RELATIONAL	1	6fwhm	sm0	Tseries	20	100
fs32k	17	['HCP']	run-2	HCP	contrasts	Models_03	MSHBM17	441939		0.036655586	0.95762175	RELATIONAL	1	6fwhm	sm0	Tseries	20	100
fs32k	17	['HCP']	run-2	HCP	contrasts	Models_03	MSHBM17	449753		0.080045916	0.9565823	RELATIONAL	1	6fwhm	sm0	Tseries	20	100
fs32k	17	['HCP']	run-2	HCP	contrasts	Models_03	MSHBM17	453441		0.15306786	0.9242761	RELATIONAL	1	6fwhm	sm0	Tseries	20	100
fs32k	17	['HCP']	run-2	HCP	contrasts	Models_03	MSHBM17	456346		0.21381605	0.89245176	RELATIONAL	1	6fwhm	sm0	Tseries	20	100
fs32k	17	['HCP']	run-2	HCP	contrasts	Models_03	MSHBM17	467351		0.107538275	0.93979615	RELATIONAL	1	6fwhm	sm0	Tseries	20	100
fs32k	17	['HCP']	run-2	HCP	contrasts	Models_03	MSHBM17	469961		0.17564718	0.9085884	RELATIONAL	1	6fwhm	sm0	Tseries	20	100
fs32k	17	['HCP']	run-2	HCP	contrasts	Models_03	MSHBM17	475855		0.18377659	0.9164254	RELATIONAL	1	6fwhm	sm0	Tseries	20	100
fs32k	17	['HCP']	run-2	HCP	contrasts	Models_03	MSHBM17	481042		0.16579759	0.9051299	RELATIONAL	1	6fwhm	sm0	Tseries	20	100
fs32k	17	['HCP']	run-2	HCP	contrasts	Models_03	MSHBM17	485757		0.17294876	0.9319353	RELATIONAL	1	6fwhm	sm0	Tseries	20	100
fs32k	17	['HCP']	run-2	HCP	contrasts	Models_03	MSHBM17	499566		0.028226651	0.9170019	RELATIONAL	1	6fwhm	sm0	Tseries	20	100
fs32k	17	['HCP']	run-2	HCP	contrasts	Models_03	MSHBM17	200311		0.028997684	0.9339105	SOCIAL	1	6fwhm	sm0	Tseries	20	100
fs32k	17	['HCP']	run-2	HCP	contrasts	Models_03	MSHBM17	202719		0.028596831	0.9374956	SOCIAL	1	6fwhm	sm0	Tseries	20	100
fs32k	17	['HCP']	run-2	HCP	contrasts	Models_03	MSHBM17	204319		0.031162936	0.93878925	SOCIAL	1	6fwhm	sm0	Tseries	20	100
fs32k	17	['HCP']	run-2	HCP	contrasts	Models_03	MSHBM17	204622		-0.025523618	0.9244921	SOCIAL	1	6fwhm	sm0	Tseries	20	100
fs32k	17	['HCP']	run-2	HCP	contrasts	Models_03	MSHBM17	205119		-0.061623976	0.97103393	SOCIAL	1	6fwhm	sm0	Tseries	20	100
fs32k	17	['HCP']	run-2	HCP	contrasts	Models_03	MSHBM17	206828		0.06528709	0.92758846	SOCIAL	1	6fwhm	sm0	Tseries	20	100
fs32k	17	['HCP']	run-2	HCP	contrasts	Models_03	MSHBM17	209329		0.0090631265	0.92912674	SOCIAL	1	6fwhm	sm0	Tseries	20	100
fs32k	17	['HCP']	run-2	HCP	contrasts	Models_03	MSHBM17	210415		0.1958138	0.9066657	SOCIAL	1	6fwhm	sm0	Tseries	20	100
fs32k	17	['HCP']	run-2	HCP	contrasts	Models_03	MSHBM17	210617		-0.02654459	0.93309164	SOCIAL	1	6fwhm	sm0	Tseries	20	100
fs32k	17	['HCP']	run-2	HCP	contrasts	Models_03	MSHBM17	211417		0.027694413	0.9463968	SOCIAL	1	6fwhm	sm0	Tseries	20	100
fs32k	17	['HCP']	run-2	HCP	contrasts	Models_03	MSHBM17	212015		0.01703301	0.9189882	SOCIAL	1	6fwhm	sm0	Tseries	20	100
fs32k	17	['HCP']	run-2	HCP	contrasts	Models_03	MSHBM17	213421		-0.045357563	0.9347687	SOCIAL	1	6fwhm	sm0	Tseries	20	100
fs32k	17	['HCP']	run-2	HCP	contrasts	Models_03	MSHBM17	217429		0.06819867	0.9222919	SOCIAL	1	6fwhm	sm0	Tseries	20	100
fs32k	17	['HCP']	run-2	HCP	contrasts	Models_03	MSHBM17	227432		-0.03130327	0.9554832	SOCIAL	1	6fwhm	sm0	Tseries	20	100
fs32k	17	['HCP']	run-2	HCP	contrasts	Models_03	MSHBM17	227533		0.015590471	0.9244132	SOCIAL	1	6fwhm	sm0	Tseries	20	100
fs32k	17	['HCP']	run-2	HCP	contrasts	Models_03	MSHBM17	228434		0.10613002	0.93230796	SOCIAL	1	6fwhm	sm0	Tseries	20	100
fs32k	17	['HCP']	run-2	HCP	contrasts	Models_03	MSHBM17	237334		0.028067866	0.92077345	SOCIAL	1	6fwhm	sm0	Tseries	20	100
fs32k	17	['HCP']	run-2	HCP	contrasts	Models_03	MSHBM17	246133		0.029607525	0.92016387	SOCIAL	1	6fwhm	sm0	Tseries	20	100
fs32k	17	['HCP']	run-2	HCP	contrasts	Models_03	MSHBM17	251833		0.08757463	0.91821706	SOCIAL	1	6fwhm	sm0	Tseries	20	100
fs32k	17	['HCP']	run-2	HCP	contrasts	Models_03	MSHBM17	255639		0.046132766	0.924369	SOCIAL	1	6fwhm	sm0	Tseries	20	100
fs32k	17	['HCP']	run-2	HCP	contrasts	Models_03	MSHBM17	298051		0.030456455	0.94055426	SOCIAL	1	6fwhm	sm0	Tseries	20	100
fs32k	17	['HCP']	run-2	HCP	contrasts	Models_03	MSHBM17	298455		0.04527448	0.91566104	SOCIAL	1	6fwhm	sm0	Tseries	20	100
fs32k	17	['HCP']	run-2	HCP	contrasts	Models_03	MSHBM17	299154		0.050550405	0.90443254	SOCIAL	1	6fwhm	sm0	Tseries	20	100
fs32k	17	['HCP']	run-2	HCP	contrasts	Models_03	MSHBM17	300719		0.088868715	0.94414777	SOCIAL	1	6fwhm	sm0	Tseries	20	100
fs32k	17	['HCP']	run-2	HCP	contrasts	Models_03	MSHBM17	311320		0.061056904	0.9426457	SOCIAL	1	6fwhm	sm0	Tseries	20	100
fs32k	17	['HCP']	run-2	HCP	contrasts	Models_03	MSHBM17	333330		0.05512248	0.92796916	SOCIAL	1	6fwhm	sm0	Tseries	20	100
fs32k	17	['HCP']	run-2	HCP	contrasts	Models_03	MSHBM17	336841		0.025417492	0.9247291	SOCIAL	1	6fwhm	sm0	Tseries	20	100
fs32k	17	['HCP']	run-2	HCP	contrasts	Models_03	MSHBM17	346945		0.017610267	0.92345357	SOCIAL	1	6fwhm	sm0	Tseries	20	100
fs32k	17	['HCP']	run-2	HCP	contrasts	Models_03	MSHBM17	350330		0.0777614	0.92133325	SOCIAL	1	6fwhm	sm0	Tseries	20	100
fs32k	17	['HCP']	run-2	HCP	contrasts	Models_03	MSHBM17	358144		0.011797792	0.95018613	SOCIAL	1	6fwhm	sm0	Tseries	20	100
fs32k	17	['HCP']	run-2	HCP	contrasts	Models_03	MSHBM17	361234		0.07931839	0.92272604	SOCIAL	1	6fwhm	sm0	Tseries	20	100
fs32k	17	['HCP']	run-2	HCP	contrasts	Models_03	MSHBM17	365343		0.015368486	0.9492302	SOCIAL	1	6fwhm	sm0	Tseries	20	100
fs32k	17	['HCP']	run-2	HCP	contrasts	Models_03	MSHBM17	371843		0.07179232	0.93541527	SOCIAL	1	6fwhm	sm0	Tseries	20	100
fs32k	17	['HCP']	run-2	HCP	contrasts	Models_03	MSHBM17	385046		0.13201606	0.9156672	SOCIAL	1	6fwhm	sm0	Tseries	20	100
fs32k	17	['HCP']	run-2	HCP	contrasts	Models_03	MSHBM17	393550		0.03558353	0.93117565	SOCIAL	1	6fwhm	sm0	Tseries	20	100
fs32k	17	['HCP']	run-2	HCP	contrasts	Models_03	MSHBM17	397760		-0.015996065	0.93600816	SOCIAL	1	6fwhm	sm0	Tseries	20	100
fs32k	17	['HCP']	run-2	HCP	contrasts	Models_03	MSHBM17	406432		0.011548506	0.94247174	SOCIAL	1	6fwhm	sm0	Tseries	20	100
fs32k	17	['HCP']	run-2	HCP	contrasts	Models_03	MSHBM17	414229		0.12799233	0.9073107	SOCIAL	1	6fwhm	sm0	Tseries	20	100
fs32k	17	['HCP']	run-2	HCP	contrasts	Models_03	MSHBM17	421226		-0.00013251835	0.9413544	SOCIAL	1	6fwhm	sm0	Tseries	20	100
fs32k	17	['HCP']	run-2	HCP	contrasts	Models_03	MSHBM17	432332		0.095207155	0.9404742	SOCIAL	1	6fwhm	sm0	Tseries	20	100
fs32k	17	['HCP']	run-2	HCP	contrasts	Models_03	MSHBM17	441939		0.048916765	0.94106805	SOCIAL	1	6fwhm	sm0	Tseries	20	100
fs32k	17	['HCP']	run-2	HCP	contrasts	Models_03	MSHBM17	449753		0.05465582	0.9429606	SOCIAL	1	6fwhm	sm0	Tseries	20	100
fs32k	17	['HCP']	run-2	HCP	contrasts	Models_03	MSHBM17	453441		0.08464649	0.9122254	SOCIAL	1	6fwhm	sm0	Tseries	20	100
fs32k	17	['HCP']	run-2	HCP	contrasts	Models_03	MSHBM17	456346		0.05691739	0.936411	SOCIAL	1	6fwhm	sm0	Tseries	20	100
fs32k	17	['HCP']	run-2	HCP	contrasts	Models_03	MSHBM17	467351		5.7353987e-05	0.94458526	SOCIAL	1	6fwhm	sm0	Tseries	20	100
fs32k	17	['HCP']	run-2	HCP	contrasts	Models_03	MSHBM17	469961		-0.000115037896	0.9215151	SOCIAL	1	6fwhm	sm0	Tseries	20	100
fs32k	17	['HCP']	run-2	HCP	contrasts	Models_03	MSHBM17	475855		0.037688382	0.9248315	SOCIAL	1	6fwhm	sm0	Tseries	20	100
fs32k	17	['HCP']	run-2	HCP	contrasts	Models_03	MSHBM17	481042		0.09496608	0.91448355	SOCIAL	1	6fwhm	sm0	Tseries	20	100
fs32k	17	['HCP']	run-2	HCP	contrasts	Models_03	MSHBM17	485757		-0.054504573	0.93944526	SOCIAL	1	6fwhm	sm0	Tseries	20	100
fs32k	17	['HCP']	run-2	HCP	contrasts	Models_03	MSHBM17	499566		0.010532999	0.92684126	SOCIAL	1	6fwhm	sm0	Tseries	20	100
fs32k	17	['HCP']	run-2	HCP	contrasts	Models_03	MSHBM17	200311		0.12029633	0.94355315	WM	1	6fwhm	sm0	Tseries	20	100
fs32k	17	['HCP']	run-2	HCP	contrasts	Models_03	MSHBM17	202719		0.046339925	0.96692127	WM	1	6fwhm	sm0	Tseries	20	100
fs32k	17	['HCP']	run-2	HCP	contrasts	Models_03	MSHBM17	204319		0.06872389	0.9520095	WM	1	6fwhm	sm0	Tseries	20	100
fs32k	17	['HCP']	run-2	HCP	contrasts	Models_03	MSHBM17	204622		0.048747383	0.9313961	WM	1	6fwhm	sm0	Tseries	20	100
fs32k	17	['HCP']	run-2	HCP	contrasts	Models_03	MSHBM17	205119		0.10147543	0.9463096	WM	1	6fwhm	sm0	Tseries	20	100
fs32k	17	['HCP']	run-2	HCP	contrasts	Models_03	MSHBM17	206828		0.081700705	0.9439873	WM	1	6fwhm	sm0	Tseries	20	100
fs32k	17	['HCP']	run-2	HCP	contrasts	Models_03	MSHBM17	209329		0.10252902	0.9283539	WM	1	6fwhm	sm0	Tseries	20	100
fs32k	17	['HCP']	run-2	HCP	contrasts	Models_03	MSHBM17	210415		0.12873156	0.9464971	WM	1	6fwhm	sm0	Tseries	20	100
fs32k	17	['HCP']	run-2	HCP	contrasts	Models_03	MSHBM17	210617		0.09956747	0.943166	WM	1	6fwhm	sm0	Tseries	20	100
fs32k	17	['HCP']	run-2	HCP	contrasts	Models_03	MSHBM17	211417		0.08718027	0.928908	WM	1	6fwhm	sm0	Tseries	20	100
fs32k	17	['HCP']	run-2	HCP	contrasts	Models_03	MSHBM17	212015		0.117022015	0.9339185	WM	1	6fwhm	sm0	Tseries	20	100
fs32k	17	['HCP']	run-2	HCP	contrasts	Models_03	MSHBM17	213421		0.0769097	0.9410228	WM	1	6fwhm	sm0	Tseries	20	100
fs32k	17	['HCP']	run-2	HCP	contrasts	Models_03	MSHBM17	217429		0.088205725	0.9342568	WM	1	6fwhm	sm0	Tseries	20	100
fs32k	17	['HCP']	run-2	HCP	contrasts	Models_03	MSHBM17	227432		0.03685034	0.9546144	WM	1	6fwhm	sm0	Tseries	20	100
fs32k	17	['HCP']	run-2	HCP	contrasts	Models_03	MSHBM17	227533		0.08306379	0.92495185	WM	1	6fwhm	sm0	Tseries	20	100
fs32k	17	['HCP']	run-2	HCP	contrasts	Models_03	MSHBM17	228434		0.13591707	0.9368848	WM	1	6fwhm	sm0	Tseries	20	100
fs32k	17	['HCP']	run-2	HCP	contrasts	Models_03	MSHBM17	237334		0.063822344	0.9523532	WM	1	6fwhm	sm0	Tseries	20	100
fs32k	17	['HCP']	run-2	HCP	contrasts	Models_03	MSHBM17	246133		0.116269656	0.93394697	WM	1	6fwhm	sm0	Tseries	20	100
fs32k	17	['HCP']	run-2	HCP	contrasts	Models_03	MSHBM17	251833		0.16290659	0.9384386	WM	1	6fwhm	sm0	Tseries	20	100
fs32k	17	['HCP']	run-2	HCP	contrasts	Models_03	MSHBM17	255639		0.12714261	0.92537034	WM	1	6fwhm	sm0	Tseries	20	100
fs32k	17	['HCP']	run-2	HCP	contrasts	Models_03	MSHBM17	298051		0.21308474	0.91593945	WM	1	6fwhm	sm0	Tseries	20	100
fs32k	17	['HCP']	run-2	HCP	contrasts	Models_03	MSHBM17	298455		0.060300674	0.93766934	WM	1	6fwhm	sm0	Tseries	20	100
fs32k	17	['HCP']	run-2	HCP	contrasts	Models_03	MSHBM17	299154		0.13280122	0.9401358	WM	1	6fwhm	sm0	Tseries	20	100
fs32k	17	['HCP']	run-2	HCP	contrasts	Models_03	MSHBM17	300719		0.08905272	0.956033	WM	1	6fwhm	sm0	Tseries	20	100
fs32k	17	['HCP']	run-2	HCP	contrasts	Models_03	MSHBM17	311320		0.043069273	0.95856154	WM	1	6fwhm	sm0	Tseries	20	100
fs32k	17	['HCP']	run-2	HCP	contrasts	Models_03	MSHBM17	333330		0.109636396	0.9187898	WM	1	6fwhm	sm0	Tseries	20	100
fs32k	17	['HCP']	run-2	HCP	contrasts	Models_03	MSHBM17	336841		0.058247615	0.923461	WM	1	6fwhm	sm0	Tseries	20	100
fs32k	17	['HCP']	run-2	HCP	contrasts	Models_03	MSHBM17	346945		0.08957713	0.93130714	WM	1	6fwhm	sm0	Tseries	20	100
fs32k	17	['HCP']	run-2	HCP	contrasts	Models_03	MSHBM17	350330		0.117030755	0.9189119	WM	1	6fwhm	sm0	Tseries	20	100
fs32k	17	['HCP']	run-2	HCP	contrasts	Models_03	MSHBM17	358144		0.063750476	0.9374121	WM	1	6fwhm	sm0	Tseries	20	100
fs32k	17	['HCP']	run-2	HCP	contrasts	Models_03	MSHBM17	361234		0.10653046	0.9421301	WM	1	6fwhm	sm0	Tseries	20	100
fs32k	17	['HCP']	run-2	HCP	contrasts	Models_03	MSHBM17	365343		0.024180498	0.948754	WM	1	6fwhm	sm0	Tseries	20	100
fs32k	17	['HCP']	run-2	HCP	contrasts	Models_03	MSHBM17	371843		0.09109616	0.9544391	WM	1	6fwhm	sm0	Tseries	20	100
fs32k	17	['HCP']	run-2	HCP	contrasts	Models_03	MSHBM17	385046		0.18101902	0.9085734	WM	1	6fwhm	sm0	Tseries	20	100
fs32k	17	['HCP']	run-2	HCP	contrasts	Models_03	MSHBM17	393550		0.101734504	0.95486075	WM	1	6fwhm	sm0	Tseries	20	100
fs32k	17	['HCP']	run-2	HCP	contrasts	Models_03	MSHBM17	397760		0.14164008	0.9261409	WM	1	6fwhm	sm0	Tseries	20	100
fs32k	17	['HCP']	run-2	HCP	contrasts	Models_03	MSHBM17	406432		0.046543643	0.95907736	WM	1	6fwhm	sm0	Tseries	20	100
fs32k	17	['HCP']	run-2	HCP	contrasts	Models_03	MSHBM17	414229		0.18804927	0.9255788	WM	1	6fwhm	sm0	Tseries	20	100
fs32k	17	['HCP']	run-2	HCP	contrasts	Models_03	MSHBM17	421226		0.07201442	0.9421706	WM	1	6fwhm	sm0	Tseries	20	100
fs32k	17	['HCP']	run-2	HCP	contrasts	Models_03	MSHBM17	432332		0.1450586	0.9364769	WM	1	6fwhm	sm0	Tseries	20	100
fs32k	17	['HCP']	run-2	HCP	contrasts	Models_03	MSHBM17	441939		0.053926874	0.96217936	WM	1	6fwhm	sm0	Tseries	20	100
fs32k	17	['HCP']	run-2	HCP	contrasts	Models_03	MSHBM17	449753		0.07871768	0.95855296	WM	1	6fwhm	sm0	Tseries	20	100
fs32k	17	['HCP']	run-2	HCP	contrasts	Models_03	MSHBM17	453441		0.15016757	0.9402105	WM	1	6fwhm	sm0	Tseries	20	100
fs32k	17	['HCP']	run-2	HCP	contrasts	Models_03	MSHBM17	456346		0.08196412	0.9489923	WM	1	6fwhm	sm0	Tseries	20	100
fs32k	17	['HCP']	run-2	HCP	contrasts	Models_03	MSHBM17	467351		0.09591683	0.9532743	WM	1	6fwhm	sm0	Tseries	20	100
fs32k	17	['HCP']	run-2	HCP	contrasts	Models_03	MSHBM17	469961		0.13022152	0.9181984	WM	1	6fwhm	sm0	Tseries	20	100
fs32k	17	['HCP']	run-2	HCP	contrasts	Models_03	MSHBM17	475855		0.023312878	0.9499752	WM	1	6fwhm	sm0	Tseries	20	100
fs32k	17	['HCP']	run-2	HCP	contrasts	Models_03	MSHBM17	481042		0.11124854	0.94221604	WM	1	6fwhm	sm0	Tseries	20	100
fs32k	17	['HCP']	run-2	HCP	contrasts	Models_03	MSHBM17	485757		0.09034624	0.9509101	WM	1	6fwhm	sm0	Tseries	20	100
fs32k	17	['HCP']	run-2	HCP	contrasts	Models_03	MSHBM17	499566		0.091438085	0.9343216	WM	1	6fwhm	sm0	Tseries	20	100
fs32k	17	['HCP']	run-2	HCP	contrasts	Models_03	MSHBM17	200311		0.07853236	0.94245005	all	1	6fwhm	sm0	Tseries	20	100
fs32k	17	['HCP']	run-2	HCP	contrasts	Models_03	MSHBM17	202719		0.039367884	0.9549777	all	1	6fwhm	sm0	Tseries	20	100
fs32k	17	['HCP']	run-2	HCP	contrasts	Models_03	MSHBM17	204319		0.046847384	0.95025015	all	1	6fwhm	sm0	Tseries	20	100
fs32k	17	['HCP']	run-2	HCP	contrasts	Models_03	MSHBM17	204622		0.049850464	0.93076	all	1	6fwhm	sm0	Tseries	20	100
fs32k	17	['HCP']	run-2	HCP	contrasts	Models_03	MSHBM17	205119		0.060480725	0.9592634	all	1	6fwhm	sm0	Tseries	20	100
fs32k	17	['HCP']	run-2	HCP	contrasts	Models_03	MSHBM17	206828		0.077343374	0.94137174	all	1	6fwhm	sm0	Tseries	20	100
fs32k	17	['HCP']	run-2	HCP	contrasts	Models_03	MSHBM17	209329		0.083914086	0.92601156	all	1	6fwhm	sm0	Tseries	20	100
fs32k	17	['HCP']	run-2	HCP	contrasts	Models_03	MSHBM17	210415		0.110475	0.9362408	all	1	6fwhm	sm0	Tseries	20	100
fs32k	17	['HCP']	run-2	HCP	contrasts	Models_03	MSHBM17	210617		0.06567068	0.94386995	all	1	6fwhm	sm0	Tseries	20	100
fs32k	17	['HCP']	run-2	HCP	contrasts	Models_03	MSHBM17	211417		0.07319755	0.9371331	all	1	6fwhm	sm0	Tseries	20	100
fs32k	17	['HCP']	run-2	HCP	contrasts	Models_03	MSHBM17	212015		0.077533476	0.93593776	all	1	6fwhm	sm0	Tseries	20	100
fs32k	17	['HCP']	run-2	HCP	contrasts	Models_03	MSHBM17	213421		0.067098185	0.9373912	all	1	6fwhm	sm0	Tseries	20	100
fs32k	17	['HCP']	run-2	HCP	contrasts	Models_03	MSHBM17	217429		0.086157866	0.9375818	all	1	6fwhm	sm0	Tseries	20	100
fs32k	17	['HCP']	run-2	HCP	contrasts	Models_03	MSHBM17	227432		0.03860871	0.95447737	all	1	6fwhm	sm0	Tseries	20	100
fs32k	17	['HCP']	run-2	HCP	contrasts	Models_03	MSHBM17	227533		0.06245748	0.930295	all	1	6fwhm	sm0	Tseries	20	100
fs32k	17	['HCP']	run-2	HCP	contrasts	Models_03	MSHBM17	228434		0.08326156	0.94360083	all	1	6fwhm	sm0	Tseries	20	100
fs32k	17	['HCP']	run-2	HCP	contrasts	Models_03	MSHBM17	237334		0.064108714	0.9425872	all	1	6fwhm	sm0	Tseries	20	100
fs32k	17	['HCP']	run-2	HCP	contrasts	Models_03	MSHBM17	246133		0.09183866	0.93569535	all	1	6fwhm	sm0	Tseries	20	100
fs32k	17	['HCP']	run-2	HCP	contrasts	Models_03	MSHBM17	251833		0.12984961	0.9335994	all	1	6fwhm	sm0	Tseries	20	100
fs32k	17	['HCP']	run-2	HCP	contrasts	Models_03	MSHBM17	255639		0.09923126	0.9332194	all	1	6fwhm	sm0	Tseries	20	100
fs32k	17	['HCP']	run-2	HCP	contrasts	Models_03	MSHBM17	298051		0.1592598	0.9245099	all	1	6fwhm	sm0	Tseries	20	100
fs32k	17	['HCP']	run-2	HCP	contrasts	Models_03	MSHBM17	298455		0.03393172	0.9510122	all	1	6fwhm	sm0	Tseries	20	100
fs32k	17	['HCP']	run-2	HCP	contrasts	Models_03	MSHBM17	299154		0.094663054	0.9357157	all	1	6fwhm	sm0	Tseries	20	100
fs32k	17	['HCP']	run-2	HCP	contrasts	Models_03	MSHBM17	300719		0.07679574	0.94900626	all	1	6fwhm	sm0	Tseries	20	100
fs32k	17	['HCP']	run-2	HCP	contrasts	Models_03	MSHBM17	311320		0.026202222	0.9554392	all	1	6fwhm	sm0	Tseries	20	100
fs32k	17	['HCP']	run-2	HCP	contrasts	Models_03	MSHBM17	333330		0.09757894	0.9333453	all	1	6fwhm	sm0	Tseries	20	100
fs32k	17	['HCP']	run-2	HCP	contrasts	Models_03	MSHBM17	336841		0.044820435	0.93447846	all	1	6fwhm	sm0	Tseries	20	100
fs32k	17	['HCP']	run-2	HCP	contrasts	Models_03	MSHBM17	346945		0.10310289	0.9290441	all	1	6fwhm	sm0	Tseries	20	100
fs32k	17	['HCP']	run-2	HCP	contrasts	Models_03	MSHBM17	350330		0.09677634	0.9229113	all	1	6fwhm	sm0	Tseries	20	100
fs32k	17	['HCP']	run-2	HCP	contrasts	Models_03	MSHBM17	358144		0.0567504	0.9470167	all	1	6fwhm	sm0	Tseries	20	100
fs32k	17	['HCP']	run-2	HCP	contrasts	Models_03	MSHBM17	361234		0.08725937	0.94048804	all	1	6fwhm	sm0	Tseries	20	100
fs32k	17	['HCP']	run-2	HCP	contrasts	Models_03	MSHBM17	365343		0.043512627	0.9510929	all	1	6fwhm	sm0	Tseries	20	100
fs32k	17	['HCP']	run-2	HCP	contrasts	Models_03	MSHBM17	371843		0.07142751	0.9529112	all	1	6fwhm	sm0	Tseries	20	100
fs32k	17	['HCP']	run-2	HCP	contrasts	Models_03	MSHBM17	385046		0.15351409	0.9212788	all	1	6fwhm	sm0	Tseries	20	100
fs32k	17	['HCP']	run-2	HCP	contrasts	Models_03	MSHBM17	393550		0.06270651	0.9486813	all	1	6fwhm	sm0	Tseries	20	100
fs32k	17	['HCP']	run-2	HCP	contrasts	Models_03	MSHBM17	397760		0.09884654	0.93221587	all	1	6fwhm	sm0	Tseries	20	100
fs32k	17	['HCP']	run-2	HCP	contrasts	Models_03	MSHBM17	406432		0.042315677	0.94985723	all	1	6fwhm	sm0	Tseries	20	100
fs32k	17	['HCP']	run-2	HCP	contrasts	Models_03	MSHBM17	414229		0.1476079	0.92728174	all	1	6fwhm	sm0	Tseries	20	100
fs32k	17	['HCP']	run-2	HCP	contrasts	Models_03	MSHBM17	421226		0.054835778	0.9411589	all	1	6fwhm	sm0	Tseries	20	100
fs32k	17	['HCP']	run-2	HCP	contrasts	Models_03	MSHBM17	432332		0.10864787	0.9392524	all	1	6fwhm	sm0	Tseries	20	100
fs32k	17	['HCP']	run-2	HCP	contrasts	Models_03	MSHBM17	441939		0.052515976	0.95477456	all	1	6fwhm	sm0	Tseries	20	100
fs32k	17	['HCP']	run-2	HCP	contrasts	Models_03	MSHBM17	449753		0.05467337	0.96080345	all	1	6fwhm	sm0	Tseries	20	100
fs32k	17	['HCP']	run-2	HCP	contrasts	Models_03	MSHBM17	453441		0.106706	0.9399065	all	1	6fwhm	sm0	Tseries	20	100
fs32k	17	['HCP']	run-2	HCP	contrasts	Models_03	MSHBM17	456346		0.08647717	0.94214964	all	1	6fwhm	sm0	Tseries	20	100
fs32k	17	['HCP']	run-2	HCP	contrasts	Models_03	MSHBM17	467351		0.078653984	0.95170844	all	1	6fwhm	sm0	Tseries	20	100
fs32k	17	['HCP']	run-2	HCP	contrasts	Models_03	MSHBM17	469961		0.101024404	0.929039	all	1	6fwhm	sm0	Tseries	20	100
fs32k	17	['HCP']	run-2	HCP	contrasts	Models_03	MSHBM17	475855		0.059239335	0.93940645	all	1	6fwhm	sm0	Tseries	20	100
fs32k	17	['HCP']	run-2	HCP	contrasts	Models_03	MSHBM17	481042		0.09392531	0.93338645	all	1	6fwhm	sm0	Tseries	20	100
fs32k	17	['HCP']	run-2	HCP	contrasts	Models_03	MSHBM17	485757		0.06447245	0.95713776	all	1	6fwhm	sm0	Tseries	20	100
fs32k	17	['HCP']	run-2	HCP	contrasts	Models_03	MSHBM17	499566		0.05755105	0.93466765	all	1	6fwhm	sm0	Tseries	20	100
fs32k	17	['HCP']	run-2	HCP	contrasts	Models_03	MSHBM17	510225		0.093271375	0.9167838	EMOTION	1	6fwhm	sm0	Tseries	20	100
fs32k	17	['HCP']	run-2	HCP	contrasts	Models_03	MSHBM17	513736		0.12859705	0.91604996	EMOTION	1	6fwhm	sm0	Tseries	20	100
fs32k	17	['HCP']	run-2	HCP	contrasts	Models_03	MSHBM17	516742		0.028267683	0.92427254	EMOTION	1	6fwhm	sm0	Tseries	20	100
fs32k	17	['HCP']	run-2	HCP	contrasts	Models_03	MSHBM17	522434		0.18270904	0.9013831	EMOTION	1	6fwhm	sm0	Tseries	20	100
fs32k	17	['HCP']	run-2	HCP	contrasts	Models_03	MSHBM17	540436		0.051386382	0.9420561	EMOTION	1	6fwhm	sm0	Tseries	20	100
fs32k	17	['HCP']	run-2	HCP	contrasts	Models_03	MSHBM17	545345		0.08235062	0.95349455	EMOTION	1	6fwhm	sm0	Tseries	20	100
fs32k	17	['HCP']	run-2	HCP	contrasts	Models_03	MSHBM17	547046		0.1447793	0.89444774	EMOTION	1	6fwhm	sm0	Tseries	20	100
fs32k	17	['HCP']	run-2	HCP	contrasts	Models_03	MSHBM17	555348		0.106244065	0.9166142	EMOTION	1	6fwhm	sm0	Tseries	20	100
fs32k	17	['HCP']	run-2	HCP	contrasts	Models_03	MSHBM17	559457		0.0037758634	0.92896247	EMOTION	1	6fwhm	sm0	Tseries	20	100
fs32k	17	['HCP']	run-2	HCP	contrasts	Models_03	MSHBM17	567759		0.053832866	0.93680763	EMOTION	1	6fwhm	sm0	Tseries	20	100
fs32k	17	['HCP']	run-2	HCP	contrasts	Models_03	MSHBM17	573249		0.09530746	0.9238738	EMOTION	1	6fwhm	sm0	Tseries	20	100
fs32k	17	['HCP']	run-2	HCP	contrasts	Models_03	MSHBM17	579665		0.049836043	0.9643404	EMOTION	1	6fwhm	sm0	Tseries	20	100
fs32k	17	['HCP']	run-2	HCP	contrasts	Models_03	MSHBM17	579867		0.12362745	0.90708387	EMOTION	1	6fwhm	sm0	Tseries	20	100
fs32k	17	['HCP']	run-2	HCP	contrasts	Models_03	MSHBM17	597869		0.100626364	0.9193162	EMOTION	1	6fwhm	sm0	Tseries	20	100
fs32k	17	['HCP']	run-2	HCP	contrasts	Models_03	MSHBM17	599469		0.12106805	0.90361786	EMOTION	1	6fwhm	sm0	Tseries	20	100
fs32k	17	['HCP']	run-2	HCP	contrasts	Models_03	MSHBM17	601127		0.104979835	0.9231584	EMOTION	1	6fwhm	sm0	Tseries	20	100
fs32k	17	['HCP']	run-2	HCP	contrasts	Models_03	MSHBM17	613538		0.10321052	0.9135817	EMOTION	1	6fwhm	sm0	Tseries	20	100
fs32k	17	['HCP']	run-2	HCP	contrasts	Models_03	MSHBM17	615744		0.06876117	0.9399907	EMOTION	1	6fwhm	sm0	Tseries	20	100
fs32k	17	['HCP']	run-2	HCP	contrasts	Models_03	MSHBM17	647858		0.061616886	0.9085187	EMOTION	1	6fwhm	sm0	Tseries	20	100
fs32k	17	['HCP']	run-2	HCP	contrasts	Models_03	MSHBM17	654350		0.14133589	0.91089535	EMOTION	1	6fwhm	sm0	Tseries	20	100
fs32k	17	['HCP']	run-2	HCP	contrasts	Models_03	MSHBM17	663755		0.0909549	0.9191982	EMOTION	1	6fwhm	sm0	Tseries	20	100
fs32k	17	['HCP']	run-2	HCP	contrasts	Models_03	MSHBM17	698168		0.07871507	0.9370505	EMOTION	1	6fwhm	sm0	Tseries	20	100
fs32k	17	['HCP']	run-2	HCP	contrasts	Models_03	MSHBM17	704238		0.19644618	0.906583	EMOTION	1	6fwhm	sm0	Tseries	20	100
fs32k	17	['HCP']	run-2	HCP	contrasts	Models_03	MSHBM17	724446		0.16865718	0.90200084	EMOTION	1	6fwhm	sm0	Tseries	20	100
fs32k	17	['HCP']	run-2	HCP	contrasts	Models_03	MSHBM17	729557		0.19021173	0.9014501	EMOTION	1	6fwhm	sm0	Tseries	20	100
fs32k	17	['HCP']	run-2	HCP	contrasts	Models_03	MSHBM17	734045		0.1633054	0.91351384	EMOTION	1	6fwhm	sm0	Tseries	20	100
fs32k	17	['HCP']	run-2	HCP	contrasts	Models_03	MSHBM17	771354		0.08161333	0.9294302	EMOTION	1	6fwhm	sm0	Tseries	20	100
fs32k	17	['HCP']	run-2	HCP	contrasts	Models_03	MSHBM17	774663		0.08629185	0.9152521	EMOTION	1	6fwhm	sm0	Tseries	20	100
fs32k	17	['HCP']	run-2	HCP	contrasts	Models_03	MSHBM17	792867		0.10790211	0.93086636	EMOTION	1	6fwhm	sm0	Tseries	20	100
fs32k	17	['HCP']	run-2	HCP	contrasts	Models_03	MSHBM17	793465		0.12620282	0.91107005	EMOTION	1	6fwhm	sm0	Tseries	20	100
fs32k	17	['HCP']	run-2	HCP	contrasts	Models_03	MSHBM17	815247		0.11129302	0.9074329	EMOTION	1	6fwhm	sm0	Tseries	20	100
fs32k	17	['HCP']	run-2	HCP	contrasts	Models_03	MSHBM17	825553		0.08801901	0.9420856	EMOTION	1	6fwhm	sm0	Tseries	20	100
fs32k	17	['HCP']	run-2	HCP	contrasts	Models_03	MSHBM17	826353		0.13960555	0.9148458	EMOTION	1	6fwhm	sm0	Tseries	20	100
fs32k	17	['HCP']	run-2	HCP	contrasts	Models_03	MSHBM17	832651		0.11770448	0.90026414	EMOTION	1	6fwhm	sm0	Tseries	20	100
fs32k	17	['HCP']	run-2	HCP	contrasts	Models_03	MSHBM17	841349		0.11387286	0.9070562	EMOTION	1	6fwhm	sm0	Tseries	20	100
fs32k	17	['HCP']	run-2	HCP	contrasts	Models_03	MSHBM17	845458		0.020804804	0.94768286	EMOTION	1	6fwhm	sm0	Tseries	20	100
fs32k	17	['HCP']	run-2	HCP	contrasts	Models_03	MSHBM17	865363		0.013554332	0.9585776	EMOTION	1	6fwhm	sm0	Tseries	20	100
fs32k	17	['HCP']	run-2	HCP	contrasts	Models_03	MSHBM17	872562		0.13666268	0.9230398	EMOTION	1	6fwhm	sm0	Tseries	20	100
fs32k	17	['HCP']	run-2	HCP	contrasts	Models_03	MSHBM17	878877		0.20536986	0.8805048	EMOTION	1	6fwhm	sm0	Tseries	20	100
fs32k	17	['HCP']	run-2	HCP	contrasts	Models_03	MSHBM17	880157		0.025715426	0.9449949	EMOTION	1	6fwhm	sm0	Tseries	20	100
fs32k	17	['HCP']	run-2	HCP	contrasts	Models_03	MSHBM17	896879		0.13813677	0.92341226	EMOTION	1	6fwhm	sm0	Tseries	20	100
fs32k	17	['HCP']	run-2	HCP	contrasts	Models_03	MSHBM17	899885		0.1171204	0.9177922	EMOTION	1	6fwhm	sm0	Tseries	20	100
fs32k	17	['HCP']	run-2	HCP	contrasts	Models_03	MSHBM17	901139		0.086429104	0.9095821	EMOTION	1	6fwhm	sm0	Tseries	20	100
fs32k	17	['HCP']	run-2	HCP	contrasts	Models_03	MSHBM17	910443		0.13339448	0.9266212	EMOTION	1	6fwhm	sm0	Tseries	20	100
fs32k	17	['HCP']	run-2	HCP	contrasts	Models_03	MSHBM17	917255		0.14953901	0.94597286	EMOTION	1	6fwhm	sm0	Tseries	20	100
fs32k	17	['HCP']	run-2	HCP	contrasts	Models_03	MSHBM17	923755		0.15212643	0.93097246	EMOTION	1	6fwhm	sm0	Tseries	20	100
fs32k	17	['HCP']	run-2	HCP	contrasts	Models_03	MSHBM17	933253		0.10591139	0.92861414	EMOTION	1	6fwhm	sm0	Tseries	20	100
fs32k	17	['HCP']	run-2	HCP	contrasts	Models_03	MSHBM17	952863		0.122003816	0.9218571	EMOTION	1	6fwhm	sm0	Tseries	20	100
fs32k	17	['HCP']	run-2	HCP	contrasts	Models_03	MSHBM17	965367		0.091009125	0.9153363	EMOTION	1	6fwhm	sm0	Tseries	20	100
fs32k	17	['HCP']	run-2	HCP	contrasts	Models_03	MSHBM17	996782		0.1158766	0.9191712	EMOTION	1	6fwhm	sm0	Tseries	20	100
fs32k	17	['HCP']	run-2	HCP	contrasts	Models_03	MSHBM17	510225		0.037433922	0.9718076	GAMBLING	1	6fwhm	sm0	Tseries	20	100
fs32k	17	['HCP']	run-2	HCP	contrasts	Models_03	MSHBM17	513736		0.07663067	0.9504607	GAMBLING	1	6fwhm	sm0	Tseries	20	100
fs32k	17	['HCP']	run-2	HCP	contrasts	Models_03	MSHBM17	516742		0.033030495	0.9570186	GAMBLING	1	6fwhm	sm0	Tseries	20	100
fs32k	17	['HCP']	run-2	HCP	contrasts	Models_03	MSHBM17	522434		0.2769984	0.92503667	GAMBLING	1	6fwhm	sm0	Tseries	20	100
fs32k	17	['HCP']	run-2	HCP	contrasts	Models_03	MSHBM17	540436		0.06941336	0.9462868	GAMBLING	1	6fwhm	sm0	Tseries	20	100
fs32k	17	['HCP']	run-2	HCP	contrasts	Models_03	MSHBM17	545345		0.10487528	0.9541706	GAMBLING	1	6fwhm	sm0	Tseries	20	100
fs32k	17	['HCP']	run-2	HCP	contrasts	Models_03	MSHBM17	547046		0.26511884	0.9165554	GAMBLING	1	6fwhm	sm0	Tseries	20	100
fs32k	17	['HCP']	run-2	HCP	contrasts	Models_03	MSHBM17	555348		0.11095097	0.9553606	GAMBLING	1	6fwhm	sm0	Tseries	20	100
fs32k	17	['HCP']	run-2	HCP	contrasts	Models_03	MSHBM17	559457		0.024809644	0.9729433	GAMBLING	1	6fwhm	sm0	Tseries	20	100
fs32k	17	['HCP']	run-2	HCP	contrasts	Models_03	MSHBM17	567759		0.2828961	0.94127357	GAMBLING	1	6fwhm	sm0	Tseries	20	100
fs32k	17	['HCP']	run-2	HCP	contrasts	Models_03	MSHBM17	573249		0.14629823	0.93906873	GAMBLING	1	6fwhm	sm0	Tseries	20	100
fs32k	17	['HCP']	run-2	HCP	contrasts	Models_03	MSHBM17	579665		-0.052776933	0.9788272	GAMBLING	1	6fwhm	sm0	Tseries	20	100
fs32k	17	['HCP']	run-2	HCP	contrasts	Models_03	MSHBM17	579867		0.22249052	0.92604065	GAMBLING	1	6fwhm	sm0	Tseries	20	100
fs32k	17	['HCP']	run-2	HCP	contrasts	Models_03	MSHBM17	597869		0.19846849	0.93738246	GAMBLING	1	6fwhm	sm0	Tseries	20	100
fs32k	17	['HCP']	run-2	HCP	contrasts	Models_03	MSHBM17	599469		0.09967284	0.9464594	GAMBLING	1	6fwhm	sm0	Tseries	20	100
fs32k	17	['HCP']	run-2	HCP	contrasts	Models_03	MSHBM17	601127		0.095115505	0.9323019	GAMBLING	1	6fwhm	sm0	Tseries	20	100
fs32k	17	['HCP']	run-2	HCP	contrasts	Models_03	MSHBM17	613538		0.2300045	0.9107007	GAMBLING	1	6fwhm	sm0	Tseries	20	100
fs32k	17	['HCP']	run-2	HCP	contrasts	Models_03	MSHBM17	615744		0.1663696	0.92589045	GAMBLING	1	6fwhm	sm0	Tseries	20	100
fs32k	17	['HCP']	run-2	HCP	contrasts	Models_03	MSHBM17	647858		0.12302211	0.9444752	GAMBLING	1	6fwhm	sm0	Tseries	20	100
fs32k	17	['HCP']	run-2	HCP	contrasts	Models_03	MSHBM17	654350		0.15928185	0.94713056	GAMBLING	1	6fwhm	sm0	Tseries	20	100
fs32k	17	['HCP']	run-2	HCP	contrasts	Models_03	MSHBM17	663755		0.092769876	0.93732685	GAMBLING	1	6fwhm	sm0	Tseries	20	100
fs32k	17	['HCP']	run-2	HCP	contrasts	Models_03	MSHBM17	698168		0.06043834	0.9678409	GAMBLING	1	6fwhm	sm0	Tseries	20	100
fs32k	17	['HCP']	run-2	HCP	contrasts	Models_03	MSHBM17	704238		0.14281198	0.9326285	GAMBLING	1	6fwhm	sm0	Tseries	20	100
fs32k	17	['HCP']	run-2	HCP	contrasts	Models_03	MSHBM17	724446		0.20122515	0.93716735	GAMBLING	1	6fwhm	sm0	Tseries	20	100
fs32k	17	['HCP']	run-2	HCP	contrasts	Models_03	MSHBM17	729557		0.22747083	0.9353516	GAMBLING	1	6fwhm	sm0	Tseries	20	100
fs32k	17	['HCP']	run-2	HCP	contrasts	Models_03	MSHBM17	734045		0.26035094	0.92018694	GAMBLING	1	6fwhm	sm0	Tseries	20	100
fs32k	17	['HCP']	run-2	HCP	contrasts	Models_03	MSHBM17	771354		0.21046343	0.92322063	GAMBLING	1	6fwhm	sm0	Tseries	20	100
fs32k	17	['HCP']	run-2	HCP	contrasts	Models_03	MSHBM17	774663		0.07230691	0.94108677	GAMBLING	1	6fwhm	sm0	Tseries	20	100
fs32k	17	['HCP']	run-2	HCP	contrasts	Models_03	MSHBM17	792867		0.08547684	0.97071445	GAMBLING	1	6fwhm	sm0	Tseries	20	100
fs32k	17	['HCP']	run-2	HCP	contrasts	Models_03	MSHBM17	793465		0.16956416	0.9430603	GAMBLING	1	6fwhm	sm0	Tseries	20	100
fs32k	17	['HCP']	run-2	HCP	contrasts	Models_03	MSHBM17	815247		0.19074297	0.9334726	GAMBLING	1	6fwhm	sm0	Tseries	20	100
fs32k	17	['HCP']	run-2	HCP	contrasts	Models_03	MSHBM17	825553		0.056931056	0.97719014	GAMBLING	1	6fwhm	sm0	Tseries	20	100
fs32k	17	['HCP']	run-2	HCP	contrasts	Models_03	MSHBM17	826353		0.11241327	0.9332566	GAMBLING	1	6fwhm	sm0	Tseries	20	100
fs32k	17	['HCP']	run-2	HCP	contrasts	Models_03	MSHBM17	832651		0.18179938	0.90460885	GAMBLING	1	6fwhm	sm0	Tseries	20	100
fs32k	17	['HCP']	run-2	HCP	contrasts	Models_03	MSHBM17	841349		0.13199548	0.9550063	GAMBLING	1	6fwhm	sm0	Tseries	20	100
fs32k	17	['HCP']	run-2	HCP	contrasts	Models_03	MSHBM17	845458		0.061843686	0.9644722	GAMBLING	1	6fwhm	sm0	Tseries	20	100
fs32k	17	['HCP']	run-2	HCP	contrasts	Models_03	MSHBM17	865363		0.076164536	0.9454732	GAMBLING	1	6fwhm	sm0	Tseries	20	100
fs32k	17	['HCP']	run-2	HCP	contrasts	Models_03	MSHBM17	872562		0.063617885	0.960552	GAMBLING	1	6fwhm	sm0	Tseries	20	100
fs32k	17	['HCP']	run-2	HCP	contrasts	Models_03	MSHBM17	878877		0.17819524	0.9512577	GAMBLING	1	6fwhm	sm0	Tseries	20	100
fs32k	17	['HCP']	run-2	HCP	contrasts	Models_03	MSHBM17	880157		0.15488616	0.9521753	GAMBLING	1	6fwhm	sm0	Tseries	20	100
fs32k	17	['HCP']	run-2	HCP	contrasts	Models_03	MSHBM17	896879		0.14752562	0.95009315	GAMBLING	1	6fwhm	sm0	Tseries	20	100
fs32k	17	['HCP']	run-2	HCP	contrasts	Models_03	MSHBM17	899885		0.10196832	0.9653729	GAMBLING	1	6fwhm	sm0	Tseries	20	100
fs32k	17	['HCP']	run-2	HCP	contrasts	Models_03	MSHBM17	901139		0.10929981	0.95205134	GAMBLING	1	6fwhm	sm0	Tseries	20	100
fs32k	17	['HCP']	run-2	HCP	contrasts	Models_03	MSHBM17	910443		0.089171596	0.9339053	GAMBLING	1	6fwhm	sm0	Tseries	20	100
fs32k	17	['HCP']	run-2	HCP	contrasts	Models_03	MSHBM17	917255		0.10789846	0.96018255	GAMBLING	1	6fwhm	sm0	Tseries	20	100
fs32k	17	['HCP']	run-2	HCP	contrasts	Models_03	MSHBM17	923755		0.20383567	0.9407262	GAMBLING	1	6fwhm	sm0	Tseries	20	100
fs32k	17	['HCP']	run-2	HCP	contrasts	Models_03	MSHBM17	933253		0.16928962	0.9379739	GAMBLING	1	6fwhm	sm0	Tseries	20	100
fs32k	17	['HCP']	run-2	HCP	contrasts	Models_03	MSHBM17	952863		0.061737508	0.9560491	GAMBLING	1	6fwhm	sm0	Tseries	20	100
fs32k	17	['HCP']	run-2	HCP	contrasts	Models_03	MSHBM17	965367		0.07451901	0.9686219	GAMBLING	1	6fwhm	sm0	Tseries	20	100
fs32k	17	['HCP']	run-2	HCP	contrasts	Models_03	MSHBM17	996782		0.03810288	0.9696898	GAMBLING	1	6fwhm	sm0	Tseries	20	100
fs32k	17	['HCP']	run-2	HCP	contrasts	Models_03	MSHBM17	510225		0.03006271	0.95790315	LANGUAGE	1	6fwhm	sm0	Tseries	20	100
fs32k	17	['HCP']	run-2	HCP	contrasts	Models_03	MSHBM17	513736		0.054235794	0.94812727	LANGUAGE	1	6fwhm	sm0	Tseries	20	100
fs32k	17	['HCP']	run-2	HCP	contrasts	Models_03	MSHBM17	516742		0.023438679	0.96385753	LANGUAGE	1	6fwhm	sm0	Tseries	20	100
fs32k	17	['HCP']	run-2	HCP	contrasts	Models_03	MSHBM17	522434		0.11356762	0.938142	LANGUAGE	1	6fwhm	sm0	Tseries	20	100
fs32k	17	['HCP']	run-2	HCP	contrasts	Models_03	MSHBM17	540436		0.052534886	0.9597346	LANGUAGE	1	6fwhm	sm0	Tseries	20	100
fs32k	17	['HCP']	run-2	HCP	contrasts	Models_03	MSHBM17	545345		0.117981024	0.92418146	LANGUAGE	1	6fwhm	sm0	Tseries	20	100
fs32k	17	['HCP']	run-2	HCP	contrasts	Models_03	MSHBM17	547046		0.045500796	0.949656	LANGUAGE	1	6fwhm	sm0	Tseries	20	100
fs32k	17	['HCP']	run-2	HCP	contrasts	Models_03	MSHBM17	555348		0.0057659103	0.9518789	LANGUAGE	1	6fwhm	sm0	Tseries	20	100
fs32k	17	['HCP']	run-2	HCP	contrasts	Models_03	MSHBM17	559457		0.058514282	0.93763626	LANGUAGE	1	6fwhm	sm0	Tseries	20	100
fs32k	17	['HCP']	run-2	HCP	contrasts	Models_03	MSHBM17	567759		0.080367774	0.95111454	LANGUAGE	1	6fwhm	sm0	Tseries	20	100
fs32k	17	['HCP']	run-2	HCP	contrasts	Models_03	MSHBM17	573249		0.0332707	0.95265865	LANGUAGE	1	6fwhm	sm0	Tseries	20	100
fs32k	17	['HCP']	run-2	HCP	contrasts	Models_03	MSHBM17	579665		0.013199745	0.95206875	LANGUAGE	1	6fwhm	sm0	Tseries	20	100
fs32k	17	['HCP']	run-2	HCP	contrasts	Models_03	MSHBM17	579867		0.05228845	0.9260969	LANGUAGE	1	6fwhm	sm0	Tseries	20	100
fs32k	17	['HCP']	run-2	HCP	contrasts	Models_03	MSHBM17	597869		0.06938913	0.95714986	LANGUAGE	1	6fwhm	sm0	Tseries	20	100
fs32k	17	['HCP']	run-2	HCP	contrasts	Models_03	MSHBM17	599469		0.07822241	0.9547926	LANGUAGE	1	6fwhm	sm0	Tseries	20	100
fs32k	17	['HCP']	run-2	HCP	contrasts	Models_03	MSHBM17	601127		0.03368554	0.95998544	LANGUAGE	1	6fwhm	sm0	Tseries	20	100
fs32k	17	['HCP']	run-2	HCP	contrasts	Models_03	MSHBM17	613538		0.13429257	0.9385583	LANGUAGE	1	6fwhm	sm0	Tseries	20	100
fs32k	17	['HCP']	run-2	HCP	contrasts	Models_03	MSHBM17	615744		0.040015038	0.9558475	LANGUAGE	1	6fwhm	sm0	Tseries	20	100
fs32k	17	['HCP']	run-2	HCP	contrasts	Models_03	MSHBM17	647858		0.03180898	0.9558086	LANGUAGE	1	6fwhm	sm0	Tseries	20	100
fs32k	17	['HCP']	run-2	HCP	contrasts	Models_03	MSHBM17	654350		0.037188638	0.9638684	LANGUAGE	1	6fwhm	sm0	Tseries	20	100
fs32k	17	['HCP']	run-2	HCP	contrasts	Models_03	MSHBM17	663755		0.04096754	0.9552864	LANGUAGE	1	6fwhm	sm0	Tseries	20	100
fs32k	17	['HCP']	run-2	HCP	contrasts	Models_03	MSHBM17	698168		0.08315085	0.94343424	LANGUAGE	1	6fwhm	sm0	Tseries	20	100
fs32k	17	['HCP']	run-2	HCP	contrasts	Models_03	MSHBM17	704238		0.058860723	0.9468564	LANGUAGE	1	6fwhm	sm0	Tseries	20	100
fs32k	17	['HCP']	run-2	HCP	contrasts	Models_03	MSHBM17	724446		0.13722622	0.9358028	LANGUAGE	1	6fwhm	sm0	Tseries	20	100
fs32k	17	['HCP']	run-2	HCP	contrasts	Models_03	MSHBM17	729557		0.11458802	0.9406575	LANGUAGE	1	6fwhm	sm0	Tseries	20	100
fs32k	17	['HCP']	run-2	HCP	contrasts	Models_03	MSHBM17	734045		0.045033213	0.9519455	LANGUAGE	1	6fwhm	sm0	Tseries	20	100
fs32k	17	['HCP']	run-2	HCP	contrasts	Models_03	MSHBM17	771354		0.10358821	0.94099104	LANGUAGE	1	6fwhm	sm0	Tseries	20	100
fs32k	17	['HCP']	run-2	HCP	contrasts	Models_03	MSHBM17	774663		0.05996288	0.9425604	LANGUAGE	1	6fwhm	sm0	Tseries	20	100
fs32k	17	['HCP']	run-2	HCP	contrasts	Models_03	MSHBM17	792867		0.06723775	0.9515978	LANGUAGE	1	6fwhm	sm0	Tseries	20	100
fs32k	17	['HCP']	run-2	HCP	contrasts	Models_03	MSHBM17	793465		0.107794575	0.9242258	LANGUAGE	1	6fwhm	sm0	Tseries	20	100
fs32k	17	['HCP']	run-2	HCP	contrasts	Models_03	MSHBM17	815247		0.023788698	0.9446057	LANGUAGE	1	6fwhm	sm0	Tseries	20	100
fs32k	17	['HCP']	run-2	HCP	contrasts	Models_03	MSHBM17	825553		0.06814478	0.9606792	LANGUAGE	1	6fwhm	sm0	Tseries	20	100
fs32k	17	['HCP']	run-2	HCP	contrasts	Models_03	MSHBM17	826353		0.09804127	0.92995805	LANGUAGE	1	6fwhm	sm0	Tseries	20	100
fs32k	17	['HCP']	run-2	HCP	contrasts	Models_03	MSHBM17	832651		0.11512973	0.9261302	LANGUAGE	1	6fwhm	sm0	Tseries	20	100
fs32k	17	['HCP']	run-2	HCP	contrasts	Models_03	MSHBM17	841349		0.037269756	0.9510553	LANGUAGE	1	6fwhm	sm0	Tseries	20	100
fs32k	17	['HCP']	run-2	HCP	contrasts	Models_03	MSHBM17	845458		0.06413602	0.9506361	LANGUAGE	1	6fwhm	sm0	Tseries	20	100
fs32k	17	['HCP']	run-2	HCP	contrasts	Models_03	MSHBM17	865363		0.07041189	0.9641323	LANGUAGE	1	6fwhm	sm0	Tseries	20	100
fs32k	17	['HCP']	run-2	HCP	contrasts	Models_03	MSHBM17	872562		0.074200556	0.96515846	LANGUAGE	1	6fwhm	sm0	Tseries	20	100
fs32k	17	['HCP']	run-2	HCP	contrasts	Models_03	MSHBM17	878877		0.026673593	0.95508593	LANGUAGE	1	6fwhm	sm0	Tseries	20	100
fs32k	17	['HCP']	run-2	HCP	contrasts	Models_03	MSHBM17	880157		0.01089977	0.9610094	LANGUAGE	1	6fwhm	sm0	Tseries	20	100
fs32k	17	['HCP']	run-2	HCP	contrasts	Models_03	MSHBM17	896879		0.022149157	0.946676	LANGUAGE	1	6fwhm	sm0	Tseries	20	100
fs32k	17	['HCP']	run-2	HCP	contrasts	Models_03	MSHBM17	899885		0.05937347	0.9573819	LANGUAGE	1	6fwhm	sm0	Tseries	20	100
fs32k	17	['HCP']	run-2	HCP	contrasts	Models_03	MSHBM17	901139		0.02712438	0.9670658	LANGUAGE	1	6fwhm	sm0	Tseries	20	100
fs32k	17	['HCP']	run-2	HCP	contrasts	Models_03	MSHBM17	910443		0.050188646	0.96333516	LANGUAGE	1	6fwhm	sm0	Tseries	20	100
fs32k	17	['HCP']	run-2	HCP	contrasts	Models_03	MSHBM17	917255		0.058338262	0.9447297	LANGUAGE	1	6fwhm	sm0	Tseries	20	100
fs32k	17	['HCP']	run-2	HCP	contrasts	Models_03	MSHBM17	923755		0.0519399	0.95584226	LANGUAGE	1	6fwhm	sm0	Tseries	20	100
fs32k	17	['HCP']	run-2	HCP	contrasts	Models_03	MSHBM17	933253		0.08513165	0.94659853	LANGUAGE	1	6fwhm	sm0	Tseries	20	100
fs32k	17	['HCP']	run-2	HCP	contrasts	Models_03	MSHBM17	952863		0.09134967	0.948434	LANGUAGE	1	6fwhm	sm0	Tseries	20	100
fs32k	17	['HCP']	run-2	HCP	contrasts	Models_03	MSHBM17	965367		0.042997614	0.9528792	LANGUAGE	1	6fwhm	sm0	Tseries	20	100
fs32k	17	['HCP']	run-2	HCP	contrasts	Models_03	MSHBM17	996782		0.11025101	0.95562935	LANGUAGE	1	6fwhm	sm0	Tseries	20	100
fs32k	17	['HCP']	run-2	HCP	contrasts	Models_03	MSHBM17	510225		0.031484593	0.93096125	MOTOR	1	6fwhm	sm0	Tseries	20	100
fs32k	17	['HCP']	run-2	HCP	contrasts	Models_03	MSHBM17	513736		0.03538307	0.95300734	MOTOR	1	6fwhm	sm0	Tseries	20	100
fs32k	17	['HCP']	run-2	HCP	contrasts	Models_03	MSHBM17	516742		-0.008565799	0.9513578	MOTOR	1	6fwhm	sm0	Tseries	20	100
fs32k	17	['HCP']	run-2	HCP	contrasts	Models_03	MSHBM17	522434		0.0649932	0.9291731	MOTOR	1	6fwhm	sm0	Tseries	20	100
fs32k	17	['HCP']	run-2	HCP	contrasts	Models_03	MSHBM17	540436		0.01626747	0.9545137	MOTOR	1	6fwhm	sm0	Tseries	20	100
fs32k	17	['HCP']	run-2	HCP	contrasts	Models_03	MSHBM17	545345		0.02846706	0.95372427	MOTOR	1	6fwhm	sm0	Tseries	20	100
fs32k	17	['HCP']	run-2	HCP	contrasts	Models_03	MSHBM17	547046		0.050776795	0.955845	MOTOR	1	6fwhm	sm0	Tseries	20	100
fs32k	17	['HCP']	run-2	HCP	contrasts	Models_03	MSHBM17	555348		0.09469998	0.9513967	MOTOR	1	6fwhm	sm0	Tseries	20	100
fs32k	17	['HCP']	run-2	HCP	contrasts	Models_03	MSHBM17	559457		0.007400885	0.96149397	MOTOR	1	6fwhm	sm0	Tseries	20	100
fs32k	17	['HCP']	run-2	HCP	contrasts	Models_03	MSHBM17	567759		0.038816463	0.9514085	MOTOR	1	6fwhm	sm0	Tseries	20	100
fs32k	17	['HCP']	run-2	HCP	contrasts	Models_03	MSHBM17	573249		0.047454234	0.9372239	MOTOR	1	6fwhm	sm0	Tseries	20	100
fs32k	17	['HCP']	run-2	HCP	contrasts	Models_03	MSHBM17	579665		0.018635236	0.97531676	MOTOR	1	6fwhm	sm0	Tseries	20	100
fs32k	17	['HCP']	run-2	HCP	contrasts	Models_03	MSHBM17	579867		0.07406855	0.9376881	MOTOR	1	6fwhm	sm0	Tseries	20	100
fs32k	17	['HCP']	run-2	HCP	contrasts	Models_03	MSHBM17	597869		0.053338792	0.927362	MOTOR	1	6fwhm	sm0	Tseries	20	100
fs32k	17	['HCP']	run-2	HCP	contrasts	Models_03	MSHBM17	599469		0.06029516	0.93735963	MOTOR	1	6fwhm	sm0	Tseries	20	100
fs32k	17	['HCP']	run-2	HCP	contrasts	Models_03	MSHBM17	601127		0.053622715	0.9419894	MOTOR	1	6fwhm	sm0	Tseries	20	100
fs32k	17	['HCP']	run-2	HCP	contrasts	Models_03	MSHBM17	613538		0.06916274	0.94288623	MOTOR	1	6fwhm	sm0	Tseries	20	100
fs32k	17	['HCP']	run-2	HCP	contrasts	Models_03	MSHBM17	615744		0.071085654	0.938525	MOTOR	1	6fwhm	sm0	Tseries	20	100
fs32k	17	['HCP']	run-2	HCP	contrasts	Models_03	MSHBM17	647858		0.010089709	0.9483559	MOTOR	1	6fwhm	sm0	Tseries	20	100
fs32k	17	['HCP']	run-2	HCP	contrasts	Models_03	MSHBM17	654350		0.022690067	0.95778835	MOTOR	1	6fwhm	sm0	Tseries	20	100
fs32k	17	['HCP']	run-2	HCP	contrasts	Models_03	MSHBM17	663755		0.06867535	0.9314345	MOTOR	1	6fwhm	sm0	Tseries	20	100
fs32k	17	['HCP']	run-2	HCP	contrasts	Models_03	MSHBM17	698168		0.015768807	0.95662016	MOTOR	1	6fwhm	sm0	Tseries	20	100
fs32k	17	['HCP']	run-2	HCP	contrasts	Models_03	MSHBM17	704238		0.053527586	0.9559887	MOTOR	1	6fwhm	sm0	Tseries	20	100
fs32k	17	['HCP']	run-2	HCP	contrasts	Models_03	MSHBM17	724446		0.05842281	0.94048446	MOTOR	1	6fwhm	sm0	Tseries	20	100
fs32k	17	['HCP']	run-2	HCP	contrasts	Models_03	MSHBM17	729557		0.049158525	0.9575935	MOTOR	1	6fwhm	sm0	Tseries	20	100
fs32k	17	['HCP']	run-2	HCP	contrasts	Models_03	MSHBM17	734045		0.07861927	0.927312	MOTOR	1	6fwhm	sm0	Tseries	20	100
fs32k	17	['HCP']	run-2	HCP	contrasts	Models_03	MSHBM17	771354		0.007697315	0.93351424	MOTOR	1	6fwhm	sm0	Tseries	20	100
fs32k	17	['HCP']	run-2	HCP	contrasts	Models_03	MSHBM17	774663		0.06884024	0.95864373	MOTOR	1	6fwhm	sm0	Tseries	20	100
fs32k	17	['HCP']	run-2	HCP	contrasts	Models_03	MSHBM17	792867		0.023518484	0.9521737	MOTOR	1	6fwhm	sm0	Tseries	20	100
fs32k	17	['HCP']	run-2	HCP	contrasts	Models_03	MSHBM17	793465		0.039989896	0.93380153	MOTOR	1	6fwhm	sm0	Tseries	20	100
fs32k	17	['HCP']	run-2	HCP	contrasts	Models_03	MSHBM17	815247		0.016868036	0.96289873	MOTOR	1	6fwhm	sm0	Tseries	20	100
fs32k	17	['HCP']	run-2	HCP	contrasts	Models_03	MSHBM17	825553		0.013518355	0.97502506	MOTOR	1	6fwhm	sm0	Tseries	20	100
fs32k	17	['HCP']	run-2	HCP	contrasts	Models_03	MSHBM17	826353		0.10807573	0.93931085	MOTOR	1	6fwhm	sm0	Tseries	20	100
fs32k	17	['HCP']	run-2	HCP	contrasts	Models_03	MSHBM17	832651		0.0011885394	0.96204686	MOTOR	1	6fwhm	sm0	Tseries	20	100
fs32k	17	['HCP']	run-2	HCP	contrasts	Models_03	MSHBM17	841349		0.0027400698	0.96350443	MOTOR	1	6fwhm	sm0	Tseries	20	100
fs32k	17	['HCP']	run-2	HCP	contrasts	Models_03	MSHBM17	845458		0.037050102	0.9381543	MOTOR	1	6fwhm	sm0	Tseries	20	100
fs32k	17	['HCP']	run-2	HCP	contrasts	Models_03	MSHBM17	865363		0.041994076	0.9650712	MOTOR	1	6fwhm	sm0	Tseries	20	100
fs32k	17	['HCP']	run-2	HCP	contrasts	Models_03	MSHBM17	872562		0.058839645	0.9376331	MOTOR	1	6fwhm	sm0	Tseries	20	100
fs32k	17	['HCP']	run-2	HCP	contrasts	Models_03	MSHBM17	878877		0.088389084	0.93868506	MOTOR	1	6fwhm	sm0	Tseries	20	100
fs32k	17	['HCP']	run-2	HCP	contrasts	Models_03	MSHBM17	880157		0.037163667	0.93273526	MOTOR	1	6fwhm	sm0	Tseries	20	100
fs32k	17	['HCP']	run-2	HCP	contrasts	Models_03	MSHBM17	896879		0.025012365	0.9557014	MOTOR	1	6fwhm	sm0	Tseries	20	100
fs32k	17	['HCP']	run-2	HCP	contrasts	Models_03	MSHBM17	899885		0.017223824	0.96150076	MOTOR	1	6fwhm	sm0	Tseries	20	100
fs32k	17	['HCP']	run-2	HCP	contrasts	Models_03	MSHBM17	901139		0.03849388	0.9474133	MOTOR	1	6fwhm	sm0	Tseries	20	100
fs32k	17	['HCP']	run-2	HCP	contrasts	Models_03	MSHBM17	910443		0.018249413	0.94009435	MOTOR	1	6fwhm	sm0	Tseries	20	100
fs32k	17	['HCP']	run-2	HCP	contrasts	Models_03	MSHBM17	917255		-0.013110701	0.96998394	MOTOR	1	6fwhm	sm0	Tseries	20	100
fs32k	17	['HCP']	run-2	HCP	contrasts	Models_03	MSHBM17	923755		0.030663945	0.9600835	MOTOR	1	6fwhm	sm0	Tseries	20	100
fs32k	17	['HCP']	run-2	HCP	contrasts	Models_03	MSHBM17	933253		0.044864364	0.9525228	MOTOR	1	6fwhm	sm0	Tseries	20	100
fs32k	17	['HCP']	run-2	HCP	contrasts	Models_03	MSHBM17	952863		0.03729447	0.9442528	MOTOR	1	6fwhm	sm0	Tseries	20	100
fs32k	17	['HCP']	run-2	HCP	contrasts	Models_03	MSHBM17	965367		0.04433461	0.95396537	MOTOR	1	6fwhm	sm0	Tseries	20	100
fs32k	17	['HCP']	run-2	HCP	contrasts	Models_03	MSHBM17	996782		0.02350913	0.9344437	MOTOR	1	6fwhm	sm0	Tseries	20	100
fs32k	17	['HCP']	run-2	HCP	contrasts	Models_03	MSHBM17	510225		0.06438624	0.9375133	RELATIONAL	1	6fwhm	sm0	Tseries	20	100
fs32k	17	['HCP']	run-2	HCP	contrasts	Models_03	MSHBM17	513736		0.11502464	0.9239843	RELATIONAL	1	6fwhm	sm0	Tseries	20	100
fs32k	17	['HCP']	run-2	HCP	contrasts	Models_03	MSHBM17	516742		0.1505401	0.9279846	RELATIONAL	1	6fwhm	sm0	Tseries	20	100
fs32k	17	['HCP']	run-2	HCP	contrasts	Models_03	MSHBM17	522434		0.23878661	0.9048209	RELATIONAL	1	6fwhm	sm0	Tseries	20	100
fs32k	17	['HCP']	run-2	HCP	contrasts	Models_03	MSHBM17	540436		0.07949945	0.9370405	RELATIONAL	1	6fwhm	sm0	Tseries	20	100
fs32k	17	['HCP']	run-2	HCP	contrasts	Models_03	MSHBM17	545345		0.17010316	0.91999316	RELATIONAL	1	6fwhm	sm0	Tseries	20	100
fs32k	17	['HCP']	run-2	HCP	contrasts	Models_03	MSHBM17	547046		0.15394843	0.900718	RELATIONAL	1	6fwhm	sm0	Tseries	20	100
fs32k	17	['HCP']	run-2	HCP	contrasts	Models_03	MSHBM17	555348		0.096846156	0.9360227	RELATIONAL	1	6fwhm	sm0	Tseries	20	100
fs32k	17	['HCP']	run-2	HCP	contrasts	Models_03	MSHBM17	559457		0.11508045	0.93161076	RELATIONAL	1	6fwhm	sm0	Tseries	20	100
fs32k	17	['HCP']	run-2	HCP	contrasts	Models_03	MSHBM17	567759		0.23708981	0.8853552	RELATIONAL	1	6fwhm	sm0	Tseries	20	100
fs32k	17	['HCP']	run-2	HCP	contrasts	Models_03	MSHBM17	573249		0.111340396	0.91671634	RELATIONAL	1	6fwhm	sm0	Tseries	20	100
fs32k	17	['HCP']	run-2	HCP	contrasts	Models_03	MSHBM17	579665		0.02151691	0.95290947	RELATIONAL	1	6fwhm	sm0	Tseries	20	100
fs32k	17	['HCP']	run-2	HCP	contrasts	Models_03	MSHBM17	579867		0.169572	0.902905	RELATIONAL	1	6fwhm	sm0	Tseries	20	100
fs32k	17	['HCP']	run-2	HCP	contrasts	Models_03	MSHBM17	597869		0.1441499	0.9276544	RELATIONAL	1	6fwhm	sm0	Tseries	20	100
fs32k	17	['HCP']	run-2	HCP	contrasts	Models_03	MSHBM17	599469		0.19166087	0.8998345	RELATIONAL	1	6fwhm	sm0	Tseries	20	100
fs32k	17	['HCP']	run-2	HCP	contrasts	Models_03	MSHBM17	601127		0.14235337	0.9246646	RELATIONAL	1	6fwhm	sm0	Tseries	20	100
fs32k	17	['HCP']	run-2	HCP	contrasts	Models_03	MSHBM17	613538		0.12451899	0.9128861	RELATIONAL	1	6fwhm	sm0	Tseries	20	100
fs32k	17	['HCP']	run-2	HCP	contrasts	Models_03	MSHBM17	615744		0.22769675	0.90042806	RELATIONAL	1	6fwhm	sm0	Tseries	20	100
fs32k	17	['HCP']	run-2	HCP	contrasts	Models_03	MSHBM17	647858		0.12627181	0.91839355	RELATIONAL	1	6fwhm	sm0	Tseries	20	100
fs32k	17	['HCP']	run-2	HCP	contrasts	Models_03	MSHBM17	654350		0.12234868	0.90696704	RELATIONAL	1	6fwhm	sm0	Tseries	20	100
fs32k	17	['HCP']	run-2	HCP	contrasts	Models_03	MSHBM17	663755		0.121181995	0.90843815	RELATIONAL	1	6fwhm	sm0	Tseries	20	100
fs32k	17	['HCP']	run-2	HCP	contrasts	Models_03	MSHBM17	698168		0.122781426	0.9285544	RELATIONAL	1	6fwhm	sm0	Tseries	20	100
fs32k	17	['HCP']	run-2	HCP	contrasts	Models_03	MSHBM17	704238		0.25714862	0.891137	RELATIONAL	1	6fwhm	sm0	Tseries	20	100
fs32k	17	['HCP']	run-2	HCP	contrasts	Models_03	MSHBM17	724446		0.21694861	0.9009069	RELATIONAL	1	6fwhm	sm0	Tseries	20	100
fs32k	17	['HCP']	run-2	HCP	contrasts	Models_03	MSHBM17	729557		0.19727199	0.8945813	RELATIONAL	1	6fwhm	sm0	Tseries	20	100
fs32k	17	['HCP']	run-2	HCP	contrasts	Models_03	MSHBM17	734045		0.17116281	0.90662277	RELATIONAL	1	6fwhm	sm0	Tseries	20	100
fs32k	17	['HCP']	run-2	HCP	contrasts	Models_03	MSHBM17	771354		0.16672644	0.90360165	RELATIONAL	1	6fwhm	sm0	Tseries	20	100
fs32k	17	['HCP']	run-2	HCP	contrasts	Models_03	MSHBM17	774663		0.14858963	0.91471803	RELATIONAL	1	6fwhm	sm0	Tseries	20	100
fs32k	17	['HCP']	run-2	HCP	contrasts	Models_03	MSHBM17	792867		0.12427016	0.9407064	RELATIONAL	1	6fwhm	sm0	Tseries	20	100
fs32k	17	['HCP']	run-2	HCP	contrasts	Models_03	MSHBM17	793465		0.1461522	0.9337927	RELATIONAL	1	6fwhm	sm0	Tseries	20	100
fs32k	17	['HCP']	run-2	HCP	contrasts	Models_03	MSHBM17	815247		0.12039876	0.9058026	RELATIONAL	1	6fwhm	sm0	Tseries	20	100
fs32k	17	['HCP']	run-2	HCP	contrasts	Models_03	MSHBM17	825553		0.122782275	0.9563079	RELATIONAL	1	6fwhm	sm0	Tseries	20	100
fs32k	17	['HCP']	run-2	HCP	contrasts	Models_03	MSHBM17	826353		0.18984593	0.8908284	RELATIONAL	1	6fwhm	sm0	Tseries	20	100
fs32k	17	['HCP']	run-2	HCP	contrasts	Models_03	MSHBM17	832651		0.23856631	0.88742435	RELATIONAL	1	6fwhm	sm0	Tseries	20	100
fs32k	17	['HCP']	run-2	HCP	contrasts	Models_03	MSHBM17	841349		0.20336421	0.905163	RELATIONAL	1	6fwhm	sm0	Tseries	20	100
fs32k	17	['HCP']	run-2	HCP	contrasts	Models_03	MSHBM17	845458		0.067102395	0.9362258	RELATIONAL	1	6fwhm	sm0	Tseries	20	100
fs32k	17	['HCP']	run-2	HCP	contrasts	Models_03	MSHBM17	865363		0.0301084	0.93348545	RELATIONAL	1	6fwhm	sm0	Tseries	20	100
fs32k	17	['HCP']	run-2	HCP	contrasts	Models_03	MSHBM17	872562		0.14017656	0.92858875	RELATIONAL	1	6fwhm	sm0	Tseries	20	100
fs32k	17	['HCP']	run-2	HCP	contrasts	Models_03	MSHBM17	878877		0.21082294	0.9025049	RELATIONAL	1	6fwhm	sm0	Tseries	20	100
fs32k	17	['HCP']	run-2	HCP	contrasts	Models_03	MSHBM17	880157		0.148876	0.9172534	RELATIONAL	1	6fwhm	sm0	Tseries	20	100
fs32k	17	['HCP']	run-2	HCP	contrasts	Models_03	MSHBM17	896879		0.12053147	0.94219303	RELATIONAL	1	6fwhm	sm0	Tseries	20	100
fs32k	17	['HCP']	run-2	HCP	contrasts	Models_03	MSHBM17	899885		0.15999013	0.90340936	RELATIONAL	1	6fwhm	sm0	Tseries	20	100
fs32k	17	['HCP']	run-2	HCP	contrasts	Models_03	MSHBM17	901139		0.12583587	0.9372201	RELATIONAL	1	6fwhm	sm0	Tseries	20	100
fs32k	17	['HCP']	run-2	HCP	contrasts	Models_03	MSHBM17	910443		0.18650658	0.87245524	RELATIONAL	1	6fwhm	sm0	Tseries	20	100
fs32k	17	['HCP']	run-2	HCP	contrasts	Models_03	MSHBM17	917255		0.061857272	0.9540345	RELATIONAL	1	6fwhm	sm0	Tseries	20	100
fs32k	17	['HCP']	run-2	HCP	contrasts	Models_03	MSHBM17	923755		0.15965584	0.93981004	RELATIONAL	1	6fwhm	sm0	Tseries	20	100
fs32k	17	['HCP']	run-2	HCP	contrasts	Models_03	MSHBM17	933253		0.2595982	0.88598144	RELATIONAL	1	6fwhm	sm0	Tseries	20	100
fs32k	17	['HCP']	run-2	HCP	contrasts	Models_03	MSHBM17	952863		0.08609182	0.9351052	RELATIONAL	1	6fwhm	sm0	Tseries	20	100
fs32k	17	['HCP']	run-2	HCP	contrasts	Models_03	MSHBM17	965367		0.09921433	0.9398875	RELATIONAL	1	6fwhm	sm0	Tseries	20	100
fs32k	17	['HCP']	run-2	HCP	contrasts	Models_03	MSHBM17	996782		0.07315649	0.9459276	RELATIONAL	1	6fwhm	sm0	Tseries	20	100
fs32k	17	['HCP']	run-2	HCP	contrasts	Models_03	MSHBM17	510225		0.020294968	0.9396709	SOCIAL	1	6fwhm	sm0	Tseries	20	100
fs32k	17	['HCP']	run-2	HCP	contrasts	Models_03	MSHBM17	513736		0.013135131	0.9180639	SOCIAL	1	6fwhm	sm0	Tseries	20	100
fs32k	17	['HCP']	run-2	HCP	contrasts	Models_03	MSHBM17	516742		0.030958684	0.94878525	SOCIAL	1	6fwhm	sm0	Tseries	20	100
fs32k	17	['HCP']	run-2	HCP	contrasts	Models_03	MSHBM17	522434		0.037827477	0.92862165	SOCIAL	1	6fwhm	sm0	Tseries	20	100
fs32k	17	['HCP']	run-2	HCP	contrasts	Models_03	MSHBM17	540436		-0.048343036	0.935977	SOCIAL	1	6fwhm	sm0	Tseries	20	100
fs32k	17	['HCP']	run-2	HCP	contrasts	Models_03	MSHBM17	545345		0.056536227	0.9299893	SOCIAL	1	6fwhm	sm0	Tseries	20	100
fs32k	17	['HCP']	run-2	HCP	contrasts	Models_03	MSHBM17	547046		0.06570815	0.91683453	SOCIAL	1	6fwhm	sm0	Tseries	20	100
fs32k	17	['HCP']	run-2	HCP	contrasts	Models_03	MSHBM17	555348		0.03531651	0.93076295	SOCIAL	1	6fwhm	sm0	Tseries	20	100
fs32k	17	['HCP']	run-2	HCP	contrasts	Models_03	MSHBM17	559457		-0.009095649	0.94416326	SOCIAL	1	6fwhm	sm0	Tseries	20	100
fs32k	17	['HCP']	run-2	HCP	contrasts	Models_03	MSHBM17	567759		-0.004398266	0.95906496	SOCIAL	1	6fwhm	sm0	Tseries	20	100
fs32k	17	['HCP']	run-2	HCP	contrasts	Models_03	MSHBM17	573249		0.016187951	0.92855453	SOCIAL	1	6fwhm	sm0	Tseries	20	100
fs32k	17	['HCP']	run-2	HCP	contrasts	Models_03	MSHBM17	579665		0.02165554	0.94183767	SOCIAL	1	6fwhm	sm0	Tseries	20	100
fs32k	17	['HCP']	run-2	HCP	contrasts	Models_03	MSHBM17	579867		0.08561792	0.9264273	SOCIAL	1	6fwhm	sm0	Tseries	20	100
fs32k	17	['HCP']	run-2	HCP	contrasts	Models_03	MSHBM17	597869		-0.0036874518	0.9307675	SOCIAL	1	6fwhm	sm0	Tseries	20	100
fs32k	17	['HCP']	run-2	HCP	contrasts	Models_03	MSHBM17	599469		0.054247968	0.9362601	SOCIAL	1	6fwhm	sm0	Tseries	20	100
fs32k	17	['HCP']	run-2	HCP	contrasts	Models_03	MSHBM17	601127		-0.013768379	0.9289288	SOCIAL	1	6fwhm	sm0	Tseries	20	100
fs32k	17	['HCP']	run-2	HCP	contrasts	Models_03	MSHBM17	613538		0.097438425	0.91103303	SOCIAL	1	6fwhm	sm0	Tseries	20	100
fs32k	17	['HCP']	run-2	HCP	contrasts	Models_03	MSHBM17	615744		0.008913021	0.9147932	SOCIAL	1	6fwhm	sm0	Tseries	20	100
fs32k	17	['HCP']	run-2	HCP	contrasts	Models_03	MSHBM17	647858		0.056430046	0.9317903	SOCIAL	1	6fwhm	sm0	Tseries	20	100
fs32k	17	['HCP']	run-2	HCP	contrasts	Models_03	MSHBM17	654350		-0.001448897	0.93424815	SOCIAL	1	6fwhm	sm0	Tseries	20	100
fs32k	17	['HCP']	run-2	HCP	contrasts	Models_03	MSHBM17	663755		0.0031524193	0.92398953	SOCIAL	1	6fwhm	sm0	Tseries	20	100
fs32k	17	['HCP']	run-2	HCP	contrasts	Models_03	MSHBM17	698168		0.034254473	0.94396824	SOCIAL	1	6fwhm	sm0	Tseries	20	100
fs32k	17	['HCP']	run-2	HCP	contrasts	Models_03	MSHBM17	704238		0.14995983	0.9125325	SOCIAL	1	6fwhm	sm0	Tseries	20	100
fs32k	17	['HCP']	run-2	HCP	contrasts	Models_03	MSHBM17	724446		-0.04400601	0.94648284	SOCIAL	1	6fwhm	sm0	Tseries	20	100
fs32k	17	['HCP']	run-2	HCP	contrasts	Models_03	MSHBM17	729557		0.067854404	0.93458766	SOCIAL	1	6fwhm	sm0	Tseries	20	100
fs32k	17	['HCP']	run-2	HCP	contrasts	Models_03	MSHBM17	734045		0.028813586	0.9282011	SOCIAL	1	6fwhm	sm0	Tseries	20	100
fs32k	17	['HCP']	run-2	HCP	contrasts	Models_03	MSHBM17	771354		-0.0054958304	0.9405184	SOCIAL	1	6fwhm	sm0	Tseries	20	100
fs32k	17	['HCP']	run-2	HCP	contrasts	Models_03	MSHBM17	774663		0.08666448	0.9374455	SOCIAL	1	6fwhm	sm0	Tseries	20	100
fs32k	17	['HCP']	run-2	HCP	contrasts	Models_03	MSHBM17	792867		0.017879939	0.9308475	SOCIAL	1	6fwhm	sm0	Tseries	20	100
fs32k	17	['HCP']	run-2	HCP	contrasts	Models_03	MSHBM17	793465		0.03305395	0.91737574	SOCIAL	1	6fwhm	sm0	Tseries	20	100
fs32k	17	['HCP']	run-2	HCP	contrasts	Models_03	MSHBM17	815247		0.10748345	0.93379784	SOCIAL	1	6fwhm	sm0	Tseries	20	100
fs32k	17	['HCP']	run-2	HCP	contrasts	Models_03	MSHBM17	825553		0.11432345	0.94481015	SOCIAL	1	6fwhm	sm0	Tseries	20	100
fs32k	17	['HCP']	run-2	HCP	contrasts	Models_03	MSHBM17	826353		0.11481863	0.9091303	SOCIAL	1	6fwhm	sm0	Tseries	20	100
fs32k	17	['HCP']	run-2	HCP	contrasts	Models_03	MSHBM17	832651		0.013789507	0.91496074	SOCIAL	1	6fwhm	sm0	Tseries	20	100
fs32k	17	['HCP']	run-2	HCP	contrasts	Models_03	MSHBM17	841349		0.14886484	0.89163566	SOCIAL	1	6fwhm	sm0	Tseries	20	100
fs32k	17	['HCP']	run-2	HCP	contrasts	Models_03	MSHBM17	845458		-0.052142356	0.9218888	SOCIAL	1	6fwhm	sm0	Tseries	20	100
fs32k	17	['HCP']	run-2	HCP	contrasts	Models_03	MSHBM17	865363		0.014713902	0.9309737	SOCIAL	1	6fwhm	sm0	Tseries	20	100
fs32k	17	['HCP']	run-2	HCP	contrasts	Models_03	MSHBM17	872562		0.04677569	0.91135335	SOCIAL	1	6fwhm	sm0	Tseries	20	100
fs32k	17	['HCP']	run-2	HCP	contrasts	Models_03	MSHBM17	878877		0.11249865	0.9283666	SOCIAL	1	6fwhm	sm0	Tseries	20	100
fs32k	17	['HCP']	run-2	HCP	contrasts	Models_03	MSHBM17	880157		-0.01926019	0.9403615	SOCIAL	1	6fwhm	sm0	Tseries	20	100
fs32k	17	['HCP']	run-2	HCP	contrasts	Models_03	MSHBM17	896879		-0.016064547	0.9507887	SOCIAL	1	6fwhm	sm0	Tseries	20	100
fs32k	17	['HCP']	run-2	HCP	contrasts	Models_03	MSHBM17	899885		0.01518454	0.93244475	SOCIAL	1	6fwhm	sm0	Tseries	20	100
fs32k	17	['HCP']	run-2	HCP	contrasts	Models_03	MSHBM17	901139		0.08868487	0.9202099	SOCIAL	1	6fwhm	sm0	Tseries	20	100
fs32k	17	['HCP']	run-2	HCP	contrasts	Models_03	MSHBM17	910443		0.03252012	0.9269638	SOCIAL	1	6fwhm	sm0	Tseries	20	100
fs32k	17	['HCP']	run-2	HCP	contrasts	Models_03	MSHBM17	917255		0.005843143	0.95022506	SOCIAL	1	6fwhm	sm0	Tseries	20	100
fs32k	17	['HCP']	run-2	HCP	contrasts	Models_03	MSHBM17	923755		0.12579341	0.9458704	SOCIAL	1	6fwhm	sm0	Tseries	20	100
fs32k	17	['HCP']	run-2	HCP	contrasts	Models_03	MSHBM17	933253		0.030543298	0.92447585	SOCIAL	1	6fwhm	sm0	Tseries	20	100
fs32k	17	['HCP']	run-2	HCP	contrasts	Models_03	MSHBM17	952863		0.019081412	0.9248667	SOCIAL	1	6fwhm	sm0	Tseries	20	100
fs32k	17	['HCP']	run-2	HCP	contrasts	Models_03	MSHBM17	965367		-0.023633843	0.93540204	SOCIAL	1	6fwhm	sm0	Tseries	20	100
fs32k	17	['HCP']	run-2	HCP	contrasts	Models_03	MSHBM17	996782		0.04878161	0.93555486	SOCIAL	1	6fwhm	sm0	Tseries	20	100
fs32k	17	['HCP']	run-2	HCP	contrasts	Models_03	MSHBM17	510225		0.082064405	0.95539856	WM	1	6fwhm	sm0	Tseries	20	100
fs32k	17	['HCP']	run-2	HCP	contrasts	Models_03	MSHBM17	513736		0.1165642	0.9222561	WM	1	6fwhm	sm0	Tseries	20	100
fs32k	17	['HCP']	run-2	HCP	contrasts	Models_03	MSHBM17	516742		0.07809588	0.9503836	WM	1	6fwhm	sm0	Tseries	20	100
fs32k	17	['HCP']	run-2	HCP	contrasts	Models_03	MSHBM17	522434		0.13527963	0.92291975	WM	1	6fwhm	sm0	Tseries	20	100
fs32k	17	['HCP']	run-2	HCP	contrasts	Models_03	MSHBM17	540436		0.112815596	0.93216836	WM	1	6fwhm	sm0	Tseries	20	100
fs32k	17	['HCP']	run-2	HCP	contrasts	Models_03	MSHBM17	545345		0.06858168	0.9393891	WM	1	6fwhm	sm0	Tseries	20	100
fs32k	17	['HCP']	run-2	HCP	contrasts	Models_03	MSHBM17	547046		0.17323439	0.912531	WM	1	6fwhm	sm0	Tseries	20	100
fs32k	17	['HCP']	run-2	HCP	contrasts	Models_03	MSHBM17	555348		0.10580281	0.9333102	WM	1	6fwhm	sm0	Tseries	20	100
fs32k	17	['HCP']	run-2	HCP	contrasts	Models_03	MSHBM17	559457		0.0031567805	0.95774794	WM	1	6fwhm	sm0	Tseries	20	100
fs32k	17	['HCP']	run-2	HCP	contrasts	Models_03	MSHBM17	567759		0.15750065	0.92760766	WM	1	6fwhm	sm0	Tseries	20	100
fs32k	17	['HCP']	run-2	HCP	contrasts	Models_03	MSHBM17	573249		0.091631144	0.94181126	WM	1	6fwhm	sm0	Tseries	20	100
fs32k	17	['HCP']	run-2	HCP	contrasts	Models_03	MSHBM17	579665		-0.018930713	0.978802	WM	1	6fwhm	sm0	Tseries	20	100
fs32k	17	['HCP']	run-2	HCP	contrasts	Models_03	MSHBM17	579867		0.09977178	0.92605805	WM	1	6fwhm	sm0	Tseries	20	100
fs32k	17	['HCP']	run-2	HCP	contrasts	Models_03	MSHBM17	597869		0.09143713	0.94732195	WM	1	6fwhm	sm0	Tseries	20	100
fs32k	17	['HCP']	run-2	HCP	contrasts	Models_03	MSHBM17	599469		0.09417793	0.9343751	WM	1	6fwhm	sm0	Tseries	20	100
fs32k	17	['HCP']	run-2	HCP	contrasts	Models_03	MSHBM17	601127		0.060105056	0.9387113	WM	1	6fwhm	sm0	Tseries	20	100
fs32k	17	['HCP']	run-2	HCP	contrasts	Models_03	MSHBM17	613538		0.10214177	0.94248825	WM	1	6fwhm	sm0	Tseries	20	100
fs32k	17	['HCP']	run-2	HCP	contrasts	Models_03	MSHBM17	615744		0.12493294	0.9408558	WM	1	6fwhm	sm0	Tseries	20	100
fs32k	17	['HCP']	run-2	HCP	contrasts	Models_03	MSHBM17	647858		0.11214882	0.92864037	WM	1	6fwhm	sm0	Tseries	20	100
fs32k	17	['HCP']	run-2	HCP	contrasts	Models_03	MSHBM17	654350		0.075437985	0.93987876	WM	1	6fwhm	sm0	Tseries	20	100
fs32k	17	['HCP']	run-2	HCP	contrasts	Models_03	MSHBM17	663755		0.10348737	0.9157036	WM	1	6fwhm	sm0	Tseries	20	100
fs32k	17	['HCP']	run-2	HCP	contrasts	Models_03	MSHBM17	698168		0.10726082	0.9484173	WM	1	6fwhm	sm0	Tseries	20	100
fs32k	17	['HCP']	run-2	HCP	contrasts	Models_03	MSHBM17	704238		0.16384998	0.92181164	WM	1	6fwhm	sm0	Tseries	20	100
fs32k	17	['HCP']	run-2	HCP	contrasts	Models_03	MSHBM17	724446		0.047948986	0.94135016	WM	1	6fwhm	sm0	Tseries	20	100
fs32k	17	['HCP']	run-2	HCP	contrasts	Models_03	MSHBM17	729557		0.1748177	0.92271584	WM	1	6fwhm	sm0	Tseries	20	100
fs32k	17	['HCP']	run-2	HCP	contrasts	Models_03	MSHBM17	734045		0.062759966	0.9501229	WM	1	6fwhm	sm0	Tseries	20	100
fs32k	17	['HCP']	run-2	HCP	contrasts	Models_03	MSHBM17	771354		0.10194072	0.9140547	WM	1	6fwhm	sm0	Tseries	20	100
fs32k	17	['HCP']	run-2	HCP	contrasts	Models_03	MSHBM17	774663		0.093550876	0.93142915	WM	1	6fwhm	sm0	Tseries	20	100
fs32k	17	['HCP']	run-2	HCP	contrasts	Models_03	MSHBM17	792867		0.09140247	0.9543083	WM	1	6fwhm	sm0	Tseries	20	100
fs32k	17	['HCP']	run-2	HCP	contrasts	Models_03	MSHBM17	793465		0.116987795	0.93821096	WM	1	6fwhm	sm0	Tseries	20	100
fs32k	17	['HCP']	run-2	HCP	contrasts	Models_03	MSHBM17	815247		0.13766249	0.92015445	WM	1	6fwhm	sm0	Tseries	20	100
fs32k	17	['HCP']	run-2	HCP	contrasts	Models_03	MSHBM17	825553		0.16950092	0.93911135	WM	1	6fwhm	sm0	Tseries	20	100
fs32k	17	['HCP']	run-2	HCP	contrasts	Models_03	MSHBM17	826353		0.09314421	0.93405664	WM	1	6fwhm	sm0	Tseries	20	100
fs32k	17	['HCP']	run-2	HCP	contrasts	Models_03	MSHBM17	832651		0.09681314	0.89603186	WM	1	6fwhm	sm0	Tseries	20	100
fs32k	17	['HCP']	run-2	HCP	contrasts	Models_03	MSHBM17	841349		0.16927896	0.9268886	WM	1	6fwhm	sm0	Tseries	20	100
fs32k	17	['HCP']	run-2	HCP	contrasts	Models_03	MSHBM17	845458		0.05344597	0.9447232	WM	1	6fwhm	sm0	Tseries	20	100
fs32k	17	['HCP']	run-2	HCP	contrasts	Models_03	MSHBM17	865363		0.0805896	0.9476724	WM	1	6fwhm	sm0	Tseries	20	100
fs32k	17	['HCP']	run-2	HCP	contrasts	Models_03	MSHBM17	872562		0.07473999	0.94842595	WM	1	6fwhm	sm0	Tseries	20	100
fs32k	17	['HCP']	run-2	HCP	contrasts	Models_03	MSHBM17	878877		0.10609399	0.92912906	WM	1	6fwhm	sm0	Tseries	20	100
fs32k	17	['HCP']	run-2	HCP	contrasts	Models_03	MSHBM17	880157		0.021292405	0.9380397	WM	1	6fwhm	sm0	Tseries	20	100
fs32k	17	['HCP']	run-2	HCP	contrasts	Models_03	MSHBM17	896879		0.062825896	0.9499418	WM	1	6fwhm	sm0	Tseries	20	100
fs32k	17	['HCP']	run-2	HCP	contrasts	Models_03	MSHBM17	899885		0.063275784	0.95270425	WM	1	6fwhm	sm0	Tseries	20	100
fs32k	17	['HCP']	run-2	HCP	contrasts	Models_03	MSHBM17	901139		0.071188256	0.9336976	WM	1	6fwhm	sm0	Tseries	20	100
fs32k	17	['HCP']	run-2	HCP	contrasts	Models_03	MSHBM17	910443		0.119169444	0.9312569	WM	1	6fwhm	sm0	Tseries	20	100
fs32k	17	['HCP']	run-2	HCP	contrasts	Models_03	MSHBM17	917255		0.049941078	0.9570991	WM	1	6fwhm	sm0	Tseries	20	100
fs32k	17	['HCP']	run-2	HCP	contrasts	Models_03	MSHBM17	923755		0.09746617	0.9242854	WM	1	6fwhm	sm0	Tseries	20	100
fs32k	17	['HCP']	run-2	HCP	contrasts	Models_03	MSHBM17	933253		0.1689088	0.92016304	WM	1	6fwhm	sm0	Tseries	20	100
fs32k	17	['HCP']	run-2	HCP	contrasts	Models_03	MSHBM17	952863		0.051879916	0.95154727	WM	1	6fwhm	sm0	Tseries	20	100
fs32k	17	['HCP']	run-2	HCP	contrasts	Models_03	MSHBM17	965367		0.0842514	0.95652544	WM	1	6fwhm	sm0	Tseries	20	100
fs32k	17	['HCP']	run-2	HCP	contrasts	Models_03	MSHBM17	996782		-0.0074731326	0.97443944	WM	1	6fwhm	sm0	Tseries	20	100
fs32k	17	['HCP']	run-2	HCP	contrasts	Models_03	MSHBM17	510225		0.053462602	0.9442909	all	1	6fwhm	sm0	Tseries	20	100
fs32k	17	['HCP']	run-2	HCP	contrasts	Models_03	MSHBM17	513736		0.081803754	0.93472075	all	1	6fwhm	sm0	Tseries	20	100
fs32k	17	['HCP']	run-2	HCP	contrasts	Models_03	MSHBM17	516742		0.040455483	0.94858515	all	1	6fwhm	sm0	Tseries	20	100
fs32k	17	['HCP']	run-2	HCP	contrasts	Models_03	MSHBM17	522434		0.12121308	0.92365247	all	1	6fwhm	sm0	Tseries	20	100
fs32k	17	['HCP']	run-2	HCP	contrasts	Models_03	MSHBM17	540436		0.06475447	0.9431276	all	1	6fwhm	sm0	Tseries	20	100
fs32k	17	['HCP']	run-2	HCP	contrasts	Models_03	MSHBM17	545345		0.070774205	0.9426683	all	1	6fwhm	sm0	Tseries	20	100
fs32k	17	['HCP']	run-2	HCP	contrasts	Models_03	MSHBM17	547046		0.1254856	0.9267113	all	1	6fwhm	sm0	Tseries	20	100
fs32k	17	['HCP']	run-2	HCP	contrasts	Models_03	MSHBM17	555348		0.08209964	0.9404588	all	1	6fwhm	sm0	Tseries	20	100
fs32k	17	['HCP']	run-2	HCP	contrasts	Models_03	MSHBM17	559457		0.010654759	0.9537579	all	1	6fwhm	sm0	Tseries	20	100
fs32k	17	['HCP']	run-2	HCP	contrasts	Models_03	MSHBM17	567759		0.11786107	0.9372853	all	1	6fwhm	sm0	Tseries	20	100
fs32k	17	['HCP']	run-2	HCP	contrasts	Models_03	MSHBM17	573249		0.07489591	0.9370626	all	1	6fwhm	sm0	Tseries	20	100
fs32k	17	['HCP']	run-2	HCP	contrasts	Models_03	MSHBM17	579665		0.003563411	0.9704906	all	1	6fwhm	sm0	Tseries	20	100
fs32k	17	['HCP']	run-2	HCP	contrasts	Models_03	MSHBM17	579867		0.100684665	0.92666215	all	1	6fwhm	sm0	Tseries	20	100
fs32k	17	['HCP']	run-2	HCP	contrasts	Models_03	MSHBM17	597869		0.07249628	0.9367987	all	1	6fwhm	sm0	Tseries	20	100
fs32k	17	['HCP']	run-2	HCP	contrasts	Models_03	MSHBM17	599469		0.085435204	0.9331207	all	1	6fwhm	sm0	Tseries	20	100
fs32k	17	['HCP']	run-2	HCP	contrasts	Models_03	MSHBM17	601127		0.0551636	0.9379918	all	1	6fwhm	sm0	Tseries	20	100
fs32k	17	['HCP']	run-2	HCP	contrasts	Models_03	MSHBM17	613538		0.097400196	0.9338401	all	1	6fwhm	sm0	Tseries	20	100
fs32k	17	['HCP']	run-2	HCP	contrasts	Models_03	MSHBM17	615744		0.09593514	0.9354537	all	1	6fwhm	sm0	Tseries	20	100
fs32k	17	['HCP']	run-2	HCP	contrasts	Models_03	MSHBM17	647858		0.07795733	0.935702	all	1	6fwhm	sm0	Tseries	20	100
fs32k	17	['HCP']	run-2	HCP	contrasts	Models_03	MSHBM17	654350		0.058724716	0.9427618	all	1	6fwhm	sm0	Tseries	20	100
fs32k	17	['HCP']	run-2	HCP	contrasts	Models_03	MSHBM17	663755		0.077871904	0.9250446	all	1	6fwhm	sm0	Tseries	20	100
fs32k	17	['HCP']	run-2	HCP	contrasts	Models_03	MSHBM17	698168		0.06327612	0.9494155	all	1	6fwhm	sm0	Tseries	20	100
fs32k	17	['HCP']	run-2	HCP	contrasts	Models_03	MSHBM17	704238		0.13845034	0.93079627	all	1	6fwhm	sm0	Tseries	20	100
fs32k	17	['HCP']	run-2	HCP	contrasts	Models_03	MSHBM17	724446		0.07036708	0.9352007	all	1	6fwhm	sm0	Tseries	20	100
fs32k	17	['HCP']	run-2	HCP	contrasts	Models_03	MSHBM17	729557		0.14040989	0.93277526	all	1	6fwhm	sm0	Tseries	20	100
fs32k	17	['HCP']	run-2	HCP	contrasts	Models_03	MSHBM17	734045		0.08035597	0.9341466	all	1	6fwhm	sm0	Tseries	20	100
fs32k	17	['HCP']	run-2	HCP	contrasts	Models_03	MSHBM17	771354		0.08045914	0.92464626	all	1	6fwhm	sm0	Tseries	20	100
fs32k	17	['HCP']	run-2	HCP	contrasts	Models_03	MSHBM17	774663		0.07848891	0.9392324	all	1	6fwhm	sm0	Tseries	20	100
fs32k	17	['HCP']	run-2	HCP	contrasts	Models_03	MSHBM17	792867		0.06864765	0.95039713	all	1	6fwhm	sm0	Tseries	20	100
fs32k	17	['HCP']	run-2	HCP	contrasts	Models_03	MSHBM17	793465		0.08903305	0.93258506	all	1	6fwhm	sm0	Tseries	20	100
fs32k	17	['HCP']	run-2	HCP	contrasts	Models_03	MSHBM17	815247		0.1013675	0.93477523	all	1	6fwhm	sm0	Tseries	20	100
fs32k	17	['HCP']	run-2	HCP	contrasts	Models_03	MSHBM17	825553		0.10720876	0.9559353	all	1	6fwhm	sm0	Tseries	20	100
fs32k	17	['HCP']	run-2	HCP	contrasts	Models_03	MSHBM17	826353		0.1002796	0.9292081	all	1	6fwhm	sm0	Tseries	20	100
fs32k	17	['HCP']	run-2	HCP	contrasts	Models_03	MSHBM17	832651		0.07759246	0.9197035	all	1	6fwhm	sm0	Tseries	20	100
fs32k	17	['HCP']	run-2	HCP	contrasts	Models_03	MSHBM17	841349		0.122683786	0.9362473	all	1	6fwhm	sm0	Tseries	20	100
fs32k	17	['HCP']	run-2	HCP	contrasts	Models_03	MSHBM17	845458		0.032299675	0.9425481	all	1	6fwhm	sm0	Tseries	20	100
fs32k	17	['HCP']	run-2	HCP	contrasts	Models_03	MSHBM17	865363		0.040596873	0.9525334	all	1	6fwhm	sm0	Tseries	20	100
fs32k	17	['HCP']	run-2	HCP	contrasts	Models_03	MSHBM17	872562		0.068273604	0.94143474	all	1	6fwhm	sm0	Tseries	20	100
fs32k	17	['HCP']	run-2	HCP	contrasts	Models_03	MSHBM17	878877		0.10883816	0.93006974	all	1	6fwhm	sm0	Tseries	20	100
fs32k	17	['HCP']	run-2	HCP	contrasts	Models_03	MSHBM17	880157		0.03775974	0.93822175	all	1	6fwhm	sm0	Tseries	20	100
fs32k	17	['HCP']	run-2	HCP	contrasts	Models_03	MSHBM17	896879		0.05100093	0.9491334	all	1	6fwhm	sm0	Tseries	20	100
fs32k	17	['HCP']	run-2	HCP	contrasts	Models_03	MSHBM17	899885		0.06476195	0.94928545	all	1	6fwhm	sm0	Tseries	20	100
fs32k	17	['HCP']	run-2	HCP	contrasts	Models_03	MSHBM17	901139		0.0657013	0.93907493	all	1	6fwhm	sm0	Tseries	20	100
fs32k	17	['HCP']	run-2	HCP	contrasts	Models_03	MSHBM17	910443		0.08934118	0.9316261	all	1	6fwhm	sm0	Tseries	20	100
fs32k	17	['HCP']	run-2	HCP	contrasts	Models_03	MSHBM17	917255		0.03953733	0.95887697	all	1	6fwhm	sm0	Tseries	20	100
fs32k	17	['HCP']	run-2	HCP	contrasts	Models_03	MSHBM17	923755		0.0904326	0.94151235	all	1	6fwhm	sm0	Tseries	20	100
fs32k	17	['HCP']	run-2	HCP	contrasts	Models_03	MSHBM17	933253		0.12059643	0.93153894	all	1	6fwhm	sm0	Tseries	20	100
fs32k	17	['HCP']	run-2	HCP	contrasts	Models_03	MSHBM17	952863		0.04262067	0.9443588	all	1	6fwhm	sm0	Tseries	20	100
fs32k	17	['HCP']	run-2	HCP	contrasts	Models_03	MSHBM17	965367		0.059408557	0.9508328	all	1	6fwhm	sm0	Tseries	20	100
fs32k	17	['HCP']	run-2	HCP	contrasts	Models_03	MSHBM17	996782		0.026222661	0.95214593	all	1	6fwhm	sm0	Tseries	20	100
