sn	iter	num_runs	kappa_indiv	kappa_group
0	0	2	15.432938	6.973154
1	0	2	17.930529	6.973154
2	0	2	13.774004	6.973154
3	0	2	16.146753	6.973154
4	0	2	19.209549	6.973154
5	0	2	13.703028	6.973154
6	0	2	17.35538	6.973154
7	0	2	12.199414	6.973154
8	0	2	11.755701	6.973154
9	0	2	14.552634	6.973154
10	0	2	17.235884	6.973154
11	0	2	11.830909	6.973154
12	0	2	20.975662	6.973154
13	0	2	18.934786	6.973154
14	0	2	11.0578	6.973154
15	0	2	17.910938	6.973154
16	0	2	16.81919	6.973154
17	0	2	14.401217	6.973154
18	0	2	14.607434	6.973154
19	0	2	17.23991	6.973154
20	0	2	12.9704485	6.973154
21	0	2	13.328851	6.973154
22	0	2	13.748063	6.973154
23	0	2	11.876876	6.973154
0	0	2	15.432938	9.19147
1	0	2	17.930529	9.19147
2	0	2	13.774004	9.19147
3	0	2	16.146753	9.19147
4	0	2	19.209549	9.19147
5	0	2	13.703028	9.19147
6	0	2	17.35538	9.19147
7	0	2	12.199414	9.19147
8	0	2	11.755701	9.19147
9	0	2	14.552634	9.19147
10	0	2	17.235884	9.19147
11	0	2	11.830909	9.19147
12	0	2	20.975662	9.19147
13	0	2	18.934786	9.19147
14	0	2	11.0578	9.19147
15	0	2	17.910938	9.19147
16	0	2	16.81919	9.19147
17	0	2	14.401217	9.19147
18	0	2	14.607434	9.19147
19	0	2	17.23991	9.19147
20	0	2	12.9704485	9.19147
21	0	2	13.328851	9.19147
22	0	2	13.748063	9.19147
23	0	2	11.876876	9.19147
0	1	2	14.653218	9.19147
1	1	2	19.980797	9.19147
2	1	2	12.552395	9.19147
3	1	2	17.132511	9.19147
4	1	2	15.050147	9.19147
5	1	2	13.672854	9.19147
6	1	2	17.974323	9.19147
7	1	2	12.854142	9.19147
8	1	2	15.880458	9.19147
9	1	2	14.349587	9.19147
10	1	2	16.388237	9.19147
11	1	2	11.900326	9.19147
12	1	2	17.737402	9.19147
13	1	2	16.204493	9.19147
14	1	2	15.558735	9.19147
15	1	2	19.930695	9.19147
16	1	2	14.570823	9.19147
17	1	2	15.247844	9.19147
18	1	2	16.62845	9.19147
19	1	2	15.82298	9.19147
20	1	2	17.199682	9.19147
21	1	2	14.253403	9.19147
22	1	2	12.006706	9.19147
23	1	2	13.73414	9.19147
0	1	2	14.653218	9.538103
1	1	2	19.980797	9.538103
2	1	2	12.552395	9.538103
3	1	2	17.132511	9.538103
4	1	2	15.050147	9.538103
5	1	2	13.672854	9.538103
6	1	2	17.974323	9.538103
7	1	2	12.854142	9.538103
8	1	2	15.880458	9.538103
9	1	2	14.349587	9.538103
10	1	2	16.388237	9.538103
11	1	2	11.900326	9.538103
12	1	2	17.737402	9.538103
13	1	2	16.204493	9.538103
14	1	2	15.558735	9.538103
15	1	2	19.930695	9.538103
16	1	2	14.570823	9.538103
17	1	2	15.247844	9.538103
18	1	2	16.62845	9.538103
19	1	2	15.82298	9.538103
20	1	2	17.199682	9.538103
21	1	2	14.253403	9.538103
22	1	2	12.006706	9.538103
23	1	2	13.73414	9.538103
0	2	2	15.125748	9.538103
1	2	2	14.909948	9.538103
2	2	2	13.35646	9.538103
3	2	2	15.964383	9.538103
4	2	2	16.862402	9.538103
5	2	2	11.153746	9.538103
6	2	2	18.937536	9.538103
7	2	2	13.364364	9.538103
8	2	2	13.454558	9.538103
9	2	2	13.40474	9.538103
10	2	2	17.46677	9.538103
11	2	2	12.433872	9.538103
12	2	2	19.462729	9.538103
13	2	2	14.534788	9.538103
14	2	2	15.380434	9.538103
15	2	2	18.776587	9.538103
16	2	2	14.3088045	9.538103
17	2	2	12.828906	9.538103
18	2	2	20.957447	9.538103
19	2	2	18.11483	9.538103
20	2	2	14.153739	9.538103
21	2	2	17.182104	9.538103
22	2	2	12.713586	9.538103
23	2	2	13.20743	9.538103
0	2	2	15.125748	9.702504
1	2	2	14.909948	9.702504
2	2	2	13.35646	9.702504
3	2	2	15.964383	9.702504
4	2	2	16.862402	9.702504
5	2	2	11.153746	9.702504
6	2	2	18.937536	9.702504
7	2	2	13.364364	9.702504
8	2	2	13.454558	9.702504
9	2	2	13.40474	9.702504
10	2	2	17.46677	9.702504
11	2	2	12.433872	9.702504
12	2	2	19.462729	9.702504
13	2	2	14.534788	9.702504
14	2	2	15.380434	9.702504
15	2	2	18.776587	9.702504
16	2	2	14.3088045	9.702504
17	2	2	12.828906	9.702504
18	2	2	20.957447	9.702504
19	2	2	18.11483	9.702504
20	2	2	14.153739	9.702504
21	2	2	17.182104	9.702504
22	2	2	12.713586	9.702504
23	2	2	13.20743	9.702504
0	3	2	12.643474	9.702504
1	3	2	14.886181	9.702504
2	3	2	11.918987	9.702504
3	3	2	13.901982	9.702504
4	3	2	12.526378	9.702504
5	3	2	13.757965	9.702504
6	3	2	13.896394	9.702504
7	3	2	13.207154	9.702504
8	3	2	14.532291	9.702504
9	3	2	13.270586	9.702504
10	3	2	15.827922	9.702504
11	3	2	11.87941	9.702504
12	3	2	13.8806305	9.702504
13	3	2	14.640835	9.702504
14	3	2	12.565421	9.702504
15	3	2	14.32163	9.702504
16	3	2	11.982724	9.702504
17	3	2	15.376973	9.702504
18	3	2	16.35463	9.702504
19	3	2	15.843196	9.702504
20	3	2	17.808207	9.702504
21	3	2	14.766011	9.702504
22	3	2	11.646084	9.702504
23	3	2	11.750607	9.702504
0	3	2	12.643474	7.656101
1	3	2	14.886181	7.656101
2	3	2	11.918987	7.656101
3	3	2	13.901982	7.656101
4	3	2	12.526378	7.656101
5	3	2	13.757965	7.656101
6	3	2	13.896394	7.656101
7	3	2	13.207154	7.656101
8	3	2	14.532291	7.656101
9	3	2	13.270586	7.656101
10	3	2	15.827922	7.656101
11	3	2	11.87941	7.656101
12	3	2	13.8806305	7.656101
13	3	2	14.640835	7.656101
14	3	2	12.565421	7.656101
15	3	2	14.32163	7.656101
16	3	2	11.982724	7.656101
17	3	2	15.376973	7.656101
18	3	2	16.35463	7.656101
19	3	2	15.843196	7.656101
20	3	2	17.808207	7.656101
21	3	2	14.766011	7.656101
22	3	2	11.646084	7.656101
23	3	2	11.750607	7.656101
0	4	2	14.42039	7.656101
1	4	2	16.82397	7.656101
2	4	2	12.451549	7.656101
3	4	2	14.66341	7.656101
4	4	2	23.48118	7.656101
5	4	2	11.779902	7.656101
6	4	2	15.17028	7.656101
7	4	2	12.587802	7.656101
8	4	2	15.0916605	7.656101
9	4	2	13.366163	7.656101
10	4	2	18.532099	7.656101
11	4	2	13.609115	7.656101
12	4	2	17.598495	7.656101
13	4	2	17.546928	7.656101
14	4	2	11.4878025	7.656101
15	4	2	15.15712	7.656101
16	4	2	13.624902	7.656101
17	4	2	13.045127	7.656101
18	4	2	16.001944	7.656101
19	4	2	14.4948225	7.656101
20	4	2	13.544518	7.656101
21	4	2	13.060275	7.656101
22	4	2	13.813539	7.656101
23	4	2	12.317752	7.656101
0	4	2	14.42039	8.704027
1	4	2	16.82397	8.704027
2	4	2	12.451549	8.704027
3	4	2	14.66341	8.704027
4	4	2	23.48118	8.704027
5	4	2	11.779902	8.704027
6	4	2	15.17028	8.704027
7	4	2	12.587802	8.704027
8	4	2	15.0916605	8.704027
9	4	2	13.366163	8.704027
10	4	2	18.532099	8.704027
11	4	2	13.609115	8.704027
12	4	2	17.598495	8.704027
13	4	2	17.546928	8.704027
14	4	2	11.4878025	8.704027
15	4	2	15.15712	8.704027
16	4	2	13.624902	8.704027
17	4	2	13.045127	8.704027
18	4	2	16.001944	8.704027
19	4	2	14.4948225	8.704027
20	4	2	13.544518	8.704027
21	4	2	13.060275	8.704027
22	4	2	13.813539	8.704027
23	4	2	12.317752	8.704027
0	5	2	23.1209	8.704027
1	5	2	21.218117	8.704027
2	5	2	23.32487	8.704027
3	5	2	24.07012	8.704027
4	5	2	25.278608	8.704027
5	5	2	13.261437	8.704027
6	5	2	21.406939	8.704027
7	5	2	15.92515	8.704027
8	5	2	23.462414	8.704027
9	5	2	19.050879	8.704027
10	5	2	24.915922	8.704027
11	5	2	22.09494	8.704027
12	5	2	29.64492	8.704027
13	5	2	22.21358	8.704027
14	5	2	22.164728	8.704027
15	5	2	26.24054	8.704027
16	5	2	22.610611	8.704027
17	5	2	21.285845	8.704027
18	5	2	53.3926	8.704027
19	5	2	22.884153	8.704027
20	5	2	18.156948	8.704027
21	5	2	29.265884	8.704027
22	5	2	20.008978	8.704027
23	5	2	20.412846	8.704027
0	5	2	23.1209	11.624023
1	5	2	21.218117	11.624023
2	5	2	23.32487	11.624023
3	5	2	24.07012	11.624023
4	5	2	25.278608	11.624023
5	5	2	13.261437	11.624023
6	5	2	21.406939	11.624023
7	5	2	15.92515	11.624023
8	5	2	23.462414	11.624023
9	5	2	19.050879	11.624023
10	5	2	24.915922	11.624023
11	5	2	22.09494	11.624023
12	5	2	29.64492	11.624023
13	5	2	22.21358	11.624023
14	5	2	22.164728	11.624023
15	5	2	26.24054	11.624023
16	5	2	22.610611	11.624023
17	5	2	21.285845	11.624023
18	5	2	53.3926	11.624023
19	5	2	22.884153	11.624023
20	5	2	18.156948	11.624023
21	5	2	29.265884	11.624023
22	5	2	20.008978	11.624023
23	5	2	20.412846	11.624023
0	6	2	22.915667	11.624023
1	6	2	30.975853	11.624023
2	6	2	15.679347	11.624023
3	6	2	18.385363	11.624023
4	6	2	34.645367	11.624023
5	6	2	23.1051	11.624023
6	6	2	27.542858	11.624023
7	6	2	22.821896	11.624023
8	6	2	25.115442	11.624023
9	6	2	25.8984	11.624023
10	6	2	28.343151	11.624023
11	6	2	17.900585	11.624023
12	6	2	24.153603	11.624023
13	6	2	26.68288	11.624023
14	6	2	19.215328	11.624023
15	6	2	20.425222	11.624023
16	6	2	18.154982	11.624023
17	6	2	16.156807	11.624023
18	6	2	37.836243	11.624023
19	6	2	25.211714	11.624023
20	6	2	23.870012	11.624023
21	6	2	27.936234	11.624023
22	6	2	18.758316	11.624023
23	6	2	18.532408	11.624023
0	6	2	22.915667	9.633247
1	6	2	30.975853	9.633247
2	6	2	15.679347	9.633247
3	6	2	18.385363	9.633247
4	6	2	34.645367	9.633247
5	6	2	23.1051	9.633247
6	6	2	27.542858	9.633247
7	6	2	22.821896	9.633247
8	6	2	25.115442	9.633247
9	6	2	25.8984	9.633247
10	6	2	28.343151	9.633247
11	6	2	17.900585	9.633247
12	6	2	24.153603	9.633247
13	6	2	26.68288	9.633247
14	6	2	19.215328	9.633247
15	6	2	20.425222	9.633247
16	6	2	18.154982	9.633247
17	6	2	16.156807	9.633247
18	6	2	37.836243	9.633247
19	6	2	25.211714	9.633247
20	6	2	23.870012	9.633247
21	6	2	27.936234	9.633247
22	6	2	18.758316	9.633247
23	6	2	18.532408	9.633247
0	7	2	14.980931	9.633247
1	7	2	16.070375	9.633247
2	7	2	10.505943	9.633247
3	7	2	14.105269	9.633247
4	7	2	18.32214	9.633247
5	7	2	14.656807	9.633247
6	7	2	14.452918	9.633247
7	7	2	11.981913	9.633247
8	7	2	16.53527	9.633247
9	7	2	11.276667	9.633247
10	7	2	19.214746	9.633247
11	7	2	14.018369	9.633247
12	7	2	16.201279	9.633247
13	7	2	13.874672	9.633247
14	7	2	13.5977125	9.633247
15	7	2	16.773502	9.633247
16	7	2	16.241653	9.633247
17	7	2	12.472325	9.633247
18	7	2	19.793036	9.633247
19	7	2	14.588518	9.633247
20	7	2	16.322863	9.633247
21	7	2	13.708382	9.633247
22	7	2	13.898202	9.633247
23	7	2	14.904713	9.633247
0	7	2	14.980931	9.17589
1	7	2	16.070375	9.17589
2	7	2	10.505943	9.17589
3	7	2	14.105269	9.17589
4	7	2	18.32214	9.17589
5	7	2	14.656807	9.17589
6	7	2	14.452918	9.17589
7	7	2	11.981913	9.17589
8	7	2	16.53527	9.17589
9	7	2	11.276667	9.17589
10	7	2	19.214746	9.17589
11	7	2	14.018369	9.17589
12	7	2	16.201279	9.17589
13	7	2	13.874672	9.17589
14	7	2	13.5977125	9.17589
15	7	2	16.773502	9.17589
16	7	2	16.241653	9.17589
17	7	2	12.472325	9.17589
18	7	2	19.793036	9.17589
19	7	2	14.588518	9.17589
20	7	2	16.322863	9.17589
21	7	2	13.708382	9.17589
22	7	2	13.898202	9.17589
23	7	2	14.904713	9.17589
0	8	2	25.718283	9.17589
1	8	2	25.898691	9.17589
2	8	2	22.251997	9.17589
3	8	2	20.168734	9.17589
4	8	2	37.60324	9.17589
5	8	2	18.214931	9.17589
6	8	2	31.093716	9.17589
7	8	2	15.857723	9.17589
8	8	2	18.019358	9.17589
9	8	2	23.730558	9.17589
10	8	2	24.46729	9.17589
11	8	2	17.310465	9.17589
12	8	2	24.655605	9.17589
13	8	2	31.784151	9.17589
14	8	2	22.880064	9.17589
15	8	2	29.491764	9.17589
16	8	2	21.241581	9.17589
17	8	2	18.839298	9.17589
18	8	2	29.488573	9.17589
19	8	2	23.408314	9.17589
20	8	2	20.869883	9.17589
21	8	2	23.634396	9.17589
22	8	2	23.938486	9.17589
23	8	2	16.006054	9.17589
0	8	2	25.718283	10.931331
1	8	2	25.898691	10.931331
2	8	2	22.251997	10.931331
3	8	2	20.168734	10.931331
4	8	2	37.60324	10.931331
5	8	2	18.214931	10.931331
6	8	2	31.093716	10.931331
7	8	2	15.857723	10.931331
8	8	2	18.019358	10.931331
9	8	2	23.730558	10.931331
10	8	2	24.46729	10.931331
11	8	2	17.310465	10.931331
12	8	2	24.655605	10.931331
13	8	2	31.784151	10.931331
14	8	2	22.880064	10.931331
15	8	2	29.491764	10.931331
16	8	2	21.241581	10.931331
17	8	2	18.839298	10.931331
18	8	2	29.488573	10.931331
19	8	2	23.408314	10.931331
20	8	2	20.869883	10.931331
21	8	2	23.634396	10.931331
22	8	2	23.938486	10.931331
23	8	2	16.006054	10.931331
0	9	2	19.843777	10.931331
1	9	2	20.783587	10.931331
2	9	2	17.853743	10.931331
3	9	2	17.783552	10.931331
4	9	2	28.026724	10.931331
5	9	2	22.841518	10.931331
6	9	2	20.481245	10.931331
7	9	2	17.760208	10.931331
8	9	2	24.82718	10.931331
9	9	2	20.121065	10.931331
10	9	2	24.360163	10.931331
11	9	2	17.136621	10.931331
12	9	2	23.077713	10.931331
13	9	2	17.888947	10.931331
14	9	2	19.486929	10.931331
15	9	2	23.912245	10.931331
16	9	2	25.7745	10.931331
17	9	2	19.513966	10.931331
18	9	2	34.547623	10.931331
19	9	2	20.874792	10.931331
20	9	2	26.982996	10.931331
21	9	2	23.058016	10.931331
22	9	2	17.701742	10.931331
23	9	2	23.79339	10.931331
0	9	2	19.843777	10.483982
1	9	2	20.783587	10.483982
2	9	2	17.853743	10.483982
3	9	2	17.783552	10.483982
4	9	2	28.026724	10.483982
5	9	2	22.841518	10.483982
6	9	2	20.481245	10.483982
7	9	2	17.760208	10.483982
8	9	2	24.82718	10.483982
9	9	2	20.121065	10.483982
10	9	2	24.360163	10.483982
11	9	2	17.136621	10.483982
12	9	2	23.077713	10.483982
13	9	2	17.888947	10.483982
14	9	2	19.486929	10.483982
15	9	2	23.912245	10.483982
16	9	2	25.7745	10.483982
17	9	2	19.513966	10.483982
18	9	2	34.547623	10.483982
19	9	2	20.874792	10.483982
20	9	2	26.982996	10.483982
21	9	2	23.058016	10.483982
22	9	2	17.701742	10.483982
23	9	2	23.79339	10.483982
0	10	2	11.900888	10.483982
1	10	2	13.469235	10.483982
2	10	2	14.04061	10.483982
3	10	2	15.740044	10.483982
4	10	2	14.434233	10.483982
5	10	2	12.781497	10.483982
6	10	2	16.166952	10.483982
7	10	2	13.1805	10.483982
8	10	2	15.576073	10.483982
9	10	2	14.432137	10.483982
10	10	2	15.670116	10.483982
11	10	2	13.871	10.483982
12	10	2	19.459238	10.483982
13	10	2	18.284164	10.483982
14	10	2	8.495823	10.483982
15	10	2	17.10196	10.483982
16	10	2	14.84673	10.483982
17	10	2	14.366678	10.483982
18	10	2	15.209191	10.483982
19	10	2	14.751167	10.483982
20	10	2	13.685377	10.483982
21	10	2	12.364375	10.483982
22	10	2	15.370372	10.483982
23	10	2	15.458539	10.483982
0	10	2	11.900888	8.511813
1	10	2	13.469235	8.511813
2	10	2	14.04061	8.511813
3	10	2	15.740044	8.511813
4	10	2	14.434233	8.511813
5	10	2	12.781497	8.511813
6	10	2	16.166952	8.511813
7	10	2	13.1805	8.511813
8	10	2	15.576073	8.511813
9	10	2	14.432137	8.511813
10	10	2	15.670116	8.511813
11	10	2	13.871	8.511813
12	10	2	19.459238	8.511813
13	10	2	18.284164	8.511813
14	10	2	8.495823	8.511813
15	10	2	17.10196	8.511813
16	10	2	14.84673	8.511813
17	10	2	14.366678	8.511813
18	10	2	15.209191	8.511813
19	10	2	14.751167	8.511813
20	10	2	13.685377	8.511813
21	10	2	12.364375	8.511813
22	10	2	15.370372	8.511813
23	10	2	15.458539	8.511813
0	11	2	17.644117	8.511813
1	11	2	17.359035	8.511813
2	11	2	14.402784	8.511813
3	11	2	16.539473	8.511813
4	11	2	15.590051	8.511813
5	11	2	13.108295	8.511813
6	11	2	19.589823	8.511813
7	11	2	13.358766	8.511813
8	11	2	12.738828	8.511813
9	11	2	15.352091	8.511813
10	11	2	16.157125	8.511813
11	11	2	12.66238	8.511813
12	11	2	19.024603	8.511813
13	11	2	19.269644	8.511813
14	11	2	15.616689	8.511813
15	11	2	20.434523	8.511813
16	11	2	14.011078	8.511813
17	11	2	10.696399	8.511813
18	11	2	14.077758	8.511813
19	11	2	18.118387	8.511813
20	11	2	14.761379	8.511813
21	11	2	16.443083	8.511813
22	11	2	14.810441	8.511813
23	11	2	11.92511	8.511813
0	11	2	17.644117	9.596987
1	11	2	17.359035	9.596987
2	11	2	14.402784	9.596987
3	11	2	16.539473	9.596987
4	11	2	15.590051	9.596987
5	11	2	13.108295	9.596987
6	11	2	19.589823	9.596987
7	11	2	13.358766	9.596987
8	11	2	12.738828	9.596987
9	11	2	15.352091	9.596987
10	11	2	16.157125	9.596987
11	11	2	12.66238	9.596987
12	11	2	19.024603	9.596987
13	11	2	19.269644	9.596987
14	11	2	15.616689	9.596987
15	11	2	20.434523	9.596987
16	11	2	14.011078	9.596987
17	11	2	10.696399	9.596987
18	11	2	14.077758	9.596987
19	11	2	18.118387	9.596987
20	11	2	14.761379	9.596987
21	11	2	16.443083	9.596987
22	11	2	14.810441	9.596987
23	11	2	11.92511	9.596987
0	12	2	16.465145	9.596987
1	12	2	15.38081	9.596987
2	12	2	11.205794	9.596987
3	12	2	15.563742	9.596987
4	12	2	16.981873	9.596987
5	12	2	14.271106	9.596987
6	12	2	16.72612	9.596987
7	12	2	13.608738	9.596987
8	12	2	18.088572	9.596987
9	12	2	16.07589	9.596987
10	12	2	17.437698	9.596987
11	12	2	12.418984	9.596987
12	12	2	16.305649	9.596987
13	12	2	13.932826	9.596987
14	12	2	12.786607	9.596987
15	12	2	13.606718	9.596987
16	12	2	13.23006	9.596987
17	12	2	13.480099	9.596987
18	12	2	16.933802	9.596987
19	12	2	15.7282915	9.596987
20	12	2	17.577396	9.596987
21	12	2	12.276687	9.596987
22	12	2	11.225339	9.596987
23	12	2	12.697288	9.596987
0	12	2	16.465145	8.746216
1	12	2	15.38081	8.746216
2	12	2	11.205794	8.746216
3	12	2	15.563742	8.746216
4	12	2	16.981873	8.746216
5	12	2	14.271106	8.746216
6	12	2	16.72612	8.746216
7	12	2	13.608738	8.746216
8	12	2	18.088572	8.746216
9	12	2	16.07589	8.746216
10	12	2	17.437698	8.746216
11	12	2	12.418984	8.746216
12	12	2	16.305649	8.746216
13	12	2	13.932826	8.746216
14	12	2	12.786607	8.746216
15	12	2	13.606718	8.746216
16	12	2	13.23006	8.746216
17	12	2	13.480099	8.746216
18	12	2	16.933802	8.746216
19	12	2	15.7282915	8.746216
20	12	2	17.577396	8.746216
21	12	2	12.276687	8.746216
22	12	2	11.225339	8.746216
23	12	2	12.697288	8.746216
0	13	2	15.425208	8.746216
1	13	2	20.14268	8.746216
2	13	2	13.625955	8.746216
3	13	2	15.599388	8.746216
4	13	2	19.014233	8.746216
5	13	2	14.691994	8.746216
6	13	2	19.083313	8.746216
7	13	2	11.907782	8.746216
8	13	2	16.194582	8.746216
9	13	2	12.935787	8.746216
10	13	2	17.088593	8.746216
11	13	2	12.255419	8.746216
12	13	2	20.004946	8.746216
13	13	2	16.223646	8.746216
14	13	2	11.127433	8.746216
15	13	2	19.08496	8.746216
16	13	2	14.844254	8.746216
17	13	2	15.274144	8.746216
18	13	2	17.49143	8.746216
19	13	2	15.806576	8.746216
20	13	2	19.92349	8.746216
21	13	2	17.701767	8.746216
22	13	2	12.9249935	8.746216
23	13	2	11.457289	8.746216
0	13	2	15.425208	9.336822
1	13	2	20.14268	9.336822
2	13	2	13.625955	9.336822
3	13	2	15.599388	9.336822
4	13	2	19.014233	9.336822
5	13	2	14.691994	9.336822
6	13	2	19.083313	9.336822
7	13	2	11.907782	9.336822
8	13	2	16.194582	9.336822
9	13	2	12.935787	9.336822
10	13	2	17.088593	9.336822
11	13	2	12.255419	9.336822
12	13	2	20.004946	9.336822
13	13	2	16.223646	9.336822
14	13	2	11.127433	9.336822
15	13	2	19.08496	9.336822
16	13	2	14.844254	9.336822
17	13	2	15.274144	9.336822
18	13	2	17.49143	9.336822
19	13	2	15.806576	9.336822
20	13	2	19.92349	9.336822
21	13	2	17.701767	9.336822
22	13	2	12.9249935	9.336822
23	13	2	11.457289	9.336822
0	14	2	16.612352	9.336822
1	14	2	22.55599	9.336822
2	14	2	24.090385	9.336822
3	14	2	22.961824	9.336822
4	14	2	29.520733	9.336822
5	14	2	20.961618	9.336822
6	14	2	22.912703	9.336822
7	14	2	14.639373	9.336822
8	14	2	32.370167	9.336822
9	14	2	21.401793	9.336822
10	14	2	18.852743	9.336822
11	14	2	21.68448	9.336822
12	14	2	30.070337	9.336822
13	14	2	21.828907	9.336822
14	14	2	19.684381	9.336822
15	14	2	25.988363	9.336822
16	14	2	21.265085	9.336822
17	14	2	21.185474	9.336822
18	14	2	33.007236	9.336822
19	14	2	22.548834	9.336822
20	14	2	21.469004	9.336822
21	14	2	19.9693	9.336822
22	14	2	21.674704	9.336822
23	14	2	25.709444	9.336822
0	14	2	16.612352	10.16282
1	14	2	22.55599	10.16282
2	14	2	24.090385	10.16282
3	14	2	22.961824	10.16282
4	14	2	29.520733	10.16282
5	14	2	20.961618	10.16282
6	14	2	22.912703	10.16282
7	14	2	14.639373	10.16282
8	14	2	32.370167	10.16282
9	14	2	21.401793	10.16282
10	14	2	18.852743	10.16282
11	14	2	21.68448	10.16282
12	14	2	30.070337	10.16282
13	14	2	21.828907	10.16282
14	14	2	19.684381	10.16282
15	14	2	25.988363	10.16282
16	14	2	21.265085	10.16282
17	14	2	21.185474	10.16282
18	14	2	33.007236	10.16282
19	14	2	22.548834	10.16282
20	14	2	21.469004	10.16282
21	14	2	19.9693	10.16282
22	14	2	21.674704	10.16282
23	14	2	25.709444	10.16282
0	15	2	14.54745	10.16282
1	15	2	13.61046	10.16282
2	15	2	14.717116	10.16282
3	15	2	15.899387	10.16282
4	15	2	18.119896	10.16282
5	15	2	11.829002	10.16282
6	15	2	17.567293	10.16282
7	15	2	12.432066	10.16282
8	15	2	18.1501	10.16282
9	15	2	11.511994	10.16282
10	15	2	18.099941	10.16282
11	15	2	14.285919	10.16282
12	15	2	15.817275	10.16282
13	15	2	13.29854	10.16282
14	15	2	14.0120735	10.16282
15	15	2	18.681877	10.16282
16	15	2	13.869347	10.16282
17	15	2	16.103231	10.16282
18	15	2	27.471136	10.16282
19	15	2	15.075569	10.16282
20	15	2	14.774991	10.16282
21	15	2	16.570704	10.16282
22	15	2	14.838377	10.16282
23	15	2	14.224817	10.16282
0	15	2	14.54745	9.559941
1	15	2	13.61046	9.559941
2	15	2	14.717116	9.559941
3	15	2	15.899387	9.559941
4	15	2	18.119896	9.559941
5	15	2	11.829002	9.559941
6	15	2	17.567293	9.559941
7	15	2	12.432066	9.559941
8	15	2	18.1501	9.559941
9	15	2	11.511994	9.559941
10	15	2	18.099941	9.559941
11	15	2	14.285919	9.559941
12	15	2	15.817275	9.559941
13	15	2	13.29854	9.559941
14	15	2	14.0120735	9.559941
15	15	2	18.681877	9.559941
16	15	2	13.869347	9.559941
17	15	2	16.103231	9.559941
18	15	2	27.471136	9.559941
19	15	2	15.075569	9.559941
20	15	2	14.774991	9.559941
21	15	2	16.570704	9.559941
22	15	2	14.838377	9.559941
23	15	2	14.224817	9.559941
0	16	2	19.843777	9.559941
1	16	2	20.783587	9.559941
2	16	2	17.853743	9.559941
3	16	2	17.783552	9.559941
4	16	2	28.026724	9.559941
5	16	2	22.841518	9.559941
6	16	2	20.481245	9.559941
7	16	2	17.760208	9.559941
8	16	2	24.82718	9.559941
9	16	2	20.121065	9.559941
10	16	2	24.360163	9.559941
11	16	2	17.136621	9.559941
12	16	2	23.077713	9.559941
13	16	2	17.888947	9.559941
14	16	2	19.486929	9.559941
15	16	2	23.912245	9.559941
16	16	2	25.7745	9.559941
17	16	2	19.513966	9.559941
18	16	2	34.547623	9.559941
19	16	2	20.874792	9.559941
20	16	2	26.982996	9.559941
21	16	2	23.058016	9.559941
22	16	2	17.701742	9.559941
23	16	2	23.79339	9.559941
0	16	2	19.843777	10.483982
1	16	2	20.783587	10.483982
2	16	2	17.853743	10.483982
3	16	2	17.783552	10.483982
4	16	2	28.026724	10.483982
5	16	2	22.841518	10.483982
6	16	2	20.481245	10.483982
7	16	2	17.760208	10.483982
8	16	2	24.82718	10.483982
9	16	2	20.121065	10.483982
10	16	2	24.360163	10.483982
11	16	2	17.136621	10.483982
12	16	2	23.077713	10.483982
13	16	2	17.888947	10.483982
14	16	2	19.486929	10.483982
15	16	2	23.912245	10.483982
16	16	2	25.7745	10.483982
17	16	2	19.513966	10.483982
18	16	2	34.547623	10.483982
19	16	2	20.874792	10.483982
20	16	2	26.982996	10.483982
21	16	2	23.058016	10.483982
22	16	2	17.701742	10.483982
23	16	2	23.79339	10.483982
0	17	2	13.799617	10.483982
1	17	2	14.902914	10.483982
2	17	2	14.938583	10.483982
3	17	2	14.956214	10.483982
4	17	2	21.464725	10.483982
5	17	2	14.479894	10.483982
6	17	2	14.730768	10.483982
7	17	2	13.414671	10.483982
8	17	2	14.522649	10.483982
9	17	2	12.697317	10.483982
10	17	2	17.837135	10.483982
11	17	2	11.552556	10.483982
12	17	2	14.487778	10.483982
13	17	2	16.219496	10.483982
14	17	2	13.181008	10.483982
15	17	2	15.319897	10.483982
16	17	2	12.898029	10.483982
17	17	2	14.808822	10.483982
18	17	2	15.428686	10.483982
19	17	2	14.842304	10.483982
20	17	2	13.223149	10.483982
21	17	2	15.456846	10.483982
22	17	2	14.221094	10.483982
23	17	2	11.804013	10.483982
0	17	2	13.799617	7.992279
1	17	2	14.902914	7.992279
2	17	2	14.938583	7.992279
3	17	2	14.956214	7.992279
4	17	2	21.464725	7.992279
5	17	2	14.479894	7.992279
6	17	2	14.730768	7.992279
7	17	2	13.414671	7.992279
8	17	2	14.522649	7.992279
9	17	2	12.697317	7.992279
10	17	2	17.837135	7.992279
11	17	2	11.552556	7.992279
12	17	2	14.487778	7.992279
13	17	2	16.219496	7.992279
14	17	2	13.181008	7.992279
15	17	2	15.319897	7.992279
16	17	2	12.898029	7.992279
17	17	2	14.808822	7.992279
18	17	2	15.428686	7.992279
19	17	2	14.842304	7.992279
20	17	2	13.223149	7.992279
21	17	2	15.456846	7.992279
22	17	2	14.221094	7.992279
23	17	2	11.804013	7.992279
0	18	2	14.352615	7.992279
1	18	2	17.696009	7.992279
2	18	2	11.842218	7.992279
3	18	2	15.096656	7.992279
4	18	2	16.336674	7.992279
5	18	2	14.058299	7.992279
6	18	2	17.084017	7.992279
7	18	2	12.863866	7.992279
8	18	2	12.58017	7.992279
9	18	2	11.401066	7.992279
10	18	2	16.515589	7.992279
11	18	2	12.741921	7.992279
12	18	2	14.901115	7.992279
13	18	2	13.793194	7.992279
14	18	2	12.261704	7.992279
15	18	2	17.912111	7.992279
16	18	2	12.949052	7.992279
17	18	2	15.324489	7.992279
18	18	2	21.041105	7.992279
19	18	2	15.366687	7.992279
20	18	2	14.519079	7.992279
21	18	2	13.885278	7.992279
22	18	2	13.555749	7.992279
23	18	2	10.1909895	7.992279
0	18	2	14.352615	8.488798
1	18	2	17.696009	8.488798
2	18	2	11.842218	8.488798
3	18	2	15.096656	8.488798
4	18	2	16.336674	8.488798
5	18	2	14.058299	8.488798
6	18	2	17.084017	8.488798
7	18	2	12.863866	8.488798
8	18	2	12.58017	8.488798
9	18	2	11.401066	8.488798
10	18	2	16.515589	8.488798
11	18	2	12.741921	8.488798
12	18	2	14.901115	8.488798
13	18	2	13.793194	8.488798
14	18	2	12.261704	8.488798
15	18	2	17.912111	8.488798
16	18	2	12.949052	8.488798
17	18	2	15.324489	8.488798
18	18	2	21.041105	8.488798
19	18	2	15.366687	8.488798
20	18	2	14.519079	8.488798
21	18	2	13.885278	8.488798
22	18	2	13.555749	8.488798
23	18	2	10.1909895	8.488798
0	19	2	12.917544	8.488798
1	19	2	16.110235	8.488798
2	19	2	13.332885	8.488798
3	19	2	15.356973	8.488798
4	19	2	20.126448	8.488798
5	19	2	14.165847	8.488798
6	19	2	13.326868	8.488798
7	19	2	13.14894	8.488798
8	19	2	13.953514	8.488798
9	19	2	11.804438	8.488798
10	19	2	14.522033	8.488798
11	19	2	13.302362	8.488798
12	19	2	13.634798	8.488798
13	19	2	13.888584	8.488798
14	19	2	14.638813	8.488798
15	19	2	16.927568	8.488798
16	19	2	12.455886	8.488798
17	19	2	11.96473	8.488798
18	19	2	18.668213	8.488798
19	19	2	13.548809	8.488798
20	19	2	16.334978	8.488798
21	19	2	16.725761	8.488798
22	19	2	11.329045	8.488798
23	19	2	11.974207	8.488798
0	19	2	12.917544	8.009075
1	19	2	16.110235	8.009075
2	19	2	13.332885	8.009075
3	19	2	15.356973	8.009075
4	19	2	20.126448	8.009075
5	19	2	14.165847	8.009075
6	19	2	13.326868	8.009075
7	19	2	13.14894	8.009075
8	19	2	13.953514	8.009075
9	19	2	11.804438	8.009075
10	19	2	14.522033	8.009075
11	19	2	13.302362	8.009075
12	19	2	13.634798	8.009075
13	19	2	13.888584	8.009075
14	19	2	14.638813	8.009075
15	19	2	16.927568	8.009075
16	19	2	12.455886	8.009075
17	19	2	11.96473	8.009075
18	19	2	18.668213	8.009075
19	19	2	13.548809	8.009075
20	19	2	16.334978	8.009075
21	19	2	16.725761	8.009075
22	19	2	11.329045	8.009075
23	19	2	11.974207	8.009075
0	20	2	14.42039	8.009075
1	20	2	16.82397	8.009075
2	20	2	12.451549	8.009075
3	20	2	14.66341	8.009075
4	20	2	23.48118	8.009075
5	20	2	11.779902	8.009075
6	20	2	15.17028	8.009075
7	20	2	12.587802	8.009075
8	20	2	15.0916605	8.009075
9	20	2	13.366163	8.009075
10	20	2	18.532099	8.009075
11	20	2	13.609115	8.009075
12	20	2	17.598495	8.009075
13	20	2	17.546928	8.009075
14	20	2	11.4878025	8.009075
15	20	2	15.15712	8.009075
16	20	2	13.624902	8.009075
17	20	2	13.045127	8.009075
18	20	2	16.001944	8.009075
19	20	2	14.4948225	8.009075
20	20	2	13.544518	8.009075
21	20	2	13.060275	8.009075
22	20	2	13.813539	8.009075
23	20	2	12.317752	8.009075
0	20	2	14.42039	8.704027
1	20	2	16.82397	8.704027
2	20	2	12.451549	8.704027
3	20	2	14.66341	8.704027
4	20	2	23.48118	8.704027
5	20	2	11.779902	8.704027
6	20	2	15.17028	8.704027
7	20	2	12.587802	8.704027
8	20	2	15.0916605	8.704027
9	20	2	13.366163	8.704027
10	20	2	18.532099	8.704027
11	20	2	13.609115	8.704027
12	20	2	17.598495	8.704027
13	20	2	17.546928	8.704027
14	20	2	11.4878025	8.704027
15	20	2	15.15712	8.704027
16	20	2	13.624902	8.704027
17	20	2	13.045127	8.704027
18	20	2	16.001944	8.704027
19	20	2	14.4948225	8.704027
20	20	2	13.544518	8.704027
21	20	2	13.060275	8.704027
22	20	2	13.813539	8.704027
23	20	2	12.317752	8.704027
0	21	2	17.340422	8.704027
1	21	2	17.681688	8.704027
2	21	2	11.833813	8.704027
3	21	2	15.516573	8.704027
4	21	2	16.927076	8.704027
5	21	2	15.252617	8.704027
6	21	2	17.732246	8.704027
7	21	2	14.202084	8.704027
8	21	2	13.441451	8.704027
9	21	2	13.860499	8.704027
10	21	2	18.215775	8.704027
11	21	2	10.662776	8.704027
12	21	2	17.116503	8.704027
13	21	2	16.755259	8.704027
14	21	2	12.689286	8.704027
15	21	2	13.304886	8.704027
16	21	2	11.786843	8.704027
17	21	2	12.969429	8.704027
18	21	2	21.348833	8.704027
19	21	2	12.915484	8.704027
20	21	2	18.029106	8.704027
21	21	2	14.128644	8.704027
22	21	2	12.117555	8.704027
23	21	2	11.181925	8.704027
0	21	2	17.340422	8.3596735
1	21	2	17.681688	8.3596735
2	21	2	11.833813	8.3596735
3	21	2	15.516573	8.3596735
4	21	2	16.927076	8.3596735
5	21	2	15.252617	8.3596735
6	21	2	17.732246	8.3596735
7	21	2	14.202084	8.3596735
8	21	2	13.441451	8.3596735
9	21	2	13.860499	8.3596735
10	21	2	18.215775	8.3596735
11	21	2	10.662776	8.3596735
12	21	2	17.116503	8.3596735
13	21	2	16.755259	8.3596735
14	21	2	12.689286	8.3596735
15	21	2	13.304886	8.3596735
16	21	2	11.786843	8.3596735
17	21	2	12.969429	8.3596735
18	21	2	21.348833	8.3596735
19	21	2	12.915484	8.3596735
20	21	2	18.029106	8.3596735
21	21	2	14.128644	8.3596735
22	21	2	12.117555	8.3596735
23	21	2	11.181925	8.3596735
0	22	2	13.398912	8.3596735
1	22	2	16.36774	8.3596735
2	22	2	13.126242	8.3596735
3	22	2	13.181705	8.3596735
4	22	2	17.147293	8.3596735
5	22	2	15.197602	8.3596735
6	22	2	15.068598	8.3596735
7	22	2	13.178549	8.3596735
8	22	2	16.633856	8.3596735
9	22	2	10.982011	8.3596735
10	22	2	18.601662	8.3596735
11	22	2	9.975974	8.3596735
12	22	2	15.601993	8.3596735
13	22	2	14.07108	8.3596735
14	22	2	13.83499	8.3596735
15	22	2	15.1847	8.3596735
16	22	2	13.5507965	8.3596735
17	22	2	14.3225975	8.3596735
18	22	2	16.295694	8.3596735
19	22	2	14.33719	8.3596735
20	22	2	15.756224	8.3596735
21	22	2	13.172558	8.3596735
22	22	2	11.583389	8.3596735
23	22	2	13.437124	8.3596735
0	22	2	13.398912	8.066228
1	22	2	16.36774	8.066228
2	22	2	13.126242	8.066228
3	22	2	13.181705	8.066228
4	22	2	17.147293	8.066228
5	22	2	15.197602	8.066228
6	22	2	15.068598	8.066228
7	22	2	13.178549	8.066228
8	22	2	16.633856	8.066228
9	22	2	10.982011	8.066228
10	22	2	18.601662	8.066228
11	22	2	9.975974	8.066228
12	22	2	15.601993	8.066228
13	22	2	14.07108	8.066228
14	22	2	13.83499	8.066228
15	22	2	15.1847	8.066228
16	22	2	13.5507965	8.066228
17	22	2	14.3225975	8.066228
18	22	2	16.295694	8.066228
19	22	2	14.33719	8.066228
20	22	2	15.756224	8.066228
21	22	2	13.172558	8.066228
22	22	2	11.583389	8.066228
23	22	2	13.437124	8.066228
0	23	2	15.393546	8.066228
1	23	2	16.632515	8.066228
2	23	2	12.135629	8.066228
3	23	2	14.566634	8.066228
4	23	2	18.281876	8.066228
5	23	2	11.313796	8.066228
6	23	2	16.499054	8.066228
7	23	2	12.374324	8.066228
8	23	2	13.13409	8.066228
9	23	2	14.719114	8.066228
10	23	2	20.190165	8.066228
11	23	2	14.6476145	8.066228
12	23	2	16.005644	8.066228
13	23	2	14.801489	8.066228
14	23	2	13.546691	8.066228
15	23	2	15.716084	8.066228
16	23	2	12.999507	8.066228
17	23	2	12.346921	8.066228
18	23	2	19.077206	8.066228
19	23	2	15.558021	8.066228
20	23	2	15.0184	8.066228
21	23	2	12.489791	8.066228
22	23	2	11.464414	8.066228
23	23	2	13.223002	8.066228
0	23	2	15.393546	8.602952
1	23	2	16.632515	8.602952
2	23	2	12.135629	8.602952
3	23	2	14.566634	8.602952
4	23	2	18.281876	8.602952
5	23	2	11.313796	8.602952
6	23	2	16.499054	8.602952
7	23	2	12.374324	8.602952
8	23	2	13.13409	8.602952
9	23	2	14.719114	8.602952
10	23	2	20.190165	8.602952
11	23	2	14.6476145	8.602952
12	23	2	16.005644	8.602952
13	23	2	14.801489	8.602952
14	23	2	13.546691	8.602952
15	23	2	15.716084	8.602952
16	23	2	12.999507	8.602952
17	23	2	12.346921	8.602952
18	23	2	19.077206	8.602952
19	23	2	15.558021	8.602952
20	23	2	15.0184	8.602952
21	23	2	12.489791	8.602952
22	23	2	11.464414	8.602952
23	23	2	13.223002	8.602952
0	24	2	15.75871	8.602952
1	24	2	15.245785	8.602952
2	24	2	12.715482	8.602952
3	24	2	15.261457	8.602952
4	24	2	15.572901	8.602952
5	24	2	14.713368	8.602952
6	24	2	16.174044	8.602952
7	24	2	11.966944	8.602952
8	24	2	21.533602	8.602952
9	24	2	11.098703	8.602952
10	24	2	15.93042	8.602952
11	24	2	13.008361	8.602952
12	24	2	14.584558	8.602952
13	24	2	14.973264	8.602952
14	24	2	13.313067	8.602952
15	24	2	12.392914	8.602952
16	24	2	11.339742	8.602952
17	24	2	13.778134	8.602952
18	24	2	19.973005	8.602952
19	24	2	12.809917	8.602952
20	24	2	19.593414	8.602952
21	24	2	15.293729	8.602952
22	24	2	11.723881	8.602952
23	24	2	11.83817	8.602952
0	24	2	15.75871	8.460201
1	24	2	15.245785	8.460201
2	24	2	12.715482	8.460201
3	24	2	15.261457	8.460201
4	24	2	15.572901	8.460201
5	24	2	14.713368	8.460201
6	24	2	16.174044	8.460201
7	24	2	11.966944	8.460201
8	24	2	21.533602	8.460201
9	24	2	11.098703	8.460201
10	24	2	15.93042	8.460201
11	24	2	13.008361	8.460201
12	24	2	14.584558	8.460201
13	24	2	14.973264	8.460201
14	24	2	13.313067	8.460201
15	24	2	12.392914	8.460201
16	24	2	11.339742	8.460201
17	24	2	13.778134	8.460201
18	24	2	19.973005	8.460201
19	24	2	12.809917	8.460201
20	24	2	19.593414	8.460201
21	24	2	15.293729	8.460201
22	24	2	11.723881	8.460201
23	24	2	11.83817	8.460201
0	25	2	13.799617	8.460201
1	25	2	14.902914	8.460201
2	25	2	14.938583	8.460201
3	25	2	14.956214	8.460201
4	25	2	21.464725	8.460201
5	25	2	14.479894	8.460201
6	25	2	14.730768	8.460201
7	25	2	13.414671	8.460201
8	25	2	14.522649	8.460201
9	25	2	12.697317	8.460201
10	25	2	17.837135	8.460201
11	25	2	11.552556	8.460201
12	25	2	14.487778	8.460201
13	25	2	16.219496	8.460201
14	25	2	13.181008	8.460201
15	25	2	15.319897	8.460201
16	25	2	12.898029	8.460201
17	25	2	14.808822	8.460201
18	25	2	15.428686	8.460201
19	25	2	14.842304	8.460201
20	25	2	13.223149	8.460201
21	25	2	15.456846	8.460201
22	25	2	14.221094	8.460201
23	25	2	11.804013	8.460201
0	25	2	13.799617	7.992279
1	25	2	14.902914	7.992279
2	25	2	14.938583	7.992279
3	25	2	14.956214	7.992279
4	25	2	21.464725	7.992279
5	25	2	14.479894	7.992279
6	25	2	14.730768	7.992279
7	25	2	13.414671	7.992279
8	25	2	14.522649	7.992279
9	25	2	12.697317	7.992279
10	25	2	17.837135	7.992279
11	25	2	11.552556	7.992279
12	25	2	14.487778	7.992279
13	25	2	16.219496	7.992279
14	25	2	13.181008	7.992279
15	25	2	15.319897	7.992279
16	25	2	12.898029	7.992279
17	25	2	14.808822	7.992279
18	25	2	15.428686	7.992279
19	25	2	14.842304	7.992279
20	25	2	13.223149	7.992279
21	25	2	15.456846	7.992279
22	25	2	14.221094	7.992279
23	25	2	11.804013	7.992279
0	26	2	19.086134	7.992279
1	26	2	16.334946	7.992279
2	26	2	13.793279	7.992279
3	26	2	14.684269	7.992279
4	26	2	15.668466	7.992279
5	26	2	13.859265	7.992279
6	26	2	15.014085	7.992279
7	26	2	12.533802	7.992279
8	26	2	15.2069645	7.992279
9	26	2	14.446557	7.992279
10	26	2	15.022606	7.992279
11	26	2	11.528761	7.992279
12	26	2	17.363611	7.992279
13	26	2	14.735974	7.992279
14	26	2	14.967715	7.992279
15	26	2	16.124878	7.992279
16	26	2	12.675169	7.992279
17	26	2	10.910684	7.992279
18	26	2	16.104904	7.992279
19	26	2	14.8377695	7.992279
20	26	2	15.481189	7.992279
21	26	2	14.610521	7.992279
22	26	2	12.181686	7.992279
23	26	2	11.919033	7.992279
0	26	2	19.086134	8.649379
1	26	2	16.334946	8.649379
2	26	2	13.793279	8.649379
3	26	2	14.684269	8.649379
4	26	2	15.668466	8.649379
5	26	2	13.859265	8.649379
6	26	2	15.014085	8.649379
7	26	2	12.533802	8.649379
8	26	2	15.2069645	8.649379
9	26	2	14.446557	8.649379
10	26	2	15.022606	8.649379
11	26	2	11.528761	8.649379
12	26	2	17.363611	8.649379
13	26	2	14.735974	8.649379
14	26	2	14.967715	8.649379
15	26	2	16.124878	8.649379
16	26	2	12.675169	8.649379
17	26	2	10.910684	8.649379
18	26	2	16.104904	8.649379
19	26	2	14.8377695	8.649379
20	26	2	15.481189	8.649379
21	26	2	14.610521	8.649379
22	26	2	12.181686	8.649379
23	26	2	11.919033	8.649379
0	27	2	13.48471	8.649379
1	27	2	16.840878	8.649379
2	27	2	15.995392	8.649379
3	27	2	14.675708	8.649379
4	27	2	18.185469	8.649379
5	27	2	14.427806	8.649379
6	27	2	15.715233	8.649379
7	27	2	14.336451	8.649379
8	27	2	12.816612	8.649379
9	27	2	14.143507	8.649379
10	27	2	17.39485	8.649379
11	27	2	12.195606	8.649379
12	27	2	16.186451	8.649379
13	27	2	16.496416	8.649379
14	27	2	9.764799	8.649379
15	27	2	16.081331	8.649379
16	27	2	13.926492	8.649379
17	27	2	13.502708	8.649379
18	27	2	16.284157	8.649379
19	27	2	15.347092	8.649379
20	27	2	12.258276	8.649379
21	27	2	13.47961	8.649379
22	27	2	14.065496	8.649379
23	27	2	11.49206	8.649379
0	27	2	13.48471	8.486485
1	27	2	16.840878	8.486485
2	27	2	15.995392	8.486485
3	27	2	14.675708	8.486485
4	27	2	18.185469	8.486485
5	27	2	14.427806	8.486485
6	27	2	15.715233	8.486485
7	27	2	14.336451	8.486485
8	27	2	12.816612	8.486485
9	27	2	14.143507	8.486485
10	27	2	17.39485	8.486485
11	27	2	12.195606	8.486485
12	27	2	16.186451	8.486485
13	27	2	16.496416	8.486485
14	27	2	9.764799	8.486485
15	27	2	16.081331	8.486485
16	27	2	13.926492	8.486485
17	27	2	13.502708	8.486485
18	27	2	16.284157	8.486485
19	27	2	15.347092	8.486485
20	27	2	12.258276	8.486485
21	27	2	13.47961	8.486485
22	27	2	14.065496	8.486485
23	27	2	11.49206	8.486485
0	28	2	12.232019	8.486485
1	28	2	15.353848	8.486485
2	28	2	15.961076	8.486485
3	28	2	16.404728	8.486485
4	28	2	19.639015	8.486485
5	28	2	13.791708	8.486485
6	28	2	18.706234	8.486485
7	28	2	12.833994	8.486485
8	28	2	16.192501	8.486485
9	28	2	13.280525	8.486485
10	28	2	15.190574	8.486485
11	28	2	14.080549	8.486485
12	28	2	15.453238	8.486485
13	28	2	14.27418	8.486485
14	28	2	13.785443	8.486485
15	28	2	17.618044	8.486485
16	28	2	13.891405	8.486485
17	28	2	14.709724	8.486485
18	28	2	16.88041	8.486485
19	28	2	13.799132	8.486485
20	28	2	12.57203	8.486485
21	28	2	12.008539	8.486485
22	28	2	13.373863	8.486485
23	28	2	11.365298	8.486485
0	28	2	12.232019	8.649609
1	28	2	15.353848	8.649609
2	28	2	15.961076	8.649609
3	28	2	16.404728	8.649609
4	28	2	19.639015	8.649609
5	28	2	13.791708	8.649609
6	28	2	18.706234	8.649609
7	28	2	12.833994	8.649609
8	28	2	16.192501	8.649609
9	28	2	13.280525	8.649609
10	28	2	15.190574	8.649609
11	28	2	14.080549	8.649609
12	28	2	15.453238	8.649609
13	28	2	14.27418	8.649609
14	28	2	13.785443	8.649609
15	28	2	17.618044	8.649609
16	28	2	13.891405	8.649609
17	28	2	14.709724	8.649609
18	28	2	16.88041	8.649609
19	28	2	13.799132	8.649609
20	28	2	12.57203	8.649609
21	28	2	12.008539	8.649609
22	28	2	13.373863	8.649609
23	28	2	11.365298	8.649609
0	29	2	15.535124	8.649609
1	29	2	17.910372	8.649609
2	29	2	14.691505	8.649609
3	29	2	14.765694	8.649609
4	29	2	17.771294	8.649609
5	29	2	14.703425	8.649609
6	29	2	17.066862	8.649609
7	29	2	13.830172	8.649609
8	29	2	12.119309	8.649609
9	29	2	15.070514	8.649609
10	29	2	16.26468	8.649609
11	29	2	12.401643	8.649609
12	29	2	13.46723	8.649609
13	29	2	14.603569	8.649609
14	29	2	10.854275	8.649609
15	29	2	14.459673	8.649609
16	29	2	12.848739	8.649609
17	29	2	14.363183	8.649609
18	29	2	15.5533085	8.649609
19	29	2	13.788445	8.649609
20	29	2	13.330318	8.649609
21	29	2	12.440149	8.649609
22	29	2	12.901719	8.649609
23	29	2	12.853684	8.649609
0	29	2	15.535124	8.218393
1	29	2	17.910372	8.218393
2	29	2	14.691505	8.218393
3	29	2	14.765694	8.218393
4	29	2	17.771294	8.218393
5	29	2	14.703425	8.218393
6	29	2	17.066862	8.218393
7	29	2	13.830172	8.218393
8	29	2	12.119309	8.218393
9	29	2	15.070514	8.218393
10	29	2	16.26468	8.218393
11	29	2	12.401643	8.218393
12	29	2	13.46723	8.218393
13	29	2	14.603569	8.218393
14	29	2	10.854275	8.218393
15	29	2	14.459673	8.218393
16	29	2	12.848739	8.218393
17	29	2	14.363183	8.218393
18	29	2	15.5533085	8.218393
19	29	2	13.788445	8.218393
20	29	2	13.330318	8.218393
21	29	2	12.440149	8.218393
22	29	2	12.901719	8.218393
23	29	2	12.853684	8.218393
0	0	3	16.450232	8.218393
1	0	3	12.951437	8.218393
2	0	3	13.127328	8.218393
3	0	3	13.049544	8.218393
4	0	3	12.967392	8.218393
5	0	3	10.704999	8.218393
6	0	3	12.437228	8.218393
7	0	3	10.375332	8.218393
8	0	3	13.903634	8.218393
9	0	3	10.899949	8.218393
10	0	3	14.191758	8.218393
11	0	3	9.939762	8.218393
12	0	3	13.738855	8.218393
13	0	3	13.064575	8.218393
14	0	3	11.100406	8.218393
15	0	3	13.249865	8.218393
16	0	3	10.562686	8.218393
17	0	3	10.818128	8.218393
18	0	3	16.897633	8.218393
19	0	3	13.4558115	8.218393
20	0	3	11.84957	8.218393
21	0	3	12.901837	8.218393
22	0	3	10.578731	8.218393
23	0	3	10.313408	8.218393
0	0	3	16.450232	8.400377
1	0	3	12.951437	8.400377
2	0	3	13.127328	8.400377
3	0	3	13.049544	8.400377
4	0	3	12.967392	8.400377
5	0	3	10.704999	8.400377
6	0	3	12.437228	8.400377
7	0	3	10.375332	8.400377
8	0	3	13.903634	8.400377
9	0	3	10.899949	8.400377
10	0	3	14.191758	8.400377
11	0	3	9.939762	8.400377
12	0	3	13.738855	8.400377
13	0	3	13.064575	8.400377
14	0	3	11.100406	8.400377
15	0	3	13.249865	8.400377
16	0	3	10.562686	8.400377
17	0	3	10.818128	8.400377
18	0	3	16.897633	8.400377
19	0	3	13.4558115	8.400377
20	0	3	11.84957	8.400377
21	0	3	12.901837	8.400377
22	0	3	10.578731	8.400377
23	0	3	10.313408	8.400377
0	1	3	13.310521	8.400377
1	1	3	17.557434	8.400377
2	1	3	10.312865	8.400377
3	1	3	14.535454	8.400377
4	1	3	12.542569	8.400377
5	1	3	12.198845	8.400377
6	1	3	16.003847	8.400377
7	1	3	10.533278	8.400377
8	1	3	14.26222	8.400377
9	1	3	11.478468	8.400377
10	1	3	14.456222	8.400377
11	1	3	10.677055	8.400377
12	1	3	16.101795	8.400377
13	1	3	12.511714	8.400377
14	1	3	10.184794	8.400377
15	1	3	16.582132	8.400377
16	1	3	12.10402	8.400377
17	1	3	13.291521	8.400377
18	1	3	14.488147	8.400377
19	1	3	12.969613	8.400377
20	1	3	15.8394575	8.400377
21	1	3	13.446007	8.400377
22	1	3	10.487809	8.400377
23	1	3	10.678628	8.400377
0	1	3	13.310521	8.716012
1	1	3	17.557434	8.716012
2	1	3	10.312865	8.716012
3	1	3	14.535454	8.716012
4	1	3	12.542569	8.716012
5	1	3	12.198845	8.716012
6	1	3	16.003847	8.716012
7	1	3	10.533278	8.716012
8	1	3	14.26222	8.716012
9	1	3	11.478468	8.716012
10	1	3	14.456222	8.716012
11	1	3	10.677055	8.716012
12	1	3	16.101795	8.716012
13	1	3	12.511714	8.716012
14	1	3	10.184794	8.716012
15	1	3	16.582132	8.716012
16	1	3	12.10402	8.716012
17	1	3	13.291521	8.716012
18	1	3	14.488147	8.716012
19	1	3	12.969613	8.716012
20	1	3	15.8394575	8.716012
21	1	3	13.446007	8.716012
22	1	3	10.487809	8.716012
23	1	3	10.678628	8.716012
0	2	3	12.776994	8.716012
1	2	3	12.6292515	8.716012
2	2	3	11.158599	8.716012
3	2	3	13.968221	8.716012
4	2	3	16.638948	8.716012
5	2	3	10.358295	8.716012
6	2	3	15.291007	8.716012
7	2	3	10.198975	8.716012
8	2	3	12.955231	8.716012
9	2	3	9.776856	8.716012
10	2	3	14.103665	8.716012
11	2	3	12.520611	8.716012
12	2	3	12.965642	8.716012
13	2	3	12.151011	8.716012
14	2	3	10.674106	8.716012
15	2	3	16.69912	8.716012
16	2	3	11.425847	8.716012
17	2	3	13.175926	8.716012
18	2	3	20.158722	8.716012
19	2	3	13.294951	8.716012
20	2	3	15.124718	8.716012
21	2	3	14.632768	8.716012
22	2	3	11.4726305	8.716012
23	2	3	11.0327215	8.716012
0	2	3	12.776994	8.628868
1	2	3	12.6292515	8.628868
2	2	3	11.158599	8.628868
3	2	3	13.968221	8.628868
4	2	3	16.638948	8.628868
5	2	3	10.358295	8.628868
6	2	3	15.291007	8.628868
7	2	3	10.198975	8.628868
8	2	3	12.955231	8.628868
9	2	3	9.776856	8.628868
10	2	3	14.103665	8.628868
11	2	3	12.520611	8.628868
12	2	3	12.965642	8.628868
13	2	3	12.151011	8.628868
14	2	3	10.674106	8.628868
15	2	3	16.69912	8.628868
16	2	3	11.425847	8.628868
17	2	3	13.175926	8.628868
18	2	3	20.158722	8.628868
19	2	3	13.294951	8.628868
20	2	3	15.124718	8.628868
21	2	3	14.632768	8.628868
22	2	3	11.4726305	8.628868
23	2	3	11.0327215	8.628868
0	3	3	13.398912	8.628868
1	3	3	16.36774	8.628868
2	3	3	13.126242	8.628868
3	3	3	13.181705	8.628868
4	3	3	17.147293	8.628868
5	3	3	15.197602	8.628868
6	3	3	15.068598	8.628868
7	3	3	13.178549	8.628868
8	3	3	16.633856	8.628868
9	3	3	10.982011	8.628868
10	3	3	18.601662	8.628868
11	3	3	9.975974	8.628868
12	3	3	15.601993	8.628868
13	3	3	14.07108	8.628868
14	3	3	13.83499	8.628868
15	3	3	15.1847	8.628868
16	3	3	13.5507965	8.628868
17	3	3	14.3225975	8.628868
18	3	3	16.295694	8.628868
19	3	3	14.33719	8.628868
20	3	3	15.756224	8.628868
21	3	3	13.172558	8.628868
22	3	3	11.583389	8.628868
23	3	3	13.437124	8.628868
0	3	3	13.398912	8.066228
1	3	3	16.36774	8.066228
2	3	3	13.126242	8.066228
3	3	3	13.181705	8.066228
4	3	3	17.147293	8.066228
5	3	3	15.197602	8.066228
6	3	3	15.068598	8.066228
7	3	3	13.178549	8.066228
8	3	3	16.633856	8.066228
9	3	3	10.982011	8.066228
10	3	3	18.601662	8.066228
11	3	3	9.975974	8.066228
12	3	3	15.601993	8.066228
13	3	3	14.07108	8.066228
14	3	3	13.83499	8.066228
15	3	3	15.1847	8.066228
16	3	3	13.5507965	8.066228
17	3	3	14.3225975	8.066228
18	3	3	16.295694	8.066228
19	3	3	14.33719	8.066228
20	3	3	15.756224	8.066228
21	3	3	13.172558	8.066228
22	3	3	11.583389	8.066228
23	3	3	13.437124	8.066228
0	4	3	14.541593	8.066228
1	4	3	12.936366	8.066228
2	4	3	9.7260895	8.066228
3	4	3	13.072848	8.066228
4	4	3	12.449333	8.066228
5	4	3	10.83527	8.066228
6	4	3	13.439755	8.066228
7	4	3	11.706278	8.066228
8	4	3	12.597207	8.066228
9	4	3	12.658474	8.066228
10	4	3	16.579115	8.066228
11	4	3	10.036323	8.066228
12	4	3	12.610761	8.066228
13	4	3	12.125807	8.066228
14	4	3	10.216423	8.066228
15	4	3	12.574455	8.066228
16	4	3	11.202624	8.066228
17	4	3	11.483991	8.066228
18	4	3	12.751678	8.066228
19	4	3	12.806603	8.066228
20	4	3	15.64609	8.066228
21	4	3	9.148433	8.066228
22	4	3	9.762806	8.066228
23	4	3	12.057733	8.066228
0	4	3	14.541593	8.068404
1	4	3	12.936366	8.068404
2	4	3	9.7260895	8.068404
3	4	3	13.072848	8.068404
4	4	3	12.449333	8.068404
5	4	3	10.83527	8.068404
6	4	3	13.439755	8.068404
7	4	3	11.706278	8.068404
8	4	3	12.597207	8.068404
9	4	3	12.658474	8.068404
10	4	3	16.579115	8.068404
11	4	3	10.036323	8.068404
12	4	3	12.610761	8.068404
13	4	3	12.125807	8.068404
14	4	3	10.216423	8.068404
15	4	3	12.574455	8.068404
16	4	3	11.202624	8.068404
17	4	3	11.483991	8.068404
18	4	3	12.751678	8.068404
19	4	3	12.806603	8.068404
20	4	3	15.64609	8.068404
21	4	3	9.148433	8.068404
22	4	3	9.762806	8.068404
23	4	3	12.057733	8.068404
0	5	3	14.432005	8.068404
1	5	3	14.006525	8.068404
2	5	3	10.764823	8.068404
3	5	3	13.592516	8.068404
4	5	3	10.552994	8.068404
5	5	3	12.35862	8.068404
6	5	3	14.759201	8.068404
7	5	3	10.941841	8.068404
8	5	3	13.175332	8.068404
9	5	3	11.193774	8.068404
10	5	3	15.370889	8.068404
11	5	3	11.894784	8.068404
12	5	3	13.856637	8.068404
13	5	3	13.621658	8.068404
14	5	3	10.870538	8.068404
15	5	3	14.78612	8.068404
16	5	3	11.01132	8.068404
17	5	3	10.825575	8.068404
18	5	3	13.054463	8.068404
19	5	3	11.836251	8.068404
20	5	3	12.565192	8.068404
21	5	3	12.438555	8.068404
22	5	3	11.474936	8.068404
23	5	3	11.097449	8.068404
0	5	3	14.432005	8.417781
1	5	3	14.006525	8.417781
2	5	3	10.764823	8.417781
3	5	3	13.592516	8.417781
4	5	3	10.552994	8.417781
5	5	3	12.35862	8.417781
6	5	3	14.759201	8.417781
7	5	3	10.941841	8.417781
8	5	3	13.175332	8.417781
9	5	3	11.193774	8.417781
10	5	3	15.370889	8.417781
11	5	3	11.894784	8.417781
12	5	3	13.856637	8.417781
13	5	3	13.621658	8.417781
14	5	3	10.870538	8.417781
15	5	3	14.78612	8.417781
16	5	3	11.01132	8.417781
17	5	3	10.825575	8.417781
18	5	3	13.054463	8.417781
19	5	3	11.836251	8.417781
20	5	3	12.565192	8.417781
21	5	3	12.438555	8.417781
22	5	3	11.474936	8.417781
23	5	3	11.097449	8.417781
0	6	3	14.748929	8.417781
1	6	3	11.660633	8.417781
2	6	3	12.045718	8.417781
3	6	3	13.482931	8.417781
4	6	3	13.47239	8.417781
5	6	3	10.148798	8.417781
6	6	3	13.018346	8.417781
7	6	3	9.635863	8.417781
8	6	3	13.679012	8.417781
9	6	3	11.192272	8.417781
10	6	3	15.60644	8.417781
11	6	3	11.718923	8.417781
12	6	3	12.994274	8.417781
13	6	3	13.884877	8.417781
14	6	3	12.784175	8.417781
15	6	3	12.086408	8.417781
16	6	3	11.728519	8.417781
17	6	3	12.49989	8.417781
18	6	3	15.788253	8.417781
19	6	3	11.911463	8.417781
20	6	3	11.782599	8.417781
21	6	3	12.475786	8.417781
22	6	3	10.382558	8.417781
23	6	3	10.683229	8.417781
0	6	3	14.748929	8.414977
1	6	3	11.660633	8.414977
2	6	3	12.045718	8.414977
3	6	3	13.482931	8.414977
4	6	3	13.47239	8.414977
5	6	3	10.148798	8.414977
6	6	3	13.018346	8.414977
7	6	3	9.635863	8.414977
8	6	3	13.679012	8.414977
9	6	3	11.192272	8.414977
10	6	3	15.60644	8.414977
11	6	3	11.718923	8.414977
12	6	3	12.994274	8.414977
13	6	3	13.884877	8.414977
14	6	3	12.784175	8.414977
15	6	3	12.086408	8.414977
16	6	3	11.728519	8.414977
17	6	3	12.49989	8.414977
18	6	3	15.788253	8.414977
19	6	3	11.911463	8.414977
20	6	3	11.782599	8.414977
21	6	3	12.475786	8.414977
22	6	3	10.382558	8.414977
23	6	3	10.683229	8.414977
0	7	3	17.124886	8.414977
1	7	3	16.54992	8.414977
2	7	3	14.227936	8.414977
3	7	3	14.849553	8.414977
4	7	3	16.91636	8.414977
5	7	3	12.985007	8.414977
6	7	3	19.633919	8.414977
7	7	3	12.248309	8.414977
8	7	3	15.068468	8.414977
9	7	3	13.57541	8.414977
10	7	3	16.442259	8.414977
11	7	3	12.94927	8.414977
12	7	3	16.95583	8.414977
13	7	3	15.499391	8.414977
14	7	3	11.267589	8.414977
15	7	3	21.604607	8.414977
16	7	3	16.149645	8.414977
17	7	3	11.993793	8.414977
18	7	3	19.52442	8.414977
19	7	3	14.947675	8.414977
20	7	3	16.811525	8.414977
21	7	3	17.87887	8.414977
22	7	3	14.200846	8.414977
23	7	3	10.763948	8.414977
0	7	3	17.124886	8.945757
1	7	3	16.54992	8.945757
2	7	3	14.227936	8.945757
3	7	3	14.849553	8.945757
4	7	3	16.91636	8.945757
5	7	3	12.985007	8.945757
6	7	3	19.633919	8.945757
7	7	3	12.248309	8.945757
8	7	3	15.068468	8.945757
9	7	3	13.57541	8.945757
10	7	3	16.442259	8.945757
11	7	3	12.94927	8.945757
12	7	3	16.95583	8.945757
13	7	3	15.499391	8.945757
14	7	3	11.267589	8.945757
15	7	3	21.604607	8.945757
16	7	3	16.149645	8.945757
17	7	3	11.993793	8.945757
18	7	3	19.52442	8.945757
19	7	3	14.947675	8.945757
20	7	3	16.811525	8.945757
21	7	3	17.87887	8.945757
22	7	3	14.200846	8.945757
23	7	3	10.763948	8.945757
0	8	3	14.031132	8.945757
1	8	3	12.830058	8.945757
2	8	3	10.424365	8.945757
3	8	3	13.860934	8.945757
4	8	3	17.823463	8.945757
5	8	3	10.972817	8.945757
6	8	3	13.076151	8.945757
7	8	3	11.913454	8.945757
8	8	3	10.7113905	8.945757
9	8	3	9.571155	8.945757
10	8	3	14.267665	8.945757
11	8	3	11.68268	8.945757
12	8	3	13.51038	8.945757
13	8	3	12.284951	8.945757
14	8	3	10.547696	8.945757
15	8	3	15.783044	8.945757
16	8	3	11.914161	8.945757
17	8	3	11.696794	8.945757
18	8	3	17.533928	8.945757
19	8	3	14.254928	8.945757
20	8	3	11.228576	8.945757
21	8	3	10.764546	8.945757
22	8	3	13.059889	8.945757
23	8	3	10.635174	8.945757
0	8	3	14.031132	8.333437
1	8	3	12.830058	8.333437
2	8	3	10.424365	8.333437
3	8	3	13.860934	8.333437
4	8	3	17.823463	8.333437
5	8	3	10.972817	8.333437
6	8	3	13.076151	8.333437
7	8	3	11.913454	8.333437
8	8	3	10.7113905	8.333437
9	8	3	9.571155	8.333437
10	8	3	14.267665	8.333437
11	8	3	11.68268	8.333437
12	8	3	13.51038	8.333437
13	8	3	12.284951	8.333437
14	8	3	10.547696	8.333437
15	8	3	15.783044	8.333437
16	8	3	11.914161	8.333437
17	8	3	11.696794	8.333437
18	8	3	17.533928	8.333437
19	8	3	14.254928	8.333437
20	8	3	11.228576	8.333437
21	8	3	10.764546	8.333437
22	8	3	13.059889	8.333437
23	8	3	10.635174	8.333437
0	9	3	12.735266	8.333437
1	9	3	13.725572	8.333437
2	9	3	11.995589	8.333437
3	9	3	14.191292	8.333437
4	9	3	14.354663	8.333437
5	9	3	11.780432	8.333437
6	9	3	16.103863	8.333437
7	9	3	11.71753	8.333437
8	9	3	11.451007	8.333437
9	9	3	11.631778	8.333437
10	9	3	14.77421	8.333437
11	9	3	9.493221	8.333437
12	9	3	13.126021	8.333437
13	9	3	11.241225	8.333437
14	9	3	11.032896	8.333437
15	9	3	14.577531	8.333437
16	9	3	12.172344	8.333437
17	9	3	12.31086	8.333437
18	9	3	15.041194	8.333437
19	9	3	13.018293	8.333437
20	9	3	14.604925	8.333437
21	9	3	11.808859	8.333437
22	9	3	11.697956	8.333437
23	9	3	10.401701	8.333437
0	9	3	12.735266	8.4078045
1	9	3	13.725572	8.4078045
2	9	3	11.995589	8.4078045
3	9	3	14.191292	8.4078045
4	9	3	14.354663	8.4078045
5	9	3	11.780432	8.4078045
6	9	3	16.103863	8.4078045
7	9	3	11.71753	8.4078045
8	9	3	11.451007	8.4078045
9	9	3	11.631778	8.4078045
10	9	3	14.77421	8.4078045
11	9	3	9.493221	8.4078045
12	9	3	13.126021	8.4078045
13	9	3	11.241225	8.4078045
14	9	3	11.032896	8.4078045
15	9	3	14.577531	8.4078045
16	9	3	12.172344	8.4078045
17	9	3	12.31086	8.4078045
18	9	3	15.041194	8.4078045
19	9	3	13.018293	8.4078045
20	9	3	14.604925	8.4078045
21	9	3	11.808859	8.4078045
22	9	3	11.697956	8.4078045
23	9	3	10.401701	8.4078045
0	10	3	14.064962	8.4078045
1	10	3	13.284799	8.4078045
2	10	3	11.787364	8.4078045
3	10	3	14.6198015	8.4078045
4	10	3	13.288192	8.4078045
5	10	3	12.001413	8.4078045
6	10	3	14.293933	8.4078045
7	10	3	10.133853	8.4078045
8	10	3	11.923896	8.4078045
9	10	3	12.750844	8.4078045
10	10	3	15.646552	8.4078045
11	10	3	8.9822	8.4078045
12	10	3	16.551445	8.4078045
13	10	3	14.393362	8.4078045
14	10	3	9.927218	8.4078045
15	10	3	13.062187	8.4078045
16	10	3	11.394171	8.4078045
17	10	3	11.99809	8.4078045
18	10	3	13.821587	8.4078045
19	10	3	13.742536	8.4078045
20	10	3	11.705097	8.4078045
21	10	3	11.506902	8.4078045
22	10	3	10.877696	8.4078045
23	10	3	10.283502	8.4078045
0	10	3	14.064962	8.201461
1	10	3	13.284799	8.201461
2	10	3	11.787364	8.201461
3	10	3	14.6198015	8.201461
4	10	3	13.288192	8.201461
5	10	3	12.001413	8.201461
6	10	3	14.293933	8.201461
7	10	3	10.133853	8.201461
8	10	3	11.923896	8.201461
9	10	3	12.750844	8.201461
10	10	3	15.646552	8.201461
11	10	3	8.9822	8.201461
12	10	3	16.551445	8.201461
13	10	3	14.393362	8.201461
14	10	3	9.927218	8.201461
15	10	3	13.062187	8.201461
16	10	3	11.394171	8.201461
17	10	3	11.99809	8.201461
18	10	3	13.821587	8.201461
19	10	3	13.742536	8.201461
20	10	3	11.705097	8.201461
21	10	3	11.506902	8.201461
22	10	3	10.877696	8.201461
23	10	3	10.283502	8.201461
0	11	3	13.899812	8.201461
1	11	3	12.110627	8.201461
2	11	3	9.9178915	8.201461
3	11	3	12.907184	8.201461
4	11	3	13.620762	8.201461
5	11	3	11.306973	8.201461
6	11	3	12.511273	8.201461
7	11	3	9.936317	8.201461
8	11	3	12.866467	8.201461
9	11	3	11.116779	8.201461
10	11	3	13.393248	8.201461
11	11	3	10.473349	8.201461
12	11	3	13.306053	8.201461
13	11	3	12.821192	8.201461
14	11	3	9.877457	8.201461
15	11	3	14.792722	8.201461
16	11	3	10.767707	8.201461
17	11	3	10.1747265	8.201461
18	11	3	12.496436	8.201461
19	11	3	12.424829	8.201461
20	11	3	12.965209	8.201461
21	11	3	11.920338	8.201461
22	11	3	9.802633	8.201461
23	11	3	10.02828	8.201461
0	11	3	13.899812	7.6091356
1	11	3	12.110627	7.6091356
2	11	3	9.9178915	7.6091356
3	11	3	12.907184	7.6091356
4	11	3	13.620762	7.6091356
5	11	3	11.306973	7.6091356
6	11	3	12.511273	7.6091356
7	11	3	9.936317	7.6091356
8	11	3	12.866467	7.6091356
9	11	3	11.116779	7.6091356
10	11	3	13.393248	7.6091356
11	11	3	10.473349	7.6091356
12	11	3	13.306053	7.6091356
13	11	3	12.821192	7.6091356
14	11	3	9.877457	7.6091356
15	11	3	14.792722	7.6091356
16	11	3	10.767707	7.6091356
17	11	3	10.1747265	7.6091356
18	11	3	12.496436	7.6091356
19	11	3	12.424829	7.6091356
20	11	3	12.965209	7.6091356
21	11	3	11.920338	7.6091356
22	11	3	9.802633	7.6091356
23	11	3	10.02828	7.6091356
0	12	3	12.907776	7.6091356
1	12	3	11.002409	7.6091356
2	12	3	11.09894	7.6091356
3	12	3	14.097604	7.6091356
4	12	3	12.255867	7.6091356
5	12	3	11.451806	7.6091356
6	12	3	15.027661	7.6091356
7	12	3	11.094706	7.6091356
8	12	3	13.051662	7.6091356
9	12	3	10.015063	7.6091356
10	12	3	13.962772	7.6091356
11	12	3	10.054298	7.6091356
12	12	3	13.964581	7.6091356
13	12	3	12.073463	7.6091356
14	12	3	11.28607	7.6091356
15	12	3	11.72173	7.6091356
16	12	3	9.890481	7.6091356
17	12	3	12.007085	7.6091356
18	12	3	14.998385	7.6091356
19	12	3	12.158261	7.6091356
20	12	3	16.186956	7.6091356
21	12	3	11.324052	7.6091356
22	12	3	9.649318	7.6091356
23	12	3	10.892399	7.6091356
0	12	3	12.907776	8.003129
1	12	3	11.002409	8.003129
2	12	3	11.09894	8.003129
3	12	3	14.097604	8.003129
4	12	3	12.255867	8.003129
5	12	3	11.451806	8.003129
6	12	3	15.027661	8.003129
7	12	3	11.094706	8.003129
8	12	3	13.051662	8.003129
9	12	3	10.015063	8.003129
10	12	3	13.962772	8.003129
11	12	3	10.054298	8.003129
12	12	3	13.964581	8.003129
13	12	3	12.073463	8.003129
14	12	3	11.28607	8.003129
15	12	3	11.72173	8.003129
16	12	3	9.890481	8.003129
17	12	3	12.007085	8.003129
18	12	3	14.998385	8.003129
19	12	3	12.158261	8.003129
20	12	3	16.186956	8.003129
21	12	3	11.324052	8.003129
22	12	3	9.649318	8.003129
23	12	3	10.892399	8.003129
0	13	3	13.244094	8.003129
1	13	3	13.926208	8.003129
2	13	3	10.454141	8.003129
3	13	3	13.592422	8.003129
4	13	3	15.019402	8.003129
5	13	3	11.949877	8.003129
6	13	3	14.784998	8.003129
7	13	3	11.149101	8.003129
8	13	3	12.589279	8.003129
9	13	3	10.885824	8.003129
10	13	3	14.8569145	8.003129
11	13	3	9.418239	8.003129
12	13	3	15.412895	8.003129
13	13	3	11.943559	8.003129
14	13	3	9.914038	8.003129
15	13	3	15.690728	8.003129
16	13	3	13.564454	8.003129
17	13	3	12.011007	8.003129
18	13	3	13.831913	8.003129
19	13	3	12.559625	8.003129
20	13	3	16.448603	8.003129
21	13	3	14.098694	8.003129
22	13	3	11.250161	8.003129
23	13	3	10.596191	8.003129
0	13	3	13.244094	8.4971895
1	13	3	13.926208	8.4971895
2	13	3	10.454141	8.4971895
3	13	3	13.592422	8.4971895
4	13	3	15.019402	8.4971895
5	13	3	11.949877	8.4971895
6	13	3	14.784998	8.4971895
7	13	3	11.149101	8.4971895
8	13	3	12.589279	8.4971895
9	13	3	10.885824	8.4971895
10	13	3	14.8569145	8.4971895
11	13	3	9.418239	8.4971895
12	13	3	15.412895	8.4971895
13	13	3	11.943559	8.4971895
14	13	3	9.914038	8.4971895
15	13	3	15.690728	8.4971895
16	13	3	13.564454	8.4971895
17	13	3	12.011007	8.4971895
18	13	3	13.831913	8.4971895
19	13	3	12.559625	8.4971895
20	13	3	16.448603	8.4971895
21	13	3	14.098694	8.4971895
22	13	3	11.250161	8.4971895
23	13	3	10.596191	8.4971895
0	14	3	11.669385	8.4971895
1	14	3	12.867056	8.4971895
2	14	3	12.683654	8.4971895
3	14	3	14.5194	8.4971895
4	14	3	13.418534	8.4971895
5	14	3	11.259857	8.4971895
6	14	3	16.05685	8.4971895
7	14	3	11.368183	8.4971895
8	14	3	13.909934	8.4971895
9	14	3	11.510999	8.4971895
10	14	3	14.550287	8.4971895
11	14	3	12.907292	8.4971895
12	14	3	12.670716	8.4971895
13	14	3	12.324409	8.4971895
14	14	3	11.602342	8.4971895
15	14	3	14.728411	8.4971895
16	14	3	9.725833	8.4971895
17	14	3	12.19817	8.4971895
18	14	3	15.016783	8.4971895
19	14	3	11.732764	8.4971895
20	14	3	10.938494	8.4971895
21	14	3	10.523116	8.4971895
22	14	3	12.318092	8.4971895
23	14	3	10.341331	8.4971895
0	14	3	11.669385	8.202248
1	14	3	12.867056	8.202248
2	14	3	12.683654	8.202248
3	14	3	14.5194	8.202248
4	14	3	13.418534	8.202248
5	14	3	11.259857	8.202248
6	14	3	16.05685	8.202248
7	14	3	11.368183	8.202248
8	14	3	13.909934	8.202248
9	14	3	11.510999	8.202248
10	14	3	14.550287	8.202248
11	14	3	12.907292	8.202248
12	14	3	12.670716	8.202248
13	14	3	12.324409	8.202248
14	14	3	11.602342	8.202248
15	14	3	14.728411	8.202248
16	14	3	9.725833	8.202248
17	14	3	12.19817	8.202248
18	14	3	15.016783	8.202248
19	14	3	11.732764	8.202248
20	14	3	10.938494	8.202248
21	14	3	10.523116	8.202248
22	14	3	12.318092	8.202248
23	14	3	10.341331	8.202248
0	15	3	10.826427	8.202248
1	15	3	13.145433	8.202248
2	15	3	11.191291	8.202248
3	15	3	14.499879	8.202248
4	15	3	12.014284	8.202248
5	15	3	10.788859	8.202248
6	15	3	16.135176	8.202248
7	15	3	10.908476	8.202248
8	15	3	12.142963	8.202248
9	15	3	11.372629	8.202248
10	15	3	14.898386	8.202248
11	15	3	10.593074	8.202248
12	15	3	16.028597	8.202248
13	15	3	12.819898	8.202248
14	15	3	13.068602	8.202248
15	15	3	16.16243	8.202248
16	15	3	12.287363	8.202248
17	15	3	10.663934	8.202248
18	15	3	14.7063055	8.202248
19	15	3	13.35235	8.202248
20	15	3	12.693571	8.202248
21	15	3	12.508964	8.202248
22	15	3	12.436063	8.202248
23	15	3	11.903906	8.202248
0	15	3	10.826427	8.727806
1	15	3	13.145433	8.727806
2	15	3	11.191291	8.727806
3	15	3	14.499879	8.727806
4	15	3	12.014284	8.727806
5	15	3	10.788859	8.727806
6	15	3	16.135176	8.727806
7	15	3	10.908476	8.727806
8	15	3	12.142963	8.727806
9	15	3	11.372629	8.727806
10	15	3	14.898386	8.727806
11	15	3	10.593074	8.727806
12	15	3	16.028597	8.727806
13	15	3	12.819898	8.727806
14	15	3	13.068602	8.727806
15	15	3	16.16243	8.727806
16	15	3	12.287363	8.727806
17	15	3	10.663934	8.727806
18	15	3	14.7063055	8.727806
19	15	3	13.35235	8.727806
20	15	3	12.693571	8.727806
21	15	3	12.508964	8.727806
22	15	3	12.436063	8.727806
23	15	3	11.903906	8.727806
0	16	3	11.778537	8.727806
1	16	3	13.814529	8.727806
2	16	3	10.968011	8.727806
3	16	3	14.68125	8.727806
4	16	3	11.786807	8.727806
5	16	3	11.090637	8.727806
6	16	3	16.245232	8.727806
7	16	3	9.644079	8.727806
8	16	3	12.16852	8.727806
9	16	3	11.367924	8.727806
10	16	3	14.085209	8.727806
11	16	3	10.18353	8.727806
12	16	3	14.549227	8.727806
13	16	3	13.653468	8.727806
14	16	3	10.461242	8.727806
15	16	3	15.9542	8.727806
16	16	3	11.500501	8.727806
17	16	3	10.070828	8.727806
18	16	3	14.599344	8.727806
19	16	3	13.462012	8.727806
20	16	3	12.633515	8.727806
21	16	3	11.682832	8.727806
22	16	3	12.123055	8.727806
23	16	3	11.373557	8.727806
0	16	3	11.778537	8.223588
1	16	3	13.814529	8.223588
2	16	3	10.968011	8.223588
3	16	3	14.68125	8.223588
4	16	3	11.786807	8.223588
5	16	3	11.090637	8.223588
6	16	3	16.245232	8.223588
7	16	3	9.644079	8.223588
8	16	3	12.16852	8.223588
9	16	3	11.367924	8.223588
10	16	3	14.085209	8.223588
11	16	3	10.18353	8.223588
12	16	3	14.549227	8.223588
13	16	3	13.653468	8.223588
14	16	3	10.461242	8.223588
15	16	3	15.9542	8.223588
16	16	3	11.500501	8.223588
17	16	3	10.070828	8.223588
18	16	3	14.599344	8.223588
19	16	3	13.462012	8.223588
20	16	3	12.633515	8.223588
21	16	3	11.682832	8.223588
22	16	3	12.123055	8.223588
23	16	3	11.373557	8.223588
0	17	3	12.343684	8.223588
1	17	3	13.72657	8.223588
2	17	3	9.54125	8.223588
3	17	3	14.642913	8.223588
4	17	3	12.9585705	8.223588
5	17	3	11.424961	8.223588
6	17	3	13.878614	8.223588
7	17	3	10.258457	8.223588
8	17	3	11.916918	8.223588
9	17	3	10.498913	8.223588
10	17	3	13.985363	8.223588
11	17	3	10.360633	8.223588
12	17	3	14.072862	8.223588
13	17	3	13.607572	8.223588
14	17	3	10.634502	8.223588
15	17	3	14.448681	8.223588
16	17	3	12.708609	8.223588
17	17	3	12.033099	8.223588
18	17	3	12.938694	8.223588
19	17	3	12.715898	8.223588
20	17	3	13.666876	8.223588
21	17	3	9.867674	8.223588
22	17	3	9.8788	8.223588
23	17	3	10.894268	8.223588
0	17	3	12.343684	8.145835
1	17	3	13.72657	8.145835
2	17	3	9.54125	8.145835
3	17	3	14.642913	8.145835
4	17	3	12.9585705	8.145835
5	17	3	11.424961	8.145835
6	17	3	13.878614	8.145835
7	17	3	10.258457	8.145835
8	17	3	11.916918	8.145835
9	17	3	10.498913	8.145835
10	17	3	13.985363	8.145835
11	17	3	10.360633	8.145835
12	17	3	14.072862	8.145835
13	17	3	13.607572	8.145835
14	17	3	10.634502	8.145835
15	17	3	14.448681	8.145835
16	17	3	12.708609	8.145835
17	17	3	12.033099	8.145835
18	17	3	12.938694	8.145835
19	17	3	12.715898	8.145835
20	17	3	13.666876	8.145835
21	17	3	9.867674	8.145835
22	17	3	9.8788	8.145835
23	17	3	10.894268	8.145835
0	18	3	13.170463	8.145835
1	18	3	13.45595	8.145835
2	18	3	10.654843	8.145835
3	18	3	13.73019	8.145835
4	18	3	13.472549	8.145835
5	18	3	12.553762	8.145835
6	18	3	12.9907675	8.145835
7	18	3	10.011106	8.145835
8	18	3	13.360107	8.145835
9	18	3	11.347194	8.145835
10	18	3	15.989104	8.145835
11	18	3	12.472111	8.145835
12	18	3	12.160279	8.145835
13	18	3	13.337449	8.145835
14	18	3	10.727022	8.145835
15	18	3	12.973588	8.145835
16	18	3	11.40897	8.145835
17	18	3	11.4056	8.145835
18	18	3	12.46467	8.145835
19	18	3	11.381642	8.145835
20	18	3	13.201723	8.145835
21	18	3	10.775817	8.145835
22	18	3	9.92669	8.145835
23	18	3	11.734827	8.145835
0	18	3	13.170463	8.054645
1	18	3	13.45595	8.054645
2	18	3	10.654843	8.054645
3	18	3	13.73019	8.054645
4	18	3	13.472549	8.054645
5	18	3	12.553762	8.054645
6	18	3	12.9907675	8.054645
7	18	3	10.011106	8.054645
8	18	3	13.360107	8.054645
9	18	3	11.347194	8.054645
10	18	3	15.989104	8.054645
11	18	3	12.472111	8.054645
12	18	3	12.160279	8.054645
13	18	3	13.337449	8.054645
14	18	3	10.727022	8.054645
15	18	3	12.973588	8.054645
16	18	3	11.40897	8.054645
17	18	3	11.4056	8.054645
18	18	3	12.46467	8.054645
19	18	3	11.381642	8.054645
20	18	3	13.201723	8.054645
21	18	3	10.775817	8.054645
22	18	3	9.92669	8.054645
23	18	3	11.734827	8.054645
0	19	3	15.249079	8.054645
1	19	3	16.18313	8.054645
2	19	3	13.745771	8.054645
3	19	3	15.721863	8.054645
4	19	3	18.275137	8.054645
5	19	3	14.337851	8.054645
6	19	3	14.533812	8.054645
7	19	3	13.345318	8.054645
8	19	3	13.0295315	8.054645
9	19	3	13.795654	8.054645
10	19	3	18.504066	8.054645
11	19	3	12.747656	8.054645
12	19	3	16.654222	8.054645
13	19	3	17.84206	8.054645
14	19	3	10.965881	8.054645
15	19	3	15.20349	8.054645
16	19	3	14.333563	8.054645
17	19	3	16.06112	8.054645
18	19	3	12.698838	8.054645
19	19	3	13.464528	8.054645
20	19	3	15.699208	8.054645
21	19	3	14.255311	8.054645
22	19	3	11.846862	8.054645
23	19	3	10.977291	8.054645
0	19	3	15.249079	8.828683
1	19	3	16.18313	8.828683
2	19	3	13.745771	8.828683
3	19	3	15.721863	8.828683
4	19	3	18.275137	8.828683
5	19	3	14.337851	8.828683
6	19	3	14.533812	8.828683
7	19	3	13.345318	8.828683
8	19	3	13.0295315	8.828683
9	19	3	13.795654	8.828683
10	19	3	18.504066	8.828683
11	19	3	12.747656	8.828683
12	19	3	16.654222	8.828683
13	19	3	17.84206	8.828683
14	19	3	10.965881	8.828683
15	19	3	15.20349	8.828683
16	19	3	14.333563	8.828683
17	19	3	16.06112	8.828683
18	19	3	12.698838	8.828683
19	19	3	13.464528	8.828683
20	19	3	15.699208	8.828683
21	19	3	14.255311	8.828683
22	19	3	11.846862	8.828683
23	19	3	10.977291	8.828683
0	20	3	14.432005	8.828683
1	20	3	14.006525	8.828683
2	20	3	10.764823	8.828683
3	20	3	13.592516	8.828683
4	20	3	10.552994	8.828683
5	20	3	12.35862	8.828683
6	20	3	14.759201	8.828683
7	20	3	10.941841	8.828683
8	20	3	13.175332	8.828683
9	20	3	11.193774	8.828683
10	20	3	15.370889	8.828683
11	20	3	11.894784	8.828683
12	20	3	13.856637	8.828683
13	20	3	13.621658	8.828683
14	20	3	10.870538	8.828683
15	20	3	14.78612	8.828683
16	20	3	11.01132	8.828683
17	20	3	10.825575	8.828683
18	20	3	13.054463	8.828683
19	20	3	11.836251	8.828683
20	20	3	12.565192	8.828683
21	20	3	12.438555	8.828683
22	20	3	11.474936	8.828683
23	20	3	11.097449	8.828683
0	20	3	14.432005	8.417781
1	20	3	14.006525	8.417781
2	20	3	10.764823	8.417781
3	20	3	13.592516	8.417781
4	20	3	10.552994	8.417781
5	20	3	12.35862	8.417781
6	20	3	14.759201	8.417781
7	20	3	10.941841	8.417781
8	20	3	13.175332	8.417781
9	20	3	11.193774	8.417781
10	20	3	15.370889	8.417781
11	20	3	11.894784	8.417781
12	20	3	13.856637	8.417781
13	20	3	13.621658	8.417781
14	20	3	10.870538	8.417781
15	20	3	14.78612	8.417781
16	20	3	11.01132	8.417781
17	20	3	10.825575	8.417781
18	20	3	13.054463	8.417781
19	20	3	11.836251	8.417781
20	20	3	12.565192	8.417781
21	20	3	12.438555	8.417781
22	20	3	11.474936	8.417781
23	20	3	11.097449	8.417781
0	21	3	12.781152	8.417781
1	21	3	11.525106	8.417781
2	21	3	9.730144	8.417781
3	21	3	12.899678	8.417781
4	21	3	11.777765	8.417781
5	21	3	10.747047	8.417781
6	21	3	13.905311	8.417781
7	21	3	9.504746	8.417781
8	21	3	13.143382	8.417781
9	21	3	10.293444	8.417781
10	21	3	14.781667	8.417781
11	21	3	10.215295	8.417781
12	21	3	13.173349	8.417781
13	21	3	13.293174	8.417781
14	21	3	12.176772	8.417781
15	21	3	13.164309	8.417781
16	21	3	11.379952	8.417781
17	21	3	11.097924	8.417781
18	21	3	13.27256	8.417781
19	21	3	11.612899	8.417781
20	21	3	13.657263	8.417781
21	21	3	11.576404	8.417781
22	21	3	10.747643	8.417781
23	21	3	11.230406	8.417781
0	21	3	12.781152	7.983358
1	21	3	11.525106	7.983358
2	21	3	9.730144	7.983358
3	21	3	12.899678	7.983358
4	21	3	11.777765	7.983358
5	21	3	10.747047	7.983358
6	21	3	13.905311	7.983358
7	21	3	9.504746	7.983358
8	21	3	13.143382	7.983358
9	21	3	10.293444	7.983358
10	21	3	14.781667	7.983358
11	21	3	10.215295	7.983358
12	21	3	13.173349	7.983358
13	21	3	13.293174	7.983358
14	21	3	12.176772	7.983358
15	21	3	13.164309	7.983358
16	21	3	11.379952	7.983358
17	21	3	11.097924	7.983358
18	21	3	13.27256	7.983358
19	21	3	11.612899	7.983358
20	21	3	13.657263	7.983358
21	21	3	11.576404	7.983358
22	21	3	10.747643	7.983358
23	21	3	11.230406	7.983358
0	22	3	11.094125	7.983358
1	22	3	13.374591	7.983358
2	22	3	12.7270155	7.983358
3	22	3	14.067958	7.983358
4	22	3	11.666537	7.983358
5	22	3	9.562737	7.983358
6	22	3	13.955253	7.983358
7	22	3	10.838122	7.983358
8	22	3	12.791456	7.983358
9	22	3	10.574625	7.983358
10	22	3	13.287101	7.983358
11	22	3	11.123245	7.983358
12	22	3	14.417563	7.983358
13	22	3	13.038739	7.983358
14	22	3	11.279972	7.983358
15	22	3	17.139723	7.983358
16	22	3	11.6490345	7.983358
17	22	3	11.627142	7.983358
18	22	3	16.950653	7.983358
19	22	3	13.132786	7.983358
20	22	3	13.731868	7.983358
21	22	3	12.39846	7.983358
22	22	3	12.637384	7.983358
23	22	3	11.764348	7.983358
0	22	3	11.094125	8.529108
1	22	3	13.374591	8.529108
2	22	3	12.7270155	8.529108
3	22	3	14.067958	8.529108
4	22	3	11.666537	8.529108
5	22	3	9.562737	8.529108
6	22	3	13.955253	8.529108
7	22	3	10.838122	8.529108
8	22	3	12.791456	8.529108
9	22	3	10.574625	8.529108
10	22	3	13.287101	8.529108
11	22	3	11.123245	8.529108
12	22	3	14.417563	8.529108
13	22	3	13.038739	8.529108
14	22	3	11.279972	8.529108
15	22	3	17.139723	8.529108
16	22	3	11.6490345	8.529108
17	22	3	11.627142	8.529108
18	22	3	16.950653	8.529108
19	22	3	13.132786	8.529108
20	22	3	13.731868	8.529108
21	22	3	12.39846	8.529108
22	22	3	12.637384	8.529108
23	22	3	11.764348	8.529108
0	23	3	14.136991	8.529108
1	23	3	12.665198	8.529108
2	23	3	10.450913	8.529108
3	23	3	13.215515	8.529108
4	23	3	15.1093445	8.529108
5	23	3	11.154109	8.529108
6	23	3	14.227726	8.529108
7	23	3	10.538268	8.529108
8	23	3	9.807152	8.529108
9	23	3	10.99117	8.529108
10	23	3	14.119811	8.529108
11	23	3	10.380489	8.529108
12	23	3	13.949492	8.529108
13	23	3	12.922996	8.529108
14	23	3	9.849977	8.529108
15	23	3	13.595634	8.529108
16	23	3	11.63957	8.529108
17	23	3	12.008758	8.529108
18	23	3	14.995709	8.529108
19	23	3	14.414464	8.529108
20	23	3	10.541295	8.529108
21	23	3	11.415748	8.529108
22	23	3	13.002973	8.529108
23	23	3	9.568582	8.529108
0	23	3	14.136991	7.9385056
1	23	3	12.665198	7.9385056
2	23	3	10.450913	7.9385056
3	23	3	13.215515	7.9385056
4	23	3	15.1093445	7.9385056
5	23	3	11.154109	7.9385056
6	23	3	14.227726	7.9385056
7	23	3	10.538268	7.9385056
8	23	3	9.807152	7.9385056
9	23	3	10.99117	7.9385056
10	23	3	14.119811	7.9385056
11	23	3	10.380489	7.9385056
12	23	3	13.949492	7.9385056
13	23	3	12.922996	7.9385056
14	23	3	9.849977	7.9385056
15	23	3	13.595634	7.9385056
16	23	3	11.63957	7.9385056
17	23	3	12.008758	7.9385056
18	23	3	14.995709	7.9385056
19	23	3	14.414464	7.9385056
20	23	3	10.541295	7.9385056
21	23	3	11.415748	7.9385056
22	23	3	13.002973	7.9385056
23	23	3	9.568582	7.9385056
0	24	3	10.700378	7.9385056
1	24	3	13.037603	7.9385056
2	24	3	9.593314	7.9385056
3	24	3	13.935423	7.9385056
4	24	3	11.784125	7.9385056
5	24	3	10.098849	7.9385056
6	24	3	11.330955	7.9385056
7	24	3	10.345256	7.9385056
8	24	3	12.464438	7.9385056
9	24	3	10.1482935	7.9385056
10	24	3	16.03364	7.9385056
11	24	3	11.992824	7.9385056
12	24	3	12.56834	7.9385056
13	24	3	13.830108	7.9385056
14	24	3	9.606694	7.9385056
15	24	3	16.132185	7.9385056
16	24	3	11.200404	7.9385056
17	24	3	11.689965	7.9385056
18	24	3	16.423021	7.9385056
19	24	3	12.330472	7.9385056
20	24	3	12.596515	7.9385056
21	24	3	10.101683	7.9385056
22	24	3	10.891552	7.9385056
23	24	3	12.562225	7.9385056
0	24	3	10.700378	7.870596
1	24	3	13.037603	7.870596
2	24	3	9.593314	7.870596
3	24	3	13.935423	7.870596
4	24	3	11.784125	7.870596
5	24	3	10.098849	7.870596
6	24	3	11.330955	7.870596
7	24	3	10.345256	7.870596
8	24	3	12.464438	7.870596
9	24	3	10.1482935	7.870596
10	24	3	16.03364	7.870596
11	24	3	11.992824	7.870596
12	24	3	12.56834	7.870596
13	24	3	13.830108	7.870596
14	24	3	9.606694	7.870596
15	24	3	16.132185	7.870596
16	24	3	11.200404	7.870596
17	24	3	11.689965	7.870596
18	24	3	16.423021	7.870596
19	24	3	12.330472	7.870596
20	24	3	12.596515	7.870596
21	24	3	10.101683	7.870596
22	24	3	10.891552	7.870596
23	24	3	12.562225	7.870596
0	25	3	15.196436	7.870596
1	25	3	11.738727	7.870596
2	25	3	10.67588	7.870596
3	25	3	13.363516	7.870596
4	25	3	12.458559	7.870596
5	25	3	11.228349	7.870596
6	25	3	12.147701	7.870596
7	25	3	10.566996	7.870596
8	25	3	12.05219	7.870596
9	25	3	10.747694	7.870596
10	25	3	13.883259	7.870596
11	25	3	10.485846	7.870596
12	25	3	14.347974	7.870596
13	25	3	12.508193	7.870596
14	25	3	13.075084	7.870596
15	25	3	13.773798	7.870596
16	25	3	11.050233	7.870596
17	25	3	9.699332	7.870596
18	25	3	13.746551	7.870596
19	25	3	14.338918	7.870596
20	25	3	12.002122	7.870596
21	25	3	11.935761	7.870596
22	25	3	10.988109	7.870596
23	25	3	10.166996	7.870596
0	25	3	15.196436	8.177009
1	25	3	11.738727	8.177009
2	25	3	10.67588	8.177009
3	25	3	13.363516	8.177009
4	25	3	12.458559	8.177009
5	25	3	11.228349	8.177009
6	25	3	12.147701	8.177009
7	25	3	10.566996	8.177009
8	25	3	12.05219	8.177009
9	25	3	10.747694	8.177009
10	25	3	13.883259	8.177009
11	25	3	10.485846	8.177009
12	25	3	14.347974	8.177009
13	25	3	12.508193	8.177009
14	25	3	13.075084	8.177009
15	25	3	13.773798	8.177009
16	25	3	11.050233	8.177009
17	25	3	9.699332	8.177009
18	25	3	13.746551	8.177009
19	25	3	14.338918	8.177009
20	25	3	12.002122	8.177009
21	25	3	11.935761	8.177009
22	25	3	10.988109	8.177009
23	25	3	10.166996	8.177009
0	26	3	14.16919	8.177009
1	26	3	15.8652935	8.177009
2	26	3	14.968337	8.177009
3	26	3	15.220558	8.177009
4	26	3	20.783295	8.177009
5	26	3	13.356439	8.177009
6	26	3	16.03023	8.177009
7	26	3	13.530705	8.177009
8	26	3	14.745756	8.177009
9	26	3	11.435313	8.177009
10	26	3	15.829647	8.177009
11	26	3	15.222352	8.177009
12	26	3	14.699874	8.177009
13	26	3	14.896659	8.177009
14	26	3	13.230632	8.177009
15	26	3	17.451376	8.177009
16	26	3	13.767877	8.177009
17	26	3	16.83049	8.177009
18	26	3	21.14619	8.177009
19	26	3	15.471295	8.177009
20	26	3	12.973008	8.177009
21	26	3	12.954823	8.177009
22	26	3	13.671849	8.177009
23	26	3	13.688198	8.177009
0	26	3	14.16919	8.771725
1	26	3	15.8652935	8.771725
2	26	3	14.968337	8.771725
3	26	3	15.220558	8.771725
4	26	3	20.783295	8.771725
5	26	3	13.356439	8.771725
6	26	3	16.03023	8.771725
7	26	3	13.530705	8.771725
8	26	3	14.745756	8.771725
9	26	3	11.435313	8.771725
10	26	3	15.829647	8.771725
11	26	3	15.222352	8.771725
12	26	3	14.699874	8.771725
13	26	3	14.896659	8.771725
14	26	3	13.230632	8.771725
15	26	3	17.451376	8.771725
16	26	3	13.767877	8.771725
17	26	3	16.83049	8.771725
18	26	3	21.14619	8.771725
19	26	3	15.471295	8.771725
20	26	3	12.973008	8.771725
21	26	3	12.954823	8.771725
22	26	3	13.671849	8.771725
23	26	3	13.688198	8.771725
0	27	3	10.826427	8.771725
1	27	3	13.145433	8.771725
2	27	3	11.191291	8.771725
3	27	3	14.499879	8.771725
4	27	3	12.014284	8.771725
5	27	3	10.788859	8.771725
6	27	3	16.135176	8.771725
7	27	3	10.908476	8.771725
8	27	3	12.142963	8.771725
9	27	3	11.372629	8.771725
10	27	3	14.898386	8.771725
11	27	3	10.593074	8.771725
12	27	3	16.028597	8.771725
13	27	3	12.819898	8.771725
14	27	3	13.068602	8.771725
15	27	3	16.16243	8.771725
16	27	3	12.287363	8.771725
17	27	3	10.663934	8.771725
18	27	3	14.7063055	8.771725
19	27	3	13.35235	8.771725
20	27	3	12.693571	8.771725
21	27	3	12.508964	8.771725
22	27	3	12.436063	8.771725
23	27	3	11.903906	8.771725
0	27	3	10.826427	8.727806
1	27	3	13.145433	8.727806
2	27	3	11.191291	8.727806
3	27	3	14.499879	8.727806
4	27	3	12.014284	8.727806
5	27	3	10.788859	8.727806
6	27	3	16.135176	8.727806
7	27	3	10.908476	8.727806
8	27	3	12.142963	8.727806
9	27	3	11.372629	8.727806
10	27	3	14.898386	8.727806
11	27	3	10.593074	8.727806
12	27	3	16.028597	8.727806
13	27	3	12.819898	8.727806
14	27	3	13.068602	8.727806
15	27	3	16.16243	8.727806
16	27	3	12.287363	8.727806
17	27	3	10.663934	8.727806
18	27	3	14.7063055	8.727806
19	27	3	13.35235	8.727806
20	27	3	12.693571	8.727806
21	27	3	12.508964	8.727806
22	27	3	12.436063	8.727806
23	27	3	11.903906	8.727806
0	28	3	12.136648	8.727806
1	28	3	13.460923	8.727806
2	28	3	10.872407	8.727806
3	28	3	12.877883	8.727806
4	28	3	10.597112	8.727806
5	28	3	11.662822	8.727806
6	28	3	12.931742	8.727806
7	28	3	11.062333	8.727806
8	28	3	11.697523	8.727806
9	28	3	10.018432	8.727806
10	28	3	13.824621	8.727806
11	28	3	10.654655	8.727806
12	28	3	12.615036	8.727806
13	28	3	12.816757	8.727806
14	28	3	11.1076565	8.727806
15	28	3	12.37901	8.727806
16	28	3	10.08127	8.727806
17	28	3	12.90574	8.727806
18	28	3	15.338021	8.727806
19	28	3	12.894426	8.727806
20	28	3	12.098042	8.727806
21	28	3	11.24636	8.727806
22	28	3	10.961673	8.727806
23	28	3	9.804298	8.727806
0	28	3	12.136648	7.5892587
1	28	3	13.460923	7.5892587
2	28	3	10.872407	7.5892587
3	28	3	12.877883	7.5892587
4	28	3	10.597112	7.5892587
5	28	3	11.662822	7.5892587
6	28	3	12.931742	7.5892587
7	28	3	11.062333	7.5892587
8	28	3	11.697523	7.5892587
9	28	3	10.018432	7.5892587
10	28	3	13.824621	7.5892587
11	28	3	10.654655	7.5892587
12	28	3	12.615036	7.5892587
13	28	3	12.816757	7.5892587
14	28	3	11.1076565	7.5892587
15	28	3	12.37901	7.5892587
16	28	3	10.08127	7.5892587
17	28	3	12.90574	7.5892587
18	28	3	15.338021	7.5892587
19	28	3	12.894426	7.5892587
20	28	3	12.098042	7.5892587
21	28	3	11.24636	7.5892587
22	28	3	10.961673	7.5892587
23	28	3	9.804298	7.5892587
0	29	3	13.253577	7.5892587
1	29	3	13.6091385	7.5892587
2	29	3	10.714449	7.5892587
3	29	3	13.764326	7.5892587
4	29	3	15.577681	7.5892587
5	29	3	11.198984	7.5892587
6	29	3	13.625521	7.5892587
7	29	3	10.953963	7.5892587
8	29	3	10.259437	7.5892587
9	29	3	11.114115	7.5892587
10	29	3	16.22142	7.5892587
11	29	3	12.056423	7.5892587
12	29	3	14.184808	7.5892587
13	29	3	13.45513	7.5892587
14	29	3	9.720484	7.5892587
15	29	3	12.5185585	7.5892587
16	29	3	11.047028	7.5892587
17	29	3	13.282696	7.5892587
18	29	3	11.728904	7.5892587
19	29	3	11.720833	7.5892587
20	29	3	11.664686	7.5892587
21	29	3	11.457267	7.5892587
22	29	3	10.357777	7.5892587
23	29	3	10.470643	7.5892587
0	29	3	13.253577	8.190499
1	29	3	13.6091385	8.190499
2	29	3	10.714449	8.190499
3	29	3	13.764326	8.190499
4	29	3	15.577681	8.190499
5	29	3	11.198984	8.190499
6	29	3	13.625521	8.190499
7	29	3	10.953963	8.190499
8	29	3	10.259437	8.190499
9	29	3	11.114115	8.190499
10	29	3	16.22142	8.190499
11	29	3	12.056423	8.190499
12	29	3	14.184808	8.190499
13	29	3	13.45513	8.190499
14	29	3	9.720484	8.190499
15	29	3	12.5185585	8.190499
16	29	3	11.047028	8.190499
17	29	3	13.282696	8.190499
18	29	3	11.728904	8.190499
19	29	3	11.720833	8.190499
20	29	3	11.664686	8.190499
21	29	3	11.457267	8.190499
22	29	3	10.357777	8.190499
23	29	3	10.470643	8.190499
0	0	4	12.873863	8.190499
1	0	4	12.6619425	8.190499
2	0	4	10.666472	8.190499
3	0	4	12.900431	8.190499
4	0	4	11.515788	8.190499
5	0	4	10.4325695	8.190499
6	0	4	13.688853	8.190499
7	0	4	10.134634	8.190499
8	0	4	10.213823	8.190499
9	0	4	8.79489	8.190499
10	0	4	13.144101	8.190499
11	0	4	10.121571	8.190499
12	0	4	14.765121	8.190499
13	0	4	13.825288	8.190499
14	0	4	8.777491	8.190499
15	0	4	14.232235	8.190499
16	0	4	12.177504	8.190499
17	0	4	10.528691	8.190499
18	0	4	10.939742	8.190499
19	0	4	11.910006	8.190499
20	0	4	10.221804	8.190499
21	0	4	11.281703	8.190499
22	0	4	10.700736	8.190499
23	0	4	10.335858	8.190499
0	0	4	12.873863	8.249086
1	0	4	12.6619425	8.249086
2	0	4	10.666472	8.249086
3	0	4	12.900431	8.249086
4	0	4	11.515788	8.249086
5	0	4	10.4325695	8.249086
6	0	4	13.688853	8.249086
7	0	4	10.134634	8.249086
8	0	4	10.213823	8.249086
9	0	4	8.79489	8.249086
10	0	4	13.144101	8.249086
11	0	4	10.121571	8.249086
12	0	4	14.765121	8.249086
13	0	4	13.825288	8.249086
14	0	4	8.777491	8.249086
15	0	4	14.232235	8.249086
16	0	4	12.177504	8.249086
17	0	4	10.528691	8.249086
18	0	4	10.939742	8.249086
19	0	4	11.910006	8.249086
20	0	4	10.221804	8.249086
21	0	4	11.281703	8.249086
22	0	4	10.700736	8.249086
23	0	4	10.335858	8.249086
0	1	4	12.129077	8.249086
1	1	4	11.147942	8.249086
2	1	4	12.303266	8.249086
3	1	4	13.153528	8.249086
4	1	4	17.205906	8.249086
5	1	4	10.534161	8.249086
6	1	4	15.222168	8.249086
7	1	4	11.75817	8.249086
8	1	4	13.646605	8.249086
9	1	4	9.179957	8.249086
10	1	4	15.250029	8.249086
11	1	4	11.138271	8.249086
12	1	4	14.93777	8.249086
13	1	4	12.943104	8.249086
14	1	4	9.779762	8.249086
15	1	4	15.906693	8.249086
16	1	4	12.624674	8.249086
17	1	4	13.818243	8.249086
18	1	4	16.956121	8.249086
19	1	4	13.281877	8.249086
20	1	4	11.826743	8.249086
21	1	4	12.61795	8.249086
22	1	4	11.010435	8.249086
23	1	4	11.857557	8.249086
0	1	4	12.129077	8.694816
1	1	4	11.147942	8.694816
2	1	4	12.303266	8.694816
3	1	4	13.153528	8.694816
4	1	4	17.205906	8.694816
5	1	4	10.534161	8.694816
6	1	4	15.222168	8.694816
7	1	4	11.75817	8.694816
8	1	4	13.646605	8.694816
9	1	4	9.179957	8.694816
10	1	4	15.250029	8.694816
11	1	4	11.138271	8.694816
12	1	4	14.93777	8.694816
13	1	4	12.943104	8.694816
14	1	4	9.779762	8.694816
15	1	4	15.906693	8.694816
16	1	4	12.624674	8.694816
17	1	4	13.818243	8.694816
18	1	4	16.956121	8.694816
19	1	4	13.281877	8.694816
20	1	4	11.826743	8.694816
21	1	4	12.61795	8.694816
22	1	4	11.010435	8.694816
23	1	4	11.857557	8.694816
0	2	4	11.016584	8.694816
1	2	4	14.137828	8.694816
2	2	4	12.507417	8.694816
3	2	4	14.978372	8.694816
4	2	4	14.075682	8.694816
5	2	4	12.561215	8.694816
6	2	4	15.01826	8.694816
7	2	4	11.762057	8.694816
8	2	4	14.285329	8.694816
9	2	4	11.517108	8.694816
10	2	4	14.218907	8.694816
11	2	4	11.669187	8.694816
12	2	4	12.330744	8.694816
13	2	4	12.059746	8.694816
14	2	4	12.500837	8.694816
15	2	4	15.121986	8.694816
16	2	4	11.121219	8.694816
17	2	4	13.944205	8.694816
18	2	4	15.07986	8.694816
19	2	4	10.900449	8.694816
20	2	4	12.767713	8.694816
21	2	4	9.111149	8.694816
22	2	4	10.717066	8.694816
23	2	4	9.536989	8.694816
0	2	4	11.016584	8.3171215
1	2	4	14.137828	8.3171215
2	2	4	12.507417	8.3171215
3	2	4	14.978372	8.3171215
4	2	4	14.075682	8.3171215
5	2	4	12.561215	8.3171215
6	2	4	15.01826	8.3171215
7	2	4	11.762057	8.3171215
8	2	4	14.285329	8.3171215
9	2	4	11.517108	8.3171215
10	2	4	14.218907	8.3171215
11	2	4	11.669187	8.3171215
12	2	4	12.330744	8.3171215
13	2	4	12.059746	8.3171215
14	2	4	12.500837	8.3171215
15	2	4	15.121986	8.3171215
16	2	4	11.121219	8.3171215
17	2	4	13.944205	8.3171215
18	2	4	15.07986	8.3171215
19	2	4	10.900449	8.3171215
20	2	4	12.767713	8.3171215
21	2	4	9.111149	8.3171215
22	2	4	10.717066	8.3171215
23	2	4	9.536989	8.3171215
0	3	4	11.347745	8.3171215
1	3	4	11.377166	8.3171215
2	3	4	10.027398	8.3171215
3	3	4	14.035708	8.3171215
4	3	4	10.1753	8.3171215
5	3	4	10.217327	8.3171215
6	3	4	13.838125	8.3171215
7	3	4	9.415159	8.3171215
8	3	4	11.364607	8.3171215
9	3	4	10.019317	8.3171215
10	3	4	13.089576	8.3171215
11	3	4	8.8616705	8.3171215
12	3	4	13.742864	8.3171215
13	3	4	11.418949	8.3171215
14	3	4	10.261115	8.3171215
15	3	4	12.237751	8.3171215
16	3	4	9.374986	8.3171215
17	3	4	9.992786	8.3171215
18	3	4	13.39658	8.3171215
19	3	4	12.261718	8.3171215
20	3	4	13.373759	8.3171215
21	3	4	10.029684	8.3171215
22	3	4	9.40752	8.3171215
23	3	4	9.722681	8.3171215
0	3	4	11.347745	7.8349853
1	3	4	11.377166	7.8349853
2	3	4	10.027398	7.8349853
3	3	4	14.035708	7.8349853
4	3	4	10.1753	7.8349853
5	3	4	10.217327	7.8349853
6	3	4	13.838125	7.8349853
7	3	4	9.415159	7.8349853
8	3	4	11.364607	7.8349853
9	3	4	10.019317	7.8349853
10	3	4	13.089576	7.8349853
11	3	4	8.8616705	7.8349853
12	3	4	13.742864	7.8349853
13	3	4	11.418949	7.8349853
14	3	4	10.261115	7.8349853
15	3	4	12.237751	7.8349853
16	3	4	9.374986	7.8349853
17	3	4	9.992786	7.8349853
18	3	4	13.39658	7.8349853
19	3	4	12.261718	7.8349853
20	3	4	13.373759	7.8349853
21	3	4	10.029684	7.8349853
22	3	4	9.40752	7.8349853
23	3	4	9.722681	7.8349853
0	4	4	10.672575	7.8349853
1	4	4	12.355436	7.8349853
2	4	4	10.462927	7.8349853
3	4	4	13.79254	7.8349853
4	4	4	11.789652	7.8349853
5	4	4	9.307698	7.8349853
6	4	4	13.738381	7.8349853
7	4	4	9.531079	7.8349853
8	4	4	11.995132	7.8349853
9	4	4	10.709076	7.8349853
10	4	4	12.758021	7.8349853
11	4	4	9.344295	7.8349853
12	4	4	12.582548	7.8349853
13	4	4	12.218228	7.8349853
14	4	4	7.3340154	7.8349853
15	4	4	12.524967	7.8349853
16	4	4	10.537627	7.8349853
17	4	4	11.218319	7.8349853
18	4	4	13.872767	7.8349853
19	4	4	11.925106	7.8349853
20	4	4	12.504463	7.8349853
21	4	4	10.058908	7.8349853
22	4	4	10.831445	7.8349853
23	4	4	10.169353	7.8349853
0	4	4	10.672575	7.595251
1	4	4	12.355436	7.595251
2	4	4	10.462927	7.595251
3	4	4	13.79254	7.595251
4	4	4	11.789652	7.595251
5	4	4	9.307698	7.595251
6	4	4	13.738381	7.595251
7	4	4	9.531079	7.595251
8	4	4	11.995132	7.595251
9	4	4	10.709076	7.595251
10	4	4	12.758021	7.595251
11	4	4	9.344295	7.595251
12	4	4	12.582548	7.595251
13	4	4	12.218228	7.595251
14	4	4	7.3340154	7.595251
15	4	4	12.524967	7.595251
16	4	4	10.537627	7.595251
17	4	4	11.218319	7.595251
18	4	4	13.872767	7.595251
19	4	4	11.925106	7.595251
20	4	4	12.504463	7.595251
21	4	4	10.058908	7.595251
22	4	4	10.831445	7.595251
23	4	4	10.169353	7.595251
0	5	4	12.198633	7.595251
1	5	4	10.8909	7.595251
2	5	4	10.101734	7.595251
3	5	4	12.952907	7.595251
4	5	4	10.179757	7.595251
5	5	4	10.529488	7.595251
6	5	4	13.261421	7.595251
7	5	4	10.286095	7.595251
8	5	4	10.516292	7.595251
9	5	4	9.015774	7.595251
10	5	4	13.354706	7.595251
11	5	4	9.429435	7.595251
12	5	4	12.449303	7.595251
13	5	4	10.960331	7.595251
14	5	4	9.226663	7.595251
15	5	4	11.147647	7.595251
16	5	4	8.496663	7.595251
17	5	4	11.847825	7.595251
18	5	4	13.577046	7.595251
19	5	4	11.197575	7.595251
20	5	4	13.069425	7.595251
21	5	4	9.914016	7.595251
22	5	4	9.417547	7.595251
23	5	4	8.795077	7.595251
0	5	4	12.198633	7.697738
1	5	4	10.8909	7.697738
2	5	4	10.101734	7.697738
3	5	4	12.952907	7.697738
4	5	4	10.179757	7.697738
5	5	4	10.529488	7.697738
6	5	4	13.261421	7.697738
7	5	4	10.286095	7.697738
8	5	4	10.516292	7.697738
9	5	4	9.015774	7.697738
10	5	4	13.354706	7.697738
11	5	4	9.429435	7.697738
12	5	4	12.449303	7.697738
13	5	4	10.960331	7.697738
14	5	4	9.226663	7.697738
15	5	4	11.147647	7.697738
16	5	4	8.496663	7.697738
17	5	4	11.847825	7.697738
18	5	4	13.577046	7.697738
19	5	4	11.197575	7.697738
20	5	4	13.069425	7.697738
21	5	4	9.914016	7.697738
22	5	4	9.417547	7.697738
23	5	4	8.795077	7.697738
0	6	4	11.538779	7.697738
1	6	4	10.467977	7.697738
2	6	4	11.105123	7.697738
3	6	4	12.651234	7.697738
4	6	4	13.101386	7.697738
5	6	4	9.877035	7.697738
6	6	4	14.022863	7.697738
7	6	4	11.392675	7.697738
8	6	4	10.815148	7.697738
9	6	4	8.767367	7.697738
10	6	4	14.0290165	7.697738
11	6	4	10.189642	7.697738
12	6	4	12.339775	7.697738
13	6	4	11.198407	7.697738
14	6	4	9.026488	7.697738
15	6	4	13.900253	7.697738
16	6	4	10.31024	7.697738
17	6	4	11.80572	7.697738
18	6	4	14.826085	7.697738
19	6	4	11.47736	7.697738
20	6	4	10.353196	7.697738
21	6	4	10.554471	7.697738
22	6	4	10.409693	7.697738
23	6	4	10.053565	7.697738
0	6	4	11.538779	8.182115
1	6	4	10.467977	8.182115
2	6	4	11.105123	8.182115
3	6	4	12.651234	8.182115
4	6	4	13.101386	8.182115
5	6	4	9.877035	8.182115
6	6	4	14.022863	8.182115
7	6	4	11.392675	8.182115
8	6	4	10.815148	8.182115
9	6	4	8.767367	8.182115
10	6	4	14.0290165	8.182115
11	6	4	10.189642	8.182115
12	6	4	12.339775	8.182115
13	6	4	11.198407	8.182115
14	6	4	9.026488	8.182115
15	6	4	13.900253	8.182115
16	6	4	10.31024	8.182115
17	6	4	11.80572	8.182115
18	6	4	14.826085	8.182115
19	6	4	11.47736	8.182115
20	6	4	10.353196	8.182115
21	6	4	10.554471	8.182115
22	6	4	10.409693	8.182115
23	6	4	10.053565	8.182115
0	7	4	11.547635	8.182115
1	7	4	13.543302	8.182115
2	7	4	10.445388	8.182115
3	7	4	14.789149	8.182115
4	7	4	15.017138	8.182115
5	7	4	12.180888	8.182115
6	7	4	14.861476	8.182115
7	7	4	10.445941	8.182115
8	7	4	13.462053	8.182115
9	7	4	14.549713	8.182115
10	7	4	16.003857	8.182115
11	7	4	11.542478	8.182115
12	7	4	13.320676	8.182115
13	7	4	12.892685	8.182115
14	7	4	9.926908	8.182115
15	7	4	13.785779	8.182115
16	7	4	10.191025	8.182115
17	7	4	11.67733	8.182115
18	7	4	18.72675	8.182115
19	7	4	12.777925	8.182115
20	7	4	12.816569	8.182115
21	7	4	11.514223	8.182115
22	7	4	11.209576	8.182115
23	7	4	12.686623	8.182115
0	7	4	11.547635	8.091622
1	7	4	13.543302	8.091622
2	7	4	10.445388	8.091622
3	7	4	14.789149	8.091622
4	7	4	15.017138	8.091622
5	7	4	12.180888	8.091622
6	7	4	14.861476	8.091622
7	7	4	10.445941	8.091622
8	7	4	13.462053	8.091622
9	7	4	14.549713	8.091622
10	7	4	16.003857	8.091622
11	7	4	11.542478	8.091622
12	7	4	13.320676	8.091622
13	7	4	12.892685	8.091622
14	7	4	9.926908	8.091622
15	7	4	13.785779	8.091622
16	7	4	10.191025	8.091622
17	7	4	11.67733	8.091622
18	7	4	18.72675	8.091622
19	7	4	12.777925	8.091622
20	7	4	12.816569	8.091622
21	7	4	11.514223	8.091622
22	7	4	11.209576	8.091622
23	7	4	12.686623	8.091622
0	8	4	10.613122	8.091622
1	8	4	12.386002	8.091622
2	8	4	11.417965	8.091622
3	8	4	12.88421	8.091622
4	8	4	9.975145	8.091622
5	8	4	8.653374	8.091622
6	8	4	12.675358	8.091622
7	8	4	9.174152	8.091622
8	8	4	11.153888	8.091622
9	8	4	9.9908695	8.091622
10	8	4	12.88438	8.091622
11	8	4	8.061894	8.091622
12	8	4	12.52623	8.091622
13	8	4	11.134378	8.091622
14	8	4	7.7877765	8.091622
15	8	4	12.38092	8.091622
16	8	4	9.395153	8.091622
17	8	4	10.075372	8.091622
18	8	4	11.776147	8.091622
19	8	4	10.288511	8.091622
20	8	4	13.51543	8.091622
21	8	4	10.27558	8.091622
22	8	4	10.57031	8.091622
23	8	4	9.287092	8.091622
0	8	4	10.613122	7.5325227
1	8	4	12.386002	7.5325227
2	8	4	11.417965	7.5325227
3	8	4	12.88421	7.5325227
4	8	4	9.975145	7.5325227
5	8	4	8.653374	7.5325227
6	8	4	12.675358	7.5325227
7	8	4	9.174152	7.5325227
8	8	4	11.153888	7.5325227
9	8	4	9.9908695	7.5325227
10	8	4	12.88438	7.5325227
11	8	4	8.061894	7.5325227
12	8	4	12.52623	7.5325227
13	8	4	11.134378	7.5325227
14	8	4	7.7877765	7.5325227
15	8	4	12.38092	7.5325227
16	8	4	9.395153	7.5325227
17	8	4	10.075372	7.5325227
18	8	4	11.776147	7.5325227
19	8	4	10.288511	7.5325227
20	8	4	13.51543	7.5325227
21	8	4	10.27558	7.5325227
22	8	4	10.57031	7.5325227
23	8	4	9.287092	7.5325227
0	9	4	10.426543	7.5325227
1	9	4	11.936911	7.5325227
2	9	4	9.479923	7.5325227
3	9	4	13.179555	7.5325227
4	9	4	10.767044	7.5325227
5	9	4	10.18079	7.5325227
6	9	4	13.57854	7.5325227
7	9	4	9.021673	7.5325227
8	9	4	11.154698	7.5325227
9	9	4	10.001387	7.5325227
10	9	4	14.105701	7.5325227
11	9	4	10.261764	7.5325227
12	9	4	12.935985	7.5325227
13	9	4	13.099686	7.5325227
14	9	4	9.203482	7.5325227
15	9	4	12.661074	7.5325227
16	9	4	10.2369375	7.5325227
17	9	4	9.279853	7.5325227
18	9	4	12.154384	7.5325227
19	9	4	10.559931	7.5325227
20	9	4	11.325429	7.5325227
21	9	4	9.778738	7.5325227
22	9	4	10.521976	7.5325227
23	9	4	11.412681	7.5325227
0	9	4	10.426543	7.738938
1	9	4	11.936911	7.738938
2	9	4	9.479923	7.738938
3	9	4	13.179555	7.738938
4	9	4	10.767044	7.738938
5	9	4	10.18079	7.738938
6	9	4	13.57854	7.738938
7	9	4	9.021673	7.738938
8	9	4	11.154698	7.738938
9	9	4	10.001387	7.738938
10	9	4	14.105701	7.738938
11	9	4	10.261764	7.738938
12	9	4	12.935985	7.738938
13	9	4	13.099686	7.738938
14	9	4	9.203482	7.738938
15	9	4	12.661074	7.738938
16	9	4	10.2369375	7.738938
17	9	4	9.279853	7.738938
18	9	4	12.154384	7.738938
19	9	4	10.559931	7.738938
20	9	4	11.325429	7.738938
21	9	4	9.778738	7.738938
22	9	4	10.521976	7.738938
23	9	4	11.412681	7.738938
0	10	4	14.148914	7.738938
1	10	4	11.393044	7.738938
2	10	4	8.627562	7.738938
3	10	4	12.938527	7.738938
4	10	4	11.631909	7.738938
5	10	4	11.252087	7.738938
6	10	4	12.243653	7.738938
7	10	4	10.759625	7.738938
8	10	4	9.332601	7.738938
9	10	4	10.492047	7.738938
10	10	4	12.889578	7.738938
11	10	4	9.135462	7.738938
12	10	4	11.738969	7.738938
13	10	4	10.523954	7.738938
14	10	4	8.21401	7.738938
15	10	4	12.297452	7.738938
16	10	4	9.721711	7.738938
17	10	4	9.254406	7.738938
18	10	4	12.069365	7.738938
19	10	4	10.782552	7.738938
20	10	4	11.449245	7.738938
21	10	4	9.122909	7.738938
22	10	4	9.576042	7.738938
23	10	4	9.483342	7.738938
0	10	4	14.148914	7.5270295
1	10	4	11.393044	7.5270295
2	10	4	8.627562	7.5270295
3	10	4	12.938527	7.5270295
4	10	4	11.631909	7.5270295
5	10	4	11.252087	7.5270295
6	10	4	12.243653	7.5270295
7	10	4	10.759625	7.5270295
8	10	4	9.332601	7.5270295
9	10	4	10.492047	7.5270295
10	10	4	12.889578	7.5270295
11	10	4	9.135462	7.5270295
12	10	4	11.738969	7.5270295
13	10	4	10.523954	7.5270295
14	10	4	8.21401	7.5270295
15	10	4	12.297452	7.5270295
16	10	4	9.721711	7.5270295
17	10	4	9.254406	7.5270295
18	10	4	12.069365	7.5270295
19	10	4	10.782552	7.5270295
20	10	4	11.449245	7.5270295
21	10	4	9.122909	7.5270295
22	10	4	9.576042	7.5270295
23	10	4	9.483342	7.5270295
0	11	4	11.618541	7.5270295
1	11	4	13.867063	7.5270295
2	11	4	10.706124	7.5270295
3	11	4	13.09002	7.5270295
4	11	4	11.245055	7.5270295
5	11	4	10.883917	7.5270295
6	11	4	13.563438	7.5270295
7	11	4	10.058227	7.5270295
8	11	4	14.141493	7.5270295
9	11	4	11.023016	7.5270295
10	11	4	15.071255	7.5270295
11	11	4	10.819463	7.5270295
12	11	4	12.041158	7.5270295
13	11	4	12.877788	7.5270295
14	11	4	10.092498	7.5270295
15	11	4	12.758162	7.5270295
16	11	4	10.007571	7.5270295
17	11	4	11.516569	7.5270295
18	11	4	12.491724	7.5270295
19	11	4	13.472171	7.5270295
20	11	4	13.1769495	7.5270295
21	11	4	11.472013	7.5270295
22	11	4	9.655139	7.5270295
23	11	4	10.977651	7.5270295
0	11	4	11.618541	7.5739703
1	11	4	13.867063	7.5739703
2	11	4	10.706124	7.5739703
3	11	4	13.09002	7.5739703
4	11	4	11.245055	7.5739703
5	11	4	10.883917	7.5739703
6	11	4	13.563438	7.5739703
7	11	4	10.058227	7.5739703
8	11	4	14.141493	7.5739703
9	11	4	11.023016	7.5739703
10	11	4	15.071255	7.5739703
11	11	4	10.819463	7.5739703
12	11	4	12.041158	7.5739703
13	11	4	12.877788	7.5739703
14	11	4	10.092498	7.5739703
15	11	4	12.758162	7.5739703
16	11	4	10.007571	7.5739703
17	11	4	11.516569	7.5739703
18	11	4	12.491724	7.5739703
19	11	4	13.472171	7.5739703
20	11	4	13.1769495	7.5739703
21	11	4	11.472013	7.5739703
22	11	4	9.655139	7.5739703
23	11	4	10.977651	7.5739703
0	12	4	13.254489	7.5739703
1	12	4	12.51346	7.5739703
2	12	4	9.525817	7.5739703
3	12	4	12.214718	7.5739703
4	12	4	11.416963	7.5739703
5	12	4	9.312373	7.5739703
6	12	4	14.585548	7.5739703
7	12	4	11.17255	7.5739703
8	12	4	9.2663555	7.5739703
9	12	4	11.650911	7.5739703
10	12	4	14.638352	7.5739703
11	12	4	9.238777	7.5739703
12	12	4	12.575645	7.5739703
13	12	4	12.60599	7.5739703
14	12	4	7.7621913	7.5739703
15	12	4	11.58992	7.5739703
16	12	4	10.195009	7.5739703
17	12	4	11.600462	7.5739703
18	12	4	11.3574	7.5739703
19	12	4	12.67271	7.5739703
20	12	4	10.185585	7.5739703
21	12	4	10.593118	7.5739703
22	12	4	10.77062	7.5739703
23	12	4	9.471455	7.5739703
0	12	4	13.254489	7.8496747
1	12	4	12.51346	7.8496747
2	12	4	9.525817	7.8496747
3	12	4	12.214718	7.8496747
4	12	4	11.416963	7.8496747
5	12	4	9.312373	7.8496747
6	12	4	14.585548	7.8496747
7	12	4	11.17255	7.8496747
8	12	4	9.2663555	7.8496747
9	12	4	11.650911	7.8496747
10	12	4	14.638352	7.8496747
11	12	4	9.238777	7.8496747
12	12	4	12.575645	7.8496747
13	12	4	12.60599	7.8496747
14	12	4	7.7621913	7.8496747
15	12	4	11.58992	7.8496747
16	12	4	10.195009	7.8496747
17	12	4	11.600462	7.8496747
18	12	4	11.3574	7.8496747
19	12	4	12.67271	7.8496747
20	12	4	10.185585	7.8496747
21	12	4	10.593118	7.8496747
22	12	4	10.77062	7.8496747
23	12	4	9.471455	7.8496747
0	13	4	13.488027	7.8496747
1	13	4	11.691145	7.8496747
2	13	4	11.32729	7.8496747
3	13	4	13.405095	7.8496747
4	13	4	11.144541	7.8496747
5	13	4	11.010429	7.8496747
6	13	4	13.980665	7.8496747
7	13	4	11.016353	7.8496747
8	13	4	12.955256	7.8496747
9	13	4	10.098441	7.8496747
10	13	4	14.233338	7.8496747
11	13	4	9.407631	7.8496747
12	13	4	14.130248	7.8496747
13	13	4	12.681597	7.8496747
14	13	4	10.38992	7.8496747
15	13	4	11.296743	7.8496747
16	13	4	10.614729	7.8496747
17	13	4	12.633777	7.8496747
18	13	4	14.53293	7.8496747
19	13	4	13.123913	7.8496747
20	13	4	13.440381	7.8496747
21	13	4	11.716773	7.8496747
22	13	4	11.378462	7.8496747
23	13	4	10.39137	7.8496747
0	13	4	13.488027	7.8154745
1	13	4	11.691145	7.8154745
2	13	4	11.32729	7.8154745
3	13	4	13.405095	7.8154745
4	13	4	11.144541	7.8154745
5	13	4	11.010429	7.8154745
6	13	4	13.980665	7.8154745
7	13	4	11.016353	7.8154745
8	13	4	12.955256	7.8154745
9	13	4	10.098441	7.8154745
10	13	4	14.233338	7.8154745
11	13	4	9.407631	7.8154745
12	13	4	14.130248	7.8154745
13	13	4	12.681597	7.8154745
14	13	4	10.38992	7.8154745
15	13	4	11.296743	7.8154745
16	13	4	10.614729	7.8154745
17	13	4	12.633777	7.8154745
18	13	4	14.53293	7.8154745
19	13	4	13.123913	7.8154745
20	13	4	13.440381	7.8154745
21	13	4	11.716773	7.8154745
22	13	4	11.378462	7.8154745
23	13	4	10.39137	7.8154745
0	14	4	12.124871	7.8154745
1	14	4	11.253821	7.8154745
2	14	4	9.540439	7.8154745
3	14	4	13.591436	7.8154745
4	14	4	11.833315	7.8154745
5	14	4	10.621085	7.8154745
6	14	4	12.674467	7.8154745
7	14	4	10.41546	7.8154745
8	14	4	11.684823	7.8154745
9	14	4	10.381417	7.8154745
10	14	4	12.816017	7.8154745
11	14	4	9.315859	7.8154745
12	14	4	12.588274	7.8154745
13	14	4	10.943136	7.8154745
14	14	4	8.473932	7.8154745
15	14	4	13.073941	7.8154745
16	14	4	9.514826	7.8154745
17	14	4	9.753088	7.8154745
18	14	4	12.997682	7.8154745
19	14	4	10.756854	7.8154745
20	14	4	10.535222	7.8154745
21	14	4	8.596402	7.8154745
22	14	4	10.251934	7.8154745
23	14	4	8.969254	7.8154745
0	14	4	12.124871	7.6371994
1	14	4	11.253821	7.6371994
2	14	4	9.540439	7.6371994
3	14	4	13.591436	7.6371994
4	14	4	11.833315	7.6371994
5	14	4	10.621085	7.6371994
6	14	4	12.674467	7.6371994
7	14	4	10.41546	7.6371994
8	14	4	11.684823	7.6371994
9	14	4	10.381417	7.6371994
10	14	4	12.816017	7.6371994
11	14	4	9.315859	7.6371994
12	14	4	12.588274	7.6371994
13	14	4	10.943136	7.6371994
14	14	4	8.473932	7.6371994
15	14	4	13.073941	7.6371994
16	14	4	9.514826	7.6371994
17	14	4	9.753088	7.6371994
18	14	4	12.997682	7.6371994
19	14	4	10.756854	7.6371994
20	14	4	10.535222	7.6371994
21	14	4	8.596402	7.6371994
22	14	4	10.251934	7.6371994
23	14	4	8.969254	7.6371994
0	15	4	10.842654	7.6371994
1	15	4	11.725055	7.6371994
2	15	4	9.857528	7.6371994
3	15	4	13.016183	7.6371994
4	15	4	12.246361	7.6371994
5	15	4	9.117954	7.6371994
6	15	4	12.645628	7.6371994
7	15	4	10.586391	7.6371994
8	15	4	10.536396	7.6371994
9	15	4	9.267538	7.6371994
10	15	4	14.682289	7.6371994
11	15	4	9.899816	7.6371994
12	15	4	12.454444	7.6371994
13	15	4	12.043206	7.6371994
14	15	4	7.298483	7.6371994
15	15	4	12.905791	7.6371994
16	15	4	10.532077	7.6371994
17	15	4	10.646224	7.6371994
18	15	4	12.074177	7.6371994
19	15	4	10.320641	7.6371994
20	15	4	11.326908	7.6371994
21	15	4	9.52457	7.6371994
22	15	4	12.113821	7.6371994
23	15	4	11.152275	7.6371994
0	15	4	10.842654	8.006961
1	15	4	11.725055	8.006961
2	15	4	9.857528	8.006961
3	15	4	13.016183	8.006961
4	15	4	12.246361	8.006961
5	15	4	9.117954	8.006961
6	15	4	12.645628	8.006961
7	15	4	10.586391	8.006961
8	15	4	10.536396	8.006961
9	15	4	9.267538	8.006961
10	15	4	14.682289	8.006961
11	15	4	9.899816	8.006961
12	15	4	12.454444	8.006961
13	15	4	12.043206	8.006961
14	15	4	7.298483	8.006961
15	15	4	12.905791	8.006961
16	15	4	10.532077	8.006961
17	15	4	10.646224	8.006961
18	15	4	12.074177	8.006961
19	15	4	10.320641	8.006961
20	15	4	11.326908	8.006961
21	15	4	9.52457	8.006961
22	15	4	12.113821	8.006961
23	15	4	11.152275	8.006961
0	16	4	13.043959	8.006961
1	16	4	13.747127	8.006961
2	16	4	12.648218	8.006961
3	16	4	13.254632	8.006961
4	16	4	12.39329	8.006961
5	16	4	11.860254	8.006961
6	16	4	13.530015	8.006961
7	16	4	11.121527	8.006961
8	16	4	13.618392	8.006961
9	16	4	9.658599	8.006961
10	16	4	15.141359	8.006961
11	16	4	12.5116205	8.006961
12	16	4	12.386318	8.006961
13	16	4	13.116557	8.006961
14	16	4	11.633815	8.006961
15	16	4	12.660208	8.006961
16	16	4	9.977227	8.006961
17	16	4	11.523902	8.006961
18	16	4	14.057121	8.006961
19	16	4	11.308481	8.006961
20	16	4	11.335086	8.006961
21	16	4	10.738374	8.006961
22	16	4	11.041247	8.006961
23	16	4	11.391508	8.006961
0	16	4	13.043959	7.849938
1	16	4	13.747127	7.849938
2	16	4	12.648218	7.849938
3	16	4	13.254632	7.849938
4	16	4	12.39329	7.849938
5	16	4	11.860254	7.849938
6	16	4	13.530015	7.849938
7	16	4	11.121527	7.849938
8	16	4	13.618392	7.849938
9	16	4	9.658599	7.849938
10	16	4	15.141359	7.849938
11	16	4	12.5116205	7.849938
12	16	4	12.386318	7.849938
13	16	4	13.116557	7.849938
14	16	4	11.633815	7.849938
15	16	4	12.660208	7.849938
16	16	4	9.977227	7.849938
17	16	4	11.523902	7.849938
18	16	4	14.057121	7.849938
19	16	4	11.308481	7.849938
20	16	4	11.335086	7.849938
21	16	4	10.738374	7.849938
22	16	4	11.041247	7.849938
23	16	4	11.391508	7.849938
0	17	4	13.236603	7.849938
1	17	4	12.341425	7.849938
2	17	4	10.750526	7.849938
3	17	4	12.564641	7.849938
4	17	4	11.961108	7.849938
5	17	4	9.566147	7.849938
6	17	4	14.412724	7.849938
7	17	4	10.203746	7.849938
8	17	4	10.787546	7.849938
9	17	4	9.9914055	7.849938
10	17	4	13.520295	7.849938
11	17	4	9.645467	7.849938
12	17	4	14.12864	7.849938
13	17	4	12.313222	7.849938
14	17	4	9.4823	7.849938
15	17	4	15.455358	7.849938
16	17	4	11.392387	7.849938
17	17	4	9.937002	7.849938
18	17	4	14.573767	7.849938
19	17	4	13.503904	7.849938
20	17	4	11.827627	7.849938
21	17	4	13.534641	7.849938
22	17	4	10.711972	7.849938
23	17	4	9.124636	7.849938
0	17	4	13.236603	8.508878
1	17	4	12.341425	8.508878
2	17	4	10.750526	8.508878
3	17	4	12.564641	8.508878
4	17	4	11.961108	8.508878
5	17	4	9.566147	8.508878
6	17	4	14.412724	8.508878
7	17	4	10.203746	8.508878
8	17	4	10.787546	8.508878
9	17	4	9.9914055	8.508878
10	17	4	13.520295	8.508878
11	17	4	9.645467	8.508878
12	17	4	14.12864	8.508878
13	17	4	12.313222	8.508878
14	17	4	9.4823	8.508878
15	17	4	15.455358	8.508878
16	17	4	11.392387	8.508878
17	17	4	9.937002	8.508878
18	17	4	14.573767	8.508878
19	17	4	13.503904	8.508878
20	17	4	11.827627	8.508878
21	17	4	13.534641	8.508878
22	17	4	10.711972	8.508878
23	17	4	9.124636	8.508878
0	18	4	11.436938	8.508878
1	18	4	12.656107	8.508878
2	18	4	10.210484	8.508878
3	18	4	12.452505	8.508878
4	18	4	9.268841	8.508878
5	18	4	10.034807	8.508878
6	18	4	12.868836	8.508878
7	18	4	9.890699	8.508878
8	18	4	11.697543	8.508878
9	18	4	9.095469	8.508878
10	18	4	13.571524	8.508878
11	18	4	10.342319	8.508878
12	18	4	11.5309725	8.508878
13	18	4	11.836529	8.508878
14	18	4	9.5757885	8.508878
15	18	4	11.732782	8.508878
16	18	4	8.749789	8.508878
17	18	4	10.782529	8.508878
18	18	4	12.654091	8.508878
19	18	4	11.661754	8.508878
20	18	4	10.696594	8.508878
21	18	4	9.71069	8.508878
22	18	4	9.571612	8.508878
23	18	4	9.170034	8.508878
0	18	4	11.436938	7.4663033
1	18	4	12.656107	7.4663033
2	18	4	10.210484	7.4663033
3	18	4	12.452505	7.4663033
4	18	4	9.268841	7.4663033
5	18	4	10.034807	7.4663033
6	18	4	12.868836	7.4663033
7	18	4	9.890699	7.4663033
8	18	4	11.697543	7.4663033
9	18	4	9.095469	7.4663033
10	18	4	13.571524	7.4663033
11	18	4	10.342319	7.4663033
12	18	4	11.5309725	7.4663033
13	18	4	11.836529	7.4663033
14	18	4	9.5757885	7.4663033
15	18	4	11.732782	7.4663033
16	18	4	8.749789	7.4663033
17	18	4	10.782529	7.4663033
18	18	4	12.654091	7.4663033
19	18	4	11.661754	7.4663033
20	18	4	10.696594	7.4663033
21	18	4	9.71069	7.4663033
22	18	4	9.571612	7.4663033
23	18	4	9.170034	7.4663033
0	19	4	12.282475	7.4663033
1	19	4	12.277258	7.4663033
2	19	4	10.574277	7.4663033
3	19	4	12.8772745	7.4663033
4	19	4	11.393641	7.4663033
5	19	4	9.139496	7.4663033
6	19	4	12.972372	7.4663033
7	19	4	8.920427	7.4663033
8	19	4	11.247502	7.4663033
9	19	4	10.101598	7.4663033
10	19	4	13.887569	7.4663033
11	19	4	8.314828	7.4663033
12	19	4	13.728006	7.4663033
13	19	4	11.477951	7.4663033
14	19	4	8.828776	7.4663033
15	19	4	12.804127	7.4663033
16	19	4	10.612597	7.4663033
17	19	4	10.766634	7.4663033
18	19	4	11.636526	7.4663033
19	19	4	11.38293	7.4663033
20	19	4	14.562638	7.4663033
21	19	4	11.970995	7.4663033
22	19	4	9.9798	7.4663033
23	19	4	8.889767	7.4663033
0	19	4	12.282475	7.772856
1	19	4	12.277258	7.772856
2	19	4	10.574277	7.772856
3	19	4	12.8772745	7.772856
4	19	4	11.393641	7.772856
5	19	4	9.139496	7.772856
6	19	4	12.972372	7.772856
7	19	4	8.920427	7.772856
8	19	4	11.247502	7.772856
9	19	4	10.101598	7.772856
10	19	4	13.887569	7.772856
11	19	4	8.314828	7.772856
12	19	4	13.728006	7.772856
13	19	4	11.477951	7.772856
14	19	4	8.828776	7.772856
15	19	4	12.804127	7.772856
16	19	4	10.612597	7.772856
17	19	4	10.766634	7.772856
18	19	4	11.636526	7.772856
19	19	4	11.38293	7.772856
20	19	4	14.562638	7.772856
21	19	4	11.970995	7.772856
22	19	4	9.9798	7.772856
23	19	4	8.889767	7.772856
0	20	4	15.326628	7.772856
1	20	4	13.034973	7.772856
2	20	4	11.9266815	7.772856
3	20	4	13.527525	7.772856
4	20	4	11.312964	7.772856
5	20	4	10.99868	7.772856
6	20	4	12.63882	7.772856
7	20	4	10.513222	7.772856
8	20	4	12.721114	7.772856
9	20	4	10.733883	7.772856
10	20	4	15.66233	7.772856
11	20	4	10.057538	7.772856
12	20	4	11.729774	7.772856
13	20	4	12.5535965	7.772856
14	20	4	10.665358	7.772856
15	20	4	12.479526	7.772856
16	20	4	9.850241	7.772856
17	20	4	12.380755	7.772856
18	20	4	17.27414	7.772856
19	20	4	11.789801	7.772856
20	20	4	12.415318	7.772856
21	20	4	11.822919	7.772856
22	20	4	11.511504	7.772856
23	20	4	10.780554	7.772856
0	20	4	15.326628	8.191728
1	20	4	13.034973	8.191728
2	20	4	11.9266815	8.191728
3	20	4	13.527525	8.191728
4	20	4	11.312964	8.191728
5	20	4	10.99868	8.191728
6	20	4	12.63882	8.191728
7	20	4	10.513222	8.191728
8	20	4	12.721114	8.191728
9	20	4	10.733883	8.191728
10	20	4	15.66233	8.191728
11	20	4	10.057538	8.191728
12	20	4	11.729774	8.191728
13	20	4	12.5535965	8.191728
14	20	4	10.665358	8.191728
15	20	4	12.479526	8.191728
16	20	4	9.850241	8.191728
17	20	4	12.380755	8.191728
18	20	4	17.27414	8.191728
19	20	4	11.789801	8.191728
20	20	4	12.415318	8.191728
21	20	4	11.822919	8.191728
22	20	4	11.511504	8.191728
23	20	4	10.780554	8.191728
0	21	4	11.710378	8.191728
1	21	4	12.480845	8.191728
2	21	4	9.181217	8.191728
3	21	4	13.223824	8.191728
4	21	4	13.567319	8.191728
5	21	4	10.846343	8.191728
6	21	4	13.325587	8.191728
7	21	4	8.956322	8.191728
8	21	4	10.44321	8.191728
9	21	4	9.390602	8.191728
10	21	4	13.156907	8.191728
11	21	4	10.678868	8.191728
12	21	4	13.07419	8.191728
13	21	4	12.934797	8.191728
14	21	4	8.753488	8.191728
15	21	4	12.760513	8.191728
16	21	4	10.491104	8.191728
17	21	4	9.604416	8.191728
18	21	4	11.7664995	8.191728
19	21	4	10.924684	8.191728
20	21	4	12.591047	8.191728
21	21	4	12.038216	8.191728
22	21	4	9.643524	8.191728
23	21	4	10.575578	8.191728
0	21	4	11.710378	7.7944913
1	21	4	12.480845	7.7944913
2	21	4	9.181217	7.7944913
3	21	4	13.223824	7.7944913
4	21	4	13.567319	7.7944913
5	21	4	10.846343	7.7944913
6	21	4	13.325587	7.7944913
7	21	4	8.956322	7.7944913
8	21	4	10.44321	7.7944913
9	21	4	9.390602	7.7944913
10	21	4	13.156907	7.7944913
11	21	4	10.678868	7.7944913
12	21	4	13.07419	7.7944913
13	21	4	12.934797	7.7944913
14	21	4	8.753488	7.7944913
15	21	4	12.760513	7.7944913
16	21	4	10.491104	7.7944913
17	21	4	9.604416	7.7944913
18	21	4	11.7664995	7.7944913
19	21	4	10.924684	7.7944913
20	21	4	12.591047	7.7944913
21	21	4	12.038216	7.7944913
22	21	4	9.643524	7.7944913
23	21	4	10.575578	7.7944913
0	22	4	14.123763	7.7944913
1	22	4	12.805855	7.7944913
2	22	4	11.704551	7.7944913
3	22	4	13.389979	7.7944913
4	22	4	11.698749	7.7944913
5	22	4	11.217764	7.7944913
6	22	4	14.505278	7.7944913
7	22	4	10.910156	7.7944913
8	22	4	12.338406	7.7944913
9	22	4	11.62763	7.7944913
10	22	4	17.429651	7.7944913
11	22	4	9.898987	7.7944913
12	22	4	12.372709	7.7944913
13	22	4	11.824348	7.7944913
14	22	4	11.066876	7.7944913
15	22	4	14.552502	7.7944913
16	22	4	11.5621	7.7944913
17	22	4	11.729493	7.7944913
18	22	4	14.216498	7.7944913
19	22	4	11.295285	7.7944913
20	22	4	14.053595	7.7944913
21	22	4	11.399217	7.7944913
22	22	4	12.015861	7.7944913
23	22	4	12.825173	7.7944913
0	22	4	14.123763	8.383662
1	22	4	12.805855	8.383662
2	22	4	11.704551	8.383662
3	22	4	13.389979	8.383662
4	22	4	11.698749	8.383662
5	22	4	11.217764	8.383662
6	22	4	14.505278	8.383662
7	22	4	10.910156	8.383662
8	22	4	12.338406	8.383662
9	22	4	11.62763	8.383662
10	22	4	17.429651	8.383662
11	22	4	9.898987	8.383662
12	22	4	12.372709	8.383662
13	22	4	11.824348	8.383662
14	22	4	11.066876	8.383662
15	22	4	14.552502	8.383662
16	22	4	11.5621	8.383662
17	22	4	11.729493	8.383662
18	22	4	14.216498	8.383662
19	22	4	11.295285	8.383662
20	22	4	14.053595	8.383662
21	22	4	11.399217	8.383662
22	22	4	12.015861	8.383662
23	22	4	12.825173	8.383662
0	23	4	13.458232	8.383662
1	23	4	11.932866	8.383662
2	23	4	10.421446	8.383662
3	23	4	13.974121	8.383662
4	23	4	17.55338	8.383662
5	23	4	9.473663	8.383662
6	23	4	14.636968	8.383662
7	23	4	10.37633	8.383662
8	23	4	9.922744	8.383662
9	23	4	11.641506	8.383662
10	23	4	16.106026	8.383662
11	23	4	11.889156	8.383662
12	23	4	15.507269	8.383662
13	23	4	11.630482	8.383662
14	23	4	13.590421	8.383662
15	23	4	14.768927	8.383662
16	23	4	13.072821	8.383662
17	23	4	11.791675	8.383662
18	23	4	15.400496	8.383662
19	23	4	13.893218	8.383662
20	23	4	11.728724	8.383662
21	23	4	13.09525	8.383662
22	23	4	11.844226	8.383662
23	23	4	11.079174	8.383662
0	23	4	13.458232	9.011913
1	23	4	11.932866	9.011913
2	23	4	10.421446	9.011913
3	23	4	13.974121	9.011913
4	23	4	17.55338	9.011913
5	23	4	9.473663	9.011913
6	23	4	14.636968	9.011913
7	23	4	10.37633	9.011913
8	23	4	9.922744	9.011913
9	23	4	11.641506	9.011913
10	23	4	16.106026	9.011913
11	23	4	11.889156	9.011913
12	23	4	15.507269	9.011913
13	23	4	11.630482	9.011913
14	23	4	13.590421	9.011913
15	23	4	14.768927	9.011913
16	23	4	13.072821	9.011913
17	23	4	11.791675	9.011913
18	23	4	15.400496	9.011913
19	23	4	13.893218	9.011913
20	23	4	11.728724	9.011913
21	23	4	13.09525	9.011913
22	23	4	11.844226	9.011913
23	23	4	11.079174	9.011913
0	24	4	12.212768	9.011913
1	24	4	11.509228	9.011913
2	24	4	9.855405	9.011913
3	24	4	13.002474	9.011913
4	24	4	12.2313595	9.011913
5	24	4	10.964426	9.011913
6	24	4	12.427988	9.011913
7	24	4	10.666335	9.011913
8	24	4	11.349014	9.011913
9	24	4	10.618999	9.011913
10	24	4	13.911544	9.011913
11	24	4	9.798379	9.011913
12	24	4	12.87596	9.011913
13	24	4	11.921736	9.011913
14	24	4	8.358457	9.011913
15	24	4	12.064021	9.011913
16	24	4	9.234929	9.011913
17	24	4	10.986514	9.011913
18	24	4	12.611023	9.011913
19	24	4	11.12047	9.011913
20	24	4	10.358248	9.011913
21	24	4	9.724893	9.011913
22	24	4	10.1207485	9.011913
23	24	4	9.9468775	9.011913
0	24	4	12.212768	7.678357
1	24	4	11.509228	7.678357
2	24	4	9.855405	7.678357
3	24	4	13.002474	7.678357
4	24	4	12.2313595	7.678357
5	24	4	10.964426	7.678357
6	24	4	12.427988	7.678357
7	24	4	10.666335	7.678357
8	24	4	11.349014	7.678357
9	24	4	10.618999	7.678357
10	24	4	13.911544	7.678357
11	24	4	9.798379	7.678357
12	24	4	12.87596	7.678357
13	24	4	11.921736	7.678357
14	24	4	8.358457	7.678357
15	24	4	12.064021	7.678357
16	24	4	9.234929	7.678357
17	24	4	10.986514	7.678357
18	24	4	12.611023	7.678357
19	24	4	11.12047	7.678357
20	24	4	10.358248	7.678357
21	24	4	9.724893	7.678357
22	24	4	10.1207485	7.678357
23	24	4	9.9468775	7.678357
0	25	4	12.061213	7.678357
1	25	4	12.736348	7.678357
2	25	4	10.105002	7.678357
3	25	4	13.304673	7.678357
4	25	4	8.728352	7.678357
5	25	4	10.173482	7.678357
6	25	4	13.874002	7.678357
7	25	4	9.056215	7.678357
8	25	4	10.451182	7.678357
9	25	4	10.1722145	7.678357
10	25	4	13.372483	7.678357
11	25	4	9.57885	7.678357
12	25	4	13.713974	7.678357
13	25	4	12.999585	7.678357
14	25	4	9.634494	7.678357
15	25	4	14.155632	7.678357
16	25	4	10.985933	7.678357
17	25	4	9.403325	7.678357
18	25	4	11.352811	7.678357
19	25	4	12.92998	7.678357
20	25	4	10.679351	7.678357
21	25	4	10.837841	7.678357
22	25	4	11.342493	7.678357
23	25	4	9.797817	7.678357
0	25	4	12.061213	8.037119
1	25	4	12.736348	8.037119
2	25	4	10.105002	8.037119
3	25	4	13.304673	8.037119
4	25	4	8.728352	8.037119
5	25	4	10.173482	8.037119
6	25	4	13.874002	8.037119
7	25	4	9.056215	8.037119
8	25	4	10.451182	8.037119
9	25	4	10.1722145	8.037119
10	25	4	13.372483	8.037119
11	25	4	9.57885	8.037119
12	25	4	13.713974	8.037119
13	25	4	12.999585	8.037119
14	25	4	9.634494	8.037119
15	25	4	14.155632	8.037119
16	25	4	10.985933	8.037119
17	25	4	9.403325	8.037119
18	25	4	11.352811	8.037119
19	25	4	12.92998	8.037119
20	25	4	10.679351	8.037119
21	25	4	10.837841	8.037119
22	25	4	11.342493	8.037119
23	25	4	9.797817	8.037119
0	26	4	13.380346	8.037119
1	26	4	10.38139	8.037119
2	26	4	9.550812	8.037119
3	26	4	12.691355	8.037119
4	26	4	11.18968	8.037119
5	26	4	10.232694	8.037119
6	26	4	12.234845	8.037119
7	26	4	9.892441	8.037119
8	26	4	10.681086	8.037119
9	26	4	9.530516	8.037119
10	26	4	12.972686	8.037119
11	26	4	8.968049	8.037119
12	26	4	12.9476595	8.037119
13	26	4	10.732877	8.037119
14	26	4	9.000223	8.037119
15	26	4	11.531706	8.037119
16	26	4	10.23795	8.037119
17	26	4	10.152614	8.037119
18	26	4	12.793408	8.037119
19	26	4	12.51192	8.037119
20	26	4	11.124612	8.037119
21	26	4	9.864626	8.037119
22	26	4	10.564311	8.037119
23	26	4	9.290188	8.037119
0	26	4	13.380346	7.5908933
1	26	4	10.38139	7.5908933
2	26	4	9.550812	7.5908933
3	26	4	12.691355	7.5908933
4	26	4	11.18968	7.5908933
5	26	4	10.232694	7.5908933
6	26	4	12.234845	7.5908933
7	26	4	9.892441	7.5908933
8	26	4	10.681086	7.5908933
9	26	4	9.530516	7.5908933
10	26	4	12.972686	7.5908933
11	26	4	8.968049	7.5908933
12	26	4	12.9476595	7.5908933
13	26	4	10.732877	7.5908933
14	26	4	9.000223	7.5908933
15	26	4	11.531706	7.5908933
16	26	4	10.23795	7.5908933
17	26	4	10.152614	7.5908933
18	26	4	12.793408	7.5908933
19	26	4	12.51192	7.5908933
20	26	4	11.124612	7.5908933
21	26	4	9.864626	7.5908933
22	26	4	10.564311	7.5908933
23	26	4	9.290188	7.5908933
0	27	4	11.281538	7.5908933
1	27	4	12.383523	7.5908933
2	27	4	9.751093	7.5908933
3	27	4	14.014003	7.5908933
4	27	4	10.80323	7.5908933
5	27	4	10.664413	7.5908933
6	27	4	14.288477	7.5908933
7	27	4	9.293674	7.5908933
8	27	4	10.950801	7.5908933
9	27	4	10.562572	7.5908933
10	27	4	13.659544	7.5908933
11	27	4	8.773306	7.5908933
12	27	4	13.136538	7.5908933
13	27	4	11.347752	7.5908933
14	27	4	9.166351	7.5908933
15	27	4	12.12496	7.5908933
16	27	4	9.190753	7.5908933
17	27	4	10.285751	7.5908933
18	27	4	13.238755	7.5908933
19	27	4	10.852154	7.5908933
20	27	4	11.470693	7.5908933
21	27	4	9.041915	7.5908933
22	27	4	9.925734	7.5908933
23	27	4	8.562125	7.5908933
0	27	4	11.281538	7.7467914
1	27	4	12.383523	7.7467914
2	27	4	9.751093	7.7467914
3	27	4	14.014003	7.7467914
4	27	4	10.80323	7.7467914
5	27	4	10.664413	7.7467914
6	27	4	14.288477	7.7467914
7	27	4	9.293674	7.7467914
8	27	4	10.950801	7.7467914
9	27	4	10.562572	7.7467914
10	27	4	13.659544	7.7467914
11	27	4	8.773306	7.7467914
12	27	4	13.136538	7.7467914
13	27	4	11.347752	7.7467914
14	27	4	9.166351	7.7467914
15	27	4	12.12496	7.7467914
16	27	4	9.190753	7.7467914
17	27	4	10.285751	7.7467914
18	27	4	13.238755	7.7467914
19	27	4	10.852154	7.7467914
20	27	4	11.470693	7.7467914
21	27	4	9.041915	7.7467914
22	27	4	9.925734	7.7467914
23	27	4	8.562125	7.7467914
0	28	4	12.913445	7.7467914
1	28	4	10.779962	7.7467914
2	28	4	8.920368	7.7467914
3	28	4	13.632839	7.7467914
4	28	4	11.8889065	7.7467914
5	28	4	10.069989	7.7467914
6	28	4	12.977068	7.7467914
7	28	4	8.911602	7.7467914
8	28	4	9.116266	7.7467914
9	28	4	11.076821	7.7467914
10	28	4	14.627472	7.7467914
11	28	4	9.453964	7.7467914
12	28	4	14.016863	7.7467914
13	28	4	11.820791	7.7467914
14	28	4	10.689554	7.7467914
15	28	4	11.792578	7.7467914
16	28	4	9.182719	7.7467914
17	28	4	9.599132	7.7467914
18	28	4	13.132009	7.7467914
19	28	4	11.20917	7.7467914
20	28	4	12.370746	7.7467914
21	28	4	9.256816	7.7467914
22	28	4	9.68876	7.7467914
23	28	4	9.391809	7.7467914
0	28	4	12.913445	7.8245063
1	28	4	10.779962	7.8245063
2	28	4	8.920368	7.8245063
3	28	4	13.632839	7.8245063
4	28	4	11.8889065	7.8245063
5	28	4	10.069989	7.8245063
6	28	4	12.977068	7.8245063
7	28	4	8.911602	7.8245063
8	28	4	9.116266	7.8245063
9	28	4	11.076821	7.8245063
10	28	4	14.627472	7.8245063
11	28	4	9.453964	7.8245063
12	28	4	14.016863	7.8245063
13	28	4	11.820791	7.8245063
14	28	4	10.689554	7.8245063
15	28	4	11.792578	7.8245063
16	28	4	9.182719	7.8245063
17	28	4	9.599132	7.8245063
18	28	4	13.132009	7.8245063
19	28	4	11.20917	7.8245063
20	28	4	12.370746	7.8245063
21	28	4	9.256816	7.8245063
22	28	4	9.68876	7.8245063
23	28	4	9.391809	7.8245063
0	29	4	12.030777	7.8245063
1	29	4	11.651064	7.8245063
2	29	4	11.792026	7.8245063
3	29	4	14.954976	7.8245063
4	29	4	11.073031	7.8245063
5	29	4	10.969077	7.8245063
6	29	4	15.075001	7.8245063
7	29	4	10.09294	7.8245063
8	29	4	13.669607	7.8245063
9	29	4	11.140954	7.8245063
10	29	4	13.975749	7.8245063
11	29	4	8.867208	7.8245063
12	29	4	15.467459	7.8245063
13	29	4	13.152474	7.8245063
14	29	4	11.743171	7.8245063
15	29	4	12.338067	7.8245063
16	29	4	10.9548235	7.8245063
17	29	4	10.227838	7.8245063
18	29	4	14.600226	7.8245063
19	29	4	14.265429	7.8245063
20	29	4	14.52884	7.8245063
21	29	4	11.089108	7.8245063
22	29	4	11.247123	7.8245063
23	29	4	10.559218	7.8245063
0	29	4	12.030777	8.001476
1	29	4	11.651064	8.001476
2	29	4	11.792026	8.001476
3	29	4	14.954976	8.001476
4	29	4	11.073031	8.001476
5	29	4	10.969077	8.001476
6	29	4	15.075001	8.001476
7	29	4	10.09294	8.001476
8	29	4	13.669607	8.001476
9	29	4	11.140954	8.001476
10	29	4	13.975749	8.001476
11	29	4	8.867208	8.001476
12	29	4	15.467459	8.001476
13	29	4	13.152474	8.001476
14	29	4	11.743171	8.001476
15	29	4	12.338067	8.001476
16	29	4	10.9548235	8.001476
17	29	4	10.227838	8.001476
18	29	4	14.600226	8.001476
19	29	4	14.265429	8.001476
20	29	4	14.52884	8.001476
21	29	4	11.089108	8.001476
22	29	4	11.247123	8.001476
23	29	4	10.559218	8.001476
0	0	5	10.603779	8.001476
1	0	5	11.412513	8.001476
2	0	5	10.6533165	8.001476
3	0	5	12.280299	8.001476
4	0	5	9.387419	8.001476
5	0	5	7.8404093	8.001476
6	0	5	11.916788	8.001476
7	0	5	9.083863	8.001476
8	0	5	10.394845	8.001476
9	0	5	8.892145	8.001476
10	0	5	12.753579	8.001476
11	0	5	7.8389263	8.001476
12	0	5	11.523742	8.001476
13	0	5	10.785981	8.001476
14	0	5	8.322047	8.001476
15	0	5	12.369515	8.001476
16	0	5	8.95138	8.001476
17	0	5	9.747102	8.001476
18	0	5	11.897419	8.001476
19	0	5	10.4435005	8.001476
20	0	5	11.95659	8.001476
21	0	5	10.674836	8.001476
22	0	5	10.415564	8.001476
23	0	5	8.755957	8.001476
0	0	5	10.603779	7.6639404
1	0	5	11.412513	7.6639404
2	0	5	10.6533165	7.6639404
3	0	5	12.280299	7.6639404
4	0	5	9.387419	7.6639404
5	0	5	7.8404093	7.6639404
6	0	5	11.916788	7.6639404
7	0	5	9.083863	7.6639404
8	0	5	10.394845	7.6639404
9	0	5	8.892145	7.6639404
10	0	5	12.753579	7.6639404
11	0	5	7.8389263	7.6639404
12	0	5	11.523742	7.6639404
13	0	5	10.785981	7.6639404
14	0	5	8.322047	7.6639404
15	0	5	12.369515	7.6639404
16	0	5	8.95138	7.6639404
17	0	5	9.747102	7.6639404
18	0	5	11.897419	7.6639404
19	0	5	10.4435005	7.6639404
20	0	5	11.95659	7.6639404
21	0	5	10.674836	7.6639404
22	0	5	10.415564	7.6639404
23	0	5	8.755957	7.6639404
0	1	5	10.219433	7.6639404
1	1	5	11.936279	7.6639404
2	1	5	8.950481	7.6639404
3	1	5	13.321718	7.6639404
4	1	5	10.332435	7.6639404
5	1	5	9.975855	7.6639404
6	1	5	12.33169	7.6639404
7	1	5	8.57969	7.6639404
8	1	5	8.698199	7.6639404
9	1	5	9.469823	7.6639404
10	1	5	13.0413885	7.6639404
11	1	5	9.05712	7.6639404
12	1	5	12.77292	7.6639404
13	1	5	11.612147	7.6639404
14	1	5	9.172261	7.6639404
15	1	5	12.927801	7.6639404
16	1	5	9.773472	7.6639404
17	1	5	8.93758	7.6639404
18	1	5	11.300571	7.6639404
19	1	5	12.6595955	7.6639404
20	1	5	10.639451	7.6639404
21	1	5	8.755707	7.6639404
22	1	5	11.391117	7.6639404
23	1	5	8.90526	7.6639404
0	1	5	10.219433	7.8178363
1	1	5	11.936279	7.8178363
2	1	5	8.950481	7.8178363
3	1	5	13.321718	7.8178363
4	1	5	10.332435	7.8178363
5	1	5	9.975855	7.8178363
6	1	5	12.33169	7.8178363
7	1	5	8.57969	7.8178363
8	1	5	8.698199	7.8178363
9	1	5	9.469823	7.8178363
10	1	5	13.0413885	7.8178363
11	1	5	9.05712	7.8178363
12	1	5	12.77292	7.8178363
13	1	5	11.612147	7.8178363
14	1	5	9.172261	7.8178363
15	1	5	12.927801	7.8178363
16	1	5	9.773472	7.8178363
17	1	5	8.93758	7.8178363
18	1	5	11.300571	7.8178363
19	1	5	12.6595955	7.8178363
20	1	5	10.639451	7.8178363
21	1	5	8.755707	7.8178363
22	1	5	11.391117	7.8178363
23	1	5	8.90526	7.8178363
0	2	5	11.972704	7.8178363
1	2	5	11.301037	7.8178363
2	2	5	8.047178	7.8178363
3	2	5	12.327245	7.8178363
4	2	5	11.384199	7.8178363
5	2	5	10.569014	7.8178363
6	2	5	11.953478	7.8178363
7	2	5	10.077027	7.8178363
8	2	5	10.100677	7.8178363
9	2	5	8.856546	7.8178363
10	2	5	13.56105	7.8178363
11	2	5	9.148202	7.8178363
12	2	5	10.950846	7.8178363
13	2	5	11.867682	7.8178363
14	2	5	7.2850943	7.8178363
15	2	5	11.558485	7.8178363
16	2	5	9.549079	7.8178363
17	2	5	9.467724	7.8178363
18	2	5	9.992555	7.8178363
19	2	5	10.983188	7.8178363
20	2	5	10.144502	7.8178363
21	2	5	10.016231	7.8178363
22	2	5	8.125725	7.8178363
23	2	5	8.121853	7.8178363
0	2	5	11.972704	7.4287777
1	2	5	11.301037	7.4287777
2	2	5	8.047178	7.4287777
3	2	5	12.327245	7.4287777
4	2	5	11.384199	7.4287777
5	2	5	10.569014	7.4287777
6	2	5	11.953478	7.4287777
7	2	5	10.077027	7.4287777
8	2	5	10.100677	7.4287777
9	2	5	8.856546	7.4287777
10	2	5	13.56105	7.4287777
11	2	5	9.148202	7.4287777
12	2	5	10.950846	7.4287777
13	2	5	11.867682	7.4287777
14	2	5	7.2850943	7.4287777
15	2	5	11.558485	7.4287777
16	2	5	9.549079	7.4287777
17	2	5	9.467724	7.4287777
18	2	5	9.992555	7.4287777
19	2	5	10.983188	7.4287777
20	2	5	10.144502	7.4287777
21	2	5	10.016231	7.4287777
22	2	5	8.125725	7.4287777
23	2	5	8.121853	7.4287777
0	3	5	10.935524	7.4287777
1	3	5	11.195553	7.4287777
2	3	5	10.006576	7.4287777
3	3	5	13.339409	7.4287777
4	3	5	11.094862	7.4287777
5	3	5	9.025635	7.4287777
6	3	5	12.331847	7.4287777
7	3	5	10.442596	7.4287777
8	3	5	10.114504	7.4287777
9	3	5	9.165088	7.4287777
10	3	5	15.268159	7.4287777
11	3	5	10.127355	7.4287777
12	3	5	11.984828	7.4287777
13	3	5	11.331188	7.4287777
14	3	5	10.320052	7.4287777
15	3	5	14.156402	7.4287777
16	3	5	11.628283	7.4287777
17	3	5	11.099018	7.4287777
18	3	5	12.961163	7.4287777
19	3	5	11.135317	7.4287777
20	3	5	11.309969	7.4287777
21	3	5	10.989073	7.4287777
22	3	5	12.623894	7.4287777
23	3	5	11.721999	7.4287777
0	3	5	10.935524	8.40631
1	3	5	11.195553	8.40631
2	3	5	10.006576	8.40631
3	3	5	13.339409	8.40631
4	3	5	11.094862	8.40631
5	3	5	9.025635	8.40631
6	3	5	12.331847	8.40631
7	3	5	10.442596	8.40631
8	3	5	10.114504	8.40631
9	3	5	9.165088	8.40631
10	3	5	15.268159	8.40631
11	3	5	10.127355	8.40631
12	3	5	11.984828	8.40631
13	3	5	11.331188	8.40631
14	3	5	10.320052	8.40631
15	3	5	14.156402	8.40631
16	3	5	11.628283	8.40631
17	3	5	11.099018	8.40631
18	3	5	12.961163	8.40631
19	3	5	11.135317	8.40631
20	3	5	11.309969	8.40631
21	3	5	10.989073	8.40631
22	3	5	12.623894	8.40631
23	3	5	11.721999	8.40631
0	4	5	12.15613	8.40631
1	4	5	10.0072565	8.40631
2	4	5	9.763609	8.40631
3	4	5	11.88945	8.40631
4	4	5	12.270438	8.40631
5	4	5	8.592393	8.40631
6	4	5	12.203132	8.40631
7	4	5	9.526195	8.40631
8	4	5	10.507861	8.40631
9	4	5	9.152386	8.40631
10	4	5	13.978079	8.40631
11	4	5	8.183679	8.40631
12	4	5	11.797871	8.40631
13	4	5	10.992807	8.40631
14	4	5	9.025434	8.40631
15	4	5	11.01407	8.40631
16	4	5	9.825391	8.40631
17	4	5	10.52611	8.40631
18	4	5	11.244805	8.40631
19	4	5	10.063055	8.40631
20	4	5	10.143783	8.40631
21	4	5	10.716143	8.40631
22	4	5	9.928828	8.40631
23	4	5	9.169374	8.40631
0	4	5	12.15613	7.8648458
1	4	5	10.0072565	7.8648458
2	4	5	9.763609	7.8648458
3	4	5	11.88945	7.8648458
4	4	5	12.270438	7.8648458
5	4	5	8.592393	7.8648458
6	4	5	12.203132	7.8648458
7	4	5	9.526195	7.8648458
8	4	5	10.507861	7.8648458
9	4	5	9.152386	7.8648458
10	4	5	13.978079	7.8648458
11	4	5	8.183679	7.8648458
12	4	5	11.797871	7.8648458
13	4	5	10.992807	7.8648458
14	4	5	9.025434	7.8648458
15	4	5	11.01407	7.8648458
16	4	5	9.825391	7.8648458
17	4	5	10.52611	7.8648458
18	4	5	11.244805	7.8648458
19	4	5	10.063055	7.8648458
20	4	5	10.143783	7.8648458
21	4	5	10.716143	7.8648458
22	4	5	9.928828	7.8648458
23	4	5	9.169374	7.8648458
0	5	5	10.343646	7.8648458
1	5	5	10.33749	7.8648458
2	5	5	9.811403	7.8648458
3	5	5	12.674926	7.8648458
4	5	5	10.557235	7.8648458
5	5	5	9.017598	7.8648458
6	5	5	12.406285	7.8648458
7	5	5	9.048211	7.8648458
8	5	5	9.109745	7.8648458
9	5	5	8.7799635	7.8648458
10	5	5	12.846184	7.8648458
11	5	5	9.030991	7.8648458
12	5	5	11.590429	7.8648458
13	5	5	11.215419	7.8648458
14	5	5	8.665606	7.8648458
15	5	5	12.9800825	7.8648458
16	5	5	10.1622	7.8648458
17	5	5	11.161471	7.8648458
18	5	5	12.3001995	7.8648458
19	5	5	11.493966	7.8648458
20	5	5	10.201124	7.8648458
21	5	5	9.690368	7.8648458
22	5	5	11.005624	7.8648458
23	5	5	9.705823	7.8648458
0	5	5	10.343646	7.779944
1	5	5	10.33749	7.779944
2	5	5	9.811403	7.779944
3	5	5	12.674926	7.779944
4	5	5	10.557235	7.779944
5	5	5	9.017598	7.779944
6	5	5	12.406285	7.779944
7	5	5	9.048211	7.779944
8	5	5	9.109745	7.779944
9	5	5	8.7799635	7.779944
10	5	5	12.846184	7.779944
11	5	5	9.030991	7.779944
12	5	5	11.590429	7.779944
13	5	5	11.215419	7.779944
14	5	5	8.665606	7.779944
15	5	5	12.9800825	7.779944
16	5	5	10.1622	7.779944
17	5	5	11.161471	7.779944
18	5	5	12.3001995	7.779944
19	5	5	11.493966	7.779944
20	5	5	10.201124	7.779944
21	5	5	9.690368	7.779944
22	5	5	11.005624	7.779944
23	5	5	9.705823	7.779944
0	6	5	11.975152	7.779944
1	6	5	11.815901	7.779944
2	6	5	7.577936	7.779944
3	6	5	12.76065	7.779944
4	6	5	14.318113	7.779944
5	6	5	9.715816	7.779944
6	6	5	12.628166	7.779944
7	6	5	8.966637	7.779944
8	6	5	9.057367	7.779944
9	6	5	9.259645	7.779944
10	6	5	13.947867	7.779944
11	6	5	9.429935	7.779944
12	6	5	14.296417	7.779944
13	6	5	11.776211	7.779944
14	6	5	7.5203857	7.779944
15	6	5	11.999047	7.779944
16	6	5	10.285317	7.779944
17	6	5	9.6352825	7.779944
18	6	5	10.714101	7.779944
19	6	5	10.428615	7.779944
20	6	5	11.112417	7.779944
21	6	5	9.6601095	7.779944
22	6	5	9.374242	7.779944
23	6	5	9.00166	7.779944
0	6	5	11.975152	7.862096
1	6	5	11.815901	7.862096
2	6	5	7.577936	7.862096
3	6	5	12.76065	7.862096
4	6	5	14.318113	7.862096
5	6	5	9.715816	7.862096
6	6	5	12.628166	7.862096
7	6	5	8.966637	7.862096
8	6	5	9.057367	7.862096
9	6	5	9.259645	7.862096
10	6	5	13.947867	7.862096
11	6	5	9.429935	7.862096
12	6	5	14.296417	7.862096
13	6	5	11.776211	7.862096
14	6	5	7.5203857	7.862096
15	6	5	11.999047	7.862096
16	6	5	10.285317	7.862096
17	6	5	9.6352825	7.862096
18	6	5	10.714101	7.862096
19	6	5	10.428615	7.862096
20	6	5	11.112417	7.862096
21	6	5	9.6601095	7.862096
22	6	5	9.374242	7.862096
23	6	5	9.00166	7.862096
0	7	5	12.33765	7.862096
1	7	5	10.741008	7.862096
2	7	5	11.122701	7.862096
3	7	5	12.484023	7.862096
4	7	5	13.870911	7.862096
5	7	5	10.628942	7.862096
6	7	5	13.376011	7.862096
7	7	5	10.149177	7.862096
8	7	5	13.952309	7.862096
9	7	5	8.477917	7.862096
10	7	5	14.0924425	7.862096
11	7	5	9.671326	7.862096
12	7	5	12.722299	7.862096
13	7	5	11.335717	7.862096
14	7	5	8.619823	7.862096
15	7	5	12.232742	7.862096
16	7	5	9.771748	7.862096
17	7	5	11.798622	7.862096
18	7	5	14.764395	7.862096
19	7	5	11.426486	7.862096
20	7	5	11.947226	7.862096
21	7	5	11.562675	7.862096
22	7	5	9.11671	7.862096
23	7	5	9.821319	7.862096
0	7	5	12.33765	8.049627
1	7	5	10.741008	8.049627
2	7	5	11.122701	8.049627
3	7	5	12.484023	8.049627
4	7	5	13.870911	8.049627
5	7	5	10.628942	8.049627
6	7	5	13.376011	8.049627
7	7	5	10.149177	8.049627
8	7	5	13.952309	8.049627
9	7	5	8.477917	8.049627
10	7	5	14.0924425	8.049627
11	7	5	9.671326	8.049627
12	7	5	12.722299	8.049627
13	7	5	11.335717	8.049627
14	7	5	8.619823	8.049627
15	7	5	12.232742	8.049627
16	7	5	9.771748	8.049627
17	7	5	11.798622	8.049627
18	7	5	14.764395	8.049627
19	7	5	11.426486	8.049627
20	7	5	11.947226	8.049627
21	7	5	11.562675	8.049627
22	7	5	9.11671	8.049627
23	7	5	9.821319	8.049627
0	8	5	10.720306	8.049627
1	8	5	11.413092	8.049627
2	8	5	7.4570765	8.049627
3	8	5	12.4610815	8.049627
4	8	5	11.014646	8.049627
5	8	5	9.609194	8.049627
6	8	5	12.066985	8.049627
7	8	5	8.54063	8.049627
8	8	5	9.2704315	8.049627
9	8	5	9.047459	8.049627
10	8	5	13.243299	8.049627
11	8	5	8.923076	8.049627
12	8	5	11.084862	8.049627
13	8	5	10.952203	8.049627
14	8	5	7.6129	8.049627
15	8	5	11.445981	8.049627
16	8	5	9.145255	8.049627
17	8	5	9.813415	8.049627
18	8	5	11.322978	8.049627
19	8	5	11.026243	8.049627
20	8	5	10.3756895	8.049627
21	8	5	9.639713	8.049627
22	8	5	8.455408	8.049627
23	8	5	9.030856	8.049627
0	8	5	10.720306	7.2359605
1	8	5	11.413092	7.2359605
2	8	5	7.4570765	7.2359605
3	8	5	12.4610815	7.2359605
4	8	5	11.014646	7.2359605
5	8	5	9.609194	7.2359605
6	8	5	12.066985	7.2359605
7	8	5	8.54063	7.2359605
8	8	5	9.2704315	7.2359605
9	8	5	9.047459	7.2359605
10	8	5	13.243299	7.2359605
11	8	5	8.923076	7.2359605
12	8	5	11.084862	7.2359605
13	8	5	10.952203	7.2359605
14	8	5	7.6129	7.2359605
15	8	5	11.445981	7.2359605
16	8	5	9.145255	7.2359605
17	8	5	9.813415	7.2359605
18	8	5	11.322978	7.2359605
19	8	5	11.026243	7.2359605
20	8	5	10.3756895	7.2359605
21	8	5	9.639713	7.2359605
22	8	5	8.455408	7.2359605
23	8	5	9.030856	7.2359605
0	9	5	12.039162	7.2359605
1	9	5	13.209105	7.2359605
2	9	5	9.905459	7.2359605
3	9	5	13.659441	7.2359605
4	9	5	9.799195	7.2359605
5	9	5	10.87204	7.2359605
6	9	5	13.729691	7.2359605
7	9	5	9.90349	7.2359605
8	9	5	10.641757	7.2359605
9	9	5	11.034977	7.2359605
10	9	5	12.89312	7.2359605
11	9	5	9.738682	7.2359605
12	9	5	13.552569	7.2359605
13	9	5	11.904806	7.2359605
14	9	5	10.124312	7.2359605
15	9	5	14.078591	7.2359605
16	9	5	10.130542	7.2359605
17	9	5	8.91179	7.2359605
18	9	5	11.712216	7.2359605
19	9	5	14.031955	7.2359605
20	9	5	11.14148	7.2359605
21	9	5	10.787769	7.2359605
22	9	5	10.246717	7.2359605
23	9	5	9.175962	7.2359605
0	9	5	12.039162	8.082685
1	9	5	13.209105	8.082685
2	9	5	9.905459	8.082685
3	9	5	13.659441	8.082685
4	9	5	9.799195	8.082685
5	9	5	10.87204	8.082685
6	9	5	13.729691	8.082685
7	9	5	9.90349	8.082685
8	9	5	10.641757	8.082685
9	9	5	11.034977	8.082685
10	9	5	12.89312	8.082685
11	9	5	9.738682	8.082685
12	9	5	13.552569	8.082685
13	9	5	11.904806	8.082685
14	9	5	10.124312	8.082685
15	9	5	14.078591	8.082685
16	9	5	10.130542	8.082685
17	9	5	8.91179	8.082685
18	9	5	11.712216	8.082685
19	9	5	14.031955	8.082685
20	9	5	11.14148	8.082685
21	9	5	10.787769	8.082685
22	9	5	10.246717	8.082685
23	9	5	9.175962	8.082685
0	10	5	11.047934	8.082685
1	10	5	11.226804	8.082685
2	10	5	9.8239	8.082685
3	10	5	12.641058	8.082685
4	10	5	11.992592	8.082685
5	10	5	10.168982	8.082685
6	10	5	11.921695	8.082685
7	10	5	10.138163	8.082685
8	10	5	9.741507	8.082685
9	10	5	9.166235	8.082685
10	10	5	12.929759	8.082685
11	10	5	8.934425	8.082685
12	10	5	10.854709	8.082685
13	10	5	11.105658	8.082685
14	10	5	9.687961	8.082685
15	10	5	11.9163475	8.082685
16	10	5	9.836831	8.082685
17	10	5	10.993813	8.082685
18	10	5	13.510956	8.082685
19	10	5	12.979546	8.082685
20	10	5	11.549791	8.082685
21	10	5	11.286549	8.082685
22	10	5	9.807902	8.082685
23	10	5	8.572211	8.082685
0	10	5	11.047934	7.599083
1	10	5	11.226804	7.599083
2	10	5	9.8239	7.599083
3	10	5	12.641058	7.599083
4	10	5	11.992592	7.599083
5	10	5	10.168982	7.599083
6	10	5	11.921695	7.599083
7	10	5	10.138163	7.599083
8	10	5	9.741507	7.599083
9	10	5	9.166235	7.599083
10	10	5	12.929759	7.599083
11	10	5	8.934425	7.599083
12	10	5	10.854709	7.599083
13	10	5	11.105658	7.599083
14	10	5	9.687961	7.599083
15	10	5	11.9163475	7.599083
16	10	5	9.836831	7.599083
17	10	5	10.993813	7.599083
18	10	5	13.510956	7.599083
19	10	5	12.979546	7.599083
20	10	5	11.549791	7.599083
21	10	5	11.286549	7.599083
22	10	5	9.807902	7.599083
23	10	5	8.572211	7.599083
0	11	5	12.87903	7.599083
1	11	5	10.629943	7.599083
2	11	5	9.503868	7.599083
3	11	5	12.278718	7.599083
4	11	5	12.25107	7.599083
5	11	5	8.21367	7.599083
6	11	5	11.891689	7.599083
7	11	5	8.739324	7.599083
8	11	5	9.821491	7.599083
9	11	5	9.107594	7.599083
10	11	5	13.714039	7.599083
11	11	5	9.681659	7.599083
12	11	5	11.803495	7.599083
13	11	5	10.94692	7.599083
14	11	5	8.504012	7.599083
15	11	5	11.0	7.599083
16	11	5	9.088873	7.599083
17	11	5	10.164778	7.599083
18	11	5	11.461491	7.599083
19	11	5	9.9213915	7.599083
20	11	5	11.339146	7.599083
21	11	5	10.175884	7.599083
22	11	5	8.510161	7.599083
23	11	5	8.531992	7.599083
0	11	5	12.87903	7.6560726
1	11	5	10.629943	7.6560726
2	11	5	9.503868	7.6560726
3	11	5	12.278718	7.6560726
4	11	5	12.25107	7.6560726
5	11	5	8.21367	7.6560726
6	11	5	11.891689	7.6560726
7	11	5	8.739324	7.6560726
8	11	5	9.821491	7.6560726
9	11	5	9.107594	7.6560726
10	11	5	13.714039	7.6560726
11	11	5	9.681659	7.6560726
12	11	5	11.803495	7.6560726
13	11	5	10.94692	7.6560726
14	11	5	8.504012	7.6560726
15	11	5	11.0	7.6560726
16	11	5	9.088873	7.6560726
17	11	5	10.164778	7.6560726
18	11	5	11.461491	7.6560726
19	11	5	9.9213915	7.6560726
20	11	5	11.339146	7.6560726
21	11	5	10.175884	7.6560726
22	11	5	8.510161	7.6560726
23	11	5	8.531992	7.6560726
0	12	5	12.286866	7.6560726
1	12	5	14.32833	7.6560726
2	12	5	9.282897	7.6560726
3	12	5	12.832896	7.6560726
4	12	5	10.357428	7.6560726
5	12	5	10.318129	7.6560726
6	12	5	14.313607	7.6560726
7	12	5	10.931973	7.6560726
8	12	5	9.078735	7.6560726
9	12	5	11.4603	7.6560726
10	12	5	13.633524	7.6560726
11	12	5	9.665508	7.6560726
12	12	5	12.302248	7.6560726
13	12	5	12.415757	7.6560726
14	12	5	6.9340806	7.6560726
15	12	5	11.405408	7.6560726
16	12	5	9.8214035	7.6560726
17	12	5	10.901616	7.6560726
18	12	5	11.874821	7.6560726
19	12	5	11.664602	7.6560726
20	12	5	10.132796	7.6560726
21	12	5	10.235487	7.6560726
22	12	5	10.785823	7.6560726
23	12	5	9.053961	7.6560726
0	12	5	12.286866	7.5625196
1	12	5	14.32833	7.5625196
2	12	5	9.282897	7.5625196
3	12	5	12.832896	7.5625196
4	12	5	10.357428	7.5625196
5	12	5	10.318129	7.5625196
6	12	5	14.313607	7.5625196
7	12	5	10.931973	7.5625196
8	12	5	9.078735	7.5625196
9	12	5	11.4603	7.5625196
10	12	5	13.633524	7.5625196
11	12	5	9.665508	7.5625196
12	12	5	12.302248	7.5625196
13	12	5	12.415757	7.5625196
14	12	5	6.9340806	7.5625196
15	12	5	11.405408	7.5625196
16	12	5	9.8214035	7.5625196
17	12	5	10.901616	7.5625196
18	12	5	11.874821	7.5625196
19	12	5	11.664602	7.5625196
20	12	5	10.132796	7.5625196
21	12	5	10.235487	7.5625196
22	12	5	10.785823	7.5625196
23	12	5	9.053961	7.5625196
0	13	5	9.542355	7.5625196
1	13	5	12.743471	7.5625196
2	13	5	9.903984	7.5625196
3	13	5	13.37012	7.5625196
4	13	5	10.965139	7.5625196
5	13	5	9.965829	7.5625196
6	13	5	13.767366	7.5625196
7	13	5	9.521951	7.5625196
8	13	5	9.91218	7.5625196
9	13	5	10.887806	7.5625196
10	13	5	13.339732	7.5625196
11	13	5	9.232443	7.5625196
12	13	5	12.420692	7.5625196
13	13	5	11.539586	7.5625196
14	13	5	9.38489	7.5625196
15	13	5	13.26206	7.5625196
16	13	5	11.272423	7.5625196
17	13	5	10.004414	7.5625196
18	13	5	11.998445	7.5625196
19	13	5	11.917885	7.5625196
20	13	5	12.248534	7.5625196
21	13	5	10.003472	7.5625196
22	13	5	12.344422	7.5625196
23	13	5	10.6359625	7.5625196
0	13	5	9.542355	7.8148394
1	13	5	12.743471	7.8148394
2	13	5	9.903984	7.8148394
3	13	5	13.37012	7.8148394
4	13	5	10.965139	7.8148394
5	13	5	9.965829	7.8148394
6	13	5	13.767366	7.8148394
7	13	5	9.521951	7.8148394
8	13	5	9.91218	7.8148394
9	13	5	10.887806	7.8148394
10	13	5	13.339732	7.8148394
11	13	5	9.232443	7.8148394
12	13	5	12.420692	7.8148394
13	13	5	11.539586	7.8148394
14	13	5	9.38489	7.8148394
15	13	5	13.26206	7.8148394
16	13	5	11.272423	7.8148394
17	13	5	10.004414	7.8148394
18	13	5	11.998445	7.8148394
19	13	5	11.917885	7.8148394
20	13	5	12.248534	7.8148394
21	13	5	10.003472	7.8148394
22	13	5	12.344422	7.8148394
23	13	5	10.6359625	7.8148394
0	14	5	10.841031	7.8148394
1	14	5	11.757711	7.8148394
2	14	5	9.780569	7.8148394
3	14	5	12.551956	7.8148394
4	14	5	10.093537	7.8148394
5	14	5	8.666671	7.8148394
6	14	5	13.481673	7.8148394
7	14	5	9.197517	7.8148394
8	14	5	9.398306	7.8148394
9	14	5	9.434947	7.8148394
10	14	5	12.949588	7.8148394
11	14	5	8.141869	7.8148394
12	14	5	12.6369	7.8148394
13	14	5	10.855993	7.8148394
14	14	5	8.086644	7.8148394
15	14	5	12.9551115	7.8148394
16	14	5	11.17994	7.8148394
17	14	5	9.822557	7.8148394
18	14	5	11.118943	7.8148394
19	14	5	11.583053	7.8148394
20	14	5	10.357642	7.8148394
21	14	5	9.404195	7.8148394
22	14	5	10.3509865	7.8148394
23	14	5	9.496726	7.8148394
0	14	5	10.841031	7.720159
1	14	5	11.757711	7.720159
2	14	5	9.780569	7.720159
3	14	5	12.551956	7.720159
4	14	5	10.093537	7.720159
5	14	5	8.666671	7.720159
6	14	5	13.481673	7.720159
7	14	5	9.197517	7.720159
8	14	5	9.398306	7.720159
9	14	5	9.434947	7.720159
10	14	5	12.949588	7.720159
11	14	5	8.141869	7.720159
12	14	5	12.6369	7.720159
13	14	5	10.855993	7.720159
14	14	5	8.086644	7.720159
15	14	5	12.9551115	7.720159
16	14	5	11.17994	7.720159
17	14	5	9.822557	7.720159
18	14	5	11.118943	7.720159
19	14	5	11.583053	7.720159
20	14	5	10.357642	7.720159
21	14	5	9.404195	7.720159
22	14	5	10.3509865	7.720159
23	14	5	9.496726	7.720159
0	15	5	10.909896	7.720159
1	15	5	11.611046	7.720159
2	15	5	9.493749	7.720159
3	15	5	13.218748	7.720159
4	15	5	10.157725	7.720159
5	15	5	10.323387	7.720159
6	15	5	13.4003525	7.720159
7	15	5	10.388842	7.720159
8	15	5	11.338071	7.720159
9	15	5	9.647475	7.720159
10	15	5	13.280685	7.720159
11	15	5	10.427335	7.720159
12	15	5	11.194954	7.720159
13	15	5	10.957069	7.720159
14	15	5	9.131111	7.720159
15	15	5	13.27522	7.720159
16	15	5	8.860005	7.720159
17	15	5	10.075325	7.720159
18	15	5	12.28295	7.720159
19	15	5	9.942567	7.720159
20	15	5	10.112457	7.720159
21	15	5	8.324676	7.720159
22	15	5	10.296278	7.720159
23	15	5	8.565022	7.720159
0	15	5	10.909896	7.770959
1	15	5	11.611046	7.770959
2	15	5	9.493749	7.770959
3	15	5	13.218748	7.770959
4	15	5	10.157725	7.770959
5	15	5	10.323387	7.770959
6	15	5	13.4003525	7.770959
7	15	5	10.388842	7.770959
8	15	5	11.338071	7.770959
9	15	5	9.647475	7.770959
10	15	5	13.280685	7.770959
11	15	5	10.427335	7.770959
12	15	5	11.194954	7.770959
13	15	5	10.957069	7.770959
14	15	5	9.131111	7.770959
15	15	5	13.27522	7.770959
16	15	5	8.860005	7.770959
17	15	5	10.075325	7.770959
18	15	5	12.28295	7.770959
19	15	5	9.942567	7.770959
20	15	5	10.112457	7.770959
21	15	5	8.324676	7.770959
22	15	5	10.296278	7.770959
23	15	5	8.565022	7.770959
0	16	5	12.846363	7.770959
1	16	5	11.134892	7.770959
2	16	5	8.980617	7.770959
3	16	5	11.779934	7.770959
4	16	5	9.454261	7.770959
5	16	5	8.626725	7.770959
6	16	5	12.502604	7.770959
7	16	5	9.73032	7.770959
8	16	5	8.122753	7.770959
9	16	5	10.560416	7.770959
10	16	5	13.390236	7.770959
11	16	5	8.162841	7.770959
12	16	5	10.37096	7.770959
13	16	5	11.081583	7.770959
14	16	5	8.400855	7.770959
15	16	5	11.249303	7.770959
16	16	5	9.966325	7.770959
17	16	5	9.982249	7.770959
18	16	5	11.102735	7.770959
19	16	5	13.029391	7.770959
20	16	5	10.344143	7.770959
21	16	5	9.347701	7.770959
22	16	5	10.058077	7.770959
23	16	5	8.820809	7.770959
0	16	5	12.846363	7.726259
1	16	5	11.134892	7.726259
2	16	5	8.980617	7.726259
3	16	5	11.779934	7.726259
4	16	5	9.454261	7.726259
5	16	5	8.626725	7.726259
6	16	5	12.502604	7.726259
7	16	5	9.73032	7.726259
8	16	5	8.122753	7.726259
9	16	5	10.560416	7.726259
10	16	5	13.390236	7.726259
11	16	5	8.162841	7.726259
12	16	5	10.37096	7.726259
13	16	5	11.081583	7.726259
14	16	5	8.400855	7.726259
15	16	5	11.249303	7.726259
16	16	5	9.966325	7.726259
17	16	5	9.982249	7.726259
18	16	5	11.102735	7.726259
19	16	5	13.029391	7.726259
20	16	5	10.344143	7.726259
21	16	5	9.347701	7.726259
22	16	5	10.058077	7.726259
23	16	5	8.820809	7.726259
0	17	5	13.349173	7.726259
1	17	5	12.115136	7.726259
2	17	5	10.94177	7.726259
3	17	5	12.428643	7.726259
4	17	5	10.713162	7.726259
5	17	5	10.099374	7.726259
6	17	5	13.848063	7.726259
7	17	5	10.281087	7.726259
8	17	5	11.971513	7.726259
9	17	5	9.44553	7.726259
10	17	5	13.036916	7.726259
11	17	5	9.995681	7.726259
12	17	5	12.099736	7.726259
13	17	5	10.940384	7.726259
14	17	5	8.819349	7.726259
15	17	5	15.187285	7.726259
16	17	5	10.623505	7.726259
17	17	5	10.590438	7.726259
18	17	5	15.294813	7.726259
19	17	5	12.784952	7.726259
20	17	5	12.490795	7.726259
21	17	5	12.399662	7.726259
22	17	5	9.902478	7.726259
23	17	5	8.882366	7.726259
0	17	5	13.349173	8.272065
1	17	5	12.115136	8.272065
2	17	5	10.94177	8.272065
3	17	5	12.428643	8.272065
4	17	5	10.713162	8.272065
5	17	5	10.099374	8.272065
6	17	5	13.848063	8.272065
7	17	5	10.281087	8.272065
8	17	5	11.971513	8.272065
9	17	5	9.44553	8.272065
10	17	5	13.036916	8.272065
11	17	5	9.995681	8.272065
12	17	5	12.099736	8.272065
13	17	5	10.940384	8.272065
14	17	5	8.819349	8.272065
15	17	5	15.187285	8.272065
16	17	5	10.623505	8.272065
17	17	5	10.590438	8.272065
18	17	5	15.294813	8.272065
19	17	5	12.784952	8.272065
20	17	5	12.490795	8.272065
21	17	5	12.399662	8.272065
22	17	5	9.902478	8.272065
23	17	5	8.882366	8.272065
0	18	5	10.3111315	8.272065
1	18	5	11.80743	8.272065
2	18	5	8.282088	8.272065
3	18	5	12.9498825	8.272065
4	18	5	10.845226	8.272065
5	18	5	9.916644	8.272065
6	18	5	12.629275	8.272065
7	18	5	10.427772	8.272065
8	18	5	9.549472	8.272065
9	18	5	9.840184	8.272065
10	18	5	12.667395	8.272065
11	18	5	9.825861	8.272065
12	18	5	12.712249	8.272065
13	18	5	11.808198	8.272065
14	18	5	6.408378	8.272065
15	18	5	12.671366	8.272065
16	18	5	10.142375	8.272065
17	18	5	9.752178	8.272065
18	18	5	11.720497	8.272065
19	18	5	10.266329	8.272065
20	18	5	10.470186	8.272065
21	18	5	8.38701	8.272065
22	18	5	9.64321	8.272065
23	18	5	8.998991	8.272065
0	18	5	10.3111315	7.548085
1	18	5	11.80743	7.548085
2	18	5	8.282088	7.548085
3	18	5	12.9498825	7.548085
4	18	5	10.845226	7.548085
5	18	5	9.916644	7.548085
6	18	5	12.629275	7.548085
7	18	5	10.427772	7.548085
8	18	5	9.549472	7.548085
9	18	5	9.840184	7.548085
10	18	5	12.667395	7.548085
11	18	5	9.825861	7.548085
12	18	5	12.712249	7.548085
13	18	5	11.808198	7.548085
14	18	5	6.408378	7.548085
15	18	5	12.671366	7.548085
16	18	5	10.142375	7.548085
17	18	5	9.752178	7.548085
18	18	5	11.720497	7.548085
19	18	5	10.266329	7.548085
20	18	5	10.470186	7.548085
21	18	5	8.38701	7.548085
22	18	5	9.64321	7.548085
23	18	5	8.998991	7.548085
0	19	5	11.850227	7.548085
1	19	5	11.172193	7.548085
2	19	5	8.802429	7.548085
3	19	5	11.950825	7.548085
4	19	5	10.200266	7.548085
5	19	5	9.309424	7.548085
6	19	5	12.309034	7.548085
7	19	5	9.317442	7.548085
8	19	5	10.343062	7.548085
9	19	5	9.007186	7.548085
10	19	5	13.879318	7.548085
11	19	5	8.623024	7.548085
12	19	5	12.684509	7.548085
13	19	5	12.318674	7.548085
14	19	5	8.686259	7.548085
15	19	5	12.128642	7.548085
16	19	5	10.111578	7.548085
17	19	5	9.097176	7.548085
18	19	5	10.30227	7.548085
19	19	5	10.919226	7.548085
20	19	5	10.18094	7.548085
21	19	5	10.098139	7.548085
22	19	5	10.289848	7.548085
23	19	5	9.532514	7.548085
0	19	5	11.850227	7.705582
1	19	5	11.172193	7.705582
2	19	5	8.802429	7.705582
3	19	5	11.950825	7.705582
4	19	5	10.200266	7.705582
5	19	5	9.309424	7.705582
6	19	5	12.309034	7.705582
7	19	5	9.317442	7.705582
8	19	5	10.343062	7.705582
9	19	5	9.007186	7.705582
10	19	5	13.879318	7.705582
11	19	5	8.623024	7.705582
12	19	5	12.684509	7.705582
13	19	5	12.318674	7.705582
14	19	5	8.686259	7.705582
15	19	5	12.128642	7.705582
16	19	5	10.111578	7.705582
17	19	5	9.097176	7.705582
18	19	5	10.30227	7.705582
19	19	5	10.919226	7.705582
20	19	5	10.18094	7.705582
21	19	5	10.098139	7.705582
22	19	5	10.289848	7.705582
23	19	5	9.532514	7.705582
0	20	5	11.560839	7.705582
1	20	5	11.65837	7.705582
2	20	5	7.389547	7.705582
3	20	5	12.0169935	7.705582
4	20	5	9.931234	7.705582
5	20	5	9.842803	7.705582
6	20	5	12.197569	7.705582
7	20	5	9.089998	7.705582
8	20	5	8.579569	7.705582
9	20	5	9.520037	7.705582
10	20	5	12.523066	7.705582
11	20	5	9.06868	7.705582
12	20	5	10.221196	7.705582
13	20	5	11.350891	7.705582
14	20	5	7.4088755	7.705582
15	20	5	11.361409	7.705582
16	20	5	9.362865	7.705582
17	20	5	9.689854	7.705582
18	20	5	11.5821705	7.705582
19	20	5	11.4550705	7.705582
20	20	5	9.674454	7.705582
21	20	5	8.960063	7.705582
22	20	5	9.155607	7.705582
23	20	5	8.553492	7.705582
0	20	5	11.560839	7.1935797
1	20	5	11.65837	7.1935797
2	20	5	7.389547	7.1935797
3	20	5	12.0169935	7.1935797
4	20	5	9.931234	7.1935797
5	20	5	9.842803	7.1935797
6	20	5	12.197569	7.1935797
7	20	5	9.089998	7.1935797
8	20	5	8.579569	7.1935797
9	20	5	9.520037	7.1935797
10	20	5	12.523066	7.1935797
11	20	5	9.06868	7.1935797
12	20	5	10.221196	7.1935797
13	20	5	11.350891	7.1935797
14	20	5	7.4088755	7.1935797
15	20	5	11.361409	7.1935797
16	20	5	9.362865	7.1935797
17	20	5	9.689854	7.1935797
18	20	5	11.5821705	7.1935797
19	20	5	11.4550705	7.1935797
20	20	5	9.674454	7.1935797
21	20	5	8.960063	7.1935797
22	20	5	9.155607	7.1935797
23	20	5	8.553492	7.1935797
0	21	5	10.632928	7.1935797
1	21	5	11.541778	7.1935797
2	21	5	10.781003	7.1935797
3	21	5	13.1917515	7.1935797
4	21	5	10.388389	7.1935797
5	21	5	9.877812	7.1935797
6	21	5	12.753082	7.1935797
7	21	5	9.937828	7.1935797
8	21	5	11.367746	7.1935797
9	21	5	10.355876	7.1935797
10	21	5	13.1872225	7.1935797
11	21	5	8.474365	7.1935797
12	21	5	11.213115	7.1935797
13	21	5	11.174775	7.1935797
14	21	5	8.089894	7.1935797
15	21	5	12.002545	7.1935797
16	21	5	8.977257	7.1935797
17	21	5	11.181873	7.1935797
18	21	5	11.835028	7.1935797
19	21	5	9.927995	7.1935797
20	21	5	11.811585	7.1935797
21	21	5	9.368432	7.1935797
22	21	5	10.333708	7.1935797
23	21	5	8.664549	7.1935797
0	21	5	10.632928	7.554349
1	21	5	11.541778	7.554349
2	21	5	10.781003	7.554349
3	21	5	13.1917515	7.554349
4	21	5	10.388389	7.554349
5	21	5	9.877812	7.554349
6	21	5	12.753082	7.554349
7	21	5	9.937828	7.554349
8	21	5	11.367746	7.554349
9	21	5	10.355876	7.554349
10	21	5	13.1872225	7.554349
11	21	5	8.474365	7.554349
12	21	5	11.213115	7.554349
13	21	5	11.174775	7.554349
14	21	5	8.089894	7.554349
15	21	5	12.002545	7.554349
16	21	5	8.977257	7.554349
17	21	5	11.181873	7.554349
18	21	5	11.835028	7.554349
19	21	5	9.927995	7.554349
20	21	5	11.811585	7.554349
21	21	5	9.368432	7.554349
22	21	5	10.333708	7.554349
23	21	5	8.664549	7.554349
0	22	5	12.3566265	7.554349
1	22	5	12.887023	7.554349
2	22	5	9.464799	7.554349
3	22	5	13.241595	7.554349
4	22	5	11.804382	7.554349
5	22	5	10.654756	7.554349
6	22	5	13.85492	7.554349
7	22	5	10.403805	7.554349
8	22	5	9.4505	7.554349
9	22	5	11.627598	7.554349
10	22	5	13.870273	7.554349
11	22	5	9.134282	7.554349
12	22	5	11.986014	7.554349
13	22	5	11.3991785	7.554349
14	22	5	8.823483	7.554349
15	22	5	12.295879	7.554349
16	22	5	10.49295	7.554349
17	22	5	10.511381	7.554349
18	22	5	11.726145	7.554349
19	22	5	11.524006	7.554349
20	22	5	13.962378	7.554349
21	22	5	8.77167	7.554349
22	22	5	9.987957	7.554349
23	22	5	9.404929	7.554349
0	22	5	12.3566265	7.8466125
1	22	5	12.887023	7.8466125
2	22	5	9.464799	7.8466125
3	22	5	13.241595	7.8466125
4	22	5	11.804382	7.8466125
5	22	5	10.654756	7.8466125
6	22	5	13.85492	7.8466125
7	22	5	10.403805	7.8466125
8	22	5	9.4505	7.8466125
9	22	5	11.627598	7.8466125
10	22	5	13.870273	7.8466125
11	22	5	9.134282	7.8466125
12	22	5	11.986014	7.8466125
13	22	5	11.3991785	7.8466125
14	22	5	8.823483	7.8466125
15	22	5	12.295879	7.8466125
16	22	5	10.49295	7.8466125
17	22	5	10.511381	7.8466125
18	22	5	11.726145	7.8466125
19	22	5	11.524006	7.8466125
20	22	5	13.962378	7.8466125
21	22	5	8.77167	7.8466125
22	22	5	9.987957	7.8466125
23	22	5	9.404929	7.8466125
0	23	5	9.674757	7.8466125
1	23	5	12.033985	7.8466125
2	23	5	8.497637	7.8466125
3	23	5	12.98969	7.8466125
4	23	5	9.823121	7.8466125
5	23	5	9.769761	7.8466125
6	23	5	11.385896	7.8466125
7	23	5	9.449572	7.8466125
8	23	5	10.912992	7.8466125
9	23	5	9.806922	7.8466125
10	23	5	14.3238325	7.8466125
11	23	5	9.981812	7.8466125
12	23	5	10.962335	7.8466125
13	23	5	12.553763	7.8466125
14	23	5	8.212062	7.8466125
15	23	5	12.958225	7.8466125
16	23	5	9.578947	7.8466125
17	23	5	11.825184	7.8466125
18	23	5	14.085786	7.8466125
19	23	5	11.928655	7.8466125
20	23	5	11.427522	7.8466125
21	23	5	8.804681	7.8466125
22	23	5	10.174618	7.8466125
23	23	5	10.473795	7.8466125
0	23	5	9.674757	7.439022
1	23	5	12.033985	7.439022
2	23	5	8.497637	7.439022
3	23	5	12.98969	7.439022
4	23	5	9.823121	7.439022
5	23	5	9.769761	7.439022
6	23	5	11.385896	7.439022
7	23	5	9.449572	7.439022
8	23	5	10.912992	7.439022
9	23	5	9.806922	7.439022
10	23	5	14.3238325	7.439022
11	23	5	9.981812	7.439022
12	23	5	10.962335	7.439022
13	23	5	12.553763	7.439022
14	23	5	8.212062	7.439022
15	23	5	12.958225	7.439022
16	23	5	9.578947	7.439022
17	23	5	11.825184	7.439022
18	23	5	14.085786	7.439022
19	23	5	11.928655	7.439022
20	23	5	11.427522	7.439022
21	23	5	8.804681	7.439022
22	23	5	10.174618	7.439022
23	23	5	10.473795	7.439022
0	24	5	10.884839	7.439022
1	24	5	10.257586	7.439022
2	24	5	8.800051	7.439022
3	24	5	12.300036	7.439022
4	24	5	13.087007	7.439022
5	24	5	10.063572	7.439022
6	24	5	11.713299	7.439022
7	24	5	9.19525	7.439022
8	24	5	12.254958	7.439022
9	24	5	8.830293	7.439022
10	24	5	13.762406	7.439022
11	24	5	9.43541	7.439022
12	24	5	11.058353	7.439022
13	24	5	10.708442	7.439022
14	24	5	8.10168	7.439022
15	24	5	11.065633	7.439022
16	24	5	8.455901	7.439022
17	24	5	10.003589	7.439022
18	24	5	11.060172	7.439022
19	24	5	10.199018	7.439022
20	24	5	10.483611	7.439022
21	24	5	9.515935	7.439022
22	24	5	8.647168	7.439022
23	24	5	8.949445	7.439022
0	24	5	10.884839	7.437182
1	24	5	10.257586	7.437182
2	24	5	8.800051	7.437182
3	24	5	12.300036	7.437182
4	24	5	13.087007	7.437182
5	24	5	10.063572	7.437182
6	24	5	11.713299	7.437182
7	24	5	9.19525	7.437182
8	24	5	12.254958	7.437182
9	24	5	8.830293	7.437182
10	24	5	13.762406	7.437182
11	24	5	9.43541	7.437182
12	24	5	11.058353	7.437182
13	24	5	10.708442	7.437182
14	24	5	8.10168	7.437182
15	24	5	11.065633	7.437182
16	24	5	8.455901	7.437182
17	24	5	10.003589	7.437182
18	24	5	11.060172	7.437182
19	24	5	10.199018	7.437182
20	24	5	10.483611	7.437182
21	24	5	9.515935	7.437182
22	24	5	8.647168	7.437182
23	24	5	8.949445	7.437182
0	25	5	10.638888	7.437182
1	25	5	11.942304	7.437182
2	25	5	9.970894	7.437182
3	25	5	13.092608	7.437182
4	25	5	9.787267	7.437182
5	25	5	9.99029	7.437182
6	25	5	12.902979	7.437182
7	25	5	10.387861	7.437182
8	25	5	10.942483	7.437182
9	25	5	9.187201	7.437182
10	25	5	12.262924	7.437182
11	25	5	9.637585	7.437182
12	25	5	13.147322	7.437182
13	25	5	11.590704	7.437182
14	25	5	6.6470695	7.437182
15	25	5	13.942604	7.437182
16	25	5	11.061059	7.437182
17	25	5	9.602004	7.437182
18	25	5	11.303634	7.437182
19	25	5	11.040557	7.437182
20	25	5	11.179168	7.437182
21	25	5	9.474218	7.437182
22	25	5	9.941997	7.437182
23	25	5	9.214627	7.437182
0	25	5	10.638888	7.752204
1	25	5	11.942304	7.752204
2	25	5	9.970894	7.752204
3	25	5	13.092608	7.752204
4	25	5	9.787267	7.752204
5	25	5	9.99029	7.752204
6	25	5	12.902979	7.752204
7	25	5	10.387861	7.752204
8	25	5	10.942483	7.752204
9	25	5	9.187201	7.752204
10	25	5	12.262924	7.752204
11	25	5	9.637585	7.752204
12	25	5	13.147322	7.752204
13	25	5	11.590704	7.752204
14	25	5	6.6470695	7.752204
15	25	5	13.942604	7.752204
16	25	5	11.061059	7.752204
17	25	5	9.602004	7.752204
18	25	5	11.303634	7.752204
19	25	5	11.040557	7.752204
20	25	5	11.179168	7.752204
21	25	5	9.474218	7.752204
22	25	5	9.941997	7.752204
23	25	5	9.214627	7.752204
0	26	5	10.797029	7.752204
1	26	5	11.81386	7.752204
2	26	5	8.082653	7.752204
3	26	5	12.580765	7.752204
4	26	5	10.755382	7.752204
5	26	5	9.685078	7.752204
6	26	5	13.054779	7.752204
7	26	5	8.487591	7.752204
8	26	5	10.064142	7.752204
9	26	5	9.607976	7.752204
10	26	5	12.955838	7.752204
11	26	5	9.231958	7.752204
12	26	5	10.181109	7.752204
13	26	5	11.247471	7.752204
14	26	5	7.8256636	7.752204
15	26	5	11.255685	7.752204
16	26	5	8.797531	7.752204
17	26	5	9.305405	7.752204
18	26	5	10.936811	7.752204
19	26	5	10.97782	7.752204
20	26	5	11.456147	7.752204
21	26	5	10.550183	7.752204
22	26	5	8.019032	7.752204
23	26	5	9.396631	7.752204
0	26	5	10.797029	7.242765
1	26	5	11.81386	7.242765
2	26	5	8.082653	7.242765
3	26	5	12.580765	7.242765
4	26	5	10.755382	7.242765
5	26	5	9.685078	7.242765
6	26	5	13.054779	7.242765
7	26	5	8.487591	7.242765
8	26	5	10.064142	7.242765
9	26	5	9.607976	7.242765
10	26	5	12.955838	7.242765
11	26	5	9.231958	7.242765
12	26	5	10.181109	7.242765
13	26	5	11.247471	7.242765
14	26	5	7.8256636	7.242765
15	26	5	11.255685	7.242765
16	26	5	8.797531	7.242765
17	26	5	9.305405	7.242765
18	26	5	10.936811	7.242765
19	26	5	10.97782	7.242765
20	26	5	11.456147	7.242765
21	26	5	10.550183	7.242765
22	26	5	8.019032	7.242765
23	26	5	9.396631	7.242765
0	27	5	9.515555	7.242765
1	27	5	11.16249	7.242765
2	27	5	9.248555	7.242765
3	27	5	13.017132	7.242765
4	27	5	10.457892	7.242765
5	27	5	8.662736	7.242765
6	27	5	13.300803	7.242765
7	27	5	9.424669	7.242765
8	27	5	10.663221	7.242765
9	27	5	9.344868	7.242765
10	27	5	13.3123865	7.242765
11	27	5	9.744308	7.242765
12	27	5	11.985238	7.242765
13	27	5	11.161163	7.242765
14	27	5	7.345948	7.242765
15	27	5	12.577465	7.242765
16	27	5	9.107793	7.242765
17	27	5	10.834979	7.242765
18	27	5	11.872473	7.242765
19	27	5	11.183359	7.242765
20	27	5	9.916823	7.242765
21	27	5	8.31557	7.242765
22	27	5	10.652298	7.242765
23	27	5	10.053119	7.242765
0	27	5	9.515555	7.6390233
1	27	5	11.16249	7.6390233
2	27	5	9.248555	7.6390233
3	27	5	13.017132	7.6390233
4	27	5	10.457892	7.6390233
5	27	5	8.662736	7.6390233
6	27	5	13.300803	7.6390233
7	27	5	9.424669	7.6390233
8	27	5	10.663221	7.6390233
9	27	5	9.344868	7.6390233
10	27	5	13.3123865	7.6390233
11	27	5	9.744308	7.6390233
12	27	5	11.985238	7.6390233
13	27	5	11.161163	7.6390233
14	27	5	7.345948	7.6390233
15	27	5	12.577465	7.6390233
16	27	5	9.107793	7.6390233
17	27	5	10.834979	7.6390233
18	27	5	11.872473	7.6390233
19	27	5	11.183359	7.6390233
20	27	5	9.916823	7.6390233
21	27	5	8.31557	7.6390233
22	27	5	10.652298	7.6390233
23	27	5	10.053119	7.6390233
0	28	5	10.273782	7.6390233
1	28	5	11.264567	7.6390233
2	28	5	8.513362	7.6390233
3	28	5	12.971492	7.6390233
4	28	5	11.932768	7.6390233
5	28	5	9.197056	7.6390233
6	28	5	12.890122	7.6390233
7	28	5	9.917177	7.6390233
8	28	5	9.87183	7.6390233
9	28	5	9.942371	7.6390233
10	28	5	14.582887	7.6390233
11	28	5	10.162842	7.6390233
12	28	5	11.837241	7.6390233
13	28	5	11.370502	7.6390233
14	28	5	7.178629	7.6390233
15	28	5	12.402308	7.6390233
16	28	5	8.816211	7.6390233
17	28	5	9.968543	7.6390233
18	28	5	13.150457	7.6390233
19	28	5	9.978288	7.6390233
20	28	5	10.61216	7.6390233
21	28	5	8.677808	7.6390233
22	28	5	9.721404	7.6390233
23	28	5	10.368393	7.6390233
0	28	5	10.273782	7.738172
1	28	5	11.264567	7.738172
2	28	5	8.513362	7.738172
3	28	5	12.971492	7.738172
4	28	5	11.932768	7.738172
5	28	5	9.197056	7.738172
6	28	5	12.890122	7.738172
7	28	5	9.917177	7.738172
8	28	5	9.87183	7.738172
9	28	5	9.942371	7.738172
10	28	5	14.582887	7.738172
11	28	5	10.162842	7.738172
12	28	5	11.837241	7.738172
13	28	5	11.370502	7.738172
14	28	5	7.178629	7.738172
15	28	5	12.402308	7.738172
16	28	5	8.816211	7.738172
17	28	5	9.968543	7.738172
18	28	5	13.150457	7.738172
19	28	5	9.978288	7.738172
20	28	5	10.61216	7.738172
21	28	5	8.677808	7.738172
22	28	5	9.721404	7.738172
23	28	5	10.368393	7.738172
0	29	5	9.781138	7.738172
1	29	5	10.833078	7.738172
2	29	5	8.891373	7.738172
3	29	5	12.556537	7.738172
4	29	5	11.741909	7.738172
5	29	5	8.891291	7.738172
6	29	5	11.680788	7.738172
7	29	5	9.7132635	7.738172
8	29	5	11.115266	7.738172
9	29	5	8.919937	7.738172
10	29	5	14.276025	7.738172
11	29	5	10.315309	7.738172
12	29	5	11.279051	7.738172
13	29	5	11.522606	7.738172
14	29	5	7.3983064	7.738172
15	29	5	12.428186	7.738172
16	29	5	8.790502	7.738172
17	29	5	10.207285	7.738172
18	29	5	11.919322	7.738172
19	29	5	10.515379	7.738172
20	29	5	9.737469	7.738172
21	29	5	8.78994	7.738172
22	29	5	9.8429785	7.738172
23	29	5	10.27512	7.738172
0	29	5	9.781138	7.592429
1	29	5	10.833078	7.592429
2	29	5	8.891373	7.592429
3	29	5	12.556537	7.592429
4	29	5	11.741909	7.592429
5	29	5	8.891291	7.592429
6	29	5	11.680788	7.592429
7	29	5	9.7132635	7.592429
8	29	5	11.115266	7.592429
9	29	5	8.919937	7.592429
10	29	5	14.276025	7.592429
11	29	5	10.315309	7.592429
12	29	5	11.279051	7.592429
13	29	5	11.522606	7.592429
14	29	5	7.3983064	7.592429
15	29	5	12.428186	7.592429
16	29	5	8.790502	7.592429
17	29	5	10.207285	7.592429
18	29	5	11.919322	7.592429
19	29	5	10.515379	7.592429
20	29	5	9.737469	7.592429
21	29	5	8.78994	7.592429
22	29	5	9.8429785	7.592429
23	29	5	10.27512	7.592429
0	0	6	12.847711	7.592429
1	0	6	10.243504	7.592429
2	0	6	9.204749	7.592429
3	0	6	12.398904	7.592429
4	0	6	11.156325	7.592429
5	0	6	9.772268	7.592429
6	0	6	12.560992	7.592429
7	0	6	10.671073	7.592429
8	0	6	9.527417	7.592429
9	0	6	9.726919	7.592429
10	0	6	12.604221	7.592429
11	0	6	9.126952	7.592429
12	0	6	9.659801	7.592429
13	0	6	10.009256	7.592429
14	0	6	8.569299	7.592429
15	0	6	12.087267	7.592429
16	0	6	9.027176	7.592429
17	0	6	10.121141	7.592429
18	0	6	11.8690815	7.592429
19	0	6	11.255308	7.592429
20	0	6	10.618945	7.592429
21	0	6	8.805915	7.592429
22	0	6	9.027512	7.592429
23	0	6	8.596639	7.592429
0	0	6	12.847711	7.777078
1	0	6	10.243504	7.777078
2	0	6	9.204749	7.777078
3	0	6	12.398904	7.777078
4	0	6	11.156325	7.777078
5	0	6	9.772268	7.777078
6	0	6	12.560992	7.777078
7	0	6	10.671073	7.777078
8	0	6	9.527417	7.777078
9	0	6	9.726919	7.777078
10	0	6	12.604221	7.777078
11	0	6	9.126952	7.777078
12	0	6	9.659801	7.777078
13	0	6	10.009256	7.777078
14	0	6	8.569299	7.777078
15	0	6	12.087267	7.777078
16	0	6	9.027176	7.777078
17	0	6	10.121141	7.777078
18	0	6	11.8690815	7.777078
19	0	6	11.255308	7.777078
20	0	6	10.618945	7.777078
21	0	6	8.805915	7.777078
22	0	6	9.027512	7.777078
23	0	6	8.596639	7.777078
0	1	6	11.654308	7.777078
1	1	6	10.208122	7.777078
2	1	6	7.7267747	7.777078
3	1	6	11.914479	7.777078
4	1	6	10.446928	7.777078
5	1	6	9.085619	7.777078
6	1	6	11.545004	7.777078
7	1	6	9.289654	7.777078
8	1	6	9.939481	7.777078
9	1	6	8.609534	7.777078
10	1	6	12.267501	7.777078
11	1	6	8.875662	7.777078
12	1	6	10.116073	7.777078
13	1	6	10.0646925	7.777078
14	1	6	7.4532046	7.777078
15	1	6	11.846495	7.777078
16	1	6	9.147849	7.777078
17	1	6	8.940487	7.777078
18	1	6	10.738985	7.777078
19	1	6	11.06104	7.777078
20	1	6	10.522717	7.777078
21	1	6	9.91899	7.777078
22	1	6	7.692132	7.777078
23	1	6	8.051482	7.777078
0	1	6	11.654308	7.48616
1	1	6	10.208122	7.48616
2	1	6	7.7267747	7.48616
3	1	6	11.914479	7.48616
4	1	6	10.446928	7.48616
5	1	6	9.085619	7.48616
6	1	6	11.545004	7.48616
7	1	6	9.289654	7.48616
8	1	6	9.939481	7.48616
9	1	6	8.609534	7.48616
10	1	6	12.267501	7.48616
11	1	6	8.875662	7.48616
12	1	6	10.116073	7.48616
13	1	6	10.0646925	7.48616
14	1	6	7.4532046	7.48616
15	1	6	11.846495	7.48616
16	1	6	9.147849	7.48616
17	1	6	8.940487	7.48616
18	1	6	10.738985	7.48616
19	1	6	11.06104	7.48616
20	1	6	10.522717	7.48616
21	1	6	9.91899	7.48616
22	1	6	7.692132	7.48616
23	1	6	8.051482	7.48616
0	2	6	11.101148	7.48616
1	2	6	11.711767	7.48616
2	2	6	9.322699	7.48616
3	2	6	12.381378	7.48616
4	2	6	8.954622	7.48616
5	2	6	10.023869	7.48616
6	2	6	12.498355	7.48616
7	2	6	9.607508	7.48616
8	2	6	10.121833	7.48616
9	2	6	8.786211	7.48616
10	2	6	13.214184	7.48616
11	2	6	10.073105	7.48616
12	2	6	10.608433	7.48616
13	2	6	10.67406	7.48616
14	2	6	8.803824	7.48616
15	2	6	11.432605	7.48616
16	2	6	8.208772	7.48616
17	2	6	10.469038	7.48616
18	2	6	12.047379	7.48616
19	2	6	10.580824	7.48616
20	2	6	10.359402	7.48616
21	2	6	8.213456	7.48616
22	2	6	8.500687	7.48616
23	2	6	8.094708	7.48616
0	2	6	11.101148	7.467996
1	2	6	11.711767	7.467996
2	2	6	9.322699	7.467996
3	2	6	12.381378	7.467996
4	2	6	8.954622	7.467996
5	2	6	10.023869	7.467996
6	2	6	12.498355	7.467996
7	2	6	9.607508	7.467996
8	2	6	10.121833	7.467996
9	2	6	8.786211	7.467996
10	2	6	13.214184	7.467996
11	2	6	10.073105	7.467996
12	2	6	10.608433	7.467996
13	2	6	10.67406	7.467996
14	2	6	8.803824	7.467996
15	2	6	11.432605	7.467996
16	2	6	8.208772	7.467996
17	2	6	10.469038	7.467996
18	2	6	12.047379	7.467996
19	2	6	10.580824	7.467996
20	2	6	10.359402	7.467996
21	2	6	8.213456	7.467996
22	2	6	8.500687	7.467996
23	2	6	8.094708	7.467996
0	3	6	11.502081	7.467996
1	3	6	10.359358	7.467996
2	3	6	8.823031	7.467996
3	3	6	11.976095	7.467996
4	3	6	11.347963	7.467996
5	3	6	9.275545	7.467996
6	3	6	11.95926	7.467996
7	3	6	8.91427	7.467996
8	3	6	9.004959	7.467996
9	3	6	8.359306	7.467996
10	3	6	13.2203045	7.467996
11	3	6	8.424145	7.467996
12	3	6	11.57686	7.467996
13	3	6	9.839387	7.467996
14	3	6	7.232161	7.467996
15	3	6	10.816583	7.467996
16	3	6	8.857479	7.467996
17	3	6	10.040761	7.467996
18	3	6	9.898765	7.467996
19	3	6	9.285912	7.467996
20	3	6	10.92869	7.467996
21	3	6	9.568427	7.467996
22	3	6	8.837086	7.467996
23	3	6	8.638912	7.467996
0	3	6	11.502081	7.4135833
1	3	6	10.359358	7.4135833
2	3	6	8.823031	7.4135833
3	3	6	11.976095	7.4135833
4	3	6	11.347963	7.4135833
5	3	6	9.275545	7.4135833
6	3	6	11.95926	7.4135833
7	3	6	8.91427	7.4135833
8	3	6	9.004959	7.4135833
9	3	6	8.359306	7.4135833
10	3	6	13.2203045	7.4135833
11	3	6	8.424145	7.4135833
12	3	6	11.57686	7.4135833
13	3	6	9.839387	7.4135833
14	3	6	7.232161	7.4135833
15	3	6	10.816583	7.4135833
16	3	6	8.857479	7.4135833
17	3	6	10.040761	7.4135833
18	3	6	9.898765	7.4135833
19	3	6	9.285912	7.4135833
20	3	6	10.92869	7.4135833
21	3	6	9.568427	7.4135833
22	3	6	8.837086	7.4135833
23	3	6	8.638912	7.4135833
0	4	6	11.26576	7.4135833
1	4	6	9.936522	7.4135833
2	4	6	9.030343	7.4135833
3	4	6	12.241443	7.4135833
4	4	6	7.645767	7.4135833
5	4	6	8.239537	7.4135833
6	4	6	11.96898	7.4135833
7	4	6	8.334648	7.4135833
8	4	6	10.116407	7.4135833
9	4	6	8.618458	7.4135833
10	4	6	12.368008	7.4135833
11	4	6	7.7966585	7.4135833
12	4	6	11.721377	7.4135833
13	4	6	10.247028	7.4135833
14	4	6	8.698727	7.4135833
15	4	6	11.455027	7.4135833
16	4	6	9.457919	7.4135833
17	4	6	8.5884075	7.4135833
18	4	6	10.581419	7.4135833
19	4	6	10.998239	7.4135833
20	4	6	10.718275	7.4135833
21	4	6	9.584455	7.4135833
22	4	6	9.597373	7.4135833
23	4	6	8.491435	7.4135833
0	4	6	11.26576	7.508918
1	4	6	9.936522	7.508918
2	4	6	9.030343	7.508918
3	4	6	12.241443	7.508918
4	4	6	7.645767	7.508918
5	4	6	8.239537	7.508918
6	4	6	11.96898	7.508918
7	4	6	8.334648	7.508918
8	4	6	10.116407	7.508918
9	4	6	8.618458	7.508918
10	4	6	12.368008	7.508918
11	4	6	7.7966585	7.508918
12	4	6	11.721377	7.508918
13	4	6	10.247028	7.508918
14	4	6	8.698727	7.508918
15	4	6	11.455027	7.508918
16	4	6	9.457919	7.508918
17	4	6	8.5884075	7.508918
18	4	6	10.581419	7.508918
19	4	6	10.998239	7.508918
20	4	6	10.718275	7.508918
21	4	6	9.584455	7.508918
22	4	6	9.597373	7.508918
23	4	6	8.491435	7.508918
0	5	6	12.411609	7.508918
1	5	6	10.460405	7.508918
2	5	6	8.962268	7.508918
3	5	6	11.875996	7.508918
4	5	6	10.2105465	7.508918
5	5	6	8.884451	7.508918
6	5	6	11.880596	7.508918
7	5	6	8.874307	7.508918
8	5	6	10.363011	7.508918
9	5	6	8.2854	7.508918
10	5	6	12.404764	7.508918
11	5	6	8.962989	7.508918
12	5	6	10.724081	7.508918
13	5	6	9.974807	7.508918
14	5	6	7.529578	7.508918
15	5	6	11.454639	7.508918
16	5	6	8.690775	7.508918
17	5	6	9.1806135	7.508918
18	5	6	11.539901	7.508918
19	5	6	10.126101	7.508918
20	5	6	11.684651	7.508918
21	5	6	10.504733	7.508918
22	5	6	8.249037	7.508918
23	5	6	8.376457	7.508918
0	5	6	12.411609	7.5683093
1	5	6	10.460405	7.5683093
2	5	6	8.962268	7.5683093
3	5	6	11.875996	7.5683093
4	5	6	10.2105465	7.5683093
5	5	6	8.884451	7.5683093
6	5	6	11.880596	7.5683093
7	5	6	8.874307	7.5683093
8	5	6	10.363011	7.5683093
9	5	6	8.2854	7.5683093
10	5	6	12.404764	7.5683093
11	5	6	8.962989	7.5683093
12	5	6	10.724081	7.5683093
13	5	6	9.974807	7.5683093
14	5	6	7.529578	7.5683093
15	5	6	11.454639	7.5683093
16	5	6	8.690775	7.5683093
17	5	6	9.1806135	7.5683093
18	5	6	11.539901	7.5683093
19	5	6	10.126101	7.5683093
20	5	6	11.684651	7.5683093
21	5	6	10.504733	7.5683093
22	5	6	8.249037	7.5683093
23	5	6	8.376457	7.5683093
0	6	6	11.407671	7.5683093
1	6	6	10.844783	7.5683093
2	6	6	9.62249	7.5683093
3	6	6	11.907982	7.5683093
4	6	6	9.50855	7.5683093
5	6	6	9.593991	7.5683093
6	6	6	12.410166	7.5683093
7	6	6	9.622169	7.5683093
8	6	6	8.843184	7.5683093
9	6	6	8.352061	7.5683093
10	6	6	12.6043625	7.5683093
11	6	6	8.392457	7.5683093
12	6	6	11.328517	7.5683093
13	6	6	9.584551	7.5683093
14	6	6	6.7805524	7.5683093
15	6	6	11.536185	7.5683093
16	6	6	10.129694	7.5683093
17	6	6	9.348181	7.5683093
18	6	6	10.6355505	7.5683093
19	6	6	11.157362	7.5683093
20	6	6	9.9846115	7.5683093
21	6	6	9.337405	7.5683093
22	6	6	9.5284815	7.5683093
23	6	6	8.174561	7.5683093
0	6	6	11.407671	7.4962063
1	6	6	10.844783	7.4962063
2	6	6	9.62249	7.4962063
3	6	6	11.907982	7.4962063
4	6	6	9.50855	7.4962063
5	6	6	9.593991	7.4962063
6	6	6	12.410166	7.4962063
7	6	6	9.622169	7.4962063
8	6	6	8.843184	7.4962063
9	6	6	8.352061	7.4962063
10	6	6	12.6043625	7.4962063
11	6	6	8.392457	7.4962063
12	6	6	11.328517	7.4962063
13	6	6	9.584551	7.4962063
14	6	6	6.7805524	7.4962063
15	6	6	11.536185	7.4962063
16	6	6	10.129694	7.4962063
17	6	6	9.348181	7.4962063
18	6	6	10.6355505	7.4962063
19	6	6	11.157362	7.4962063
20	6	6	9.9846115	7.4962063
21	6	6	9.337405	7.4962063
22	6	6	9.5284815	7.4962063
23	6	6	8.174561	7.4962063
0	7	6	9.901561	7.4962063
1	7	6	11.461479	7.4962063
2	7	6	8.0766325	7.4962063
3	7	6	12.731534	7.4962063
4	7	6	10.301641	7.4962063
5	7	6	9.780628	7.4962063
6	7	6	12.1653805	7.4962063
7	7	6	8.649088	7.4962063
8	7	6	9.86616	7.4962063
9	7	6	9.854816	7.4962063
10	7	6	12.785119	7.4962063
11	7	6	8.9875145	7.4962063
12	7	6	13.290921	7.4962063
13	7	6	11.72531	7.4962063
14	7	6	7.406063	7.4962063
15	7	6	12.141149	7.4962063
16	7	6	10.029377	7.4962063
17	7	6	8.541344	7.4962063
18	7	6	11.713654	7.4962063
19	7	6	10.489914	7.4962063
20	7	6	12.538298	7.4962063
21	7	6	9.47676	7.4962063
22	7	6	8.578765	7.4962063
23	7	6	9.481431	7.4962063
0	7	6	9.901561	7.449
1	7	6	11.461479	7.449
2	7	6	8.0766325	7.449
3	7	6	12.731534	7.449
4	7	6	10.301641	7.449
5	7	6	9.780628	7.449
6	7	6	12.1653805	7.449
7	7	6	8.649088	7.449
8	7	6	9.86616	7.449
9	7	6	9.854816	7.449
10	7	6	12.785119	7.449
11	7	6	8.9875145	7.449
12	7	6	13.290921	7.449
13	7	6	11.72531	7.449
14	7	6	7.406063	7.449
15	7	6	12.141149	7.449
16	7	6	10.029377	7.449
17	7	6	8.541344	7.449
18	7	6	11.713654	7.449
19	7	6	10.489914	7.449
20	7	6	12.538298	7.449
21	7	6	9.47676	7.449
22	7	6	8.578765	7.449
23	7	6	9.481431	7.449
0	8	6	13.450561	7.449
1	8	6	10.068101	7.449
2	8	6	9.43716	7.449
3	8	6	12.589088	7.449
4	8	6	10.098838	7.449
5	8	6	9.390693	7.449
6	8	6	11.883381	7.449
7	8	6	9.557704	7.449
8	8	6	9.646945	7.449
9	8	6	9.91366	7.449
10	8	6	12.960863	7.449
11	8	6	8.473933	7.449
12	8	6	12.15179	7.449
13	8	6	11.123823	7.449
14	8	6	9.160059	7.449
15	8	6	11.447823	7.449
16	8	6	8.814836	7.449
17	8	6	8.410965	7.449
18	8	6	11.816738	7.449
19	8	6	11.996851	7.449
20	8	6	10.901522	7.449
21	8	6	10.23964	7.449
22	8	6	8.458564	7.449
23	8	6	8.638477	7.449
0	8	6	13.450561	7.821067
1	8	6	10.068101	7.821067
2	8	6	9.43716	7.821067
3	8	6	12.589088	7.821067
4	8	6	10.098838	7.821067
5	8	6	9.390693	7.821067
6	8	6	11.883381	7.821067
7	8	6	9.557704	7.821067
8	8	6	9.646945	7.821067
9	8	6	9.91366	7.821067
10	8	6	12.960863	7.821067
11	8	6	8.473933	7.821067
12	8	6	12.15179	7.821067
13	8	6	11.123823	7.821067
14	8	6	9.160059	7.821067
15	8	6	11.447823	7.821067
16	8	6	8.814836	7.821067
17	8	6	8.410965	7.821067
18	8	6	11.816738	7.821067
19	8	6	11.996851	7.821067
20	8	6	10.901522	7.821067
21	8	6	10.23964	7.821067
22	8	6	8.458564	7.821067
23	8	6	8.638477	7.821067
0	9	6	11.378509	7.821067
1	9	6	12.830414	7.821067
2	9	6	7.8555684	7.821067
3	9	6	11.829274	7.821067
4	9	6	11.795026	7.821067
5	9	6	9.525806	7.821067
6	9	6	11.780411	7.821067
7	9	6	9.065212	7.821067
8	9	6	10.390816	7.821067
9	9	6	9.859036	7.821067
10	9	6	15.882303	7.821067
11	9	6	8.702819	7.821067
12	9	6	11.059037	7.821067
13	9	6	11.04338	7.821067
14	9	6	8.613659	7.821067
15	9	6	11.416192	7.821067
16	9	6	9.150896	7.821067
17	9	6	9.27111	7.821067
18	9	6	11.58254	7.821067
19	9	6	10.08405	7.821067
20	9	6	10.978636	7.821067
21	9	6	9.143866	7.821067
22	9	6	9.132129	7.821067
23	9	6	9.427014	7.821067
0	9	6	11.378509	7.5311856
1	9	6	12.830414	7.5311856
2	9	6	7.8555684	7.5311856
3	9	6	11.829274	7.5311856
4	9	6	11.795026	7.5311856
5	9	6	9.525806	7.5311856
6	9	6	11.780411	7.5311856
7	9	6	9.065212	7.5311856
8	9	6	10.390816	7.5311856
9	9	6	9.859036	7.5311856
10	9	6	15.882303	7.5311856
11	9	6	8.702819	7.5311856
12	9	6	11.059037	7.5311856
13	9	6	11.04338	7.5311856
14	9	6	8.613659	7.5311856
15	9	6	11.416192	7.5311856
16	9	6	9.150896	7.5311856
17	9	6	9.27111	7.5311856
18	9	6	11.58254	7.5311856
19	9	6	10.08405	7.5311856
20	9	6	10.978636	7.5311856
21	9	6	9.143866	7.5311856
22	9	6	9.132129	7.5311856
23	9	6	9.427014	7.5311856
0	10	6	10.782656	7.5311856
1	10	6	11.260261	7.5311856
2	10	6	8.425563	7.5311856
3	10	6	11.732599	7.5311856
4	10	6	9.952974	7.5311856
5	10	6	9.517688	7.5311856
6	10	6	11.321499	7.5311856
7	10	6	9.363418	7.5311856
8	10	6	8.856152	7.5311856
9	10	6	8.593864	7.5311856
10	10	6	13.740385	7.5311856
11	10	6	8.553979	7.5311856
12	10	6	10.419268	7.5311856
13	10	6	9.798589	7.5311856
14	10	6	7.3218412	7.5311856
15	10	6	10.413021	7.5311856
16	10	6	8.600491	7.5311856
17	10	6	10.4755945	7.5311856
18	10	6	10.452525	7.5311856
19	10	6	10.467057	7.5311856
20	10	6	9.383374	7.5311856
21	10	6	7.9142656	7.5311856
22	10	6	8.937023	7.5311856
23	10	6	8.570162	7.5311856
0	10	6	10.782656	7.30954
1	10	6	11.260261	7.30954
2	10	6	8.425563	7.30954
3	10	6	11.732599	7.30954
4	10	6	9.952974	7.30954
5	10	6	9.517688	7.30954
6	10	6	11.321499	7.30954
7	10	6	9.363418	7.30954
8	10	6	8.856152	7.30954
9	10	6	8.593864	7.30954
10	10	6	13.740385	7.30954
11	10	6	8.553979	7.30954
12	10	6	10.419268	7.30954
13	10	6	9.798589	7.30954
14	10	6	7.3218412	7.30954
15	10	6	10.413021	7.30954
16	10	6	8.600491	7.30954
17	10	6	10.4755945	7.30954
18	10	6	10.452525	7.30954
19	10	6	10.467057	7.30954
20	10	6	9.383374	7.30954
21	10	6	7.9142656	7.30954
22	10	6	8.937023	7.30954
23	10	6	8.570162	7.30954
0	11	6	9.668117	7.30954
1	11	6	10.292461	7.30954
2	11	6	8.152107	7.30954
3	11	6	12.350263	7.30954
4	11	6	10.467717	7.30954
5	11	6	8.828679	7.30954
6	11	6	11.693013	7.30954
7	11	6	10.239782	7.30954
8	11	6	8.813802	7.30954
9	11	6	8.493454	7.30954
10	11	6	12.203166	7.30954
11	11	6	8.945612	7.30954
12	11	6	10.913976	7.30954
13	11	6	10.706081	7.30954
14	11	6	8.256672	7.30954
15	11	6	12.446891	7.30954
16	11	6	9.386686	7.30954
17	11	6	9.800472	7.30954
18	11	6	12.087414	7.30954
19	11	6	10.448499	7.30954
20	11	6	9.0961685	7.30954
21	11	6	8.789357	7.30954
22	11	6	9.54206	7.30954
23	11	6	8.7388115	7.30954
0	11	6	9.668117	7.520066
1	11	6	10.292461	7.520066
2	11	6	8.152107	7.520066
3	11	6	12.350263	7.520066
4	11	6	10.467717	7.520066
5	11	6	8.828679	7.520066
6	11	6	11.693013	7.520066
7	11	6	10.239782	7.520066
8	11	6	8.813802	7.520066
9	11	6	8.493454	7.520066
10	11	6	12.203166	7.520066
11	11	6	8.945612	7.520066
12	11	6	10.913976	7.520066
13	11	6	10.706081	7.520066
14	11	6	8.256672	7.520066
15	11	6	12.446891	7.520066
16	11	6	9.386686	7.520066
17	11	6	9.800472	7.520066
18	11	6	12.087414	7.520066
19	11	6	10.448499	7.520066
20	11	6	9.0961685	7.520066
21	11	6	8.789357	7.520066
22	11	6	9.54206	7.520066
23	11	6	8.7388115	7.520066
0	12	6	11.868288	7.520066
1	12	6	10.553463	7.520066
2	12	6	7.8711195	7.520066
3	12	6	12.861651	7.520066
4	12	6	10.0025	7.520066
5	12	6	10.3727	7.520066
6	12	6	12.559139	7.520066
7	12	6	8.514021	7.520066
8	12	6	8.8225355	7.520066
9	12	6	9.765237	7.520066
10	12	6	13.329284	7.520066
11	12	6	8.43782	7.520066
12	12	6	11.600784	7.520066
13	12	6	10.858319	7.520066
14	12	6	7.462426	7.520066
15	12	6	10.882658	7.520066
16	12	6	8.920673	7.520066
17	12	6	9.402087	7.520066
18	12	6	11.637377	7.520066
19	12	6	10.348684	7.520066
20	12	6	11.398406	7.520066
21	12	6	7.8258004	7.520066
22	12	6	8.710994	7.520066
23	12	6	8.860357	7.520066
0	12	6	11.868288	7.265603
1	12	6	10.553463	7.265603
2	12	6	7.8711195	7.265603
3	12	6	12.861651	7.265603
4	12	6	10.0025	7.265603
5	12	6	10.3727	7.265603
6	12	6	12.559139	7.265603
7	12	6	8.514021	7.265603
8	12	6	8.8225355	7.265603
9	12	6	9.765237	7.265603
10	12	6	13.329284	7.265603
11	12	6	8.43782	7.265603
12	12	6	11.600784	7.265603
13	12	6	10.858319	7.265603
14	12	6	7.462426	7.265603
15	12	6	10.882658	7.265603
16	12	6	8.920673	7.265603
17	12	6	9.402087	7.265603
18	12	6	11.637377	7.265603
19	12	6	10.348684	7.265603
20	12	6	11.398406	7.265603
21	12	6	7.8258004	7.265603
22	12	6	8.710994	7.265603
23	12	6	8.860357	7.265603
0	13	6	11.038276	7.265603
1	13	6	10.754315	7.265603
2	13	6	8.150929	7.265603
3	13	6	12.454562	7.265603
4	13	6	9.778204	7.265603
5	13	6	9.353983	7.265603
6	13	6	13.303012	7.265603
7	13	6	9.171629	7.265603
8	13	6	8.767647	7.265603
9	13	6	9.359961	7.265603
10	13	6	12.921177	7.265603
11	13	6	8.209923	7.265603
12	13	6	11.351744	7.265603
13	13	6	10.34445	7.265603
14	13	6	9.385223	7.265603
15	13	6	10.856096	7.265603
16	13	6	9.118344	7.265603
17	13	6	9.650346	7.265603
18	13	6	12.556748	7.265603
19	13	6	12.191339	7.265603
20	13	6	10.125345	7.265603
21	13	6	9.064586	7.265603
22	13	6	9.922137	7.265603
23	13	6	8.689033	7.265603
0	13	6	11.038276	7.5666203
1	13	6	10.754315	7.5666203
2	13	6	8.150929	7.5666203
3	13	6	12.454562	7.5666203
4	13	6	9.778204	7.5666203
5	13	6	9.353983	7.5666203
6	13	6	13.303012	7.5666203
7	13	6	9.171629	7.5666203
8	13	6	8.767647	7.5666203
9	13	6	9.359961	7.5666203
10	13	6	12.921177	7.5666203
11	13	6	8.209923	7.5666203
12	13	6	11.351744	7.5666203
13	13	6	10.34445	7.5666203
14	13	6	9.385223	7.5666203
15	13	6	10.856096	7.5666203
16	13	6	9.118344	7.5666203
17	13	6	9.650346	7.5666203
18	13	6	12.556748	7.5666203
19	13	6	12.191339	7.5666203
20	13	6	10.125345	7.5666203
21	13	6	9.064586	7.5666203
22	13	6	9.922137	7.5666203
23	13	6	8.689033	7.5666203
0	14	6	9.838592	7.5666203
1	14	6	10.685101	7.5666203
2	14	6	9.846178	7.5666203
3	14	6	12.591625	7.5666203
4	14	6	10.434828	7.5666203
5	14	6	9.642191	7.5666203
6	14	6	12.63429	7.5666203
7	14	6	10.328399	7.5666203
8	14	6	11.234541	7.5666203
9	14	6	9.063792	7.5666203
10	14	6	13.2445545	7.5666203
11	14	6	10.513589	7.5666203
12	14	6	11.283253	7.5666203
13	14	6	11.395739	7.5666203
14	14	6	8.165419	7.5666203
15	14	6	12.21403	7.5666203
16	14	6	8.933259	7.5666203
17	14	6	10.241961	7.5666203
18	14	6	11.538785	7.5666203
19	14	6	10.528946	7.5666203
20	14	6	9.30907	7.5666203
21	14	6	8.492841	7.5666203
22	14	6	9.23423	7.5666203
23	14	6	9.494181	7.5666203
0	14	6	9.838592	7.4902167
1	14	6	10.685101	7.4902167
2	14	6	9.846178	7.4902167
3	14	6	12.591625	7.4902167
4	14	6	10.434828	7.4902167
5	14	6	9.642191	7.4902167
6	14	6	12.63429	7.4902167
7	14	6	10.328399	7.4902167
8	14	6	11.234541	7.4902167
9	14	6	9.063792	7.4902167
10	14	6	13.2445545	7.4902167
11	14	6	10.513589	7.4902167
12	14	6	11.283253	7.4902167
13	14	6	11.395739	7.4902167
14	14	6	8.165419	7.4902167
15	14	6	12.21403	7.4902167
16	14	6	8.933259	7.4902167
17	14	6	10.241961	7.4902167
18	14	6	11.538785	7.4902167
19	14	6	10.528946	7.4902167
20	14	6	9.30907	7.4902167
21	14	6	8.492841	7.4902167
22	14	6	9.23423	7.4902167
23	14	6	9.494181	7.4902167
0	15	6	9.637593	7.4902167
1	15	6	10.732779	7.4902167
2	15	6	8.280392	7.4902167
3	15	6	12.35672	7.4902167
4	15	6	12.111289	7.4902167
5	15	6	9.485224	7.4902167
6	15	6	11.898099	7.4902167
7	15	6	8.926363	7.4902167
8	15	6	9.458456	7.4902167
9	15	6	7.995666	7.4902167
10	15	6	12.560757	7.4902167
11	15	6	9.037219	7.4902167
12	15	6	11.277404	7.4902167
13	15	6	10.411382	7.4902167
14	15	6	7.23556	7.4902167
15	15	6	11.393479	7.4902167
16	15	6	9.197039	7.4902167
17	15	6	9.531206	7.4902167
18	15	6	10.835569	7.4902167
19	15	6	11.071134	7.4902167
20	15	6	9.41216	7.4902167
21	15	6	8.909333	7.4902167
22	15	6	8.58878	7.4902167
23	15	6	8.520374	7.4902167
0	15	6	9.637593	7.303031
1	15	6	10.732779	7.303031
2	15	6	8.280392	7.303031
3	15	6	12.35672	7.303031
4	15	6	12.111289	7.303031
5	15	6	9.485224	7.303031
6	15	6	11.898099	7.303031
7	15	6	8.926363	7.303031
8	15	6	9.458456	7.303031
9	15	6	7.995666	7.303031
10	15	6	12.560757	7.303031
11	15	6	9.037219	7.303031
12	15	6	11.277404	7.303031
13	15	6	10.411382	7.303031
14	15	6	7.23556	7.303031
15	15	6	11.393479	7.303031
16	15	6	9.197039	7.303031
17	15	6	9.531206	7.303031
18	15	6	10.835569	7.303031
19	15	6	11.071134	7.303031
20	15	6	9.41216	7.303031
21	15	6	8.909333	7.303031
22	15	6	8.58878	7.303031
23	15	6	8.520374	7.303031
0	16	6	10.841311	7.303031
1	16	6	12.594518	7.303031
2	16	6	9.364582	7.303031
3	16	6	13.510005	7.303031
4	16	6	8.783906	7.303031
5	16	6	10.415633	7.303031
6	16	6	13.333896	7.303031
7	16	6	9.538648	7.303031
8	16	6	11.2058115	7.303031
9	16	6	10.208719	7.303031
10	16	6	13.2983885	7.303031
11	16	6	9.763473	7.303031
12	16	6	12.577017	7.303031
13	16	6	12.160172	7.303031
14	16	6	9.814352	7.303031
15	16	6	13.854168	7.303031
16	16	6	9.67752	7.303031
17	16	6	9.074308	7.303031
18	16	6	11.503696	7.303031
19	16	6	10.434076	7.303031
20	16	6	10.584709	7.303031
21	16	6	9.694031	7.303031
22	16	6	10.504143	7.303031
23	16	6	9.835129	7.303031
0	16	6	10.841311	7.990927
1	16	6	12.594518	7.990927
2	16	6	9.364582	7.990927
3	16	6	13.510005	7.990927
4	16	6	8.783906	7.990927
5	16	6	10.415633	7.990927
6	16	6	13.333896	7.990927
7	16	6	9.538648	7.990927
8	16	6	11.2058115	7.990927
9	16	6	10.208719	7.990927
10	16	6	13.2983885	7.990927
11	16	6	9.763473	7.990927
12	16	6	12.577017	7.990927
13	16	6	12.160172	7.990927
14	16	6	9.814352	7.990927
15	16	6	13.854168	7.990927
16	16	6	9.67752	7.990927
17	16	6	9.074308	7.990927
18	16	6	11.503696	7.990927
19	16	6	10.434076	7.990927
20	16	6	10.584709	7.990927
21	16	6	9.694031	7.990927
22	16	6	10.504143	7.990927
23	16	6	9.835129	7.990927
0	17	6	11.619742	7.990927
1	17	6	11.515727	7.990927
2	17	6	8.809071	7.990927
3	17	6	12.561862	7.990927
4	17	6	9.471838	7.990927
5	17	6	9.380623	7.990927
6	17	6	12.865874	7.990927
7	17	6	9.57468	7.990927
8	17	6	8.712811	7.990927
9	17	6	10.159858	7.990927
10	17	6	13.512358	7.990927
11	17	6	8.441647	7.990927
12	17	6	10.659993	7.990927
13	17	6	10.300502	7.990927
14	17	6	8.221436	7.990927
15	17	6	11.675502	7.990927
16	17	6	8.758148	7.990927
17	17	6	9.787519	7.990927
18	17	6	10.970437	7.990927
19	17	6	9.593964	7.990927
20	17	6	11.710049	7.990927
21	17	6	8.040546	7.990927
22	17	6	9.075698	7.990927
23	17	6	8.629876	7.990927
0	17	6	11.619742	7.64409
1	17	6	11.515727	7.64409
2	17	6	8.809071	7.64409
3	17	6	12.561862	7.64409
4	17	6	9.471838	7.64409
5	17	6	9.380623	7.64409
6	17	6	12.865874	7.64409
7	17	6	9.57468	7.64409
8	17	6	8.712811	7.64409
9	17	6	10.159858	7.64409
10	17	6	13.512358	7.64409
11	17	6	8.441647	7.64409
12	17	6	10.659993	7.64409
13	17	6	10.300502	7.64409
14	17	6	8.221436	7.64409
15	17	6	11.675502	7.64409
16	17	6	8.758148	7.64409
17	17	6	9.787519	7.64409
18	17	6	10.970437	7.64409
19	17	6	9.593964	7.64409
20	17	6	11.710049	7.64409
21	17	6	8.040546	7.64409
22	17	6	9.075698	7.64409
23	17	6	8.629876	7.64409
0	18	6	11.3576975	7.64409
1	18	6	10.597657	7.64409
2	18	6	8.425531	7.64409
3	18	6	12.631024	7.64409
4	18	6	9.307624	7.64409
5	18	6	9.719997	7.64409
6	18	6	12.051936	7.64409
7	18	6	8.655369	7.64409
8	18	6	9.887839	7.64409
9	18	6	8.434049	7.64409
10	18	6	12.884667	7.64409
11	18	6	9.2478285	7.64409
12	18	6	10.82417	7.64409
13	18	6	10.680365	7.64409
14	18	6	7.6963243	7.64409
15	18	6	10.966888	7.64409
16	18	6	8.179956	7.64409
17	18	6	9.66807	7.64409
18	18	6	11.358332	7.64409
19	18	6	9.467839	7.64409
20	18	6	11.037144	7.64409
21	18	6	7.9280357	7.64409
22	18	6	8.369638	7.64409
23	18	6	8.186415	7.64409
0	18	6	11.3576975	7.4265966
1	18	6	10.597657	7.4265966
2	18	6	8.425531	7.4265966
3	18	6	12.631024	7.4265966
4	18	6	9.307624	7.4265966
5	18	6	9.719997	7.4265966
6	18	6	12.051936	7.4265966
7	18	6	8.655369	7.4265966
8	18	6	9.887839	7.4265966
9	18	6	8.434049	7.4265966
10	18	6	12.884667	7.4265966
11	18	6	9.2478285	7.4265966
12	18	6	10.82417	7.4265966
13	18	6	10.680365	7.4265966
14	18	6	7.6963243	7.4265966
15	18	6	10.966888	7.4265966
16	18	6	8.179956	7.4265966
17	18	6	9.66807	7.4265966
18	18	6	11.358332	7.4265966
19	18	6	9.467839	7.4265966
20	18	6	11.037144	7.4265966
21	18	6	7.9280357	7.4265966
22	18	6	8.369638	7.4265966
23	18	6	8.186415	7.4265966
0	19	6	11.445194	7.4265966
1	19	6	11.559293	7.4265966
2	19	6	8.537574	7.4265966
3	19	6	12.701118	7.4265966
4	19	6	11.49846	7.4265966
5	19	6	9.284437	7.4265966
6	19	6	14.396564	7.4265966
7	19	6	9.473513	7.4265966
8	19	6	8.972682	7.4265966
9	19	6	8.464873	7.4265966
10	19	6	13.218893	7.4265966
11	19	6	9.723626	7.4265966
12	19	6	11.583884	7.4265966
13	19	6	10.568382	7.4265966
14	19	6	9.104194	7.4265966
15	19	6	13.600109	7.4265966
16	19	6	9.427196	7.4265966
17	19	6	10.682758	7.4265966
18	19	6	15.011647	7.4265966
19	19	6	11.016055	7.4265966
20	19	6	11.376116	7.4265966
21	19	6	11.2763605	7.4265966
22	19	6	10.152314	7.4265966
23	19	6	8.7979555	7.4265966
0	19	6	11.445194	8.055454
1	19	6	11.559293	8.055454
2	19	6	8.537574	8.055454
3	19	6	12.701118	8.055454
4	19	6	11.49846	8.055454
5	19	6	9.284437	8.055454
6	19	6	14.396564	8.055454
7	19	6	9.473513	8.055454
8	19	6	8.972682	8.055454
9	19	6	8.464873	8.055454
10	19	6	13.218893	8.055454
11	19	6	9.723626	8.055454
12	19	6	11.583884	8.055454
13	19	6	10.568382	8.055454
14	19	6	9.104194	8.055454
15	19	6	13.600109	8.055454
16	19	6	9.427196	8.055454
17	19	6	10.682758	8.055454
18	19	6	15.011647	8.055454
19	19	6	11.016055	8.055454
20	19	6	11.376116	8.055454
21	19	6	11.2763605	8.055454
22	19	6	10.152314	8.055454
23	19	6	8.7979555	8.055454
0	20	6	11.975152	8.055454
1	20	6	11.815901	8.055454
2	20	6	7.577936	8.055454
3	20	6	12.76065	8.055454
4	20	6	14.318113	8.055454
5	20	6	9.715816	8.055454
6	20	6	12.628166	8.055454
7	20	6	8.966637	8.055454
8	20	6	9.057367	8.055454
9	20	6	9.259645	8.055454
10	20	6	13.947867	8.055454
11	20	6	9.429935	8.055454
12	20	6	14.296417	8.055454
13	20	6	11.776211	8.055454
14	20	6	7.5203857	8.055454
15	20	6	11.999047	8.055454
16	20	6	10.285317	8.055454
17	20	6	9.6352825	8.055454
18	20	6	10.714101	8.055454
19	20	6	10.428615	8.055454
20	20	6	11.112417	8.055454
21	20	6	9.6601095	8.055454
22	20	6	9.374242	8.055454
23	20	6	9.00166	8.055454
0	20	6	11.975152	7.862096
1	20	6	11.815901	7.862096
2	20	6	7.577936	7.862096
3	20	6	12.76065	7.862096
4	20	6	14.318113	7.862096
5	20	6	9.715816	7.862096
6	20	6	12.628166	7.862096
7	20	6	8.966637	7.862096
8	20	6	9.057367	7.862096
9	20	6	9.259645	7.862096
10	20	6	13.947867	7.862096
11	20	6	9.429935	7.862096
12	20	6	14.296417	7.862096
13	20	6	11.776211	7.862096
14	20	6	7.5203857	7.862096
15	20	6	11.999047	7.862096
16	20	6	10.285317	7.862096
17	20	6	9.6352825	7.862096
18	20	6	10.714101	7.862096
19	20	6	10.428615	7.862096
20	20	6	11.112417	7.862096
21	20	6	9.6601095	7.862096
22	20	6	9.374242	7.862096
23	20	6	9.00166	7.862096
0	21	6	11.426098	7.862096
1	21	6	11.297623	7.862096
2	21	6	7.828515	7.862096
3	21	6	12.567565	7.862096
4	21	6	13.060876	7.862096
5	21	6	10.56591	7.862096
6	21	6	12.480446	7.862096
7	21	6	9.103217	7.862096
8	21	6	9.176211	7.862096
9	21	6	8.897267	7.862096
10	21	6	13.476171	7.862096
11	21	6	9.011834	7.862096
12	21	6	13.0111475	7.862096
13	21	6	12.172045	7.862096
14	21	6	7.5369577	7.862096
15	21	6	11.269802	7.862096
16	21	6	10.138876	7.862096
17	21	6	9.151919	7.862096
18	21	6	10.527876	7.862096
19	21	6	10.754848	7.862096
20	21	6	10.75731	7.862096
21	21	6	9.973257	7.862096
22	21	6	8.691622	7.862096
23	21	6	8.89532	7.862096
0	21	6	11.426098	7.5102897
1	21	6	11.297623	7.5102897
2	21	6	7.828515	7.5102897
3	21	6	12.567565	7.5102897
4	21	6	13.060876	7.5102897
5	21	6	10.56591	7.5102897
6	21	6	12.480446	7.5102897
7	21	6	9.103217	7.5102897
8	21	6	9.176211	7.5102897
9	21	6	8.897267	7.5102897
10	21	6	13.476171	7.5102897
11	21	6	9.011834	7.5102897
12	21	6	13.0111475	7.5102897
13	21	6	12.172045	7.5102897
14	21	6	7.5369577	7.5102897
15	21	6	11.269802	7.5102897
16	21	6	10.138876	7.5102897
17	21	6	9.151919	7.5102897
18	21	6	10.527876	7.5102897
19	21	6	10.754848	7.5102897
20	21	6	10.75731	7.5102897
21	21	6	9.973257	7.5102897
22	21	6	8.691622	7.5102897
23	21	6	8.89532	7.5102897
0	22	6	11.868288	7.5102897
1	22	6	10.553463	7.5102897
2	22	6	7.8711195	7.5102897
3	22	6	12.861651	7.5102897
4	22	6	10.0025	7.5102897
5	22	6	10.3727	7.5102897
6	22	6	12.559139	7.5102897
7	22	6	8.514021	7.5102897
8	22	6	8.8225355	7.5102897
9	22	6	9.765237	7.5102897
10	22	6	13.329284	7.5102897
11	22	6	8.43782	7.5102897
12	22	6	11.600784	7.5102897
13	22	6	10.858319	7.5102897
14	22	6	7.462426	7.5102897
15	22	6	10.882658	7.5102897
16	22	6	8.920673	7.5102897
17	22	6	9.402087	7.5102897
18	22	6	11.637377	7.5102897
19	22	6	10.348684	7.5102897
20	22	6	11.398406	7.5102897
21	22	6	7.8258004	7.5102897
22	22	6	8.710994	7.5102897
23	22	6	8.860357	7.5102897
0	22	6	11.868288	7.265603
1	22	6	10.553463	7.265603
2	22	6	7.8711195	7.265603
3	22	6	12.861651	7.265603
4	22	6	10.0025	7.265603
5	22	6	10.3727	7.265603
6	22	6	12.559139	7.265603
7	22	6	8.514021	7.265603
8	22	6	8.8225355	7.265603
9	22	6	9.765237	7.265603
10	22	6	13.329284	7.265603
11	22	6	8.43782	7.265603
12	22	6	11.600784	7.265603
13	22	6	10.858319	7.265603
14	22	6	7.462426	7.265603
15	22	6	10.882658	7.265603
16	22	6	8.920673	7.265603
17	22	6	9.402087	7.265603
18	22	6	11.637377	7.265603
19	22	6	10.348684	7.265603
20	22	6	11.398406	7.265603
21	22	6	7.8258004	7.265603
22	22	6	8.710994	7.265603
23	22	6	8.860357	7.265603
0	23	6	11.25989	7.265603
1	23	6	11.502471	7.265603
2	23	6	8.532657	7.265603
3	23	6	12.835373	7.265603
4	23	6	10.421518	7.265603
5	23	6	10.034209	7.265603
6	23	6	13.342133	7.265603
7	23	6	9.544166	7.265603
8	23	6	8.202245	7.265603
9	23	6	9.714206	7.265603
10	23	6	13.366261	7.265603
11	23	6	9.219661	7.265603
12	23	6	11.5103855	7.265603
13	23	6	10.89807	7.265603
14	23	6	7.2348633	7.265603
15	23	6	11.551217	7.265603
16	23	6	8.92601	7.265603
17	23	6	9.815561	7.265603
18	23	6	10.838238	7.265603
19	23	6	9.801717	7.265603
20	23	6	10.280751	7.265603
21	23	6	8.076099	7.265603
22	23	6	8.270693	7.265603
23	23	6	8.209872	7.265603
0	23	6	11.25989	7.667561
1	23	6	11.502471	7.667561
2	23	6	8.532657	7.667561
3	23	6	12.835373	7.667561
4	23	6	10.421518	7.667561
5	23	6	10.034209	7.667561
6	23	6	13.342133	7.667561
7	23	6	9.544166	7.667561
8	23	6	8.202245	7.667561
9	23	6	9.714206	7.667561
10	23	6	13.366261	7.667561
11	23	6	9.219661	7.667561
12	23	6	11.5103855	7.667561
13	23	6	10.89807	7.667561
14	23	6	7.2348633	7.667561
15	23	6	11.551217	7.667561
16	23	6	8.92601	7.667561
17	23	6	9.815561	7.667561
18	23	6	10.838238	7.667561
19	23	6	9.801717	7.667561
20	23	6	10.280751	7.667561
21	23	6	8.076099	7.667561
22	23	6	8.270693	7.667561
23	23	6	8.209872	7.667561
0	24	6	11.38793	7.667561
1	24	6	10.760377	7.667561
2	24	6	8.580833	7.667561
3	24	6	11.817433	7.667561
4	24	6	12.358628	7.667561
5	24	6	7.9750204	7.667561
6	24	6	12.433707	7.667561
7	24	6	10.012742	7.667561
8	24	6	8.8239355	7.667561
9	24	6	8.766939	7.667561
10	24	6	14.6267805	7.667561
11	24	6	8.318914	7.667561
12	24	6	10.819466	7.667561
13	24	6	10.221078	7.667561
14	24	6	8.022796	7.667561
15	24	6	11.355857	7.667561
16	24	6	9.668489	7.667561
17	24	6	10.015305	7.667561
18	24	6	11.212718	7.667561
19	24	6	9.550465	7.667561
20	24	6	10.205778	7.667561
21	24	6	9.222877	7.667561
22	24	6	9.369818	7.667561
23	24	6	8.911283	7.667561
0	24	6	11.38793	7.842698
1	24	6	10.760377	7.842698
2	24	6	8.580833	7.842698
3	24	6	11.817433	7.842698
4	24	6	12.358628	7.842698
5	24	6	7.9750204	7.842698
6	24	6	12.433707	7.842698
7	24	6	10.012742	7.842698
8	24	6	8.8239355	7.842698
9	24	6	8.766939	7.842698
10	24	6	14.6267805	7.842698
11	24	6	8.318914	7.842698
12	24	6	10.819466	7.842698
13	24	6	10.221078	7.842698
14	24	6	8.022796	7.842698
15	24	6	11.355857	7.842698
16	24	6	9.668489	7.842698
17	24	6	10.015305	7.842698
18	24	6	11.212718	7.842698
19	24	6	9.550465	7.842698
20	24	6	10.205778	7.842698
21	24	6	9.222877	7.842698
22	24	6	9.369818	7.842698
23	24	6	8.911283	7.842698
0	25	6	10.321555	7.842698
1	25	6	10.889199	7.842698
2	25	6	8.141797	7.842698
3	25	6	12.658005	7.842698
4	25	6	11.202003	7.842698
5	25	6	9.088435	7.842698
6	25	6	11.935186	7.842698
7	25	6	10.123242	7.842698
8	25	6	8.655137	7.842698
9	25	6	7.8472953	7.842698
10	25	6	11.952364	7.842698
11	25	6	9.434503	7.842698
12	25	6	12.334029	7.842698
13	25	6	10.829007	7.842698
14	25	6	6.2630625	7.842698
15	25	6	13.367158	7.842698
16	25	6	10.093947	7.842698
17	25	6	8.961566	7.842698
18	25	6	11.779844	7.842698
19	25	6	10.621986	7.842698
20	25	6	9.495292	7.842698
21	25	6	8.486213	7.842698
22	25	6	10.215559	7.842698
23	25	6	8.54533	7.842698
0	25	6	10.321555	7.5866876
1	25	6	10.889199	7.5866876
2	25	6	8.141797	7.5866876
3	25	6	12.658005	7.5866876
4	25	6	11.202003	7.5866876
5	25	6	9.088435	7.5866876
6	25	6	11.935186	7.5866876
7	25	6	10.123242	7.5866876
8	25	6	8.655137	7.5866876
9	25	6	7.8472953	7.5866876
10	25	6	11.952364	7.5866876
11	25	6	9.434503	7.5866876
12	25	6	12.334029	7.5866876
13	25	6	10.829007	7.5866876
14	25	6	6.2630625	7.5866876
15	25	6	13.367158	7.5866876
16	25	6	10.093947	7.5866876
17	25	6	8.961566	7.5866876
18	25	6	11.779844	7.5866876
19	25	6	10.621986	7.5866876
20	25	6	9.495292	7.5866876
21	25	6	8.486213	7.5866876
22	25	6	10.215559	7.5866876
23	25	6	8.54533	7.5866876
0	26	6	12.134254	7.5866876
1	26	6	10.244724	7.5866876
2	26	6	8.595208	7.5866876
3	26	6	12.329816	7.5866876
4	26	6	10.627047	7.5866876
5	26	6	8.718518	7.5866876
6	26	6	11.769075	7.5866876
7	26	6	9.392673	7.5866876
8	26	6	8.61767	7.5866876
9	26	6	9.685265	7.5866876
10	26	6	12.976575	7.5866876
11	26	6	9.135686	7.5866876
12	26	6	11.436986	7.5866876
13	26	6	9.79639	7.5866876
14	26	6	9.347225	7.5866876
15	26	6	11.909801	7.5866876
16	26	6	9.319858	7.5866876
17	26	6	9.074513	7.5866876
18	26	6	10.515564	7.5866876
19	26	6	11.982743	7.5866876
20	26	6	10.351309	7.5866876
21	26	6	9.387834	7.5866876
22	26	6	8.633445	7.5866876
23	26	6	8.529456	7.5866876
0	26	6	12.134254	7.8993564
1	26	6	10.244724	7.8993564
2	26	6	8.595208	7.8993564
3	26	6	12.329816	7.8993564
4	26	6	10.627047	7.8993564
5	26	6	8.718518	7.8993564
6	26	6	11.769075	7.8993564
7	26	6	9.392673	7.8993564
8	26	6	8.61767	7.8993564
9	26	6	9.685265	7.8993564
10	26	6	12.976575	7.8993564
11	26	6	9.135686	7.8993564
12	26	6	11.436986	7.8993564
13	26	6	9.79639	7.8993564
14	26	6	9.347225	7.8993564
15	26	6	11.909801	7.8993564
16	26	6	9.319858	7.8993564
17	26	6	9.074513	7.8993564
18	26	6	10.515564	7.8993564
19	26	6	11.982743	7.8993564
20	26	6	10.351309	7.8993564
21	26	6	9.387834	7.8993564
22	26	6	8.633445	7.8993564
23	26	6	8.529456	7.8993564
0	27	6	11.835466	7.8993564
1	27	6	11.750104	7.8993564
2	27	6	9.476082	7.8993564
3	27	6	13.224979	7.8993564
4	27	6	10.429326	7.8993564
5	27	6	10.264761	7.8993564
6	27	6	12.841757	7.8993564
7	27	6	9.510222	7.8993564
8	27	6	9.073878	7.8993564
9	27	6	10.181987	7.8993564
10	27	6	13.806757	7.8993564
11	27	6	8.771367	7.8993564
12	27	6	12.726305	7.8993564
13	27	6	11.140012	7.8993564
14	27	6	7.558792	7.8993564
15	27	6	11.724906	7.8993564
16	27	6	8.880897	7.8993564
17	27	6	11.1099	7.8993564
18	27	6	11.728519	7.8993564
19	27	6	11.079761	7.8993564
20	27	6	10.981913	7.8993564
21	27	6	9.238379	7.8993564
22	27	6	8.850396	7.8993564
23	27	6	7.9865108	7.8993564
0	27	6	11.835466	7.7296343
1	27	6	11.750104	7.7296343
2	27	6	9.476082	7.7296343
3	27	6	13.224979	7.7296343
4	27	6	10.429326	7.7296343
5	27	6	10.264761	7.7296343
6	27	6	12.841757	7.7296343
7	27	6	9.510222	7.7296343
8	27	6	9.073878	7.7296343
9	27	6	10.181987	7.7296343
10	27	6	13.806757	7.7296343
11	27	6	8.771367	7.7296343
12	27	6	12.726305	7.7296343
13	27	6	11.140012	7.7296343
14	27	6	7.558792	7.7296343
15	27	6	11.724906	7.7296343
16	27	6	8.880897	7.7296343
17	27	6	11.1099	7.7296343
18	27	6	11.728519	7.7296343
19	27	6	11.079761	7.7296343
20	27	6	10.981913	7.7296343
21	27	6	9.238379	7.7296343
22	27	6	8.850396	7.7296343
23	27	6	7.9865108	7.7296343
0	28	6	12.981912	7.7296343
1	28	6	10.184285	7.7296343
2	28	6	8.484319	7.7296343
3	28	6	13.006634	7.7296343
4	28	6	10.289969	7.7296343
5	28	6	9.561427	7.7296343
6	28	6	11.462609	7.7296343
7	28	6	9.086941	7.7296343
8	28	6	8.697744	7.7296343
9	28	6	10.004939	7.7296343
10	28	6	13.036995	7.7296343
11	28	6	8.791785	7.7296343
12	28	6	12.919274	7.7296343
13	28	6	10.657801	7.7296343
14	28	6	10.171359	7.7296343
15	28	6	11.916253	7.7296343
16	28	6	8.899559	7.7296343
17	28	6	7.9628377	7.7296343
18	28	6	11.044653	7.7296343
19	28	6	11.681075	7.7296343
20	28	6	11.201223	7.7296343
21	28	6	9.526961	7.7296343
22	28	6	9.146043	7.7296343
23	28	6	8.577226	7.7296343
0	28	6	12.981912	7.7415547
1	28	6	10.184285	7.7415547
2	28	6	8.484319	7.7415547
3	28	6	13.006634	7.7415547
4	28	6	10.289969	7.7415547
5	28	6	9.561427	7.7415547
6	28	6	11.462609	7.7415547
7	28	6	9.086941	7.7415547
8	28	6	8.697744	7.7415547
9	28	6	10.004939	7.7415547
10	28	6	13.036995	7.7415547
11	28	6	8.791785	7.7415547
12	28	6	12.919274	7.7415547
13	28	6	10.657801	7.7415547
14	28	6	10.171359	7.7415547
15	28	6	11.916253	7.7415547
16	28	6	8.899559	7.7415547
17	28	6	7.9628377	7.7415547
18	28	6	11.044653	7.7415547
19	28	6	11.681075	7.7415547
20	28	6	11.201223	7.7415547
21	28	6	9.526961	7.7415547
22	28	6	9.146043	7.7415547
23	28	6	8.577226	7.7415547
0	29	6	10.894885	7.7415547
1	29	6	11.056077	7.7415547
2	29	6	9.145614	7.7415547
3	29	6	12.771319	7.7415547
4	29	6	10.503118	7.7415547
5	29	6	9.436166	7.7415547
6	29	6	11.973288	7.7415547
7	29	6	9.687807	7.7415547
8	29	6	9.635989	7.7415547
9	29	6	8.439549	7.7415547
10	29	6	13.526523	7.7415547
11	29	6	8.888234	7.7415547
12	29	6	12.221909	7.7415547
13	29	6	10.62912	7.7415547
14	29	6	7.511914	7.7415547
15	29	6	13.666946	7.7415547
16	29	6	10.392508	7.7415547
17	29	6	8.801271	7.7415547
18	29	6	12.743541	7.7415547
19	29	6	11.022938	7.7415547
20	29	6	11.360261	7.7415547
21	29	6	9.797647	7.7415547
22	29	6	11.193405	7.7415547
23	29	6	9.124116	7.7415547
0	29	6	10.894885	7.8581123
1	29	6	11.056077	7.8581123
2	29	6	9.145614	7.8581123
3	29	6	12.771319	7.8581123
4	29	6	10.503118	7.8581123
5	29	6	9.436166	7.8581123
6	29	6	11.973288	7.8581123
7	29	6	9.687807	7.8581123
8	29	6	9.635989	7.8581123
9	29	6	8.439549	7.8581123
10	29	6	13.526523	7.8581123
11	29	6	8.888234	7.8581123
12	29	6	12.221909	7.8581123
13	29	6	10.62912	7.8581123
14	29	6	7.511914	7.8581123
15	29	6	13.666946	7.8581123
16	29	6	10.392508	7.8581123
17	29	6	8.801271	7.8581123
18	29	6	12.743541	7.8581123
19	29	6	11.022938	7.8581123
20	29	6	11.360261	7.8581123
21	29	6	9.797647	7.8581123
22	29	6	11.193405	7.8581123
23	29	6	9.124116	7.8581123
0	0	7	11.242817	7.8581123
1	0	7	10.919667	7.8581123
2	0	7	7.760081	7.8581123
3	0	7	11.935463	7.8581123
4	0	7	9.923723	7.8581123
5	0	7	8.727567	7.8581123
6	0	7	12.396571	7.8581123
7	0	7	8.98748	7.8581123
8	0	7	8.152273	7.8581123
9	0	7	8.385596	7.8581123
10	0	7	13.000478	7.8581123
11	0	7	8.285249	7.8581123
12	0	7	11.027744	7.8581123
13	0	7	9.415894	7.8581123
14	0	7	6.5089726	7.8581123
15	0	7	10.376059	7.8581123
16	0	7	8.851912	7.8581123
17	0	7	9.480031	7.8581123
18	0	7	9.513257	7.8581123
19	0	7	9.760377	7.8581123
20	0	7	9.862692	7.8581123
21	0	7	8.051951	7.8581123
22	0	7	8.762842	7.8581123
23	0	7	8.550002	7.8581123
0	0	7	11.242817	7.3195786
1	0	7	10.919667	7.3195786
2	0	7	7.760081	7.3195786
3	0	7	11.935463	7.3195786
4	0	7	9.923723	7.3195786
5	0	7	8.727567	7.3195786
6	0	7	12.396571	7.3195786
7	0	7	8.98748	7.3195786
8	0	7	8.152273	7.3195786
9	0	7	8.385596	7.3195786
10	0	7	13.000478	7.3195786
11	0	7	8.285249	7.3195786
12	0	7	11.027744	7.3195786
13	0	7	9.415894	7.3195786
14	0	7	6.5089726	7.3195786
15	0	7	10.376059	7.3195786
16	0	7	8.851912	7.3195786
17	0	7	9.480031	7.3195786
18	0	7	9.513257	7.3195786
19	0	7	9.760377	7.3195786
20	0	7	9.862692	7.3195786
21	0	7	8.051951	7.3195786
22	0	7	8.762842	7.3195786
23	0	7	8.550002	7.3195786
0	1	7	11.400436	7.3195786
1	1	7	11.91407	7.3195786
2	1	7	7.6403856	7.3195786
3	1	7	12.179206	7.3195786
4	1	7	9.692051	7.3195786
5	1	7	9.252258	7.3195786
6	1	7	12.203616	7.3195786
7	1	7	8.915235	7.3195786
8	1	7	8.474352	7.3195786
9	1	7	8.570354	7.3195786
10	1	7	12.445057	7.3195786
11	1	7	8.623088	7.3195786
12	1	7	10.824781	7.3195786
13	1	7	10.0969095	7.3195786
14	1	7	6.9840255	7.3195786
15	1	7	11.115626	7.3195786
16	1	7	8.962246	7.3195786
17	1	7	9.990686	7.3195786
18	1	7	10.750466	7.3195786
19	1	7	9.984803	7.3195786
20	1	7	10.281603	7.3195786
21	1	7	8.461531	7.3195786
22	1	7	9.534842	7.3195786
23	1	7	8.361905	7.3195786
0	1	7	11.400436	7.3401556
1	1	7	11.91407	7.3401556
2	1	7	7.6403856	7.3401556
3	1	7	12.179206	7.3401556
4	1	7	9.692051	7.3401556
5	1	7	9.252258	7.3401556
6	1	7	12.203616	7.3401556
7	1	7	8.915235	7.3401556
8	1	7	8.474352	7.3401556
9	1	7	8.570354	7.3401556
10	1	7	12.445057	7.3401556
11	1	7	8.623088	7.3401556
12	1	7	10.824781	7.3401556
13	1	7	10.0969095	7.3401556
14	1	7	6.9840255	7.3401556
15	1	7	11.115626	7.3401556
16	1	7	8.962246	7.3401556
17	1	7	9.990686	7.3401556
18	1	7	10.750466	7.3401556
19	1	7	9.984803	7.3401556
20	1	7	10.281603	7.3401556
21	1	7	8.461531	7.3401556
22	1	7	9.534842	7.3401556
23	1	7	8.361905	7.3401556
0	2	7	9.819266	7.3401556
1	2	7	10.6542425	7.3401556
2	2	7	8.735201	7.3401556
3	2	7	12.236732	7.3401556
4	2	7	9.035627	7.3401556
5	2	7	8.329714	7.3401556
6	2	7	12.375414	7.3401556
7	2	7	9.042469	7.3401556
8	2	7	8.788435	7.3401556
9	2	7	8.634143	7.3401556
10	2	7	13.3134775	7.3401556
11	2	7	8.60417	7.3401556
12	2	7	10.329165	7.3401556
13	2	7	9.580712	7.3401556
14	2	7	6.982407	7.3401556
15	2	7	11.423136	7.3401556
16	2	7	8.558608	7.3401556
17	2	7	9.935423	7.3401556
18	2	7	10.348647	7.3401556
19	2	7	9.712568	7.3401556
20	2	7	9.297612	7.3401556
21	2	7	7.8008757	7.3401556
22	2	7	9.8243885	7.3401556
23	2	7	9.261853	7.3401556
0	2	7	9.819266	7.4417224
1	2	7	10.6542425	7.4417224
2	2	7	8.735201	7.4417224
3	2	7	12.236732	7.4417224
4	2	7	9.035627	7.4417224
5	2	7	8.329714	7.4417224
6	2	7	12.375414	7.4417224
7	2	7	9.042469	7.4417224
8	2	7	8.788435	7.4417224
9	2	7	8.634143	7.4417224
10	2	7	13.3134775	7.4417224
11	2	7	8.60417	7.4417224
12	2	7	10.329165	7.4417224
13	2	7	9.580712	7.4417224
14	2	7	6.982407	7.4417224
15	2	7	11.423136	7.4417224
16	2	7	8.558608	7.4417224
17	2	7	9.935423	7.4417224
18	2	7	10.348647	7.4417224
19	2	7	9.712568	7.4417224
20	2	7	9.297612	7.4417224
21	2	7	7.8008757	7.4417224
22	2	7	9.8243885	7.4417224
23	2	7	9.261853	7.4417224
0	3	7	9.728921	7.4417224
1	3	7	10.284859	7.4417224
2	3	7	8.882376	7.4417224
3	3	7	11.666475	7.4417224
4	3	7	9.870017	7.4417224
5	3	7	8.55119	7.4417224
6	3	7	11.762035	7.4417224
7	3	7	9.3368025	7.4417224
8	3	7	9.528115	7.4417224
9	3	7	7.93468	7.4417224
10	3	7	12.525088	7.4417224
11	3	7	8.39524	7.4417224
12	3	7	10.8357	7.4417224
13	3	7	10.521898	7.4417224
14	3	7	6.647071	7.4417224
15	3	7	11.52676	7.4417224
16	3	7	9.340445	7.4417224
17	3	7	9.062827	7.4417224
18	3	7	10.183266	7.4417224
19	3	7	10.071319	7.4417224
20	3	7	9.4351845	7.4417224
21	3	7	8.804081	7.4417224
22	3	7	9.246527	7.4417224
23	3	7	8.50691	7.4417224
0	3	7	9.728921	7.330815
1	3	7	10.284859	7.330815
2	3	7	8.882376	7.330815
3	3	7	11.666475	7.330815
4	3	7	9.870017	7.330815
5	3	7	8.55119	7.330815
6	3	7	11.762035	7.330815
7	3	7	9.3368025	7.330815
8	3	7	9.528115	7.330815
9	3	7	7.93468	7.330815
10	3	7	12.525088	7.330815
11	3	7	8.39524	7.330815
12	3	7	10.8357	7.330815
13	3	7	10.521898	7.330815
14	3	7	6.647071	7.330815
15	3	7	11.52676	7.330815
16	3	7	9.340445	7.330815
17	3	7	9.062827	7.330815
18	3	7	10.183266	7.330815
19	3	7	10.071319	7.330815
20	3	7	9.4351845	7.330815
21	3	7	8.804081	7.330815
22	3	7	9.246527	7.330815
23	3	7	8.50691	7.330815
0	4	7	9.993125	7.330815
1	4	7	10.575752	7.330815
2	4	7	8.325385	7.330815
3	4	7	12.023192	7.330815
4	4	7	10.446608	7.330815
5	4	7	8.783117	7.330815
6	4	7	10.95322	7.330815
7	4	7	9.890261	7.330815
8	4	7	9.602474	7.330815
9	4	7	7.839089	7.330815
10	4	7	12.872647	7.330815
11	4	7	8.525165	7.330815
12	4	7	10.505871	7.330815
13	4	7	10.436484	7.330815
14	4	7	6.55028	7.330815
15	4	7	11.566544	7.330815
16	4	7	8.629333	7.330815
17	4	7	9.261565	7.330815
18	4	7	11.400913	7.330815
19	4	7	9.852392	7.330815
20	4	7	8.942607	7.330815
21	4	7	7.472845	7.330815
22	4	7	9.70093	7.330815
23	4	7	8.025261	7.330815
0	4	7	9.993125	7.383275
1	4	7	10.575752	7.383275
2	4	7	8.325385	7.383275
3	4	7	12.023192	7.383275
4	4	7	10.446608	7.383275
5	4	7	8.783117	7.383275
6	4	7	10.95322	7.383275
7	4	7	9.890261	7.383275
8	4	7	9.602474	7.383275
9	4	7	7.839089	7.383275
10	4	7	12.872647	7.383275
11	4	7	8.525165	7.383275
12	4	7	10.505871	7.383275
13	4	7	10.436484	7.383275
14	4	7	6.55028	7.383275
15	4	7	11.566544	7.383275
16	4	7	8.629333	7.383275
17	4	7	9.261565	7.383275
18	4	7	11.400913	7.383275
19	4	7	9.852392	7.383275
20	4	7	8.942607	7.383275
21	4	7	7.472845	7.383275
22	4	7	9.70093	7.383275
23	4	7	8.025261	7.383275
0	5	7	11.361	7.383275
1	5	7	10.94922	7.383275
2	5	7	8.245745	7.383275
3	5	7	11.838163	7.383275
4	5	7	10.279474	7.383275
5	5	7	9.255619	7.383275
6	5	7	12.092153	7.383275
7	5	7	8.931912	7.383275
8	5	7	9.626959	7.383275
9	5	7	8.557584	7.383275
10	5	7	12.944323	7.383275
11	5	7	8.608979	7.383275
12	5	7	12.036029	7.383275
13	5	7	11.172206	7.383275
14	5	7	7.7558403	7.383275
15	5	7	12.143076	7.383275
16	5	7	9.893595	7.383275
17	5	7	8.596513	7.383275
18	5	7	10.153346	7.383275
19	5	7	10.29319	7.383275
20	5	7	10.576069	7.383275
21	5	7	10.534027	7.383275
22	5	7	9.449298	7.383275
23	5	7	8.646148	7.383275
0	5	7	11.361	7.567203
1	5	7	10.94922	7.567203
2	5	7	8.245745	7.567203
3	5	7	11.838163	7.567203
4	5	7	10.279474	7.567203
5	5	7	9.255619	7.567203
6	5	7	12.092153	7.567203
7	5	7	8.931912	7.567203
8	5	7	9.626959	7.567203
9	5	7	8.557584	7.567203
10	5	7	12.944323	7.567203
11	5	7	8.608979	7.567203
12	5	7	12.036029	7.567203
13	5	7	11.172206	7.567203
14	5	7	7.7558403	7.567203
15	5	7	12.143076	7.567203
16	5	7	9.893595	7.567203
17	5	7	8.596513	7.567203
18	5	7	10.153346	7.567203
19	5	7	10.29319	7.567203
20	5	7	10.576069	7.567203
21	5	7	10.534027	7.567203
22	5	7	9.449298	7.567203
23	5	7	8.646148	7.567203
0	6	7	10.927751	7.567203
1	6	7	11.16507	7.567203
2	6	7	8.125089	7.567203
3	6	7	12.056984	7.567203
4	6	7	8.520403	7.567203
5	6	7	9.3776865	7.567203
6	6	7	12.460617	7.567203
7	6	7	9.103581	7.567203
8	6	7	8.545087	7.567203
9	6	7	8.545607	7.567203
10	6	7	12.184734	7.567203
11	6	7	8.306126	7.567203
12	6	7	11.111375	7.567203
13	6	7	9.253645	7.567203
14	6	7	7.5088563	7.567203
15	6	7	12.098494	7.567203
16	6	7	8.977422	7.567203
17	6	7	8.813261	7.567203
18	6	7	11.291542	7.567203
19	6	7	10.880191	7.567203
20	6	7	10.219961	7.567203
21	6	7	9.305874	7.567203
22	6	7	9.471091	7.567203
23	6	7	7.526851	7.567203
0	6	7	10.927751	7.513642
1	6	7	11.16507	7.513642
2	6	7	8.125089	7.513642
3	6	7	12.056984	7.513642
4	6	7	8.520403	7.513642
5	6	7	9.3776865	7.513642
6	6	7	12.460617	7.513642
7	6	7	9.103581	7.513642
8	6	7	8.545087	7.513642
9	6	7	8.545607	7.513642
10	6	7	12.184734	7.513642
11	6	7	8.306126	7.513642
12	6	7	11.111375	7.513642
13	6	7	9.253645	7.513642
14	6	7	7.5088563	7.513642
15	6	7	12.098494	7.513642
16	6	7	8.977422	7.513642
17	6	7	8.813261	7.513642
18	6	7	11.291542	7.513642
19	6	7	10.880191	7.513642
20	6	7	10.219961	7.513642
21	6	7	9.305874	7.513642
22	6	7	9.471091	7.513642
23	6	7	7.526851	7.513642
0	7	7	10.074291	7.513642
1	7	7	10.020191	7.513642
2	7	7	7.1209354	7.513642
3	7	7	12.436333	7.513642
4	7	7	10.347454	7.513642
5	7	7	8.527122	7.513642
6	7	7	11.211106	7.513642
7	7	7	8.523827	7.513642
8	7	7	8.509514	7.513642
9	7	7	9.351724	7.513642
10	7	7	13.256528	7.513642
11	7	7	8.750909	7.513642
12	7	7	10.904697	7.513642
13	7	7	9.670609	7.513642
14	7	7	8.220029	7.513642
15	7	7	11.3908205	7.513642
16	7	7	9.2845545	7.513642
17	7	7	9.31622	7.513642
18	7	7	10.775974	7.513642
19	7	7	10.272228	7.513642
20	7	7	10.190802	7.513642
21	7	7	7.777585	7.513642
22	7	7	8.216332	7.513642
23	7	7	8.8842745	7.513642
0	7	7	10.074291	7.498463
1	7	7	10.020191	7.498463
2	7	7	7.1209354	7.498463
3	7	7	12.436333	7.498463
4	7	7	10.347454	7.498463
5	7	7	8.527122	7.498463
6	7	7	11.211106	7.498463
7	7	7	8.523827	7.498463
8	7	7	8.509514	7.498463
9	7	7	9.351724	7.498463
10	7	7	13.256528	7.498463
11	7	7	8.750909	7.498463
12	7	7	10.904697	7.498463
13	7	7	9.670609	7.498463
14	7	7	8.220029	7.498463
15	7	7	11.3908205	7.498463
16	7	7	9.2845545	7.498463
17	7	7	9.31622	7.498463
18	7	7	10.775974	7.498463
19	7	7	10.272228	7.498463
20	7	7	10.190802	7.498463
21	7	7	7.777585	7.498463
22	7	7	8.216332	7.498463
23	7	7	8.8842745	7.498463
0	8	7	10.804947	7.498463
1	8	7	10.569672	7.498463
2	8	7	7.1075606	7.498463
3	8	7	11.781678	7.498463
4	8	7	8.12454	7.498463
5	8	7	8.947899	7.498463
6	8	7	11.497102	7.498463
7	8	7	8.594896	7.498463
8	8	7	8.6006	7.498463
9	8	7	9.296793	7.498463
10	8	7	12.461886	7.498463
11	8	7	8.126562	7.498463
12	8	7	10.488764	7.498463
13	8	7	10.289864	7.498463
14	8	7	7.229421	7.498463
15	8	7	10.883126	7.498463
16	8	7	8.798492	7.498463
17	8	7	8.2327585	7.498463
18	8	7	9.617468	7.498463
19	8	7	11.377151	7.498463
20	8	7	10.399814	7.498463
21	8	7	7.778214	7.498463
22	8	7	8.132636	7.498463
23	8	7	8.145548	7.498463
0	8	7	10.804947	7.252097
1	8	7	10.569672	7.252097
2	8	7	7.1075606	7.252097
3	8	7	11.781678	7.252097
4	8	7	8.12454	7.252097
5	8	7	8.947899	7.252097
6	8	7	11.497102	7.252097
7	8	7	8.594896	7.252097
8	8	7	8.6006	7.252097
9	8	7	9.296793	7.252097
10	8	7	12.461886	7.252097
11	8	7	8.126562	7.252097
12	8	7	10.488764	7.252097
13	8	7	10.289864	7.252097
14	8	7	7.229421	7.252097
15	8	7	10.883126	7.252097
16	8	7	8.798492	7.252097
17	8	7	8.2327585	7.252097
18	8	7	9.617468	7.252097
19	8	7	11.377151	7.252097
20	8	7	10.399814	7.252097
21	8	7	7.778214	7.252097
22	8	7	8.132636	7.252097
23	8	7	8.145548	7.252097
0	9	7	10.349226	7.252097
1	9	7	10.976933	7.252097
2	9	7	7.872121	7.252097
3	9	7	12.339404	7.252097
4	9	7	10.433327	7.252097
5	9	7	9.75918	7.252097
6	9	7	12.493064	7.252097
7	9	7	8.60083	7.252097
8	9	7	8.580821	7.252097
9	9	7	8.759958	7.252097
10	9	7	12.489763	7.252097
11	9	7	8.417852	7.252097
12	9	7	12.03124	7.252097
13	9	7	11.146003	7.252097
14	9	7	6.6949067	7.252097
15	9	7	10.618856	7.252097
16	9	7	9.612298	7.252097
17	9	7	8.753003	7.252097
18	9	7	10.043097	7.252097
19	9	7	11.101711	7.252097
20	9	7	10.353746	7.252097
21	9	7	8.936033	7.252097
22	9	7	8.685257	7.252097
23	9	7	8.290801	7.252097
0	9	7	10.349226	7.2747955
1	9	7	10.976933	7.2747955
2	9	7	7.872121	7.2747955
3	9	7	12.339404	7.2747955
4	9	7	10.433327	7.2747955
5	9	7	9.75918	7.2747955
6	9	7	12.493064	7.2747955
7	9	7	8.60083	7.2747955
8	9	7	8.580821	7.2747955
9	9	7	8.759958	7.2747955
10	9	7	12.489763	7.2747955
11	9	7	8.417852	7.2747955
12	9	7	12.03124	7.2747955
13	9	7	11.146003	7.2747955
14	9	7	6.6949067	7.2747955
15	9	7	10.618856	7.2747955
16	9	7	9.612298	7.2747955
17	9	7	8.753003	7.2747955
18	9	7	10.043097	7.2747955
19	9	7	11.101711	7.2747955
20	9	7	10.353746	7.2747955
21	9	7	8.936033	7.2747955
22	9	7	8.685257	7.2747955
23	9	7	8.290801	7.2747955
0	10	7	11.103305	7.2747955
1	10	7	9.979007	7.2747955
2	10	7	9.001605	7.2747955
3	10	7	12.422792	7.2747955
4	10	7	9.6473055	7.2747955
5	10	7	9.311656	7.2747955
6	10	7	11.714398	7.2747955
7	10	7	9.3048725	7.2747955
8	10	7	10.987484	7.2747955
9	10	7	8.968638	7.2747955
10	10	7	12.724854	7.2747955
11	10	7	8.418504	7.2747955
12	10	7	10.583325	7.2747955
13	10	7	10.069405	7.2747955
14	10	7	8.035897	7.2747955
15	10	7	11.180964	7.2747955
16	10	7	8.312112	7.2747955
17	10	7	9.555784	7.2747955
18	10	7	12.345602	7.2747955
19	10	7	10.181194	7.2747955
20	10	7	10.443699	7.2747955
21	10	7	9.222305	7.2747955
22	10	7	8.6411495	7.2747955
23	10	7	8.923759	7.2747955
0	10	7	11.103305	7.5697303
1	10	7	9.979007	7.5697303
2	10	7	9.001605	7.5697303
3	10	7	12.422792	7.5697303
4	10	7	9.6473055	7.5697303
5	10	7	9.311656	7.5697303
6	10	7	11.714398	7.5697303
7	10	7	9.3048725	7.5697303
8	10	7	10.987484	7.5697303
9	10	7	8.968638	7.5697303
10	10	7	12.724854	7.5697303
11	10	7	8.418504	7.5697303
12	10	7	10.583325	7.5697303
13	10	7	10.069405	7.5697303
14	10	7	8.035897	7.5697303
15	10	7	11.180964	7.5697303
16	10	7	8.312112	7.5697303
17	10	7	9.555784	7.5697303
18	10	7	12.345602	7.5697303
19	10	7	10.181194	7.5697303
20	10	7	10.443699	7.5697303
21	10	7	9.222305	7.5697303
22	10	7	8.6411495	7.5697303
23	10	7	8.923759	7.5697303
0	11	7	9.618845	7.5697303
1	11	7	11.221526	7.5697303
2	11	7	7.815611	7.5697303
3	11	7	12.148389	7.5697303
4	11	7	8.662043	7.5697303
5	11	7	8.848747	7.5697303
6	11	7	12.004853	7.5697303
7	11	7	8.41422	7.5697303
8	11	7	10.113042	7.5697303
9	11	7	9.746188	7.5697303
10	11	7	13.272361	7.5697303
11	11	7	8.704863	7.5697303
12	11	7	9.930557	7.5697303
13	11	7	11.3401785	7.5697303
14	11	7	6.96553	7.5697303
15	11	7	11.212364	7.5697303
16	11	7	8.903555	7.5697303
17	11	7	9.682801	7.5697303
18	11	7	11.324225	7.5697303
19	11	7	11.113095	7.5697303
20	11	7	9.849773	7.5697303
21	11	7	8.653669	7.5697303
22	11	7	8.527817	7.5697303
23	11	7	8.977466	7.5697303
0	11	7	9.618845	7.1992354
1	11	7	11.221526	7.1992354
2	11	7	7.815611	7.1992354
3	11	7	12.148389	7.1992354
4	11	7	8.662043	7.1992354
5	11	7	8.848747	7.1992354
6	11	7	12.004853	7.1992354
7	11	7	8.41422	7.1992354
8	11	7	10.113042	7.1992354
9	11	7	9.746188	7.1992354
10	11	7	13.272361	7.1992354
11	11	7	8.704863	7.1992354
12	11	7	9.930557	7.1992354
13	11	7	11.3401785	7.1992354
14	11	7	6.96553	7.1992354
15	11	7	11.212364	7.1992354
16	11	7	8.903555	7.1992354
17	11	7	9.682801	7.1992354
18	11	7	11.324225	7.1992354
19	11	7	11.113095	7.1992354
20	11	7	9.849773	7.1992354
21	11	7	8.653669	7.1992354
22	11	7	8.527817	7.1992354
23	11	7	8.977466	7.1992354
0	12	7	10.74672	7.1992354
1	12	7	10.416678	7.1992354
2	12	7	8.260698	7.1992354
3	12	7	12.293646	7.1992354
4	12	7	10.478875	7.1992354
5	12	7	8.825178	7.1992354
6	12	7	12.872647	7.1992354
7	12	7	9.035779	7.1992354
8	12	7	8.475717	7.1992354
9	12	7	7.9402647	7.1992354
10	12	7	12.495323	7.1992354
11	12	7	9.14285	7.1992354
12	12	7	10.698371	7.1992354
13	12	7	9.955175	7.1992354
14	12	7	8.370869	7.1992354
15	12	7	12.335779	7.1992354
16	12	7	9.082392	7.1992354
17	12	7	10.922177	7.1992354
18	12	7	13.058083	7.1992354
19	12	7	10.785765	7.1992354
20	12	7	9.531246	7.1992354
21	12	7	9.720613	7.1992354
22	12	7	9.968147	7.1992354
23	12	7	8.094517	7.1992354
0	12	7	10.74672	7.650871
1	12	7	10.416678	7.650871
2	12	7	8.260698	7.650871
3	12	7	12.293646	7.650871
4	12	7	10.478875	7.650871
5	12	7	8.825178	7.650871
6	12	7	12.872647	7.650871
7	12	7	9.035779	7.650871
8	12	7	8.475717	7.650871
9	12	7	7.9402647	7.650871
10	12	7	12.495323	7.650871
11	12	7	9.14285	7.650871
12	12	7	10.698371	7.650871
13	12	7	9.955175	7.650871
14	12	7	8.370869	7.650871
15	12	7	12.335779	7.650871
16	12	7	9.082392	7.650871
17	12	7	10.922177	7.650871
18	12	7	13.058083	7.650871
19	12	7	10.785765	7.650871
20	12	7	9.531246	7.650871
21	12	7	9.720613	7.650871
22	12	7	9.968147	7.650871
23	12	7	8.094517	7.650871
0	13	7	10.537628	7.650871
1	13	7	9.94638	7.650871
2	13	7	8.75469	7.650871
3	13	7	11.623346	7.650871
4	13	7	10.101631	7.650871
5	13	7	8.904895	7.650871
6	13	7	11.832993	7.650871
7	13	7	8.878658	7.650871
8	13	7	8.255879	7.650871
9	13	7	8.118407	7.650871
10	13	7	11.862934	7.650871
11	13	7	7.9005504	7.650871
12	13	7	11.858884	7.650871
13	13	7	10.568678	7.650871
14	13	7	6.903786	7.650871
15	13	7	11.291256	7.650871
16	13	7	9.93099	7.650871
17	13	7	8.775489	7.650871
18	13	7	10.190225	7.650871
19	13	7	12.07721	7.650871
20	13	7	8.832977	7.650871
21	13	7	9.235553	7.650871
22	13	7	9.080482	7.650871
23	13	7	7.764731	7.650871
0	13	7	10.537628	7.462221
1	13	7	9.94638	7.462221
2	13	7	8.75469	7.462221
3	13	7	11.623346	7.462221
4	13	7	10.101631	7.462221
5	13	7	8.904895	7.462221
6	13	7	11.832993	7.462221
7	13	7	8.878658	7.462221
8	13	7	8.255879	7.462221
9	13	7	8.118407	7.462221
10	13	7	11.862934	7.462221
11	13	7	7.9005504	7.462221
12	13	7	11.858884	7.462221
13	13	7	10.568678	7.462221
14	13	7	6.903786	7.462221
15	13	7	11.291256	7.462221
16	13	7	9.93099	7.462221
17	13	7	8.775489	7.462221
18	13	7	10.190225	7.462221
19	13	7	12.07721	7.462221
20	13	7	8.832977	7.462221
21	13	7	9.235553	7.462221
22	13	7	9.080482	7.462221
23	13	7	7.764731	7.462221
0	14	7	11.015284	7.462221
1	14	7	10.197568	7.462221
2	14	7	8.639206	7.462221
3	14	7	11.6571045	7.462221
4	14	7	9.807566	7.462221
5	14	7	8.580493	7.462221
6	14	7	12.721579	7.462221
7	14	7	9.077938	7.462221
8	14	7	8.806999	7.462221
9	14	7	7.9568453	7.462221
10	14	7	12.125436	7.462221
11	14	7	8.193508	7.462221
12	14	7	10.791645	7.462221
13	14	7	10.443047	7.462221
14	14	7	6.5764794	7.462221
15	14	7	11.739158	7.462221
16	14	7	9.782185	7.462221
17	14	7	9.582978	7.462221
18	14	7	10.184166	7.462221
19	14	7	11.08813	7.462221
20	14	7	9.780152	7.462221
21	14	7	9.177961	7.462221
22	14	7	8.677509	7.462221
23	14	7	8.502646	7.462221
0	14	7	11.015284	7.4955025
1	14	7	10.197568	7.4955025
2	14	7	8.639206	7.4955025
3	14	7	11.6571045	7.4955025
4	14	7	9.807566	7.4955025
5	14	7	8.580493	7.4955025
6	14	7	12.721579	7.4955025
7	14	7	9.077938	7.4955025
8	14	7	8.806999	7.4955025
9	14	7	7.9568453	7.4955025
10	14	7	12.125436	7.4955025
11	14	7	8.193508	7.4955025
12	14	7	10.791645	7.4955025
13	14	7	10.443047	7.4955025
14	14	7	6.5764794	7.4955025
15	14	7	11.739158	7.4955025
16	14	7	9.782185	7.4955025
17	14	7	9.582978	7.4955025
18	14	7	10.184166	7.4955025
19	14	7	11.08813	7.4955025
20	14	7	9.780152	7.4955025
21	14	7	9.177961	7.4955025
22	14	7	8.677509	7.4955025
23	14	7	8.502646	7.4955025
0	15	7	9.73254	7.4955025
1	15	7	9.842757	7.4955025
2	15	7	9.544476	7.4955025
3	15	7	12.16498	7.4955025
4	15	7	8.8624	7.4955025
5	15	7	8.363508	7.4955025
6	15	7	12.058254	7.4955025
7	15	7	8.930618	7.4955025
8	15	7	9.133907	7.4955025
9	15	7	8.371327	7.4955025
10	15	7	12.1243305	7.4955025
11	15	7	7.686987	7.4955025
12	15	7	10.899486	7.4955025
13	15	7	9.461291	7.4955025
14	15	7	6.4355817	7.4955025
15	15	7	10.650151	7.4955025
16	15	7	8.720128	7.4955025
17	15	7	9.61804	7.4955025
18	15	7	10.0285635	7.4955025
19	15	7	9.68648	7.4955025
20	15	7	10.631831	7.4955025
21	15	7	8.373465	7.4955025
22	15	7	9.240745	7.4955025
23	15	7	8.598255	7.4955025
0	15	7	9.73254	7.2191405
1	15	7	9.842757	7.2191405
2	15	7	9.544476	7.2191405
3	15	7	12.16498	7.2191405
4	15	7	8.8624	7.2191405
5	15	7	8.363508	7.2191405
6	15	7	12.058254	7.2191405
7	15	7	8.930618	7.2191405
8	15	7	9.133907	7.2191405
9	15	7	8.371327	7.2191405
10	15	7	12.1243305	7.2191405
11	15	7	7.686987	7.2191405
12	15	7	10.899486	7.2191405
13	15	7	9.461291	7.2191405
14	15	7	6.4355817	7.2191405
15	15	7	10.650151	7.2191405
16	15	7	8.720128	7.2191405
17	15	7	9.61804	7.2191405
18	15	7	10.0285635	7.2191405
19	15	7	9.68648	7.2191405
20	15	7	10.631831	7.2191405
21	15	7	8.373465	7.2191405
22	15	7	9.240745	7.2191405
23	15	7	8.598255	7.2191405
0	16	7	10.910779	7.2191405
1	16	7	11.546127	7.2191405
2	16	7	7.607663	7.2191405
3	16	7	11.961529	7.2191405
4	16	7	9.944111	7.2191405
5	16	7	8.889982	7.2191405
6	16	7	11.982775	7.2191405
7	16	7	9.18851	7.2191405
8	16	7	8.036065	7.2191405
9	16	7	8.302301	7.2191405
10	16	7	12.401702	7.2191405
11	16	7	8.211779	7.2191405
12	16	7	10.924154	7.2191405
13	16	7	10.009253	7.2191405
14	16	7	6.3172626	7.2191405
15	16	7	10.566304	7.2191405
16	16	7	8.874046	7.2191405
17	16	7	9.434699	7.2191405
18	16	7	10.188724	7.2191405
19	16	7	9.595511	7.2191405
20	16	7	9.484327	7.2191405
21	16	7	8.028795	7.2191405
22	16	7	9.268381	7.2191405
23	16	7	7.9532137	7.2191405
0	16	7	10.910779	7.283546
1	16	7	11.546127	7.283546
2	16	7	7.607663	7.283546
3	16	7	11.961529	7.283546
4	16	7	9.944111	7.283546
5	16	7	8.889982	7.283546
6	16	7	11.982775	7.283546
7	16	7	9.18851	7.283546
8	16	7	8.036065	7.283546
9	16	7	8.302301	7.283546
10	16	7	12.401702	7.283546
11	16	7	8.211779	7.283546
12	16	7	10.924154	7.283546
13	16	7	10.009253	7.283546
14	16	7	6.3172626	7.283546
15	16	7	10.566304	7.283546
16	16	7	8.874046	7.283546
17	16	7	9.434699	7.283546
18	16	7	10.188724	7.283546
19	16	7	9.595511	7.283546
20	16	7	9.484327	7.283546
21	16	7	8.028795	7.283546
22	16	7	9.268381	7.283546
23	16	7	7.9532137	7.283546
0	17	7	11.1861925	7.283546
1	17	7	10.082567	7.283546
2	17	7	9.084958	7.283546
3	17	7	11.4975815	7.283546
4	17	7	7.859413	7.283546
5	17	7	8.574175	7.283546
6	17	7	11.6840725	7.283546
7	17	7	8.839247	7.283546
8	17	7	8.470676	7.283546
9	17	7	7.6577554	7.283546
10	17	7	12.364646	7.283546
11	17	7	7.8313227	7.283546
12	17	7	9.874175	7.283546
13	17	7	8.996281	7.283546
14	17	7	7.683926	7.283546
15	17	7	10.848861	7.283546
16	17	7	7.789369	7.283546
17	17	7	9.847312	7.283546
18	17	7	11.414986	7.283546
19	17	7	10.190175	7.283546
20	17	7	10.853139	7.283546
21	17	7	9.118788	7.283546
22	17	7	9.167464	7.283546
23	17	7	7.4054127	7.283546
0	17	7	11.1861925	7.35078
1	17	7	10.082567	7.35078
2	17	7	9.084958	7.35078
3	17	7	11.4975815	7.35078
4	17	7	7.859413	7.35078
5	17	7	8.574175	7.35078
6	17	7	11.6840725	7.35078
7	17	7	8.839247	7.35078
8	17	7	8.470676	7.35078
9	17	7	7.6577554	7.35078
10	17	7	12.364646	7.35078
11	17	7	7.8313227	7.35078
12	17	7	9.874175	7.35078
13	17	7	8.996281	7.35078
14	17	7	7.683926	7.35078
15	17	7	10.848861	7.35078
16	17	7	7.789369	7.35078
17	17	7	9.847312	7.35078
18	17	7	11.414986	7.35078
19	17	7	10.190175	7.35078
20	17	7	10.853139	7.35078
21	17	7	9.118788	7.35078
22	17	7	9.167464	7.35078
23	17	7	7.4054127	7.35078
0	18	7	11.509149	7.35078
1	18	7	9.57279	7.35078
2	18	7	7.4157567	7.35078
3	18	7	12.06113	7.35078
4	18	7	10.264519	7.35078
5	18	7	9.2538395	7.35078
6	18	7	11.797597	7.35078
7	18	7	8.823768	7.35078
8	18	7	8.142898	7.35078
9	18	7	8.910924	7.35078
10	18	7	13.075563	7.35078
11	18	7	7.7446604	7.35078
12	18	7	10.706492	7.35078
13	18	7	10.010837	7.35078
14	18	7	6.8760705	7.35078
15	18	7	10.042404	7.35078
16	18	7	8.193739	7.35078
17	18	7	9.067107	7.35078
18	18	7	10.515373	7.35078
19	18	7	10.053683	7.35078
20	18	7	9.269815	7.35078
21	18	7	8.283004	7.35078
22	18	7	8.208751	7.35078
23	18	7	8.193379	7.35078
0	18	7	11.509149	7.303248
1	18	7	9.57279	7.303248
2	18	7	7.4157567	7.303248
3	18	7	12.06113	7.303248
4	18	7	10.264519	7.303248
5	18	7	9.2538395	7.303248
6	18	7	11.797597	7.303248
7	18	7	8.823768	7.303248
8	18	7	8.142898	7.303248
9	18	7	8.910924	7.303248
10	18	7	13.075563	7.303248
11	18	7	7.7446604	7.303248
12	18	7	10.706492	7.303248
13	18	7	10.010837	7.303248
14	18	7	6.8760705	7.303248
15	18	7	10.042404	7.303248
16	18	7	8.193739	7.303248
17	18	7	9.067107	7.303248
18	18	7	10.515373	7.303248
19	18	7	10.053683	7.303248
20	18	7	9.269815	7.303248
21	18	7	8.283004	7.303248
22	18	7	8.208751	7.303248
23	18	7	8.193379	7.303248
0	19	7	11.126838	7.303248
1	19	7	9.8513975	7.303248
2	19	7	8.4828415	7.303248
3	19	7	11.499239	7.303248
4	19	7	11.589598	7.303248
5	19	7	8.685335	7.303248
6	19	7	11.753977	7.303248
7	19	7	9.564462	7.303248
8	19	7	8.524433	7.303248
9	19	7	7.8966007	7.303248
10	19	7	12.353627	7.303248
11	19	7	7.517171	7.303248
12	19	7	11.714303	7.303248
13	19	7	10.339623	7.303248
14	19	7	7.3914495	7.303248
15	19	7	11.476501	7.303248
16	19	7	9.984724	7.303248
17	19	7	8.922355	7.303248
18	19	7	10.532601	7.303248
19	19	7	11.197909	7.303248
20	19	7	9.016505	7.303248
21	19	7	9.940885	7.303248
22	19	7	9.123871	7.303248
23	19	7	7.910938	7.303248
0	19	7	11.126838	7.617999
1	19	7	9.8513975	7.617999
2	19	7	8.4828415	7.617999
3	19	7	11.499239	7.617999
4	19	7	11.589598	7.617999
5	19	7	8.685335	7.617999
6	19	7	11.753977	7.617999
7	19	7	9.564462	7.617999
8	19	7	8.524433	7.617999
9	19	7	7.8966007	7.617999
10	19	7	12.353627	7.617999
11	19	7	7.517171	7.617999
12	19	7	11.714303	7.617999
13	19	7	10.339623	7.617999
14	19	7	7.3914495	7.617999
15	19	7	11.476501	7.617999
16	19	7	9.984724	7.617999
17	19	7	8.922355	7.617999
18	19	7	10.532601	7.617999
19	19	7	11.197909	7.617999
20	19	7	9.016505	7.617999
21	19	7	9.940885	7.617999
22	19	7	9.123871	7.617999
23	19	7	7.910938	7.617999
0	20	7	10.472341	7.617999
1	20	7	11.103445	7.617999
2	20	7	8.81452	7.617999
3	20	7	12.835956	7.617999
4	20	7	10.703956	7.617999
5	20	7	9.431582	7.617999
6	20	7	11.802132	7.617999
7	20	7	10.337052	7.617999
8	20	7	9.33612	7.617999
9	20	7	8.3991	7.617999
10	20	7	12.538158	7.617999
11	20	7	9.727482	7.617999
12	20	7	11.410283	7.617999
13	20	7	10.735039	7.617999
14	20	7	6.941291	7.617999
15	20	7	12.619496	7.617999
16	20	7	9.003466	7.617999
17	20	7	9.968499	7.617999
18	20	7	11.167306	7.617999
19	20	7	10.264082	7.617999
20	20	7	9.668914	7.617999
21	20	7	8.192391	7.617999
22	20	7	9.669954	7.617999
23	20	7	8.336809	7.617999
0	20	7	10.472341	7.6105857
1	20	7	11.103445	7.6105857
2	20	7	8.81452	7.6105857
3	20	7	12.835956	7.6105857
4	20	7	10.703956	7.6105857
5	20	7	9.431582	7.6105857
6	20	7	11.802132	7.6105857
7	20	7	10.337052	7.6105857
8	20	7	9.33612	7.6105857
9	20	7	8.3991	7.6105857
10	20	7	12.538158	7.6105857
11	20	7	9.727482	7.6105857
12	20	7	11.410283	7.6105857
13	20	7	10.735039	7.6105857
14	20	7	6.941291	7.6105857
15	20	7	12.619496	7.6105857
16	20	7	9.003466	7.6105857
17	20	7	9.968499	7.6105857
18	20	7	11.167306	7.6105857
19	20	7	10.264082	7.6105857
20	20	7	9.668914	7.6105857
21	20	7	8.192391	7.6105857
22	20	7	9.669954	7.6105857
23	20	7	8.336809	7.6105857
0	21	7	10.531495	7.6105857
1	21	7	9.141161	7.6105857
2	21	7	9.303207	7.6105857
3	21	7	12.216882	7.6105857
4	21	7	9.349946	7.6105857
5	21	7	8.438746	7.6105857
6	21	7	12.217481	7.6105857
7	21	7	9.1430235	7.6105857
8	21	7	10.40492	7.6105857
9	21	7	9.278564	7.6105857
10	21	7	12.812108	7.6105857
11	21	7	8.159284	7.6105857
12	21	7	11.8132515	7.6105857
13	21	7	10.865775	7.6105857
14	21	7	7.8159075	7.6105857
15	21	7	10.794774	7.6105857
16	21	7	8.815045	7.6105857
17	21	7	10.68291	7.6105857
18	21	7	10.720011	7.6105857
19	21	7	10.426778	7.6105857
20	21	7	9.602939	7.6105857
21	21	7	8.805388	7.6105857
22	21	7	9.913754	7.6105857
23	21	7	9.420846	7.6105857
0	21	7	10.531495	7.5400743
1	21	7	9.141161	7.5400743
2	21	7	9.303207	7.5400743
3	21	7	12.216882	7.5400743
4	21	7	9.349946	7.5400743
5	21	7	8.438746	7.5400743
6	21	7	12.217481	7.5400743
7	21	7	9.1430235	7.5400743
8	21	7	10.40492	7.5400743
9	21	7	9.278564	7.5400743
10	21	7	12.812108	7.5400743
11	21	7	8.159284	7.5400743
12	21	7	11.8132515	7.5400743
13	21	7	10.865775	7.5400743
14	21	7	7.8159075	7.5400743
15	21	7	10.794774	7.5400743
16	21	7	8.815045	7.5400743
17	21	7	10.68291	7.5400743
18	21	7	10.720011	7.5400743
19	21	7	10.426778	7.5400743
20	21	7	9.602939	7.5400743
21	21	7	8.805388	7.5400743
22	21	7	9.913754	7.5400743
23	21	7	9.420846	7.5400743
0	22	7	9.614068	7.5400743
1	22	7	10.254076	7.5400743
2	22	7	8.163309	7.5400743
3	22	7	12.300544	7.5400743
4	22	7	9.197524	7.5400743
5	22	7	8.379011	7.5400743
6	22	7	11.684579	7.5400743
7	22	7	8.08995	7.5400743
8	22	7	10.182566	7.5400743
9	22	7	8.734999	7.5400743
10	22	7	12.106391	7.5400743
11	22	7	8.223645	7.5400743
12	22	7	10.087845	7.5400743
13	22	7	10.052768	7.5400743
14	22	7	6.6397	7.5400743
15	22	7	10.438883	7.5400743
16	22	7	8.015719	7.5400743
17	22	7	9.032311	7.5400743
18	22	7	11.053449	7.5400743
19	22	7	9.755776	7.5400743
20	22	7	11.243473	7.5400743
21	22	7	8.79647	7.5400743
22	22	7	7.748789	7.5400743
23	22	7	8.504169	7.5400743
0	22	7	9.614068	7.060881
1	22	7	10.254076	7.060881
2	22	7	8.163309	7.060881
3	22	7	12.300544	7.060881
4	22	7	9.197524	7.060881
5	22	7	8.379011	7.060881
6	22	7	11.684579	7.060881
7	22	7	8.08995	7.060881
8	22	7	10.182566	7.060881
9	22	7	8.734999	7.060881
10	22	7	12.106391	7.060881
11	22	7	8.223645	7.060881
12	22	7	10.087845	7.060881
13	22	7	10.052768	7.060881
14	22	7	6.6397	7.060881
15	22	7	10.438883	7.060881
16	22	7	8.015719	7.060881
17	22	7	9.032311	7.060881
18	22	7	11.053449	7.060881
19	22	7	9.755776	7.060881
20	22	7	11.243473	7.060881
21	22	7	8.79647	7.060881
22	22	7	7.748789	7.060881
23	22	7	8.504169	7.060881
0	23	7	10.653213	7.060881
1	23	7	11.045195	7.060881
2	23	7	8.265167	7.060881
3	23	7	12.148864	7.060881
4	23	7	8.551507	7.060881
5	23	7	9.732834	7.060881
6	23	7	12.046908	7.060881
7	23	7	8.649261	7.060881
8	23	7	9.694961	7.060881
9	23	7	8.299549	7.060881
10	23	7	12.370676	7.060881
11	23	7	9.548372	7.060881
12	23	7	10.648259	7.060881
13	23	7	10.30881	7.060881
14	23	7	7.1829967	7.060881
15	23	7	12.031545	7.060881
16	23	7	9.20708	7.060881
17	23	7	8.829256	7.060881
18	23	7	10.48999	7.060881
19	23	7	11.00077	7.060881
20	23	7	10.210993	7.060881
21	23	7	9.443496	7.060881
22	23	7	8.278645	7.060881
23	23	7	8.23534	7.060881
0	23	7	10.653213	7.3373466
1	23	7	11.045195	7.3373466
2	23	7	8.265167	7.3373466
3	23	7	12.148864	7.3373466
4	23	7	8.551507	7.3373466
5	23	7	9.732834	7.3373466
6	23	7	12.046908	7.3373466
7	23	7	8.649261	7.3373466
8	23	7	9.694961	7.3373466
9	23	7	8.299549	7.3373466
10	23	7	12.370676	7.3373466
11	23	7	9.548372	7.3373466
12	23	7	10.648259	7.3373466
13	23	7	10.30881	7.3373466
14	23	7	7.1829967	7.3373466
15	23	7	12.031545	7.3373466
16	23	7	9.20708	7.3373466
17	23	7	8.829256	7.3373466
18	23	7	10.48999	7.3373466
19	23	7	11.00077	7.3373466
20	23	7	10.210993	7.3373466
21	23	7	9.443496	7.3373466
22	23	7	8.278645	7.3373466
23	23	7	8.23534	7.3373466
0	24	7	10.22265	7.3373466
1	24	7	9.501306	7.3373466
2	24	7	8.970851	7.3373466
3	24	7	11.830268	7.3373466
4	24	7	10.079349	7.3373466
5	24	7	8.223381	7.3373466
6	24	7	11.87632	7.3373466
7	24	7	9.628494	7.3373466
8	24	7	10.265088	7.3373466
9	24	7	8.90681	7.3373466
10	24	7	13.125748	7.3373466
11	24	7	6.957622	7.3373466
12	24	7	10.660807	7.3373466
13	24	7	10.612962	7.3373466
14	24	7	7.3175993	7.3373466
15	24	7	10.956549	7.3373466
16	24	7	8.593181	7.3373466
17	24	7	10.460783	7.3373466
18	24	7	10.064028	7.3373466
19	24	7	10.179276	7.3373466
20	24	7	9.807843	7.3373466
21	24	7	9.660832	7.3373466
22	24	7	9.408528	7.3373466
23	24	7	8.878381	7.3373466
0	24	7	10.22265	7.4123783
1	24	7	9.501306	7.4123783
2	24	7	8.970851	7.4123783
3	24	7	11.830268	7.4123783
4	24	7	10.079349	7.4123783
5	24	7	8.223381	7.4123783
6	24	7	11.87632	7.4123783
7	24	7	9.628494	7.4123783
8	24	7	10.265088	7.4123783
9	24	7	8.90681	7.4123783
10	24	7	13.125748	7.4123783
11	24	7	6.957622	7.4123783
12	24	7	10.660807	7.4123783
13	24	7	10.612962	7.4123783
14	24	7	7.3175993	7.4123783
15	24	7	10.956549	7.4123783
16	24	7	8.593181	7.4123783
17	24	7	10.460783	7.4123783
18	24	7	10.064028	7.4123783
19	24	7	10.179276	7.4123783
20	24	7	9.807843	7.4123783
21	24	7	9.660832	7.4123783
22	24	7	9.408528	7.4123783
23	24	7	8.878381	7.4123783
0	25	7	9.858796	7.4123783
1	25	7	10.153646	7.4123783
2	25	7	8.5101595	7.4123783
3	25	7	12.306849	7.4123783
4	25	7	8.477182	7.4123783
5	25	7	8.759352	7.4123783
6	25	7	11.715337	7.4123783
7	25	7	8.941952	7.4123783
8	25	7	11.648848	7.4123783
9	25	7	8.380684	7.4123783
10	25	7	12.407168	7.4123783
11	25	7	8.892261	7.4123783
12	25	7	10.072494	7.4123783
13	25	7	10.336205	7.4123783
14	25	7	7.743727	7.4123783
15	25	7	10.612532	7.4123783
16	25	7	7.8217196	7.4123783
17	25	7	9.98203	7.4123783
18	25	7	11.493959	7.4123783
19	25	7	9.835909	7.4123783
20	25	7	10.492606	7.4123783
21	25	7	8.168418	7.4123783
22	25	7	8.446228	7.4123783
23	25	7	8.182331	7.4123783
0	25	7	9.858796	7.1859794
1	25	7	10.153646	7.1859794
2	25	7	8.5101595	7.1859794
3	25	7	12.306849	7.1859794
4	25	7	8.477182	7.1859794
5	25	7	8.759352	7.1859794
6	25	7	11.715337	7.1859794
7	25	7	8.941952	7.1859794
8	25	7	11.648848	7.1859794
9	25	7	8.380684	7.1859794
10	25	7	12.407168	7.1859794
11	25	7	8.892261	7.1859794
12	25	7	10.072494	7.1859794
13	25	7	10.336205	7.1859794
14	25	7	7.743727	7.1859794
15	25	7	10.612532	7.1859794
16	25	7	7.8217196	7.1859794
17	25	7	9.98203	7.1859794
18	25	7	11.493959	7.1859794
19	25	7	9.835909	7.1859794
20	25	7	10.492606	7.1859794
21	25	7	8.168418	7.1859794
22	25	7	8.446228	7.1859794
23	25	7	8.182331	7.1859794
0	26	7	11.500119	7.1859794
1	26	7	10.268539	7.1859794
2	26	7	8.364771	7.1859794
3	26	7	12.079841	7.1859794
4	26	7	10.936355	7.1859794
5	26	7	9.038383	7.1859794
6	26	7	11.502376	7.1859794
7	26	7	8.4639635	7.1859794
8	26	7	9.110806	7.1859794
9	26	7	7.784898	7.1859794
10	26	7	12.112952	7.1859794
11	26	7	8.69582	7.1859794
12	26	7	12.716007	7.1859794
13	26	7	10.097129	7.1859794
14	26	7	7.2968073	7.1859794
15	26	7	11.614564	7.1859794
16	26	7	9.498158	7.1859794
17	26	7	8.756391	7.1859794
18	26	7	10.07016	7.1859794
19	26	7	10.27009	7.1859794
20	26	7	9.89346	7.1859794
21	26	7	10.050679	7.1859794
22	26	7	9.007774	7.1859794
23	26	7	8.183192	7.1859794
0	26	7	11.500119	7.59567
1	26	7	10.268539	7.59567
2	26	7	8.364771	7.59567
3	26	7	12.079841	7.59567
4	26	7	10.936355	7.59567
5	26	7	9.038383	7.59567
6	26	7	11.502376	7.59567
7	26	7	8.4639635	7.59567
8	26	7	9.110806	7.59567
9	26	7	7.784898	7.59567
10	26	7	12.112952	7.59567
11	26	7	8.69582	7.59567
12	26	7	12.716007	7.59567
13	26	7	10.097129	7.59567
14	26	7	7.2968073	7.59567
15	26	7	11.614564	7.59567
16	26	7	9.498158	7.59567
17	26	7	8.756391	7.59567
18	26	7	10.07016	7.59567
19	26	7	10.27009	7.59567
20	26	7	9.89346	7.59567
21	26	7	10.050679	7.59567
22	26	7	9.007774	7.59567
23	26	7	8.183192	7.59567
0	27	7	10.864182	7.59567
1	27	7	10.487603	7.59567
2	27	7	9.289812	7.59567
3	27	7	11.671177	7.59567
4	27	7	10.857723	7.59567
5	27	7	8.877846	7.59567
6	27	7	12.66168	7.59567
7	27	7	9.450517	7.59567
8	27	7	8.0702305	7.59567
9	27	7	8.722304	7.59567
10	27	7	12.461347	7.59567
11	27	7	7.593966	7.59567
12	27	7	12.597655	7.59567
13	27	7	10.163436	7.59567
14	27	7	7.8129983	7.59567
15	27	7	12.114206	7.59567
16	27	7	10.791923	7.59567
17	27	7	9.678758	7.59567
18	27	7	10.89967	7.59567
19	27	7	11.973185	7.59567
20	27	7	9.8735895	7.59567
21	27	7	10.16383	7.59567
22	27	7	10.195303	7.59567
23	27	7	8.402771	7.59567
0	27	7	10.864182	7.743568
1	27	7	10.487603	7.743568
2	27	7	9.289812	7.743568
3	27	7	11.671177	7.743568
4	27	7	10.857723	7.743568
5	27	7	8.877846	7.743568
6	27	7	12.66168	7.743568
7	27	7	9.450517	7.743568
8	27	7	8.0702305	7.743568
9	27	7	8.722304	7.743568
10	27	7	12.461347	7.743568
11	27	7	7.593966	7.743568
12	27	7	12.597655	7.743568
13	27	7	10.163436	7.743568
14	27	7	7.8129983	7.743568
15	27	7	12.114206	7.743568
16	27	7	10.791923	7.743568
17	27	7	9.678758	7.743568
18	27	7	10.89967	7.743568
19	27	7	11.973185	7.743568
20	27	7	9.8735895	7.743568
21	27	7	10.16383	7.743568
22	27	7	10.195303	7.743568
23	27	7	8.402771	7.743568
0	28	7	10.101422	7.743568
1	28	7	10.865505	7.743568
2	28	7	8.258038	7.743568
3	28	7	12.266372	7.743568
4	28	7	8.331973	7.743568
5	28	7	8.480382	7.743568
6	28	7	12.190993	7.743568
7	28	7	8.944372	7.743568
8	28	7	8.371717	7.743568
9	28	7	9.702585	7.743568
10	28	7	12.362177	7.743568
11	28	7	8.0064945	7.743568
12	28	7	11.352405	7.743568
13	28	7	10.9223175	7.743568
14	28	7	6.682842	7.743568
15	28	7	11.012939	7.743568
16	28	7	9.791493	7.743568
17	28	7	8.732062	7.743568
18	28	7	9.754828	7.743568
19	28	7	11.001369	7.743568
20	28	7	10.26975	7.743568
21	28	7	7.883409	7.743568
22	28	7	9.705041	7.743568
23	28	7	8.396837	7.743568
0	28	7	10.101422	7.4282646
1	28	7	10.865505	7.4282646
2	28	7	8.258038	7.4282646
3	28	7	12.266372	7.4282646
4	28	7	8.331973	7.4282646
5	28	7	8.480382	7.4282646
6	28	7	12.190993	7.4282646
7	28	7	8.944372	7.4282646
8	28	7	8.371717	7.4282646
9	28	7	9.702585	7.4282646
10	28	7	12.362177	7.4282646
11	28	7	8.0064945	7.4282646
12	28	7	11.352405	7.4282646
13	28	7	10.9223175	7.4282646
14	28	7	6.682842	7.4282646
15	28	7	11.012939	7.4282646
16	28	7	9.791493	7.4282646
17	28	7	8.732062	7.4282646
18	28	7	9.754828	7.4282646
19	28	7	11.001369	7.4282646
20	28	7	10.26975	7.4282646
21	28	7	7.883409	7.4282646
22	28	7	9.705041	7.4282646
23	28	7	8.396837	7.4282646
0	29	7	11.148022	7.4282646
1	29	7	10.203083	7.4282646
2	29	7	7.534048	7.4282646
3	29	7	11.4193535	7.4282646
4	29	7	10.425284	7.4282646
5	29	7	8.572952	7.4282646
6	29	7	11.452414	7.4282646
7	29	7	8.972483	7.4282646
8	29	7	9.000584	7.4282646
9	29	7	8.293022	7.4282646
10	29	7	12.960419	7.4282646
11	29	7	7.902192	7.4282646
12	29	7	10.053651	7.4282646
13	29	7	10.158469	7.4282646
14	29	7	7.537266	7.4282646
15	29	7	11.160431	7.4282646
16	29	7	8.820414	7.4282646
17	29	7	8.691212	7.4282646
18	29	7	10.169488	7.4282646
19	29	7	10.259836	7.4282646
20	29	7	10.157928	7.4282646
21	29	7	9.821933	7.4282646
22	29	7	8.331098	7.4282646
23	29	7	8.334572	7.4282646
0	29	7	11.148022	7.4125733
1	29	7	10.203083	7.4125733
2	29	7	7.534048	7.4125733
3	29	7	11.4193535	7.4125733
4	29	7	10.425284	7.4125733
5	29	7	8.572952	7.4125733
6	29	7	11.452414	7.4125733
7	29	7	8.972483	7.4125733
8	29	7	9.000584	7.4125733
9	29	7	8.293022	7.4125733
10	29	7	12.960419	7.4125733
11	29	7	7.902192	7.4125733
12	29	7	10.053651	7.4125733
13	29	7	10.158469	7.4125733
14	29	7	7.537266	7.4125733
15	29	7	11.160431	7.4125733
16	29	7	8.820414	7.4125733
17	29	7	8.691212	7.4125733
18	29	7	10.169488	7.4125733
19	29	7	10.259836	7.4125733
20	29	7	10.157928	7.4125733
21	29	7	9.821933	7.4125733
22	29	7	8.331098	7.4125733
23	29	7	8.334572	7.4125733
0	0	8	11.102032	7.4125733
1	0	8	9.611386	7.4125733
2	0	8	7.4907603	7.4125733
3	0	8	11.822863	7.4125733
4	0	8	9.042093	7.4125733
5	0	8	8.485407	7.4125733
6	0	8	11.146242	7.4125733
7	0	8	8.694373	7.4125733
8	0	8	8.217982	7.4125733
9	0	8	8.519845	7.4125733
10	0	8	12.595172	7.4125733
11	0	8	7.4346714	7.4125733
12	0	8	9.773834	7.4125733
13	0	8	9.371368	7.4125733
14	0	8	7.3748794	7.4125733
15	0	8	10.208709	7.4125733
16	0	8	7.8864036	7.4125733
17	0	8	9.303707	7.4125733
18	0	8	9.950081	7.4125733
19	0	8	9.733387	7.4125733
20	0	8	10.6304245	7.4125733
21	0	8	7.641931	7.4125733
22	0	8	7.841492	7.4125733
23	0	8	7.659201	7.4125733
0	0	8	11.102032	7.2396626
1	0	8	9.611386	7.2396626
2	0	8	7.4907603	7.2396626
3	0	8	11.822863	7.2396626
4	0	8	9.042093	7.2396626
5	0	8	8.485407	7.2396626
6	0	8	11.146242	7.2396626
7	0	8	8.694373	7.2396626
8	0	8	8.217982	7.2396626
9	0	8	8.519845	7.2396626
10	0	8	12.595172	7.2396626
11	0	8	7.4346714	7.2396626
12	0	8	9.773834	7.2396626
13	0	8	9.371368	7.2396626
14	0	8	7.3748794	7.2396626
15	0	8	10.208709	7.2396626
16	0	8	7.8864036	7.2396626
17	0	8	9.303707	7.2396626
18	0	8	9.950081	7.2396626
19	0	8	9.733387	7.2396626
20	0	8	10.6304245	7.2396626
21	0	8	7.641931	7.2396626
22	0	8	7.841492	7.2396626
23	0	8	7.659201	7.2396626
0	1	8	11.516366	7.2396626
1	1	8	11.287351	7.2396626
2	1	8	6.9558883	7.2396626
3	1	8	12.405178	7.2396626
4	1	8	9.8687	7.2396626
5	1	8	9.124282	7.2396626
6	1	8	12.164733	7.2396626
7	1	8	9.013974	7.2396626
8	1	8	8.608563	7.2396626
9	1	8	8.894126	7.2396626
10	1	8	12.121595	7.2396626
11	1	8	9.012252	7.2396626
12	1	8	11.628043	7.2396626
13	1	8	9.4319935	7.2396626
14	1	8	7.455598	7.2396626
15	1	8	12.160778	7.2396626
16	1	8	8.770442	7.2396626
17	1	8	9.08946	7.2396626
18	1	8	10.31682	7.2396626
19	1	8	10.34059	7.2396626
20	1	8	10.4208765	7.2396626
21	1	8	8.920426	7.2396626
22	1	8	8.7937565	7.2396626
23	1	8	7.7418575	7.2396626
0	1	8	11.516366	7.57481
1	1	8	11.287351	7.57481
2	1	8	6.9558883	7.57481
3	1	8	12.405178	7.57481
4	1	8	9.8687	7.57481
5	1	8	9.124282	7.57481
6	1	8	12.164733	7.57481
7	1	8	9.013974	7.57481
8	1	8	8.608563	7.57481
9	1	8	8.894126	7.57481
10	1	8	12.121595	7.57481
11	1	8	9.012252	7.57481
12	1	8	11.628043	7.57481
13	1	8	9.4319935	7.57481
14	1	8	7.455598	7.57481
15	1	8	12.160778	7.57481
16	1	8	8.770442	7.57481
17	1	8	9.08946	7.57481
18	1	8	10.31682	7.57481
19	1	8	10.34059	7.57481
20	1	8	10.4208765	7.57481
21	1	8	8.920426	7.57481
22	1	8	8.7937565	7.57481
23	1	8	7.7418575	7.57481
0	2	8	10.177312	7.57481
1	2	8	9.846043	7.57481
2	2	8	6.938797	7.57481
3	2	8	12.6124525	7.57481
4	2	8	9.517612	7.57481
5	2	8	8.97638	7.57481
6	2	8	10.88801	7.57481
7	2	8	7.95789	7.57481
8	2	8	8.734436	7.57481
9	2	8	9.257234	7.57481
10	2	8	12.789306	7.57481
11	2	8	8.297255	7.57481
12	2	8	11.437847	7.57481
13	2	8	10.070114	7.57481
14	2	8	7.3579526	7.57481
15	2	8	11.158307	7.57481
16	2	8	8.3685	7.57481
17	2	8	9.013029	7.57481
18	2	8	11.207003	7.57481
19	2	8	9.397892	7.57481
20	2	8	10.768318	7.57481
21	2	8	7.3826246	7.57481
22	2	8	7.897314	7.57481
23	2	8	8.492494	7.57481
0	2	8	10.177312	7.235304
1	2	8	9.846043	7.235304
2	2	8	6.938797	7.235304
3	2	8	12.6124525	7.235304
4	2	8	9.517612	7.235304
5	2	8	8.97638	7.235304
6	2	8	10.88801	7.235304
7	2	8	7.95789	7.235304
8	2	8	8.734436	7.235304
9	2	8	9.257234	7.235304
10	2	8	12.789306	7.235304
11	2	8	8.297255	7.235304
12	2	8	11.437847	7.235304
13	2	8	10.070114	7.235304
14	2	8	7.3579526	7.235304
15	2	8	11.158307	7.235304
16	2	8	8.3685	7.235304
17	2	8	9.013029	7.235304
18	2	8	11.207003	7.235304
19	2	8	9.397892	7.235304
20	2	8	10.768318	7.235304
21	2	8	7.3826246	7.235304
22	2	8	7.897314	7.235304
23	2	8	8.492494	7.235304
0	3	8	9.345423	7.235304
1	3	8	10.039737	7.235304
2	3	8	7.2182946	7.235304
3	3	8	12.245376	7.235304
4	3	8	8.512778	7.235304
5	3	8	8.616446	7.235304
6	3	8	11.186924	7.235304
7	3	8	8.007672	7.235304
8	3	8	8.5533905	7.235304
9	3	8	7.7752533	7.235304
10	3	8	11.653542	7.235304
11	3	8	7.949726	7.235304
12	3	8	10.970491	7.235304
13	3	8	9.898368	7.235304
14	3	8	6.9869757	7.235304
15	3	8	10.811593	7.235304
16	3	8	8.072108	7.235304
17	3	8	8.693814	7.235304
18	3	8	10.696761	7.235304
19	3	8	9.732125	7.235304
20	3	8	9.661372	7.235304
21	3	8	7.6637506	7.235304
22	3	8	8.693944	7.235304
23	3	8	7.679502	7.235304
0	3	8	9.345423	7.1169605
1	3	8	10.039737	7.1169605
2	3	8	7.2182946	7.1169605
3	3	8	12.245376	7.1169605
4	3	8	8.512778	7.1169605
5	3	8	8.616446	7.1169605
6	3	8	11.186924	7.1169605
7	3	8	8.007672	7.1169605
8	3	8	8.5533905	7.1169605
9	3	8	7.7752533	7.1169605
10	3	8	11.653542	7.1169605
11	3	8	7.949726	7.1169605
12	3	8	10.970491	7.1169605
13	3	8	9.898368	7.1169605
14	3	8	6.9869757	7.1169605
15	3	8	10.811593	7.1169605
16	3	8	8.072108	7.1169605
17	3	8	8.693814	7.1169605
18	3	8	10.696761	7.1169605
19	3	8	9.732125	7.1169605
20	3	8	9.661372	7.1169605
21	3	8	7.6637506	7.1169605
22	3	8	8.693944	7.1169605
23	3	8	7.679502	7.1169605
0	4	8	10.926853	7.1169605
1	4	8	9.892759	7.1169605
2	4	8	7.5240936	7.1169605
3	4	8	12.091739	7.1169605
4	4	8	11.044226	7.1169605
5	4	8	9.582028	7.1169605
6	4	8	11.559834	7.1169605
7	4	8	8.673333	7.1169605
8	4	8	9.167452	7.1169605
9	4	8	8.741243	7.1169605
10	4	8	13.610508	7.1169605
11	4	8	8.8068075	7.1169605
12	4	8	10.335087	7.1169605
13	4	8	9.844898	7.1169605
14	4	8	6.994826	7.1169605
15	4	8	10.129636	7.1169605
16	4	8	7.693419	7.1169605
17	4	8	9.314077	7.1169605
18	4	8	10.116237	7.1169605
19	4	8	8.933948	7.1169605
20	4	8	10.067709	7.1169605
21	4	8	8.359283	7.1169605
22	4	8	7.306289	7.1169605
23	4	8	8.095928	7.1169605
0	4	8	10.926853	7.2272716
1	4	8	9.892759	7.2272716
2	4	8	7.5240936	7.2272716
3	4	8	12.091739	7.2272716
4	4	8	11.044226	7.2272716
5	4	8	9.582028	7.2272716
6	4	8	11.559834	7.2272716
7	4	8	8.673333	7.2272716
8	4	8	9.167452	7.2272716
9	4	8	8.741243	7.2272716
10	4	8	13.610508	7.2272716
11	4	8	8.8068075	7.2272716
12	4	8	10.335087	7.2272716
13	4	8	9.844898	7.2272716
14	4	8	6.994826	7.2272716
15	4	8	10.129636	7.2272716
16	4	8	7.693419	7.2272716
17	4	8	9.314077	7.2272716
18	4	8	10.116237	7.2272716
19	4	8	8.933948	7.2272716
20	4	8	10.067709	7.2272716
21	4	8	8.359283	7.2272716
22	4	8	7.306289	7.2272716
23	4	8	8.095928	7.2272716
0	5	8	9.628332	7.2272716
1	5	8	9.521527	7.2272716
2	5	8	8.607722	7.2272716
3	5	8	11.714353	7.2272716
4	5	8	8.439743	7.2272716
5	5	8	8.468714	7.2272716
6	5	8	11.541182	7.2272716
7	5	8	9.068377	7.2272716
8	5	8	9.709805	7.2272716
9	5	8	8.173005	7.2272716
10	5	8	12.500167	7.2272716
11	5	8	8.286252	7.2272716
12	5	8	10.12567	7.2272716
13	5	8	10.073868	7.2272716
14	5	8	6.755472	7.2272716
15	5	8	11.200609	7.2272716
16	5	8	8.765011	7.2272716
17	5	8	9.862422	7.2272716
18	5	8	9.941977	7.2272716
19	5	8	10.783721	7.2272716
20	5	8	8.831918	7.2272716
21	5	8	7.834004	7.2272716
22	5	8	8.536712	7.2272716
23	5	8	8.248552	7.2272716
0	5	8	9.628332	7.337912
1	5	8	9.521527	7.337912
2	5	8	8.607722	7.337912
3	5	8	11.714353	7.337912
4	5	8	8.439743	7.337912
5	5	8	8.468714	7.337912
6	5	8	11.541182	7.337912
7	5	8	9.068377	7.337912
8	5	8	9.709805	7.337912
9	5	8	8.173005	7.337912
10	5	8	12.500167	7.337912
11	5	8	8.286252	7.337912
12	5	8	10.12567	7.337912
13	5	8	10.073868	7.337912
14	5	8	6.755472	7.337912
15	5	8	11.200609	7.337912
16	5	8	8.765011	7.337912
17	5	8	9.862422	7.337912
18	5	8	9.941977	7.337912
19	5	8	10.783721	7.337912
20	5	8	8.831918	7.337912
21	5	8	7.834004	7.337912
22	5	8	8.536712	7.337912
23	5	8	8.248552	7.337912
0	6	8	10.0157	7.337912
1	6	8	10.687908	7.337912
2	6	8	7.6108227	7.337912
3	6	8	11.818892	7.337912
4	6	8	8.602373	7.337912
5	6	8	8.735024	7.337912
6	6	8	10.867493	7.337912
7	6	8	8.817967	7.337912
8	6	8	9.22085	7.337912
9	6	8	8.050271	7.337912
10	6	8	13.034604	7.337912
11	6	8	8.58702	7.337912
12	6	8	10.180248	7.337912
13	6	8	9.721786	7.337912
14	6	8	6.8115196	7.337912
15	6	8	11.774062	7.337912
16	6	8	8.464733	7.337912
17	6	8	8.659326	7.337912
18	6	8	10.55867	7.337912
19	6	8	9.552955	7.337912
20	6	8	9.575525	7.337912
21	6	8	8.414235	7.337912
22	6	8	9.115233	7.337912
23	6	8	8.38604	7.337912
0	6	8	10.0157	7.3556037
1	6	8	10.687908	7.3556037
2	6	8	7.6108227	7.3556037
3	6	8	11.818892	7.3556037
4	6	8	8.602373	7.3556037
5	6	8	8.735024	7.3556037
6	6	8	10.867493	7.3556037
7	6	8	8.817967	7.3556037
8	6	8	9.22085	7.3556037
9	6	8	8.050271	7.3556037
10	6	8	13.034604	7.3556037
11	6	8	8.58702	7.3556037
12	6	8	10.180248	7.3556037
13	6	8	9.721786	7.3556037
14	6	8	6.8115196	7.3556037
15	6	8	11.774062	7.3556037
16	6	8	8.464733	7.3556037
17	6	8	8.659326	7.3556037
18	6	8	10.55867	7.3556037
19	6	8	9.552955	7.3556037
20	6	8	9.575525	7.3556037
21	6	8	8.414235	7.3556037
22	6	8	9.115233	7.3556037
23	6	8	8.38604	7.3556037
0	7	8	9.365598	7.3556037
1	7	8	11.0431185	7.3556037
2	7	8	7.321686	7.3556037
3	7	8	12.109384	7.3556037
4	7	8	8.800899	7.3556037
5	7	8	9.009262	7.3556037
6	7	8	11.252285	7.3556037
7	7	8	8.523983	7.3556037
8	7	8	8.487976	7.3556037
9	7	8	8.533247	7.3556037
10	7	8	12.960345	7.3556037
11	7	8	8.331631	7.3556037
12	7	8	10.477787	7.3556037
13	7	8	9.929169	7.3556037
14	7	8	7.657114	7.3556037
15	7	8	11.476961	7.3556037
16	7	8	8.841114	7.3556037
17	7	8	9.312111	7.3556037
18	7	8	10.650011	7.3556037
19	7	8	10.130579	7.3556037
20	7	8	10.052809	7.3556037
21	7	8	7.3646092	7.3556037
22	7	8	9.328697	7.3556037
23	7	8	9.140033	7.3556037
0	7	8	9.365598	7.32515
1	7	8	11.0431185	7.32515
2	7	8	7.321686	7.32515
3	7	8	12.109384	7.32515
4	7	8	8.800899	7.32515
5	7	8	9.009262	7.32515
6	7	8	11.252285	7.32515
7	7	8	8.523983	7.32515
8	7	8	8.487976	7.32515
9	7	8	8.533247	7.32515
10	7	8	12.960345	7.32515
11	7	8	8.331631	7.32515
12	7	8	10.477787	7.32515
13	7	8	9.929169	7.32515
14	7	8	7.657114	7.32515
15	7	8	11.476961	7.32515
16	7	8	8.841114	7.32515
17	7	8	9.312111	7.32515
18	7	8	10.650011	7.32515
19	7	8	10.130579	7.32515
20	7	8	10.052809	7.32515
21	7	8	7.3646092	7.32515
22	7	8	9.328697	7.32515
23	7	8	9.140033	7.32515
0	8	8	9.724104	7.32515
1	8	8	10.283959	7.32515
2	8	8	8.632255	7.32515
3	8	8	11.845157	7.32515
4	8	8	9.2976885	7.32515
5	8	8	8.848561	7.32515
6	8	8	11.128682	7.32515
7	8	8	9.419763	7.32515
8	8	8	9.167368	7.32515
9	8	8	8.539735	7.32515
10	8	8	12.167847	7.32515
11	8	8	7.8401146	7.32515
12	8	8	10.382053	7.32515
13	8	8	9.825802	7.32515
14	8	8	6.4260216	7.32515
15	8	8	10.929116	7.32515
16	8	8	8.206544	7.32515
17	8	8	9.295322	7.32515
18	8	8	10.213602	7.32515
19	8	8	9.369878	7.32515
20	8	8	9.738209	7.32515
21	8	8	8.003303	7.32515
22	8	8	8.790811	7.32515
23	8	8	7.498218	7.32515
0	8	8	9.724104	7.1128755
1	8	8	10.283959	7.1128755
2	8	8	8.632255	7.1128755
3	8	8	11.845157	7.1128755
4	8	8	9.2976885	7.1128755
5	8	8	8.848561	7.1128755
6	8	8	11.128682	7.1128755
7	8	8	9.419763	7.1128755
8	8	8	9.167368	7.1128755
9	8	8	8.539735	7.1128755
10	8	8	12.167847	7.1128755
11	8	8	7.8401146	7.1128755
12	8	8	10.382053	7.1128755
13	8	8	9.825802	7.1128755
14	8	8	6.4260216	7.1128755
15	8	8	10.929116	7.1128755
16	8	8	8.206544	7.1128755
17	8	8	9.295322	7.1128755
18	8	8	10.213602	7.1128755
19	8	8	9.369878	7.1128755
20	8	8	9.738209	7.1128755
21	8	8	8.003303	7.1128755
22	8	8	8.790811	7.1128755
23	8	8	7.498218	7.1128755
0	9	8	11.6668415	7.1128755
1	9	8	9.35784	7.1128755
2	9	8	9.62304	7.1128755
3	9	8	11.410744	7.1128755
4	9	8	9.633963	7.1128755
5	9	8	8.693708	7.1128755
6	9	8	11.57976	7.1128755
7	9	8	9.334414	7.1128755
8	9	8	9.873793	7.1128755
9	9	8	7.6508665	7.1128755
10	9	8	12.76011	7.1128755
11	9	8	7.737106	7.1128755
12	9	8	10.681077	7.1128755
13	9	8	9.515243	7.1128755
14	9	8	7.3246264	7.1128755
15	9	8	11.093056	7.1128755
16	9	8	8.630234	7.1128755
17	9	8	9.681714	7.1128755
18	9	8	10.535559	7.1128755
19	9	8	10.100779	7.1128755
20	9	8	10.308901	7.1128755
21	9	8	9.654294	7.1128755
22	9	8	8.554256	7.1128755
23	9	8	8.149555	7.1128755
0	9	8	11.6668415	7.588326
1	9	8	9.35784	7.588326
2	9	8	9.62304	7.588326
3	9	8	11.410744	7.588326
4	9	8	9.633963	7.588326
5	9	8	8.693708	7.588326
6	9	8	11.57976	7.588326
7	9	8	9.334414	7.588326
8	9	8	9.873793	7.588326
9	9	8	7.6508665	7.588326
10	9	8	12.76011	7.588326
11	9	8	7.737106	7.588326
12	9	8	10.681077	7.588326
13	9	8	9.515243	7.588326
14	9	8	7.3246264	7.588326
15	9	8	11.093056	7.588326
16	9	8	8.630234	7.588326
17	9	8	9.681714	7.588326
18	9	8	10.535559	7.588326
19	9	8	10.100779	7.588326
20	9	8	10.308901	7.588326
21	9	8	9.654294	7.588326
22	9	8	8.554256	7.588326
23	9	8	8.149555	7.588326
0	10	8	10.227495	7.588326
1	10	8	10.184544	7.588326
2	10	8	7.6551723	7.588326
3	10	8	12.076846	7.588326
4	10	8	12.736441	7.588326
5	10	8	8.847307	7.588326
6	10	8	11.207124	7.588326
7	10	8	9.542485	7.588326
8	10	8	8.777525	7.588326
9	10	8	7.521814	7.588326
10	10	8	12.585527	7.588326
11	10	8	9.270713	7.588326
12	10	8	10.412284	7.588326
13	10	8	9.818355	7.588326
14	10	8	7.6912036	7.588326
15	10	8	11.573973	7.588326
16	10	8	8.831196	7.588326
17	10	8	9.93524	7.588326
18	10	8	12.055761	7.588326
19	10	8	9.820197	7.588326
20	10	8	8.784875	7.588326
21	10	8	8.90077	7.588326
22	10	8	8.774964	7.588326
23	10	8	8.295968	7.588326
0	10	8	10.227495	7.5206504
1	10	8	10.184544	7.5206504
2	10	8	7.6551723	7.5206504
3	10	8	12.076846	7.5206504
4	10	8	12.736441	7.5206504
5	10	8	8.847307	7.5206504
6	10	8	11.207124	7.5206504
7	10	8	9.542485	7.5206504
8	10	8	8.777525	7.5206504
9	10	8	7.521814	7.5206504
10	10	8	12.585527	7.5206504
11	10	8	9.270713	7.5206504
12	10	8	10.412284	7.5206504
13	10	8	9.818355	7.5206504
14	10	8	7.6912036	7.5206504
15	10	8	11.573973	7.5206504
16	10	8	8.831196	7.5206504
17	10	8	9.93524	7.5206504
18	10	8	12.055761	7.5206504
19	10	8	9.820197	7.5206504
20	10	8	8.784875	7.5206504
21	10	8	8.90077	7.5206504
22	10	8	8.774964	7.5206504
23	10	8	8.295968	7.5206504
0	11	8	10.387838	7.5206504
1	11	8	10.808662	7.5206504
2	11	8	7.3664126	7.5206504
3	11	8	12.551405	7.5206504
4	11	8	8.830872	7.5206504
5	11	8	8.799778	7.5206504
6	11	8	11.545438	7.5206504
7	11	8	8.233352	7.5206504
8	11	8	8.448106	7.5206504
9	11	8	8.859722	7.5206504
10	11	8	12.073936	7.5206504
11	11	8	8.479523	7.5206504
12	11	8	11.576655	7.5206504
13	11	8	9.36378	7.5206504
14	11	8	6.8877773	7.5206504
15	11	8	11.160495	7.5206504
16	11	8	7.8501606	7.5206504
17	11	8	9.333666	7.5206504
18	11	8	10.555169	7.5206504
19	11	8	8.989869	7.5206504
20	11	8	10.637903	7.5206504
21	11	8	7.622722	7.5206504
22	11	8	8.364163	7.5206504
23	11	8	7.7522335	7.5206504
0	11	8	10.387838	7.3138537
1	11	8	10.808662	7.3138537
2	11	8	7.3664126	7.3138537
3	11	8	12.551405	7.3138537
4	11	8	8.830872	7.3138537
5	11	8	8.799778	7.3138537
6	11	8	11.545438	7.3138537
7	11	8	8.233352	7.3138537
8	11	8	8.448106	7.3138537
9	11	8	8.859722	7.3138537
10	11	8	12.073936	7.3138537
11	11	8	8.479523	7.3138537
12	11	8	11.576655	7.3138537
13	11	8	9.36378	7.3138537
14	11	8	6.8877773	7.3138537
15	11	8	11.160495	7.3138537
16	11	8	7.8501606	7.3138537
17	11	8	9.333666	7.3138537
18	11	8	10.555169	7.3138537
19	11	8	8.989869	7.3138537
20	11	8	10.637903	7.3138537
21	11	8	7.622722	7.3138537
22	11	8	8.364163	7.3138537
23	11	8	7.7522335	7.3138537
0	12	8	11.677164	7.3138537
1	12	8	9.745539	7.3138537
2	12	8	7.838791	7.3138537
3	12	8	11.764184	7.3138537
4	12	8	9.929234	7.3138537
5	12	8	8.493197	7.3138537
6	12	8	11.057873	7.3138537
7	12	8	8.285861	7.3138537
8	12	8	8.984476	7.3138537
9	12	8	8.487031	7.3138537
10	12	8	12.138413	7.3138537
11	12	8	8.119442	7.3138537
12	12	8	11.141692	7.3138537
13	12	8	10.174946	7.3138537
14	12	8	7.0812554	7.3138537
15	12	8	10.92597	7.3138537
16	12	8	8.4970665	7.3138537
17	12	8	7.8989162	7.3138537
18	12	8	9.911284	7.3138537
19	12	8	10.584889	7.3138537
20	12	8	10.420847	7.3138537
21	12	8	9.735361	7.3138537
22	12	8	7.770247	7.3138537
23	12	8	7.815931	7.3138537
0	12	8	11.677164	7.3399334
1	12	8	9.745539	7.3399334
2	12	8	7.838791	7.3399334
3	12	8	11.764184	7.3399334
4	12	8	9.929234	7.3399334
5	12	8	8.493197	7.3399334
6	12	8	11.057873	7.3399334
7	12	8	8.285861	7.3399334
8	12	8	8.984476	7.3399334
9	12	8	8.487031	7.3399334
10	12	8	12.138413	7.3399334
11	12	8	8.119442	7.3399334
12	12	8	11.141692	7.3399334
13	12	8	10.174946	7.3399334
14	12	8	7.0812554	7.3399334
15	12	8	10.92597	7.3399334
16	12	8	8.4970665	7.3399334
17	12	8	7.8989162	7.3399334
18	12	8	9.911284	7.3399334
19	12	8	10.584889	7.3399334
20	12	8	10.420847	7.3399334
21	12	8	9.735361	7.3399334
22	12	8	7.770247	7.3399334
23	12	8	7.815931	7.3399334
0	13	8	11.22086	7.3399334
1	13	8	9.735565	7.3399334
2	13	8	7.4278846	7.3399334
3	13	8	11.918455	7.3399334
4	13	8	9.567024	7.3399334
5	13	8	8.728168	7.3399334
6	13	8	10.430898	7.3399334
7	13	8	8.460332	7.3399334
8	13	8	9.127401	7.3399334
9	13	8	8.463767	7.3399334
10	13	8	12.6032095	7.3399334
11	13	8	8.177376	7.3399334
12	13	8	11.190727	7.3399334
13	13	8	9.987153	7.3399334
14	13	8	8.113067	7.3399334
15	13	8	11.471934	7.3399334
16	13	8	8.4175005	7.3399334
17	13	8	8.599144	7.3399334
18	13	8	9.954468	7.3399334
19	13	8	10.461695	7.3399334
20	13	8	10.12285	7.3399334
21	13	8	8.671927	7.3399334
22	13	8	8.570557	7.3399334
23	13	8	8.178484	7.3399334
0	13	8	11.22086	7.3684926
1	13	8	9.735565	7.3684926
2	13	8	7.4278846	7.3684926
3	13	8	11.918455	7.3684926
4	13	8	9.567024	7.3684926
5	13	8	8.728168	7.3684926
6	13	8	10.430898	7.3684926
7	13	8	8.460332	7.3684926
8	13	8	9.127401	7.3684926
9	13	8	8.463767	7.3684926
10	13	8	12.6032095	7.3684926
11	13	8	8.177376	7.3684926
12	13	8	11.190727	7.3684926
13	13	8	9.987153	7.3684926
14	13	8	8.113067	7.3684926
15	13	8	11.471934	7.3684926
16	13	8	8.4175005	7.3684926
17	13	8	8.599144	7.3684926
18	13	8	9.954468	7.3684926
19	13	8	10.461695	7.3684926
20	13	8	10.12285	7.3684926
21	13	8	8.671927	7.3684926
22	13	8	8.570557	7.3684926
23	13	8	8.178484	7.3684926
0	14	8	9.756549	7.3684926
1	14	8	11.06707	7.3684926
2	14	8	8.240378	7.3684926
3	14	8	12.378764	7.3684926
4	14	8	9.032707	7.3684926
5	14	8	8.702227	7.3684926
6	14	8	12.246058	7.3684926
7	14	8	8.868312	7.3684926
8	14	8	8.66815	7.3684926
9	14	8	7.848908	7.3684926
10	14	8	12.301848	7.3684926
11	14	8	8.563479	7.3684926
12	14	8	10.30917	7.3684926
13	14	8	9.8322115	7.3684926
14	14	8	7.266759	7.3684926
15	14	8	11.998986	7.3684926
16	14	8	8.439922	7.3684926
17	14	8	9.647188	7.3684926
18	14	8	11.416241	7.3684926
19	14	8	9.67005	7.3684926
20	14	8	9.600277	7.3684926
21	14	8	8.631153	7.3684926
22	14	8	10.253464	7.3684926
23	14	8	8.081183	7.3684926
0	14	8	9.756549	7.3965087
1	14	8	11.06707	7.3965087
2	14	8	8.240378	7.3965087
3	14	8	12.378764	7.3965087
4	14	8	9.032707	7.3965087
5	14	8	8.702227	7.3965087
6	14	8	12.246058	7.3965087
7	14	8	8.868312	7.3965087
8	14	8	8.66815	7.3965087
9	14	8	7.848908	7.3965087
10	14	8	12.301848	7.3965087
11	14	8	8.563479	7.3965087
12	14	8	10.30917	7.3965087
13	14	8	9.8322115	7.3965087
14	14	8	7.266759	7.3965087
15	14	8	11.998986	7.3965087
16	14	8	8.439922	7.3965087
17	14	8	9.647188	7.3965087
18	14	8	11.416241	7.3965087
19	14	8	9.67005	7.3965087
20	14	8	9.600277	7.3965087
21	14	8	8.631153	7.3965087
22	14	8	10.253464	7.3965087
23	14	8	8.081183	7.3965087
0	15	8	9.774093	7.3965087
1	15	8	10.360569	7.3965087
2	15	8	8.4991455	7.3965087
3	15	8	11.865417	7.3965087
4	15	8	9.839328	7.3965087
5	15	8	9.001745	7.3965087
6	15	8	11.62665	7.3965087
7	15	8	9.967436	7.3965087
8	15	8	8.969286	7.3965087
9	15	8	8.115474	7.3965087
10	15	8	12.168418	7.3965087
11	15	8	8.355779	7.3965087
12	15	8	10.583127	7.3965087
13	15	8	10.285065	7.3965087
14	15	8	6.5997577	7.3965087
15	15	8	11.648879	7.3965087
16	15	8	9.227037	7.3965087
17	15	8	8.780135	7.3965087
18	15	8	11.16678	7.3965087
19	15	8	9.810259	7.3965087
20	15	8	8.951038	7.3965087
21	15	8	7.978852	7.3965087
22	15	8	9.392439	7.3965087
23	15	8	7.468238	7.3965087
0	15	8	9.774093	7.273821
1	15	8	10.360569	7.273821
2	15	8	8.4991455	7.273821
3	15	8	11.865417	7.273821
4	15	8	9.839328	7.273821
5	15	8	9.001745	7.273821
6	15	8	11.62665	7.273821
7	15	8	9.967436	7.273821
8	15	8	8.969286	7.273821
9	15	8	8.115474	7.273821
10	15	8	12.168418	7.273821
11	15	8	8.355779	7.273821
12	15	8	10.583127	7.273821
13	15	8	10.285065	7.273821
14	15	8	6.5997577	7.273821
15	15	8	11.648879	7.273821
16	15	8	9.227037	7.273821
17	15	8	8.780135	7.273821
18	15	8	11.16678	7.273821
19	15	8	9.810259	7.273821
20	15	8	8.951038	7.273821
21	15	8	7.978852	7.273821
22	15	8	9.392439	7.273821
23	15	8	7.468238	7.273821
0	16	8	10.452208	7.273821
1	16	8	10.353971	7.273821
2	16	8	8.620812	7.273821
3	16	8	12.000975	7.273821
4	16	8	8.782375	7.273821
5	16	8	8.141065	7.273821
6	16	8	11.20498	7.273821
7	16	8	8.506639	7.273821
8	16	8	9.646959	7.273821
9	16	8	8.524378	7.273821
10	16	8	11.903442	7.273821
11	16	8	7.9143205	7.273821
12	16	8	11.51813	7.273821
13	16	8	10.375664	7.273821
14	16	8	7.304598	7.273821
15	16	8	11.707232	7.273821
16	16	8	8.666542	7.273821
17	16	8	8.085832	7.273821
18	16	8	10.832462	7.273821
19	16	8	10.518336	7.273821
20	16	8	10.108639	7.273821
21	16	8	9.391806	7.273821
22	16	8	8.655438	7.273821
23	16	8	8.020297	7.273821
0	16	8	10.452208	7.4013414
1	16	8	10.353971	7.4013414
2	16	8	8.620812	7.4013414
3	16	8	12.000975	7.4013414
4	16	8	8.782375	7.4013414
5	16	8	8.141065	7.4013414
6	16	8	11.20498	7.4013414
7	16	8	8.506639	7.4013414
8	16	8	9.646959	7.4013414
9	16	8	8.524378	7.4013414
10	16	8	11.903442	7.4013414
11	16	8	7.9143205	7.4013414
12	16	8	11.51813	7.4013414
13	16	8	10.375664	7.4013414
14	16	8	7.304598	7.4013414
15	16	8	11.707232	7.4013414
16	16	8	8.666542	7.4013414
17	16	8	8.085832	7.4013414
18	16	8	10.832462	7.4013414
19	16	8	10.518336	7.4013414
20	16	8	10.108639	7.4013414
21	16	8	9.391806	7.4013414
22	16	8	8.655438	7.4013414
23	16	8	8.020297	7.4013414
0	17	8	10.128037	7.4013414
1	17	8	10.18839	7.4013414
2	17	8	8.014924	7.4013414
3	17	8	12.1040945	7.4013414
4	17	8	8.3901615	7.4013414
5	17	8	8.102365	7.4013414
6	17	8	11.922955	7.4013414
7	17	8	8.098444	7.4013414
8	17	8	8.581327	7.4013414
9	17	8	8.629514	7.4013414
10	17	8	11.972672	7.4013414
11	17	8	7.688692	7.4013414
12	17	8	10.811545	7.4013414
13	17	8	9.703949	7.4013414
14	17	8	6.9804773	7.4013414
15	17	8	10.472055	7.4013414
16	17	8	8.15637	7.4013414
17	17	8	8.979088	7.4013414
18	17	8	10.764447	7.4013414
19	17	8	9.979173	7.4013414
20	17	8	10.280177	7.4013414
21	17	8	8.190843	7.4013414
22	17	8	8.893467	7.4013414
23	17	8	7.4288597	7.4013414
0	17	8	10.128037	7.2741833
1	17	8	10.18839	7.2741833
2	17	8	8.014924	7.2741833
3	17	8	12.1040945	7.2741833
4	17	8	8.3901615	7.2741833
5	17	8	8.102365	7.2741833
6	17	8	11.922955	7.2741833
7	17	8	8.098444	7.2741833
8	17	8	8.581327	7.2741833
9	17	8	8.629514	7.2741833
10	17	8	11.972672	7.2741833
11	17	8	7.688692	7.2741833
12	17	8	10.811545	7.2741833
13	17	8	9.703949	7.2741833
14	17	8	6.9804773	7.2741833
15	17	8	10.472055	7.2741833
16	17	8	8.15637	7.2741833
17	17	8	8.979088	7.2741833
18	17	8	10.764447	7.2741833
19	17	8	9.979173	7.2741833
20	17	8	10.280177	7.2741833
21	17	8	8.190843	7.2741833
22	17	8	8.893467	7.2741833
23	17	8	7.4288597	7.2741833
0	18	8	10.055126	7.2741833
1	18	8	10.508902	7.2741833
2	18	8	7.5010915	7.2741833
3	18	8	12.157686	7.2741833
4	18	8	9.458402	7.2741833
5	18	8	8.705742	7.2741833
6	18	8	12.2622595	7.2741833
7	18	8	9.20237	7.2741833
8	18	8	8.427788	7.2741833
9	18	8	8.916738	7.2741833
10	18	8	12.1756935	7.2741833
11	18	8	8.51996	7.2741833
12	18	8	11.3901	7.2741833
13	18	8	9.863696	7.2741833
14	18	8	6.9257035	7.2741833
15	18	8	11.725101	7.2741833
16	18	8	8.970229	7.2741833
17	18	8	9.470349	7.2741833
18	18	8	10.228003	7.2741833
19	18	8	9.884973	7.2741833
20	18	8	10.039772	7.2741833
21	18	8	7.979361	7.2741833
22	18	8	8.509214	7.2741833
23	18	8	7.7576466	7.2741833
0	18	8	10.055126	7.542192
1	18	8	10.508902	7.542192
2	18	8	7.5010915	7.542192
3	18	8	12.157686	7.542192
4	18	8	9.458402	7.542192
5	18	8	8.705742	7.542192
6	18	8	12.2622595	7.542192
7	18	8	9.20237	7.542192
8	18	8	8.427788	7.542192
9	18	8	8.916738	7.542192
10	18	8	12.1756935	7.542192
11	18	8	8.51996	7.542192
12	18	8	11.3901	7.542192
13	18	8	9.863696	7.542192
14	18	8	6.9257035	7.542192
15	18	8	11.725101	7.542192
16	18	8	8.970229	7.542192
17	18	8	9.470349	7.542192
18	18	8	10.228003	7.542192
19	18	8	9.884973	7.542192
20	18	8	10.039772	7.542192
21	18	8	7.979361	7.542192
22	18	8	8.509214	7.542192
23	18	8	7.7576466	7.542192
0	19	8	9.962459	7.542192
1	19	8	10.399674	7.542192
2	19	8	7.5486135	7.542192
3	19	8	12.342637	7.542192
4	19	8	10.471014	7.542192
5	19	8	9.007468	7.542192
6	19	8	11.423162	7.542192
7	19	8	9.013409	7.542192
8	19	8	9.212177	7.542192
9	19	8	9.24512	7.542192
10	19	8	13.9258585	7.542192
11	19	8	9.30406	7.542192
12	19	8	10.437018	7.542192
13	19	8	10.29151	7.542192
14	19	8	6.734095	7.542192
15	19	8	11.152967	7.542192
16	19	8	8.299733	7.542192
17	19	8	9.510575	7.542192
18	19	8	10.908951	7.542192
19	19	8	9.42309	7.542192
20	19	8	9.465686	7.542192
21	19	8	7.772021	7.542192
22	19	8	8.060257	7.542192
23	19	8	9.044675	7.542192
0	19	8	9.962459	7.3369575
1	19	8	10.399674	7.3369575
2	19	8	7.5486135	7.3369575
3	19	8	12.342637	7.3369575
4	19	8	10.471014	7.3369575
5	19	8	9.007468	7.3369575
6	19	8	11.423162	7.3369575
7	19	8	9.013409	7.3369575
8	19	8	9.212177	7.3369575
9	19	8	9.24512	7.3369575
10	19	8	13.9258585	7.3369575
11	19	8	9.30406	7.3369575
12	19	8	10.437018	7.3369575
13	19	8	10.29151	7.3369575
14	19	8	6.734095	7.3369575
15	19	8	11.152967	7.3369575
16	19	8	8.299733	7.3369575
17	19	8	9.510575	7.3369575
18	19	8	10.908951	7.3369575
19	19	8	9.42309	7.3369575
20	19	8	9.465686	7.3369575
21	19	8	7.772021	7.3369575
22	19	8	8.060257	7.3369575
23	19	8	9.044675	7.3369575
0	20	8	10.052288	7.3369575
1	20	8	9.918217	7.3369575
2	20	8	7.36109	7.3369575
3	20	8	11.983185	7.3369575
4	20	8	9.687417	7.3369575
5	20	8	8.292601	7.3369575
6	20	8	10.908248	7.3369575
7	20	8	9.10804	7.3369575
8	20	8	8.753039	7.3369575
9	20	8	8.334127	7.3369575
10	20	8	12.9126005	7.3369575
11	20	8	8.783722	7.3369575
12	20	8	9.385482	7.3369575
13	20	8	9.787504	7.3369575
14	20	8	7.4681273	7.3369575
15	20	8	11.351436	7.3369575
16	20	8	8.351305	7.3369575
17	20	8	9.229144	7.3369575
18	20	8	11.204719	7.3369575
19	20	8	9.536977	7.3369575
20	20	8	8.743017	7.3369575
21	20	8	7.6696844	7.3369575
22	20	8	8.837451	7.3369575
23	20	8	8.563558	7.3369575
0	20	8	10.052288	7.378691
1	20	8	9.918217	7.378691
2	20	8	7.36109	7.378691
3	20	8	11.983185	7.378691
4	20	8	9.687417	7.378691
5	20	8	8.292601	7.378691
6	20	8	10.908248	7.378691
7	20	8	9.10804	7.378691
8	20	8	8.753039	7.378691
9	20	8	8.334127	7.378691
10	20	8	12.9126005	7.378691
11	20	8	8.783722	7.378691
12	20	8	9.385482	7.378691
13	20	8	9.787504	7.378691
14	20	8	7.4681273	7.378691
15	20	8	11.351436	7.378691
16	20	8	8.351305	7.378691
17	20	8	9.229144	7.378691
18	20	8	11.204719	7.378691
19	20	8	9.536977	7.378691
20	20	8	8.743017	7.378691
21	20	8	7.6696844	7.378691
22	20	8	8.837451	7.378691
23	20	8	8.563558	7.378691
0	21	8	10.818979	7.378691
1	21	8	9.721037	7.378691
2	21	8	8.356126	7.378691
3	21	8	11.994721	7.378691
4	21	8	9.279425	7.378691
5	21	8	8.496697	7.378691
6	21	8	12.024077	7.378691
7	21	8	8.470695	7.378691
8	21	8	9.378685	7.378691
9	21	8	7.4184785	7.378691
10	21	8	12.199596	7.378691
11	21	8	8.647439	7.378691
12	21	8	10.421433	7.378691
13	21	8	9.600639	7.378691
14	21	8	7.8513346	7.378691
15	21	8	10.982774	7.378691
16	21	8	8.366086	7.378691
17	21	8	10.11841	7.378691
18	21	8	12.020535	7.378691
19	21	8	10.160701	7.378691
20	21	8	9.986455	7.378691
21	21	8	9.212276	7.378691
22	21	8	9.160366	7.378691
23	21	8	7.7406244	7.378691
0	21	8	10.818979	7.4106936
1	21	8	9.721037	7.4106936
2	21	8	8.356126	7.4106936
3	21	8	11.994721	7.4106936
4	21	8	9.279425	7.4106936
5	21	8	8.496697	7.4106936
6	21	8	12.024077	7.4106936
7	21	8	8.470695	7.4106936
8	21	8	9.378685	7.4106936
9	21	8	7.4184785	7.4106936
10	21	8	12.199596	7.4106936
11	21	8	8.647439	7.4106936
12	21	8	10.421433	7.4106936
13	21	8	9.600639	7.4106936
14	21	8	7.8513346	7.4106936
15	21	8	10.982774	7.4106936
16	21	8	8.366086	7.4106936
17	21	8	10.11841	7.4106936
18	21	8	12.020535	7.4106936
19	21	8	10.160701	7.4106936
20	21	8	9.986455	7.4106936
21	21	8	9.212276	7.4106936
22	21	8	9.160366	7.4106936
23	21	8	7.7406244	7.4106936
0	22	8	9.865956	7.4106936
1	22	8	10.376134	7.4106936
2	22	8	8.271876	7.4106936
3	22	8	12.130642	7.4106936
4	22	8	9.233653	7.4106936
5	22	8	8.503413	7.4106936
6	22	8	11.940957	7.4106936
7	22	8	9.216633	7.4106936
8	22	8	9.580412	7.4106936
9	22	8	8.677056	7.4106936
10	22	8	13.425784	7.4106936
11	22	8	7.8405924	7.4106936
12	22	8	10.482427	7.4106936
13	22	8	10.073672	7.4106936
14	22	8	8.645943	7.4106936
15	22	8	11.951455	7.4106936
16	22	8	9.276306	7.4106936
17	22	8	9.453477	7.4106936
18	22	8	10.606123	7.4106936
19	22	8	10.11357	7.4106936
20	22	8	10.088244	7.4106936
21	22	8	8.725277	7.4106936
22	22	8	9.408973	7.4106936
23	22	8	9.459499	7.4106936
0	22	8	9.865956	7.6170573
1	22	8	10.376134	7.6170573
2	22	8	8.271876	7.6170573
3	22	8	12.130642	7.6170573
4	22	8	9.233653	7.6170573
5	22	8	8.503413	7.6170573
6	22	8	11.940957	7.6170573
7	22	8	9.216633	7.6170573
8	22	8	9.580412	7.6170573
9	22	8	8.677056	7.6170573
10	22	8	13.425784	7.6170573
11	22	8	7.8405924	7.6170573
12	22	8	10.482427	7.6170573
13	22	8	10.073672	7.6170573
14	22	8	8.645943	7.6170573
15	22	8	11.951455	7.6170573
16	22	8	9.276306	7.6170573
17	22	8	9.453477	7.6170573
18	22	8	10.606123	7.6170573
19	22	8	10.11357	7.6170573
20	22	8	10.088244	7.6170573
21	22	8	8.725277	7.6170573
22	22	8	9.408973	7.6170573
23	22	8	9.459499	7.6170573
0	23	8	9.965892	7.6170573
1	23	8	10.186208	7.6170573
2	23	8	8.439279	7.6170573
3	23	8	12.169543	7.6170573
4	23	8	8.307321	7.6170573
5	23	8	8.6851635	7.6170573
6	23	8	12.690546	7.6170573
7	23	8	8.902089	7.6170573
8	23	8	9.086889	7.6170573
9	23	8	8.595714	7.6170573
10	23	8	12.276415	7.6170573
11	23	8	8.307219	7.6170573
12	23	8	10.350376	7.6170573
13	23	8	9.705284	7.6170573
14	23	8	8.43076	7.6170573
15	23	8	12.044581	7.6170573
16	23	8	8.316481	7.6170573
17	23	8	9.034873	7.6170573
18	23	8	11.273462	7.6170573
19	23	8	10.409222	7.6170573
20	23	8	8.978034	7.6170573
21	23	8	8.1875	7.6170573
22	23	8	9.444397	7.6170573
23	23	8	7.7435513	7.6170573
0	23	8	9.965892	7.551851
1	23	8	10.186208	7.551851
2	23	8	8.439279	7.551851
3	23	8	12.169543	7.551851
4	23	8	8.307321	7.551851
5	23	8	8.6851635	7.551851
6	23	8	12.690546	7.551851
7	23	8	8.902089	7.551851
8	23	8	9.086889	7.551851
9	23	8	8.595714	7.551851
10	23	8	12.276415	7.551851
11	23	8	8.307219	7.551851
12	23	8	10.350376	7.551851
13	23	8	9.705284	7.551851
14	23	8	8.43076	7.551851
15	23	8	12.044581	7.551851
16	23	8	8.316481	7.551851
17	23	8	9.034873	7.551851
18	23	8	11.273462	7.551851
19	23	8	10.409222	7.551851
20	23	8	8.978034	7.551851
21	23	8	8.1875	7.551851
22	23	8	9.444397	7.551851
23	23	8	7.7435513	7.551851
0	24	8	9.707229	7.551851
1	24	8	10.533359	7.551851
2	24	8	7.6129904	7.551851
3	24	8	12.045933	7.551851
4	24	8	9.620387	7.551851
5	24	8	8.027731	7.551851
6	24	8	11.612959	7.551851
7	24	8	8.508649	7.551851
8	24	8	9.026132	7.551851
9	24	8	9.5192375	7.551851
10	24	8	13.750713	7.551851
11	24	8	8.535479	7.551851
12	24	8	9.3621	7.551851
13	24	8	10.061037	7.551851
14	24	8	7.4310713	7.551851
15	24	8	11.0324	7.551851
16	24	8	8.484747	7.551851
17	24	8	10.090725	7.551851
18	24	8	11.453601	7.551851
19	24	8	10.393504	7.551851
20	24	8	9.468419	7.551851
21	24	8	8.098774	7.551851
22	24	8	8.801093	7.551851
23	24	8	9.027537	7.551851
0	24	8	9.707229	7.3572454
1	24	8	10.533359	7.3572454
2	24	8	7.6129904	7.3572454
3	24	8	12.045933	7.3572454
4	24	8	9.620387	7.3572454
5	24	8	8.027731	7.3572454
6	24	8	11.612959	7.3572454
7	24	8	8.508649	7.3572454
8	24	8	9.026132	7.3572454
9	24	8	9.5192375	7.3572454
10	24	8	13.750713	7.3572454
11	24	8	8.535479	7.3572454
12	24	8	9.3621	7.3572454
13	24	8	10.061037	7.3572454
14	24	8	7.4310713	7.3572454
15	24	8	11.0324	7.3572454
16	24	8	8.484747	7.3572454
17	24	8	10.090725	7.3572454
18	24	8	11.453601	7.3572454
19	24	8	10.393504	7.3572454
20	24	8	9.468419	7.3572454
21	24	8	8.098774	7.3572454
22	24	8	8.801093	7.3572454
23	24	8	9.027537	7.3572454
0	25	8	11.25468	7.3572454
1	25	8	10.040847	7.3572454
2	25	8	8.004198	7.3572454
3	25	8	11.932045	7.3572454
4	25	8	8.592145	7.3572454
5	25	8	8.369057	7.3572454
6	25	8	12.374218	7.3572454
7	25	8	8.17698	7.3572454
8	25	8	8.59515	7.3572454
9	25	8	8.182928	7.3572454
10	25	8	12.550661	7.3572454
11	25	8	8.107887	7.3572454
12	25	8	10.83167	7.3572454
13	25	8	9.222207	7.3572454
14	25	8	7.1338577	7.3572454
15	25	8	10.173023	7.3572454
16	25	8	8.22446	7.3572454
17	25	8	9.30504	7.3572454
18	25	8	9.647593	7.3572454
19	25	8	9.58246	7.3572454
20	25	8	11.100345	7.3572454
21	25	8	8.1985445	7.3572454
22	25	8	8.410846	7.3572454
23	25	8	8.591617	7.3572454
0	25	8	11.25468	7.186134
1	25	8	10.040847	7.186134
2	25	8	8.004198	7.186134
3	25	8	11.932045	7.186134
4	25	8	8.592145	7.186134
5	25	8	8.369057	7.186134
6	25	8	12.374218	7.186134
7	25	8	8.17698	7.186134
8	25	8	8.59515	7.186134
9	25	8	8.182928	7.186134
10	25	8	12.550661	7.186134
11	25	8	8.107887	7.186134
12	25	8	10.83167	7.186134
13	25	8	9.222207	7.186134
14	25	8	7.1338577	7.186134
15	25	8	10.173023	7.186134
16	25	8	8.22446	7.186134
17	25	8	9.30504	7.186134
18	25	8	9.647593	7.186134
19	25	8	9.58246	7.186134
20	25	8	11.100345	7.186134
21	25	8	8.1985445	7.186134
22	25	8	8.410846	7.186134
23	25	8	8.591617	7.186134
0	26	8	10.903898	7.186134
1	26	8	10.360078	7.186134
2	26	8	8.142781	7.186134
3	26	8	11.785747	7.186134
4	26	8	8.34174	7.186134
5	26	8	8.565987	7.186134
6	26	8	11.870664	7.186134
7	26	8	8.950326	7.186134
8	26	8	8.01394	7.186134
9	26	8	8.257634	7.186134
10	26	8	12.284109	7.186134
11	26	8	7.8009863	7.186134
12	26	8	10.414319	7.186134
13	26	8	9.206461	7.186134
14	26	8	5.965835	7.186134
15	26	8	9.85091	7.186134
16	26	8	7.956981	7.186134
17	26	8	9.358873	7.186134
18	26	8	9.454649	7.186134
19	26	8	9.334331	7.186134
20	26	8	10.412782	7.186134
21	26	8	7.812175	7.186134
22	26	8	8.361131	7.186134
23	26	8	7.3001432	7.186134
0	26	8	10.903898	7.116456
1	26	8	10.360078	7.116456
2	26	8	8.142781	7.116456
3	26	8	11.785747	7.116456
4	26	8	8.34174	7.116456
5	26	8	8.565987	7.116456
6	26	8	11.870664	7.116456
7	26	8	8.950326	7.116456
8	26	8	8.01394	7.116456
9	26	8	8.257634	7.116456
10	26	8	12.284109	7.116456
11	26	8	7.8009863	7.116456
12	26	8	10.414319	7.116456
13	26	8	9.206461	7.116456
14	26	8	5.965835	7.116456
15	26	8	9.85091	7.116456
16	26	8	7.956981	7.116456
17	26	8	9.358873	7.116456
18	26	8	9.454649	7.116456
19	26	8	9.334331	7.116456
20	26	8	10.412782	7.116456
21	26	8	7.812175	7.116456
22	26	8	8.361131	7.116456
23	26	8	7.3001432	7.116456
0	27	8	10.813279	7.116456
1	27	8	11.287249	7.116456
2	27	8	7.570766	7.116456
3	27	8	11.983823	7.116456
4	27	8	10.371648	7.116456
5	27	8	9.068815	7.116456
6	27	8	11.591955	7.116456
7	27	8	8.744003	7.116456
8	27	8	8.602588	7.116456
9	27	8	8.867658	7.116456
10	27	8	13.490814	7.116456
11	27	8	8.3843775	7.116456
12	27	8	10.699294	7.116456
13	27	8	10.184405	7.116456
14	27	8	7.753646	7.116456
15	27	8	10.919133	7.116456
16	27	8	8.460285	7.116456
17	27	8	8.834462	7.116456
18	27	8	10.703867	7.116456
19	27	8	9.14189	7.116456
20	27	8	10.247969	7.116456
21	27	8	7.6646547	7.116456
22	27	8	9.007274	7.116456
23	27	8	8.44991	7.116456
0	27	8	10.813279	7.3931656
1	27	8	11.287249	7.3931656
2	27	8	7.570766	7.3931656
3	27	8	11.983823	7.3931656
4	27	8	10.371648	7.3931656
5	27	8	9.068815	7.3931656
6	27	8	11.591955	7.3931656
7	27	8	8.744003	7.3931656
8	27	8	8.602588	7.3931656
9	27	8	8.867658	7.3931656
10	27	8	13.490814	7.3931656
11	27	8	8.3843775	7.3931656
12	27	8	10.699294	7.3931656
13	27	8	10.184405	7.3931656
14	27	8	7.753646	7.3931656
15	27	8	10.919133	7.3931656
16	27	8	8.460285	7.3931656
17	27	8	8.834462	7.3931656
18	27	8	10.703867	7.3931656
19	27	8	9.14189	7.3931656
20	27	8	10.247969	7.3931656
21	27	8	7.6646547	7.3931656
22	27	8	9.007274	7.3931656
23	27	8	8.44991	7.3931656
0	28	8	10.630803	7.3931656
1	28	8	10.2116785	7.3931656
2	28	8	7.384673	7.3931656
3	28	8	11.365862	7.3931656
4	28	8	10.647819	7.3931656
5	28	8	8.27349	7.3931656
6	28	8	11.27815	7.3931656
7	28	8	8.890834	7.3931656
8	28	8	7.730329	7.3931656
9	28	8	7.9916654	7.3931656
10	28	8	12.91907	7.3931656
11	28	8	7.484315	7.3931656
12	28	8	10.18239	7.3931656
13	28	8	9.715175	7.3931656
14	28	8	6.852242	7.3931656
15	28	8	10.078395	7.3931656
16	28	8	8.716526	7.3931656
17	28	8	9.213246	7.3931656
18	28	8	9.468467	7.3931656
19	28	8	10.018289	7.3931656
20	28	8	8.943915	7.3931656
21	28	8	8.301849	7.3931656
22	28	8	8.52405	7.3931656
23	28	8	7.870062	7.3931656
0	28	8	10.630803	7.2474055
1	28	8	10.2116785	7.2474055
2	28	8	7.384673	7.2474055
3	28	8	11.365862	7.2474055
4	28	8	10.647819	7.2474055
5	28	8	8.27349	7.2474055
6	28	8	11.27815	7.2474055
7	28	8	8.890834	7.2474055
8	28	8	7.730329	7.2474055
9	28	8	7.9916654	7.2474055
10	28	8	12.91907	7.2474055
11	28	8	7.484315	7.2474055
12	28	8	10.18239	7.2474055
13	28	8	9.715175	7.2474055
14	28	8	6.852242	7.2474055
15	28	8	10.078395	7.2474055
16	28	8	8.716526	7.2474055
17	28	8	9.213246	7.2474055
18	28	8	9.468467	7.2474055
19	28	8	10.018289	7.2474055
20	28	8	8.943915	7.2474055
21	28	8	8.301849	7.2474055
22	28	8	8.52405	7.2474055
23	28	8	7.870062	7.2474055
0	29	8	10.448329	7.2474055
1	29	8	10.383737	7.2474055
2	29	8	8.771963	7.2474055
3	29	8	12.118835	7.2474055
4	29	8	8.997798	7.2474055
5	29	8	8.011194	7.2474055
6	29	8	12.607983	7.2474055
7	29	8	9.12082	7.2474055
8	29	8	9.097699	7.2474055
9	29	8	9.92703	7.2474055
10	29	8	13.4363575	7.2474055
11	29	8	8.035446	7.2474055
12	29	8	9.414301	7.2474055
13	29	8	9.402378	7.2474055
14	29	8	7.9666657	7.2474055
15	29	8	11.522647	7.2474055
16	29	8	8.690979	7.2474055
17	29	8	9.87285	7.2474055
18	29	8	11.063129	7.2474055
19	29	8	10.729646	7.2474055
20	29	8	10.090718	7.2474055
21	29	8	7.9789824	7.2474055
22	29	8	9.547253	7.2474055
23	29	8	9.063116	7.2474055
0	29	8	10.448329	7.4930344
1	29	8	10.383737	7.4930344
2	29	8	8.771963	7.4930344
3	29	8	12.118835	7.4930344
4	29	8	8.997798	7.4930344
5	29	8	8.011194	7.4930344
6	29	8	12.607983	7.4930344
7	29	8	9.12082	7.4930344
8	29	8	9.097699	7.4930344
9	29	8	9.92703	7.4930344
10	29	8	13.4363575	7.4930344
11	29	8	8.035446	7.4930344
12	29	8	9.414301	7.4930344
13	29	8	9.402378	7.4930344
14	29	8	7.9666657	7.4930344
15	29	8	11.522647	7.4930344
16	29	8	8.690979	7.4930344
17	29	8	9.87285	7.4930344
18	29	8	11.063129	7.4930344
19	29	8	10.729646	7.4930344
20	29	8	10.090718	7.4930344
21	29	8	7.9789824	7.4930344
22	29	8	9.547253	7.4930344
23	29	8	9.063116	7.4930344
0	0	9	10.48921	7.4930344
1	0	9	9.54771	7.4930344
2	0	9	8.271023	7.4930344
3	0	9	11.978613	7.4930344
4	0	9	8.3844595	7.4930344
5	0	9	8.927213	7.4930344
6	0	9	11.25866	7.4930344
7	0	9	8.264558	7.4930344
8	0	9	9.294236	7.4930344
9	0	9	7.8361907	7.4930344
10	0	9	11.85577	7.4930344
11	0	9	8.2521515	7.4930344
12	0	9	11.2052355	7.4930344
13	0	9	9.882036	7.4930344
14	0	9	6.52636	7.4930344
15	0	9	10.560179	7.4930344
16	0	9	8.498205	7.4930344
17	0	9	8.359194	7.4930344
18	0	9	9.033754	7.4930344
19	0	9	10.422174	7.4930344
20	0	9	9.4970045	7.4930344
21	0	9	8.134716	7.4930344
22	0	9	7.6665754	7.4930344
23	0	9	7.7441635	7.4930344
0	0	9	10.48921	7.2116337
1	0	9	9.54771	7.2116337
2	0	9	8.271023	7.2116337
3	0	9	11.978613	7.2116337
4	0	9	8.3844595	7.2116337
5	0	9	8.927213	7.2116337
6	0	9	11.25866	7.2116337
7	0	9	8.264558	7.2116337
8	0	9	9.294236	7.2116337
9	0	9	7.8361907	7.2116337
10	0	9	11.85577	7.2116337
11	0	9	8.2521515	7.2116337
12	0	9	11.2052355	7.2116337
13	0	9	9.882036	7.2116337
14	0	9	6.52636	7.2116337
15	0	9	10.560179	7.2116337
16	0	9	8.498205	7.2116337
17	0	9	8.359194	7.2116337
18	0	9	9.033754	7.2116337
19	0	9	10.422174	7.2116337
20	0	9	9.4970045	7.2116337
21	0	9	8.134716	7.2116337
22	0	9	7.6665754	7.2116337
23	0	9	7.7441635	7.2116337
0	1	9	10.075201	7.2116337
1	1	9	9.681167	7.2116337
2	1	9	8.852167	7.2116337
3	1	9	11.885737	7.2116337
4	1	9	8.941818	7.2116337
5	1	9	8.494719	7.2116337
6	1	9	11.647231	7.2116337
7	1	9	9.023122	7.2116337
8	1	9	8.369853	7.2116337
9	1	9	7.892634	7.2116337
10	1	9	11.963541	7.2116337
11	1	9	8.175418	7.2116337
12	1	9	11.166895	7.2116337
13	1	9	9.795222	7.2116337
14	1	9	6.6147943	7.2116337
15	1	9	11.799107	7.2116337
16	1	9	9.360748	7.2116337
17	1	9	9.613607	7.2116337
18	1	9	10.235484	7.2116337
19	1	9	10.860261	7.2116337
20	1	9	9.040887	7.2116337
21	1	9	8.399164	7.2116337
22	1	9	9.369938	7.2116337
23	1	9	8.274921	7.2116337
0	1	9	10.075201	7.480758
1	1	9	9.681167	7.480758
2	1	9	8.852167	7.480758
3	1	9	11.885737	7.480758
4	1	9	8.941818	7.480758
5	1	9	8.494719	7.480758
6	1	9	11.647231	7.480758
7	1	9	9.023122	7.480758
8	1	9	8.369853	7.480758
9	1	9	7.892634	7.480758
10	1	9	11.963541	7.480758
11	1	9	8.175418	7.480758
12	1	9	11.166895	7.480758
13	1	9	9.795222	7.480758
14	1	9	6.6147943	7.480758
15	1	9	11.799107	7.480758
16	1	9	9.360748	7.480758
17	1	9	9.613607	7.480758
18	1	9	10.235484	7.480758
19	1	9	10.860261	7.480758
20	1	9	9.040887	7.480758
21	1	9	8.399164	7.480758
22	1	9	9.369938	7.480758
23	1	9	8.274921	7.480758
0	2	9	10.961142	7.480758
1	2	9	9.946704	7.480758
2	2	9	7.2251177	7.480758
3	2	9	11.404177	7.480758
4	2	9	8.88574	7.480758
5	2	9	8.628647	7.480758
6	2	9	11.090457	7.480758
7	2	9	9.056698	7.480758
8	2	9	8.42745	7.480758
9	2	9	7.9852614	7.480758
10	2	9	12.322011	7.480758
11	2	9	8.038922	7.480758
12	2	9	9.210729	7.480758
13	2	9	9.145849	7.480758
14	2	9	7.0535	7.480758
15	2	9	10.881315	7.480758
16	2	9	7.9341116	7.480758
17	2	9	8.687706	7.480758
18	2	9	10.029384	7.480758
19	2	9	9.409957	7.480758
20	2	9	9.660637	7.480758
21	2	9	8.182729	7.480758
22	2	9	8.072876	7.480758
23	2	9	7.5262394	7.480758
0	2	9	10.961142	7.270276
1	2	9	9.946704	7.270276
2	2	9	7.2251177	7.270276
3	2	9	11.404177	7.270276
4	2	9	8.88574	7.270276
5	2	9	8.628647	7.270276
6	2	9	11.090457	7.270276
7	2	9	9.056698	7.270276
8	2	9	8.42745	7.270276
9	2	9	7.9852614	7.270276
10	2	9	12.322011	7.270276
11	2	9	8.038922	7.270276
12	2	9	9.210729	7.270276
13	2	9	9.145849	7.270276
14	2	9	7.0535	7.270276
15	2	9	10.881315	7.270276
16	2	9	7.9341116	7.270276
17	2	9	8.687706	7.270276
18	2	9	10.029384	7.270276
19	2	9	9.409957	7.270276
20	2	9	9.660637	7.270276
21	2	9	8.182729	7.270276
22	2	9	8.072876	7.270276
23	2	9	7.5262394	7.270276
0	3	9	10.824042	7.270276
1	3	9	9.757456	7.270276
2	3	9	7.927772	7.270276
3	3	9	11.938227	7.270276
4	3	9	7.6823754	7.270276
5	3	9	8.420978	7.270276
6	3	9	11.396023	7.270276
7	3	9	8.159768	7.270276
8	3	9	8.622549	7.270276
9	3	9	8.072594	7.270276
10	3	9	12.312973	7.270276
11	3	9	7.912954	7.270276
12	3	9	10.965663	7.270276
13	3	9	9.285683	7.270276
14	3	9	8.179708	7.270276
15	3	9	11.033863	7.270276
16	3	9	8.291822	7.270276
17	3	9	8.283282	7.270276
18	3	9	10.031813	7.270276
19	3	9	10.200147	7.270276
20	3	9	9.832161	7.270276
21	3	9	8.753282	7.270276
22	3	9	9.036511	7.270276
23	3	9	8.2013445	7.270276
0	3	9	10.824042	7.404462
1	3	9	9.757456	7.404462
2	3	9	7.927772	7.404462
3	3	9	11.938227	7.404462
4	3	9	7.6823754	7.404462
5	3	9	8.420978	7.404462
6	3	9	11.396023	7.404462
7	3	9	8.159768	7.404462
8	3	9	8.622549	7.404462
9	3	9	8.072594	7.404462
10	3	9	12.312973	7.404462
11	3	9	7.912954	7.404462
12	3	9	10.965663	7.404462
13	3	9	9.285683	7.404462
14	3	9	8.179708	7.404462
15	3	9	11.033863	7.404462
16	3	9	8.291822	7.404462
17	3	9	8.283282	7.404462
18	3	9	10.031813	7.404462
19	3	9	10.200147	7.404462
20	3	9	9.832161	7.404462
21	3	9	8.753282	7.404462
22	3	9	9.036511	7.404462
23	3	9	8.2013445	7.404462
0	4	9	10.332067	7.404462
1	4	9	9.572819	7.404462
2	4	9	7.7004085	7.404462
3	4	9	11.710939	7.404462
4	4	9	9.3512745	7.404462
5	4	9	7.8280053	7.404462
6	4	9	10.95779	7.404462
7	4	9	8.973203	7.404462
8	4	9	7.94013	7.404462
9	4	9	8.085795	7.404462
10	4	9	12.2633705	7.404462
11	4	9	7.7674637	7.404462
12	4	9	10.329894	7.404462
13	4	9	9.550902	7.404462
14	4	9	6.266454	7.404462
15	4	9	10.682624	7.404462
16	4	9	8.055674	7.404462
17	4	9	9.047688	7.404462
18	4	9	9.659121	7.404462
19	4	9	8.6434965	7.404462
20	4	9	9.512604	7.404462
21	4	9	7.928997	7.404462
22	4	9	8.721219	7.404462
23	4	9	7.825746	7.404462
0	4	9	10.332067	7.2708974
1	4	9	9.572819	7.2708974
2	4	9	7.7004085	7.2708974
3	4	9	11.710939	7.2708974
4	4	9	9.3512745	7.2708974
5	4	9	7.8280053	7.2708974
6	4	9	10.95779	7.2708974
7	4	9	8.973203	7.2708974
8	4	9	7.94013	7.2708974
9	4	9	8.085795	7.2708974
10	4	9	12.2633705	7.2708974
11	4	9	7.7674637	7.2708974
12	4	9	10.329894	7.2708974
13	4	9	9.550902	7.2708974
14	4	9	6.266454	7.2708974
15	4	9	10.682624	7.2708974
16	4	9	8.055674	7.2708974
17	4	9	9.047688	7.2708974
18	4	9	9.659121	7.2708974
19	4	9	8.6434965	7.2708974
20	4	9	9.512604	7.2708974
21	4	9	7.928997	7.2708974
22	4	9	8.721219	7.2708974
23	4	9	7.825746	7.2708974
0	5	9	11.190129	7.2708974
1	5	9	9.706293	7.2708974
2	5	9	7.389623	7.2708974
3	5	9	11.828651	7.2708974
4	5	9	10.780108	7.2708974
5	5	9	8.440314	7.2708974
6	5	9	10.9567995	7.2708974
7	5	9	8.851042	7.2708974
8	5	9	7.93638	7.2708974
9	5	9	8.348797	7.2708974
10	5	9	12.735269	7.2708974
11	5	9	8.247822	7.2708974
12	5	9	10.905371	7.2708974
13	5	9	9.9318075	7.2708974
14	5	9	7.2097287	7.2708974
15	5	9	10.745418	7.2708974
16	5	9	8.853627	7.2708974
17	5	9	8.809671	7.2708974
18	5	9	9.245172	7.2708974
19	5	9	10.716836	7.2708974
20	5	9	8.7958555	7.2708974
21	5	9	8.444571	7.2708974
22	5	9	7.9414897	7.2708974
23	5	9	7.8200226	7.2708974
0	5	9	11.190129	7.4740796
1	5	9	9.706293	7.4740796
2	5	9	7.389623	7.4740796
3	5	9	11.828651	7.4740796
4	5	9	10.780108	7.4740796
5	5	9	8.440314	7.4740796
6	5	9	10.9567995	7.4740796
7	5	9	8.851042	7.4740796
8	5	9	7.93638	7.4740796
9	5	9	8.348797	7.4740796
10	5	9	12.735269	7.4740796
11	5	9	8.247822	7.4740796
12	5	9	10.905371	7.4740796
13	5	9	9.9318075	7.4740796
14	5	9	7.2097287	7.4740796
15	5	9	10.745418	7.4740796
16	5	9	8.853627	7.4740796
17	5	9	8.809671	7.4740796
18	5	9	9.245172	7.4740796
19	5	9	10.716836	7.4740796
20	5	9	8.7958555	7.4740796
21	5	9	8.444571	7.4740796
22	5	9	7.9414897	7.4740796
23	5	9	7.8200226	7.4740796
0	6	9	9.684567	7.4740796
1	6	9	9.552921	7.4740796
2	6	9	7.379202	7.4740796
3	6	9	11.800764	7.4740796
4	6	9	9.127482	7.4740796
5	6	9	8.074622	7.4740796
6	6	9	11.309191	7.4740796
7	6	9	8.689748	7.4740796
8	6	9	7.962998	7.4740796
9	6	9	8.098289	7.4740796
10	6	9	12.039618	7.4740796
11	6	9	7.889368	7.4740796
12	6	9	10.806754	7.4740796
13	6	9	9.932038	7.4740796
14	6	9	6.929297	7.4740796
15	6	9	10.902766	7.4740796
16	6	9	8.653198	7.4740796
17	6	9	8.825786	7.4740796
18	6	9	10.216701	7.4740796
19	6	9	10.56384	7.4740796
20	6	9	8.232701	7.4740796
21	6	9	7.4039497	7.4740796
22	6	9	9.289352	7.4740796
23	6	9	7.8045673	7.4740796
0	6	9	9.684567	7.3307133
1	6	9	9.552921	7.3307133
2	6	9	7.379202	7.3307133
3	6	9	11.800764	7.3307133
4	6	9	9.127482	7.3307133
5	6	9	8.074622	7.3307133
6	6	9	11.309191	7.3307133
7	6	9	8.689748	7.3307133
8	6	9	7.962998	7.3307133
9	6	9	8.098289	7.3307133
10	6	9	12.039618	7.3307133
11	6	9	7.889368	7.3307133
12	6	9	10.806754	7.3307133
13	6	9	9.932038	7.3307133
14	6	9	6.929297	7.3307133
15	6	9	10.902766	7.3307133
16	6	9	8.653198	7.3307133
17	6	9	8.825786	7.3307133
18	6	9	10.216701	7.3307133
19	6	9	10.56384	7.3307133
20	6	9	8.232701	7.3307133
21	6	9	7.4039497	7.3307133
22	6	9	9.289352	7.3307133
23	6	9	7.8045673	7.3307133
0	7	9	9.178721	7.3307133
1	7	9	9.636473	7.3307133
2	7	9	8.080557	7.3307133
3	7	9	12.198585	7.3307133
4	7	9	8.754424	7.3307133
5	7	9	8.5658655	7.3307133
6	7	9	11.455921	7.3307133
7	7	9	8.052258	7.3307133
8	7	9	9.089197	7.3307133
9	7	9	7.946869	7.3307133
10	7	9	11.619388	7.3307133
11	7	9	8.116271	7.3307133
12	7	9	10.955185	7.3307133
13	7	9	9.608523	7.3307133
14	7	9	6.2152047	7.3307133
15	7	9	10.7005005	7.3307133
16	7	9	8.32484	7.3307133
17	7	9	8.614392	7.3307133
18	7	9	9.7728195	7.3307133
19	7	9	9.678958	7.3307133
20	7	9	10.014297	7.3307133
21	7	9	7.772546	7.3307133
22	7	9	7.833626	7.3307133
23	7	9	7.9687886	7.3307133
0	7	9	9.178721	7.1282816
1	7	9	9.636473	7.1282816
2	7	9	8.080557	7.1282816
3	7	9	12.198585	7.1282816
4	7	9	8.754424	7.1282816
5	7	9	8.5658655	7.1282816
6	7	9	11.455921	7.1282816
7	7	9	8.052258	7.1282816
8	7	9	9.089197	7.1282816
9	7	9	7.946869	7.1282816
10	7	9	11.619388	7.1282816
11	7	9	8.116271	7.1282816
12	7	9	10.955185	7.1282816
13	7	9	9.608523	7.1282816
14	7	9	6.2152047	7.1282816
15	7	9	10.7005005	7.1282816
16	7	9	8.32484	7.1282816
17	7	9	8.614392	7.1282816
18	7	9	9.7728195	7.1282816
19	7	9	9.678958	7.1282816
20	7	9	10.014297	7.1282816
21	7	9	7.772546	7.1282816
22	7	9	7.833626	7.1282816
23	7	9	7.9687886	7.1282816
0	8	9	10.65219	7.1282816
1	8	9	10.71403	7.1282816
2	8	9	7.813806	7.1282816
3	8	9	12.1229315	7.1282816
4	8	9	9.292607	7.1282816
5	8	9	8.518103	7.1282816
6	8	9	12.579212	7.1282816
7	8	9	8.481347	7.1282816
8	8	9	8.130976	7.1282816
9	8	9	8.64822	7.1282816
10	8	9	12.464443	7.1282816
11	8	9	7.906768	7.1282816
12	8	9	11.091814	7.1282816
13	8	9	9.733703	7.1282816
14	8	9	6.5195994	7.1282816
15	8	9	11.221054	7.1282816
16	8	9	9.224485	7.1282816
17	8	9	8.862755	7.1282816
18	8	9	9.459152	7.1282816
19	8	9	9.9362955	7.1282816
20	8	9	10.4291935	7.1282816
21	8	9	8.238678	7.1282816
22	8	9	8.374738	7.1282816
23	8	9	8.356545	7.1282816
0	8	9	10.65219	7.368872
1	8	9	10.71403	7.368872
2	8	9	7.813806	7.368872
3	8	9	12.1229315	7.368872
4	8	9	9.292607	7.368872
5	8	9	8.518103	7.368872
6	8	9	12.579212	7.368872
7	8	9	8.481347	7.368872
8	8	9	8.130976	7.368872
9	8	9	8.64822	7.368872
10	8	9	12.464443	7.368872
11	8	9	7.906768	7.368872
12	8	9	11.091814	7.368872
13	8	9	9.733703	7.368872
14	8	9	6.5195994	7.368872
15	8	9	11.221054	7.368872
16	8	9	9.224485	7.368872
17	8	9	8.862755	7.368872
18	8	9	9.459152	7.368872
19	8	9	9.9362955	7.368872
20	8	9	10.4291935	7.368872
21	8	9	8.238678	7.368872
22	8	9	8.374738	7.368872
23	8	9	8.356545	7.368872
0	9	9	11.082542	7.368872
1	9	9	10.249876	7.368872
2	9	9	7.941842	7.368872
3	9	9	11.800953	7.368872
4	9	9	9.379245	7.368872
5	9	9	8.401891	7.368872
6	9	9	11.41912	7.368872
7	9	9	8.55559	7.368872
8	9	9	8.24433	7.368872
9	9	9	7.995996	7.368872
10	9	9	12.506164	7.368872
11	9	9	8.042801	7.368872
12	9	9	10.578541	7.368872
13	9	9	8.932047	7.368872
14	9	9	7.918835	7.368872
15	9	9	11.262067	7.368872
16	9	9	8.134074	7.368872
17	9	9	9.816433	7.368872
18	9	9	11.017957	7.368872
19	9	9	9.579384	7.368872
20	9	9	10.432229	7.368872
21	9	9	9.355441	7.368872
22	9	9	8.823874	7.368872
23	9	9	7.712577	7.368872
0	9	9	11.082542	7.496096
1	9	9	10.249876	7.496096
2	9	9	7.941842	7.496096
3	9	9	11.800953	7.496096
4	9	9	9.379245	7.496096
5	9	9	8.401891	7.496096
6	9	9	11.41912	7.496096
7	9	9	8.55559	7.496096
8	9	9	8.24433	7.496096
9	9	9	7.995996	7.496096
10	9	9	12.506164	7.496096
11	9	9	8.042801	7.496096
12	9	9	10.578541	7.496096
13	9	9	8.932047	7.496096
14	9	9	7.918835	7.496096
15	9	9	11.262067	7.496096
16	9	9	8.134074	7.496096
17	9	9	9.816433	7.496096
18	9	9	11.017957	7.496096
19	9	9	9.579384	7.496096
20	9	9	10.432229	7.496096
21	9	9	9.355441	7.496096
22	9	9	8.823874	7.496096
23	9	9	7.712577	7.496096
0	10	9	9.568858	7.496096
1	10	9	10.526122	7.496096
2	10	9	8.054526	7.496096
3	10	9	12.152181	7.496096
4	10	9	9.181593	7.496096
5	10	9	8.156741	7.496096
6	10	9	12.39468	7.496096
7	10	9	8.323998	7.496096
8	10	9	8.240348	7.496096
9	10	9	8.76482	7.496096
10	10	9	12.219227	7.496096
11	10	9	7.814649	7.496096
12	10	9	11.177261	7.496096
13	10	9	10.307623	7.496096
14	10	9	6.2397475	7.496096
15	10	9	11.29254	7.496096
16	10	9	9.438879	7.496096
17	10	9	8.815228	7.496096
18	10	9	9.989007	7.496096
19	10	9	9.859939	7.496096
20	10	9	10.392417	7.496096
21	10	9	8.116828	7.496096
22	10	9	9.181008	7.496096
23	10	9	8.606982	7.496096
0	10	9	9.568858	7.3269114
1	10	9	10.526122	7.3269114
2	10	9	8.054526	7.3269114
3	10	9	12.152181	7.3269114
4	10	9	9.181593	7.3269114
5	10	9	8.156741	7.3269114
6	10	9	12.39468	7.3269114
7	10	9	8.323998	7.3269114
8	10	9	8.240348	7.3269114
9	10	9	8.76482	7.3269114
10	10	9	12.219227	7.3269114
11	10	9	7.814649	7.3269114
12	10	9	11.177261	7.3269114
13	10	9	10.307623	7.3269114
14	10	9	6.2397475	7.3269114
15	10	9	11.29254	7.3269114
16	10	9	9.438879	7.3269114
17	10	9	8.815228	7.3269114
18	10	9	9.989007	7.3269114
19	10	9	9.859939	7.3269114
20	10	9	10.392417	7.3269114
21	10	9	8.116828	7.3269114
22	10	9	9.181008	7.3269114
23	10	9	8.606982	7.3269114
0	11	9	11.119517	7.3269114
1	11	9	9.180231	7.3269114
2	11	9	8.006479	7.3269114
3	11	9	11.5194025	7.3269114
4	11	9	9.327463	7.3269114
5	11	9	8.409497	7.3269114
6	11	9	10.930584	7.3269114
7	11	9	9.01634	7.3269114
8	11	9	8.498189	7.3269114
9	11	9	8.0385275	7.3269114
10	11	9	12.161851	7.3269114
11	11	9	7.3194904	7.3269114
12	11	9	10.171175	7.3269114
13	11	9	9.324555	7.3269114
14	11	9	6.839709	7.3269114
15	11	9	10.541839	7.3269114
16	11	9	7.992189	7.3269114
17	11	9	9.002966	7.3269114
18	11	9	9.987059	7.3269114
19	11	9	10.055249	7.3269114
20	11	9	9.05011	7.3269114
21	11	9	8.320518	7.3269114
22	11	9	8.244398	7.3269114
23	11	9	7.32735	7.3269114
0	11	9	11.119517	7.3089733
1	11	9	9.180231	7.3089733
2	11	9	8.006479	7.3089733
3	11	9	11.5194025	7.3089733
4	11	9	9.327463	7.3089733
5	11	9	8.409497	7.3089733
6	11	9	10.930584	7.3089733
7	11	9	9.01634	7.3089733
8	11	9	8.498189	7.3089733
9	11	9	8.0385275	7.3089733
10	11	9	12.161851	7.3089733
11	11	9	7.3194904	7.3089733
12	11	9	10.171175	7.3089733
13	11	9	9.324555	7.3089733
14	11	9	6.839709	7.3089733
15	11	9	10.541839	7.3089733
16	11	9	7.992189	7.3089733
17	11	9	9.002966	7.3089733
18	11	9	9.987059	7.3089733
19	11	9	10.055249	7.3089733
20	11	9	9.05011	7.3089733
21	11	9	8.320518	7.3089733
22	11	9	8.244398	7.3089733
23	11	9	7.32735	7.3089733
0	12	9	10.695241	7.3089733
1	12	9	9.716538	7.3089733
2	12	9	7.3759975	7.3089733
3	12	9	11.936276	7.3089733
4	12	9	11.500098	7.3089733
5	12	9	8.577703	7.3089733
6	12	9	11.566922	7.3089733
7	12	9	8.617677	7.3089733
8	12	9	7.8504725	7.3089733
9	12	9	8.605743	7.3089733
10	12	9	13.421801	7.3089733
11	12	9	8.5682	7.3089733
12	12	9	10.66743	7.3089733
13	12	9	9.716247	7.3089733
14	12	9	7.3194585	7.3089733
15	12	9	10.573212	7.3089733
16	12	9	8.680637	7.3089733
17	12	9	9.251297	7.3089733
18	12	9	9.845985	7.3089733
19	12	9	9.719861	7.3089733
20	12	9	8.983089	7.3089733
21	12	9	8.167379	7.3089733
22	12	9	7.8366075	7.3089733
23	12	9	8.269121	7.3089733
0	12	9	10.695241	7.4932857
1	12	9	9.716538	7.4932857
2	12	9	7.3759975	7.4932857
3	12	9	11.936276	7.4932857
4	12	9	11.500098	7.4932857
5	12	9	8.577703	7.4932857
6	12	9	11.566922	7.4932857
7	12	9	8.617677	7.4932857
8	12	9	7.8504725	7.4932857
9	12	9	8.605743	7.4932857
10	12	9	13.421801	7.4932857
11	12	9	8.5682	7.4932857
12	12	9	10.66743	7.4932857
13	12	9	9.716247	7.4932857
14	12	9	7.3194585	7.4932857
15	12	9	10.573212	7.4932857
16	12	9	8.680637	7.4932857
17	12	9	9.251297	7.4932857
18	12	9	9.845985	7.4932857
19	12	9	9.719861	7.4932857
20	12	9	8.983089	7.4932857
21	12	9	8.167379	7.4932857
22	12	9	7.8366075	7.4932857
23	12	9	8.269121	7.4932857
0	13	9	10.96903	7.4932857
1	13	9	9.817927	7.4932857
2	13	9	6.4362693	7.4932857
3	13	9	11.892423	7.4932857
4	13	9	10.714982	7.4932857
5	13	9	8.378187	7.4932857
6	13	9	11.115779	7.4932857
7	13	9	8.563505	7.4932857
8	13	9	7.587645	7.4932857
9	13	9	8.098612	7.4932857
10	13	9	12.1801605	7.4932857
11	13	9	8.408512	7.4932857
12	13	9	10.469749	7.4932857
13	13	9	9.539806	7.4932857
14	13	9	7.394062	7.4932857
15	13	9	11.261498	7.4932857
16	13	9	8.786209	7.4932857
17	13	9	8.356177	7.4932857
18	13	9	10.512916	7.4932857
19	13	9	10.126022	7.4932857
20	13	9	9.096674	7.4932857
21	13	9	8.549932	7.4932857
22	13	9	8.5095415	7.4932857
23	13	9	7.9214087	7.4932857
0	13	9	10.96903	7.402374
1	13	9	9.817927	7.402374
2	13	9	6.4362693	7.402374
3	13	9	11.892423	7.402374
4	13	9	10.714982	7.402374
5	13	9	8.378187	7.402374
6	13	9	11.115779	7.402374
7	13	9	8.563505	7.402374
8	13	9	7.587645	7.402374
9	13	9	8.098612	7.402374
10	13	9	12.1801605	7.402374
11	13	9	8.408512	7.402374
12	13	9	10.469749	7.402374
13	13	9	9.539806	7.402374
14	13	9	7.394062	7.402374
15	13	9	11.261498	7.402374
16	13	9	8.786209	7.402374
17	13	9	8.356177	7.402374
18	13	9	10.512916	7.402374
19	13	9	10.126022	7.402374
20	13	9	9.096674	7.402374
21	13	9	8.549932	7.402374
22	13	9	8.5095415	7.402374
23	13	9	7.9214087	7.402374
0	14	9	10.158059	7.402374
1	14	9	9.6400585	7.402374
2	14	9	8.453506	7.402374
3	14	9	11.616807	7.402374
4	14	9	8.102129	7.402374
5	14	9	7.8966613	7.402374
6	14	9	11.906433	7.402374
7	14	9	9.140106	7.402374
8	14	9	8.608055	7.402374
9	14	9	8.659586	7.402374
10	14	9	12.630494	7.402374
11	14	9	7.573361	7.402374
12	14	9	9.761845	7.402374
13	14	9	9.550766	7.402374
14	14	9	6.6664486	7.402374
15	14	9	10.945658	7.402374
16	14	9	8.6283655	7.402374
17	14	9	9.351278	7.402374
18	14	9	9.611556	7.402374
19	14	9	10.36071	7.402374
20	14	9	9.200497	7.402374
21	14	9	7.6936035	7.402374
22	14	9	8.850344	7.402374
23	14	9	8.259739	7.402374
0	14	9	10.158059	7.36763
1	14	9	9.6400585	7.36763
2	14	9	8.453506	7.36763
3	14	9	11.616807	7.36763
4	14	9	8.102129	7.36763
5	14	9	7.8966613	7.36763
6	14	9	11.906433	7.36763
7	14	9	9.140106	7.36763
8	14	9	8.608055	7.36763
9	14	9	8.659586	7.36763
10	14	9	12.630494	7.36763
11	14	9	7.573361	7.36763
12	14	9	9.761845	7.36763
13	14	9	9.550766	7.36763
14	14	9	6.6664486	7.36763
15	14	9	10.945658	7.36763
16	14	9	8.6283655	7.36763
17	14	9	9.351278	7.36763
18	14	9	9.611556	7.36763
19	14	9	10.36071	7.36763
20	14	9	9.200497	7.36763
21	14	9	7.6936035	7.36763
22	14	9	8.850344	7.36763
23	14	9	8.259739	7.36763
0	15	9	10.099732	7.36763
1	15	9	10.584839	7.36763
2	15	9	8.410517	7.36763
3	15	9	11.683636	7.36763
4	15	9	9.004212	7.36763
5	15	9	9.094111	7.36763
6	15	9	11.578062	7.36763
7	15	9	9.195249	7.36763
8	15	9	8.2867985	7.36763
9	15	9	7.5386934	7.36763
10	15	9	12.294245	7.36763
11	15	9	8.35635	7.36763
12	15	9	9.937963	7.36763
13	15	9	9.21966	7.36763
14	15	9	6.9196773	7.36763
15	15	9	10.687094	7.36763
16	15	9	8.140659	7.36763
17	15	9	9.314501	7.36763
18	15	9	10.17614	7.36763
19	15	9	9.799698	7.36763
20	15	9	9.26859	7.36763
21	15	9	7.8045287	7.36763
22	15	9	8.173424	7.36763
23	15	9	7.206689	7.36763
0	15	9	10.099732	7.171476
1	15	9	10.584839	7.171476
2	15	9	8.410517	7.171476
3	15	9	11.683636	7.171476
4	15	9	9.004212	7.171476
5	15	9	9.094111	7.171476
6	15	9	11.578062	7.171476
7	15	9	9.195249	7.171476
8	15	9	8.2867985	7.171476
9	15	9	7.5386934	7.171476
10	15	9	12.294245	7.171476
11	15	9	8.35635	7.171476
12	15	9	9.937963	7.171476
13	15	9	9.21966	7.171476
14	15	9	6.9196773	7.171476
15	15	9	10.687094	7.171476
16	15	9	8.140659	7.171476
17	15	9	9.314501	7.171476
18	15	9	10.17614	7.171476
19	15	9	9.799698	7.171476
20	15	9	9.26859	7.171476
21	15	9	7.8045287	7.171476
22	15	9	8.173424	7.171476
23	15	9	7.206689	7.171476
0	16	9	10.967361	7.171476
1	16	9	10.229253	7.171476
2	16	9	8.237065	7.171476
3	16	9	11.806465	7.171476
4	16	9	9.717212	7.171476
5	16	9	8.574459	7.171476
6	16	9	11.890074	7.171476
7	16	9	9.044225	7.171476
8	16	9	7.425944	7.171476
9	16	9	8.552422	7.171476
10	16	9	12.058547	7.171476
11	16	9	8.2194395	7.171476
12	16	9	11.409427	7.171476
13	16	9	9.420195	7.171476
14	16	9	7.5657225	7.171476
15	16	9	11.279775	7.171476
16	16	9	8.711514	7.171476
17	16	9	9.419123	7.171476
18	16	9	10.49157	7.171476
19	16	9	11.239637	7.171476
20	16	9	8.49898	7.171476
21	16	9	8.542694	7.171476
22	16	9	9.169784	7.171476
23	16	9	7.586373	7.171476
0	16	9	10.967361	7.584909
1	16	9	10.229253	7.584909
2	16	9	8.237065	7.584909
3	16	9	11.806465	7.584909
4	16	9	9.717212	7.584909
5	16	9	8.574459	7.584909
6	16	9	11.890074	7.584909
7	16	9	9.044225	7.584909
8	16	9	7.425944	7.584909
9	16	9	8.552422	7.584909
10	16	9	12.058547	7.584909
11	16	9	8.2194395	7.584909
12	16	9	11.409427	7.584909
13	16	9	9.420195	7.584909
14	16	9	7.5657225	7.584909
15	16	9	11.279775	7.584909
16	16	9	8.711514	7.584909
17	16	9	9.419123	7.584909
18	16	9	10.49157	7.584909
19	16	9	11.239637	7.584909
20	16	9	8.49898	7.584909
21	16	9	8.542694	7.584909
22	16	9	9.169784	7.584909
23	16	9	7.586373	7.584909
0	17	9	9.92541	7.584909
1	17	9	9.490867	7.584909
2	17	9	8.413235	7.584909
3	17	9	11.557847	7.584909
4	17	9	8.884899	7.584909
5	17	9	8.393143	7.584909
6	17	9	11.314451	7.584909
7	17	9	9.597436	7.584909
8	17	9	9.162872	7.584909
9	17	9	7.7232733	7.584909
10	17	9	12.625482	7.584909
11	17	9	7.946408	7.584909
12	17	9	9.562837	7.584909
13	17	9	9.643468	7.584909
14	17	9	6.9949293	7.584909
15	17	9	11.083404	7.584909
16	17	9	8.223487	7.584909
17	17	9	9.507693	7.584909
18	17	9	10.134576	7.584909
19	17	9	9.507265	7.584909
20	17	9	8.675199	7.584909
21	17	9	7.72664	7.584909
22	17	9	8.84255	7.584909
23	17	9	7.8329515	7.584909
0	17	9	9.92541	7.372616
1	17	9	9.490867	7.372616
2	17	9	8.413235	7.372616
3	17	9	11.557847	7.372616
4	17	9	8.884899	7.372616
5	17	9	8.393143	7.372616
6	17	9	11.314451	7.372616
7	17	9	9.597436	7.372616
8	17	9	9.162872	7.372616
9	17	9	7.7232733	7.372616
10	17	9	12.625482	7.372616
11	17	9	7.946408	7.372616
12	17	9	9.562837	7.372616
13	17	9	9.643468	7.372616
14	17	9	6.9949293	7.372616
15	17	9	11.083404	7.372616
16	17	9	8.223487	7.372616
17	17	9	9.507693	7.372616
18	17	9	10.134576	7.372616
19	17	9	9.507265	7.372616
20	17	9	8.675199	7.372616
21	17	9	7.72664	7.372616
22	17	9	8.84255	7.372616
23	17	9	7.8329515	7.372616
0	18	9	10.480178	7.372616
1	18	9	9.793475	7.372616
2	18	9	7.6407375	7.372616
3	18	9	12.000084	7.372616
4	18	9	9.572893	7.372616
5	18	9	8.027333	7.372616
6	18	9	11.016967	7.372616
7	18	9	9.347943	7.372616
8	18	9	8.074896	7.372616
9	18	9	8.209847	7.372616
10	18	9	12.306138	7.372616
11	18	9	8.150676	7.372616
12	18	9	10.100965	7.372616
13	18	9	9.483778	7.372616
14	18	9	7.1154323	7.372616
15	18	9	11.929005	7.372616
16	18	9	8.949753	7.372616
17	18	9	8.843933	7.372616
18	18	9	10.744517	7.372616
19	18	9	9.6448965	7.372616
20	18	9	9.942649	7.372616
21	18	9	8.063344	7.372616
22	18	9	9.416642	7.372616
23	18	9	7.9870505	7.372616
0	18	9	10.480178	7.4877434
1	18	9	9.793475	7.4877434
2	18	9	7.6407375	7.4877434
3	18	9	12.000084	7.4877434
4	18	9	9.572893	7.4877434
5	18	9	8.027333	7.4877434
6	18	9	11.016967	7.4877434
7	18	9	9.347943	7.4877434
8	18	9	8.074896	7.4877434
9	18	9	8.209847	7.4877434
10	18	9	12.306138	7.4877434
11	18	9	8.150676	7.4877434
12	18	9	10.100965	7.4877434
13	18	9	9.483778	7.4877434
14	18	9	7.1154323	7.4877434
15	18	9	11.929005	7.4877434
16	18	9	8.949753	7.4877434
17	18	9	8.843933	7.4877434
18	18	9	10.744517	7.4877434
19	18	9	9.6448965	7.4877434
20	18	9	9.942649	7.4877434
21	18	9	8.063344	7.4877434
22	18	9	9.416642	7.4877434
23	18	9	7.9870505	7.4877434
0	19	9	11.12712	7.4877434
1	19	9	10.07801	7.4877434
2	19	9	7.4431505	7.4877434
3	19	9	11.414528	7.4877434
4	19	9	9.661518	7.4877434
5	19	9	9.114322	7.4877434
6	19	9	10.905055	7.4877434
7	19	9	9.086699	7.4877434
8	19	9	8.51082	7.4877434
9	19	9	8.108259	7.4877434
10	19	9	12.175545	7.4877434
11	19	9	7.776577	7.4877434
12	19	9	10.124263	7.4877434
13	19	9	9.503351	7.4877434
14	19	9	6.2187834	7.4877434
15	19	9	10.459572	7.4877434
16	19	9	8.225627	7.4877434
17	19	9	8.263954	7.4877434
18	19	9	9.377912	7.4877434
19	19	9	9.207976	7.4877434
20	19	9	9.598094	7.4877434
21	19	9	8.135708	7.4877434
22	19	9	8.062766	7.4877434
23	19	9	7.180044	7.4877434
0	19	9	11.12712	7.0432615
1	19	9	10.07801	7.0432615
2	19	9	7.4431505	7.0432615
3	19	9	11.414528	7.0432615
4	19	9	9.661518	7.0432615
5	19	9	9.114322	7.0432615
6	19	9	10.905055	7.0432615
7	19	9	9.086699	7.0432615
8	19	9	8.51082	7.0432615
9	19	9	8.108259	7.0432615
10	19	9	12.175545	7.0432615
11	19	9	7.776577	7.0432615
12	19	9	10.124263	7.0432615
13	19	9	9.503351	7.0432615
14	19	9	6.2187834	7.0432615
15	19	9	10.459572	7.0432615
16	19	9	8.225627	7.0432615
17	19	9	8.263954	7.0432615
18	19	9	9.377912	7.0432615
19	19	9	9.207976	7.0432615
20	19	9	9.598094	7.0432615
21	19	9	8.135708	7.0432615
22	19	9	8.062766	7.0432615
23	19	9	7.180044	7.0432615
0	20	9	10.500509	7.0432615
1	20	9	9.37771	7.0432615
2	20	9	7.855461	7.0432615
3	20	9	11.481935	7.0432615
4	20	9	8.714647	7.0432615
5	20	9	8.531327	7.0432615
6	20	9	10.780441	7.0432615
7	20	9	7.995487	7.0432615
8	20	9	8.969993	7.0432615
9	20	9	7.3643284	7.0432615
10	20	9	11.934108	7.0432615
11	20	9	8.27619	7.0432615
12	20	9	9.823608	7.0432615
13	20	9	8.945555	7.0432615
14	20	9	6.813496	7.0432615
15	20	9	10.582307	7.0432615
16	20	9	8.1729	7.0432615
17	20	9	8.864197	7.0432615
18	20	9	10.166517	7.0432615
19	20	9	10.197565	7.0432615
20	20	9	9.531865	7.0432615
21	20	9	8.572277	7.0432615
22	20	9	7.8908343	7.0432615
23	20	9	7.400463	7.0432615
0	20	9	10.500509	7.2175603
1	20	9	9.37771	7.2175603
2	20	9	7.855461	7.2175603
3	20	9	11.481935	7.2175603
4	20	9	8.714647	7.2175603
5	20	9	8.531327	7.2175603
6	20	9	10.780441	7.2175603
7	20	9	7.995487	7.2175603
8	20	9	8.969993	7.2175603
9	20	9	7.3643284	7.2175603
10	20	9	11.934108	7.2175603
11	20	9	8.27619	7.2175603
12	20	9	9.823608	7.2175603
13	20	9	8.945555	7.2175603
14	20	9	6.813496	7.2175603
15	20	9	10.582307	7.2175603
16	20	9	8.1729	7.2175603
17	20	9	8.864197	7.2175603
18	20	9	10.166517	7.2175603
19	20	9	10.197565	7.2175603
20	20	9	9.531865	7.2175603
21	20	9	8.572277	7.2175603
22	20	9	7.8908343	7.2175603
23	20	9	7.400463	7.2175603
0	21	9	10.61418	7.2175603
1	21	9	10.183807	7.2175603
2	21	9	8.376077	7.2175603
3	21	9	12.006927	7.2175603
4	21	9	8.291191	7.2175603
5	21	9	8.528586	7.2175603
6	21	9	12.491211	7.2175603
7	21	9	8.221608	7.2175603
8	21	9	8.908343	7.2175603
9	21	9	7.6688213	7.2175603
10	21	9	12.1076145	7.2175603
11	21	9	8.276828	7.2175603
12	21	9	10.659469	7.2175603
13	21	9	9.164121	7.2175603
14	21	9	7.532599	7.2175603
15	21	9	11.216559	7.2175603
16	21	9	7.7782345	7.2175603
17	21	9	9.258631	7.2175603
18	21	9	11.796772	7.2175603
19	21	9	10.256966	7.2175603
20	21	9	10.572224	7.2175603
21	21	9	8.983832	7.2175603
22	21	9	8.509692	7.2175603
23	21	9	7.289367	7.2175603
0	21	9	10.61418	7.42439
1	21	9	10.183807	7.42439
2	21	9	8.376077	7.42439
3	21	9	12.006927	7.42439
4	21	9	8.291191	7.42439
5	21	9	8.528586	7.42439
6	21	9	12.491211	7.42439
7	21	9	8.221608	7.42439
8	21	9	8.908343	7.42439
9	21	9	7.6688213	7.42439
10	21	9	12.1076145	7.42439
11	21	9	8.276828	7.42439
12	21	9	10.659469	7.42439
13	21	9	9.164121	7.42439
14	21	9	7.532599	7.42439
15	21	9	11.216559	7.42439
16	21	9	7.7782345	7.42439
17	21	9	9.258631	7.42439
18	21	9	11.796772	7.42439
19	21	9	10.256966	7.42439
20	21	9	10.572224	7.42439
21	21	9	8.983832	7.42439
22	21	9	8.509692	7.42439
23	21	9	7.289367	7.42439
0	22	9	9.797029	7.42439
1	22	9	10.515139	7.42439
2	22	9	6.975611	7.42439
3	22	9	12.118965	7.42439
4	22	9	8.792976	7.42439
5	22	9	8.719927	7.42439
6	22	9	10.851749	7.42439
7	22	9	8.732433	7.42439
8	22	9	8.559946	7.42439
9	22	9	8.540555	7.42439
10	22	9	12.195926	7.42439
11	22	9	8.648856	7.42439
12	22	9	9.667951	7.42439
13	22	9	9.825101	7.42439
14	22	9	6.6670012	7.42439
15	22	9	11.172786	7.42439
16	22	9	8.220669	7.42439
17	22	9	9.500868	7.42439
18	22	9	11.295946	7.42439
19	22	9	10.183776	7.42439
20	22	9	9.071898	7.42439
21	22	9	6.8558493	7.42439
22	22	9	8.256623	7.42439
23	22	9	7.627198	7.42439
0	22	9	9.797029	7.134374
1	22	9	10.515139	7.134374
2	22	9	6.975611	7.134374
3	22	9	12.118965	7.134374
4	22	9	8.792976	7.134374
5	22	9	8.719927	7.134374
6	22	9	10.851749	7.134374
7	22	9	8.732433	7.134374
8	22	9	8.559946	7.134374
9	22	9	8.540555	7.134374
10	22	9	12.195926	7.134374
11	22	9	8.648856	7.134374
12	22	9	9.667951	7.134374
13	22	9	9.825101	7.134374
14	22	9	6.6670012	7.134374
15	22	9	11.172786	7.134374
16	22	9	8.220669	7.134374
17	22	9	9.500868	7.134374
18	22	9	11.295946	7.134374
19	22	9	10.183776	7.134374
20	22	9	9.071898	7.134374
21	22	9	6.8558493	7.134374
22	22	9	8.256623	7.134374
23	22	9	7.627198	7.134374
0	23	9	9.824887	7.134374
1	23	9	9.223502	7.134374
2	23	9	8.569542	7.134374
3	23	9	11.598092	7.134374
4	23	9	8.382046	7.134374
5	23	9	8.299331	7.134374
6	23	9	10.888895	7.134374
7	23	9	8.748213	7.134374
8	23	9	9.205913	7.134374
9	23	9	7.840705	7.134374
10	23	9	11.562618	7.134374
11	23	9	7.6745915	7.134374
12	23	9	10.301982	7.134374
13	23	9	9.465503	7.134374
14	23	9	6.1438117	7.134374
15	23	9	10.807059	7.134374
16	23	9	8.440667	7.134374
17	23	9	9.026176	7.134374
18	23	9	9.998352	7.134374
19	23	9	10.337454	7.134374
20	23	9	9.511134	7.134374
21	23	9	8.186853	7.134374
22	23	9	8.189774	7.134374
23	23	9	7.4934454	7.134374
0	23	9	9.824887	7.1653805
1	23	9	9.223502	7.1653805
2	23	9	8.569542	7.1653805
3	23	9	11.598092	7.1653805
4	23	9	8.382046	7.1653805
5	23	9	8.299331	7.1653805
6	23	9	10.888895	7.1653805
7	23	9	8.748213	7.1653805
8	23	9	9.205913	7.1653805
9	23	9	7.840705	7.1653805
10	23	9	11.562618	7.1653805
11	23	9	7.6745915	7.1653805
12	23	9	10.301982	7.1653805
13	23	9	9.465503	7.1653805
14	23	9	6.1438117	7.1653805
15	23	9	10.807059	7.1653805
16	23	9	8.440667	7.1653805
17	23	9	9.026176	7.1653805
18	23	9	9.998352	7.1653805
19	23	9	10.337454	7.1653805
20	23	9	9.511134	7.1653805
21	23	9	8.186853	7.1653805
22	23	9	8.189774	7.1653805
23	23	9	7.4934454	7.1653805
0	24	9	10.259936	7.1653805
1	24	9	9.761306	7.1653805
2	24	9	7.190512	7.1653805
3	24	9	11.905233	7.1653805
4	24	9	9.938144	7.1653805
5	24	9	8.123284	7.1653805
6	24	9	11.542312	7.1653805
7	24	9	8.990771	7.1653805
8	24	9	7.521165	7.1653805
9	24	9	8.079627	7.1653805
10	24	9	11.924321	7.1653805
11	24	9	8.309104	7.1653805
12	24	9	11.25473	7.1653805
13	24	9	9.822836	7.1653805
14	24	9	6.585269	7.1653805
15	24	9	11.726297	7.1653805
16	24	9	9.06468	7.1653805
17	24	9	8.472161	7.1653805
18	24	9	10.001014	7.1653805
19	24	9	9.809113	7.1653805
20	24	9	9.262124	7.1653805
21	24	9	8.064571	7.1653805
22	24	9	8.938629	7.1653805
23	24	9	7.9919457	7.1653805
0	24	9	10.259936	7.498094
1	24	9	9.761306	7.498094
2	24	9	7.190512	7.498094
3	24	9	11.905233	7.498094
4	24	9	9.938144	7.498094
5	24	9	8.123284	7.498094
6	24	9	11.542312	7.498094
7	24	9	8.990771	7.498094
8	24	9	7.521165	7.498094
9	24	9	8.079627	7.498094
10	24	9	11.924321	7.498094
11	24	9	8.309104	7.498094
12	24	9	11.25473	7.498094
13	24	9	9.822836	7.498094
14	24	9	6.585269	7.498094
15	24	9	11.726297	7.498094
16	24	9	9.06468	7.498094
17	24	9	8.472161	7.498094
18	24	9	10.001014	7.498094
19	24	9	9.809113	7.498094
20	24	9	9.262124	7.498094
21	24	9	8.064571	7.498094
22	24	9	8.938629	7.498094
23	24	9	7.9919457	7.498094
0	25	9	10.1201935	7.498094
1	25	9	9.606655	7.498094
2	25	9	7.476176	7.498094
3	25	9	12.0974	7.498094
4	25	9	10.446936	7.498094
5	25	9	8.150772	7.498094
6	25	9	11.5364	7.498094
7	25	9	9.188034	7.498094
8	25	9	8.309699	7.498094
9	25	9	7.9641123	7.498094
10	25	9	12.370486	7.498094
11	25	9	8.334962	7.498094
12	25	9	11.060717	7.498094
13	25	9	10.158362	7.498094
14	25	9	7.3071666	7.498094
15	25	9	11.554692	7.498094
16	25	9	8.974446	7.498094
17	25	9	8.817949	7.498094
18	25	9	10.687584	7.498094
19	25	9	10.282131	7.498094
20	25	9	8.336842	7.498094
21	25	9	7.823267	7.498094
22	25	9	9.401118	7.498094
23	25	9	8.290091	7.498094
0	25	9	10.1201935	7.5060754
1	25	9	9.606655	7.5060754
2	25	9	7.476176	7.5060754
3	25	9	12.0974	7.5060754
4	25	9	10.446936	7.5060754
5	25	9	8.150772	7.5060754
6	25	9	11.5364	7.5060754
7	25	9	9.188034	7.5060754
8	25	9	8.309699	7.5060754
9	25	9	7.9641123	7.5060754
10	25	9	12.370486	7.5060754
11	25	9	8.334962	7.5060754
12	25	9	11.060717	7.5060754
13	25	9	10.158362	7.5060754
14	25	9	7.3071666	7.5060754
15	25	9	11.554692	7.5060754
16	25	9	8.974446	7.5060754
17	25	9	8.817949	7.5060754
18	25	9	10.687584	7.5060754
19	25	9	10.282131	7.5060754
20	25	9	8.336842	7.5060754
21	25	9	7.823267	7.5060754
22	25	9	9.401118	7.5060754
23	25	9	8.290091	7.5060754
0	26	9	10.767086	7.5060754
1	26	9	10.503843	7.5060754
2	26	9	7.3282223	7.5060754
3	26	9	11.82494	7.5060754
4	26	9	11.472173	7.5060754
5	26	9	9.062438	7.5060754
6	26	9	11.085418	7.5060754
7	26	9	9.188869	7.5060754
8	26	9	8.383623	7.5060754
9	26	9	7.606771	7.5060754
10	26	9	12.228124	7.5060754
11	26	9	8.111497	7.5060754
12	26	9	11.359696	7.5060754
13	26	9	9.654525	7.5060754
14	26	9	6.8304706	7.5060754
15	26	9	11.292438	7.5060754
16	26	9	9.1846485	7.5060754
17	26	9	8.449424	7.5060754
18	26	9	10.738439	7.5060754
19	26	9	10.09422	7.5060754
20	26	9	8.800947	7.5060754
21	26	9	8.4510355	7.5060754
22	26	9	9.153629	7.5060754
23	26	9	7.334539	7.5060754
0	26	9	10.767086	7.4035163
1	26	9	10.503843	7.4035163
2	26	9	7.3282223	7.4035163
3	26	9	11.82494	7.4035163
4	26	9	11.472173	7.4035163
5	26	9	9.062438	7.4035163
6	26	9	11.085418	7.4035163
7	26	9	9.188869	7.4035163
8	26	9	8.383623	7.4035163
9	26	9	7.606771	7.4035163
10	26	9	12.228124	7.4035163
11	26	9	8.111497	7.4035163
12	26	9	11.359696	7.4035163
13	26	9	9.654525	7.4035163
14	26	9	6.8304706	7.4035163
15	26	9	11.292438	7.4035163
16	26	9	9.1846485	7.4035163
17	26	9	8.449424	7.4035163
18	26	9	10.738439	7.4035163
19	26	9	10.09422	7.4035163
20	26	9	8.800947	7.4035163
21	26	9	8.4510355	7.4035163
22	26	9	9.153629	7.4035163
23	26	9	7.334539	7.4035163
0	27	9	9.708678	7.4035163
1	27	9	10.850157	7.4035163
2	27	9	7.630057	7.4035163
3	27	9	11.841871	7.4035163
4	27	9	8.078072	7.4035163
5	27	9	8.629737	7.4035163
6	27	9	11.255068	7.4035163
7	27	9	8.944795	7.4035163
8	27	9	8.738032	7.4035163
9	27	9	8.528262	7.4035163
10	27	9	12.123219	7.4035163
11	27	9	8.119341	7.4035163
12	27	9	9.464497	7.4035163
13	27	9	9.487966	7.4035163
14	27	9	6.762581	7.4035163
15	27	9	10.674316	7.4035163
16	27	9	8.128818	7.4035163
17	27	9	9.488202	7.4035163
18	27	9	10.590269	7.4035163
19	27	9	9.452013	7.4035163
20	27	9	9.978906	7.4035163
21	27	9	7.1506186	7.4035163
22	27	9	8.323855	7.4035163
23	27	9	7.539659	7.4035163
0	27	9	9.708678	7.0864153
1	27	9	10.850157	7.0864153
2	27	9	7.630057	7.0864153
3	27	9	11.841871	7.0864153
4	27	9	8.078072	7.0864153
5	27	9	8.629737	7.0864153
6	27	9	11.255068	7.0864153
7	27	9	8.944795	7.0864153
8	27	9	8.738032	7.0864153
9	27	9	8.528262	7.0864153
10	27	9	12.123219	7.0864153
11	27	9	8.119341	7.0864153
12	27	9	9.464497	7.0864153
13	27	9	9.487966	7.0864153
14	27	9	6.762581	7.0864153
15	27	9	10.674316	7.0864153
16	27	9	8.128818	7.0864153
17	27	9	9.488202	7.0864153
18	27	9	10.590269	7.0864153
19	27	9	9.452013	7.0864153
20	27	9	9.978906	7.0864153
21	27	9	7.1506186	7.0864153
22	27	9	8.323855	7.0864153
23	27	9	7.539659	7.0864153
0	28	9	10.4270735	7.0864153
1	28	9	10.125668	7.0864153
2	28	9	7.8241477	7.0864153
3	28	9	12.242225	7.0864153
4	28	9	8.349428	7.0864153
5	28	9	8.954655	7.0864153
6	28	9	11.511506	7.0864153
7	28	9	8.423605	7.0864153
8	28	9	9.13548	7.0864153
9	28	9	8.450485	7.0864153
10	28	9	11.785507	7.0864153
11	28	9	8.242935	7.0864153
12	28	9	11.658881	7.0864153
13	28	9	9.814496	7.0864153
14	28	9	6.139517	7.0864153
15	28	9	11.1369705	7.0864153
16	28	9	8.45845	7.0864153
17	28	9	8.256508	7.0864153
18	28	9	9.548889	7.0864153
19	28	9	9.281282	7.0864153
20	28	9	10.409245	7.0864153
21	28	9	8.447914	7.0864153
22	28	9	7.8617406	7.0864153
23	28	9	8.079351	7.0864153
0	28	9	10.4270735	7.3215404
1	28	9	10.125668	7.3215404
2	28	9	7.8241477	7.3215404
3	28	9	12.242225	7.3215404
4	28	9	8.349428	7.3215404
5	28	9	8.954655	7.3215404
6	28	9	11.511506	7.3215404
7	28	9	8.423605	7.3215404
8	28	9	9.13548	7.3215404
9	28	9	8.450485	7.3215404
10	28	9	11.785507	7.3215404
11	28	9	8.242935	7.3215404
12	28	9	11.658881	7.3215404
13	28	9	9.814496	7.3215404
14	28	9	6.139517	7.3215404
15	28	9	11.1369705	7.3215404
16	28	9	8.45845	7.3215404
17	28	9	8.256508	7.3215404
18	28	9	9.548889	7.3215404
19	28	9	9.281282	7.3215404
20	28	9	10.409245	7.3215404
21	28	9	8.447914	7.3215404
22	28	9	7.8617406	7.3215404
23	28	9	8.079351	7.3215404
0	29	9	9.591107	7.3215404
1	29	9	10.015181	7.3215404
2	29	9	7.3000174	7.3215404
3	29	9	11.995759	7.3215404
4	29	9	8.492913	7.3215404
5	29	9	8.446319	7.3215404
6	29	9	12.0778055	7.3215404
7	29	9	8.39854	7.3215404
8	29	9	8.424234	7.3215404
9	29	9	8.954291	7.3215404
10	29	9	12.305721	7.3215404
11	29	9	8.134138	7.3215404
12	29	9	9.492704	7.3215404
13	29	9	9.415873	7.3215404
14	29	9	7.4936314	7.3215404
15	29	9	10.641539	7.3215404
16	29	9	7.995075	7.3215404
17	29	9	8.931377	7.3215404
18	29	9	10.624753	7.3215404
19	29	9	9.781645	7.3215404
20	29	9	9.342759	7.3215404
21	29	9	7.1665764	7.3215404
22	29	9	8.142316	7.3215404
23	29	9	7.7650347	7.3215404
0	29	9	9.591107	7.253207
1	29	9	10.015181	7.253207
2	29	9	7.3000174	7.253207
3	29	9	11.995759	7.253207
4	29	9	8.492913	7.253207
5	29	9	8.446319	7.253207
6	29	9	12.0778055	7.253207
7	29	9	8.39854	7.253207
8	29	9	8.424234	7.253207
9	29	9	8.954291	7.253207
10	29	9	12.305721	7.253207
11	29	9	8.134138	7.253207
12	29	9	9.492704	7.253207
13	29	9	9.415873	7.253207
14	29	9	7.4936314	7.253207
15	29	9	10.641539	7.253207
16	29	9	7.995075	7.253207
17	29	9	8.931377	7.253207
18	29	9	10.624753	7.253207
19	29	9	9.781645	7.253207
20	29	9	9.342759	7.253207
21	29	9	7.1665764	7.253207
22	29	9	8.142316	7.253207
23	29	9	7.7650347	7.253207
0	0	10	10.256486	7.253207
1	0	10	10.176087	7.253207
2	0	10	6.590839	7.253207
3	0	10	11.805088	7.253207
4	0	10	9.2112	7.253207
5	0	10	8.446795	7.253207
6	0	10	11.4990835	7.253207
7	0	10	8.148794	7.253207
8	0	10	7.312161	7.253207
9	0	10	8.252589	7.253207
10	0	10	11.919578	7.253207
11	0	10	8.16576	7.253207
12	0	10	10.075416	7.253207
13	0	10	8.904507	7.253207
14	0	10	7.1840415	7.253207
15	0	10	10.417738	7.253207
16	0	10	8.079239	7.253207
17	0	10	9.235421	7.253207
18	0	10	10.151009	7.253207
19	0	10	9.992371	7.253207
20	0	10	9.208197	7.253207
21	0	10	7.6614823	7.253207
22	0	10	8.039345	7.253207
23	0	10	7.3944216	7.253207
0	0	10	10.256486	7.246168
1	0	10	10.176087	7.246168
2	0	10	6.590839	7.246168
3	0	10	11.805088	7.246168
4	0	10	9.2112	7.246168
5	0	10	8.446795	7.246168
6	0	10	11.4990835	7.246168
7	0	10	8.148794	7.246168
8	0	10	7.312161	7.246168
9	0	10	8.252589	7.246168
10	0	10	11.919578	7.246168
11	0	10	8.16576	7.246168
12	0	10	10.075416	7.246168
13	0	10	8.904507	7.246168
14	0	10	7.1840415	7.246168
15	0	10	10.417738	7.246168
16	0	10	8.079239	7.246168
17	0	10	9.235421	7.246168
18	0	10	10.151009	7.246168
19	0	10	9.992371	7.246168
20	0	10	9.208197	7.246168
21	0	10	7.6614823	7.246168
22	0	10	8.039345	7.246168
23	0	10	7.3944216	7.246168
0	1	10	9.796994	7.246168
1	1	10	9.4766245	7.246168
2	1	10	8.370678	7.246168
3	1	10	11.534312	7.246168
4	1	10	8.433963	7.246168
5	1	10	7.979947	7.246168
6	1	10	11.534144	7.246168
7	1	10	8.740201	7.246168
8	1	10	8.0662	7.246168
9	1	10	7.4581914	7.246168
10	1	10	12.194016	7.246168
11	1	10	7.7156253	7.246168
12	1	10	10.212932	7.246168
13	1	10	9.02922	7.246168
14	1	10	6.4972057	7.246168
15	1	10	11.383831	7.246168
16	1	10	8.799362	7.246168
17	1	10	9.144594	7.246168
18	1	10	9.876223	7.246168
19	1	10	10.014405	7.246168
20	1	10	8.901618	7.246168
21	1	10	8.144239	7.246168
22	1	10	9.257399	7.246168
23	1	10	8.078054	7.246168
0	1	10	9.796994	7.390114
1	1	10	9.4766245	7.390114
2	1	10	8.370678	7.390114
3	1	10	11.534312	7.390114
4	1	10	8.433963	7.390114
5	1	10	7.979947	7.390114
6	1	10	11.534144	7.390114
7	1	10	8.740201	7.390114
8	1	10	8.0662	7.390114
9	1	10	7.4581914	7.390114
10	1	10	12.194016	7.390114
11	1	10	7.7156253	7.390114
12	1	10	10.212932	7.390114
13	1	10	9.02922	7.390114
14	1	10	6.4972057	7.390114
15	1	10	11.383831	7.390114
16	1	10	8.799362	7.390114
17	1	10	9.144594	7.390114
18	1	10	9.876223	7.390114
19	1	10	10.014405	7.390114
20	1	10	8.901618	7.390114
21	1	10	8.144239	7.390114
22	1	10	9.257399	7.390114
23	1	10	8.078054	7.390114
0	2	10	9.821402	7.390114
1	2	10	9.930818	7.390114
2	2	10	7.5682936	7.390114
3	2	10	11.729174	7.390114
4	2	10	8.924177	7.390114
5	2	10	8.016165	7.390114
6	2	10	10.593137	7.390114
7	2	10	8.63967	7.390114
8	2	10	9.160558	7.390114
9	2	10	7.509405	7.390114
10	2	10	12.289388	7.390114
11	2	10	8.007929	7.390114
12	2	10	9.406825	7.390114
13	2	10	9.233204	7.390114
14	2	10	7.2179995	7.390114
15	2	10	10.96461	7.390114
16	2	10	7.619712	7.390114
17	2	10	9.081102	7.390114
18	2	10	10.556222	7.390114
19	2	10	8.786045	7.390114
20	2	10	9.550209	7.390114
21	2	10	8.300452	7.390114
22	2	10	8.837015	7.390114
23	2	10	7.689122	7.390114
0	2	10	9.821402	7.253468
1	2	10	9.930818	7.253468
2	2	10	7.5682936	7.253468
3	2	10	11.729174	7.253468
4	2	10	8.924177	7.253468
5	2	10	8.016165	7.253468
6	2	10	10.593137	7.253468
7	2	10	8.63967	7.253468
8	2	10	9.160558	7.253468
9	2	10	7.509405	7.253468
10	2	10	12.289388	7.253468
11	2	10	8.007929	7.253468
12	2	10	9.406825	7.253468
13	2	10	9.233204	7.253468
14	2	10	7.2179995	7.253468
15	2	10	10.96461	7.253468
16	2	10	7.619712	7.253468
17	2	10	9.081102	7.253468
18	2	10	10.556222	7.253468
19	2	10	8.786045	7.253468
20	2	10	9.550209	7.253468
21	2	10	8.300452	7.253468
22	2	10	8.837015	7.253468
23	2	10	7.689122	7.253468
0	3	10	9.746645	7.253468
1	3	10	10.196606	7.253468
2	3	10	7.6422796	7.253468
3	3	10	11.729119	7.253468
4	3	10	8.573594	7.253468
5	3	10	8.490238	7.253468
6	3	10	11.472186	7.253468
7	3	10	8.952725	7.253468
8	3	10	8.363918	7.253468
9	3	10	7.7689404	7.253468
10	3	10	11.960011	7.253468
11	3	10	8.160833	7.253468
12	3	10	10.462784	7.253468
13	3	10	9.710191	7.253468
14	3	10	6.367721	7.253468
15	3	10	11.236944	7.253468
16	3	10	8.5434	7.253468
17	3	10	8.516246	7.253468
18	3	10	9.605694	7.253468
19	3	10	9.227099	7.253468
20	3	10	9.030845	7.253468
21	3	10	7.774751	7.253468
22	3	10	8.480534	7.253468
23	3	10	7.3866153	7.253468
0	3	10	9.746645	7.2537665
1	3	10	10.196606	7.2537665
2	3	10	7.6422796	7.2537665
3	3	10	11.729119	7.2537665
4	3	10	8.573594	7.2537665
5	3	10	8.490238	7.2537665
6	3	10	11.472186	7.2537665
7	3	10	8.952725	7.2537665
8	3	10	8.363918	7.2537665
9	3	10	7.7689404	7.2537665
10	3	10	11.960011	7.2537665
11	3	10	8.160833	7.2537665
12	3	10	10.462784	7.2537665
13	3	10	9.710191	7.2537665
14	3	10	6.367721	7.2537665
15	3	10	11.236944	7.2537665
16	3	10	8.5434	7.2537665
17	3	10	8.516246	7.2537665
18	3	10	9.605694	7.2537665
19	3	10	9.227099	7.2537665
20	3	10	9.030845	7.2537665
21	3	10	7.774751	7.2537665
22	3	10	8.480534	7.2537665
23	3	10	7.3866153	7.2537665
0	4	10	10.38752	7.2537665
1	4	10	9.417134	7.2537665
2	4	10	7.2017317	7.2537665
3	4	10	11.48933	7.2537665
4	4	10	8.896024	7.2537665
5	4	10	8.21311	7.2537665
6	4	10	10.849852	7.2537665
7	4	10	7.888979	7.2537665
8	4	10	7.9579253	7.2537665
9	4	10	7.740303	7.2537665
10	4	10	11.891672	7.2537665
11	4	10	7.264661	7.2537665
12	4	10	10.800158	7.2537665
13	4	10	9.301165	7.2537665
14	4	10	6.3321414	7.2537665
15	4	10	9.967894	7.2537665
16	4	10	8.398592	7.2537665
17	4	10	7.817056	7.2537665
18	4	10	8.622799	7.2537665
19	4	10	9.909797	7.2537665
20	4	10	9.323105	7.2537665
21	4	10	7.8706765	7.2537665
22	4	10	8.058778	7.2537665
23	4	10	7.3265314	7.2537665
0	4	10	10.38752	7.0674605
1	4	10	9.417134	7.0674605
2	4	10	7.2017317	7.0674605
3	4	10	11.48933	7.0674605
4	4	10	8.896024	7.0674605
5	4	10	8.21311	7.0674605
6	4	10	10.849852	7.0674605
7	4	10	7.888979	7.0674605
8	4	10	7.9579253	7.0674605
9	4	10	7.740303	7.0674605
10	4	10	11.891672	7.0674605
11	4	10	7.264661	7.0674605
12	4	10	10.800158	7.0674605
13	4	10	9.301165	7.0674605
14	4	10	6.3321414	7.0674605
15	4	10	9.967894	7.0674605
16	4	10	8.398592	7.0674605
17	4	10	7.817056	7.0674605
18	4	10	8.622799	7.0674605
19	4	10	9.909797	7.0674605
20	4	10	9.323105	7.0674605
21	4	10	7.8706765	7.0674605
22	4	10	8.058778	7.0674605
23	4	10	7.3265314	7.0674605
0	5	10	10.077469	7.0674605
1	5	10	9.221563	7.0674605
2	5	10	8.680893	7.0674605
3	5	10	11.439855	7.0674605
4	5	10	8.092011	7.0674605
5	5	10	7.9147573	7.0674605
6	5	10	11.287112	7.0674605
7	5	10	8.886312	7.0674605
8	5	10	8.411044	7.0674605
9	5	10	7.9153113	7.0674605
10	5	10	11.655724	7.0674605
11	5	10	7.2031384	7.0674605
12	5	10	10.367513	7.0674605
13	5	10	9.314208	7.0674605
14	5	10	6.43068	7.0674605
15	5	10	10.715321	7.0674605
16	5	10	8.615216	7.0674605
17	5	10	8.832747	7.0674605
18	5	10	10.140967	7.0674605
19	5	10	10.04061	7.0674605
20	5	10	8.986475	7.0674605
21	5	10	8.272082	7.0674605
22	5	10	9.438505	7.0674605
23	5	10	7.3771863	7.0674605
0	5	10	10.077469	7.2352457
1	5	10	9.221563	7.2352457
2	5	10	8.680893	7.2352457
3	5	10	11.439855	7.2352457
4	5	10	8.092011	7.2352457
5	5	10	7.9147573	7.2352457
6	5	10	11.287112	7.2352457
7	5	10	8.886312	7.2352457
8	5	10	8.411044	7.2352457
9	5	10	7.9153113	7.2352457
10	5	10	11.655724	7.2352457
11	5	10	7.2031384	7.2352457
12	5	10	10.367513	7.2352457
13	5	10	9.314208	7.2352457
14	5	10	6.43068	7.2352457
15	5	10	10.715321	7.2352457
16	5	10	8.615216	7.2352457
17	5	10	8.832747	7.2352457
18	5	10	10.140967	7.2352457
19	5	10	10.04061	7.2352457
20	5	10	8.986475	7.2352457
21	5	10	8.272082	7.2352457
22	5	10	9.438505	7.2352457
23	5	10	7.3771863	7.2352457
0	6	10	10.4765835	7.2352457
1	6	10	10.181117	7.2352457
2	6	10	7.464213	7.2352457
3	6	10	11.579618	7.2352457
4	6	10	7.811036	7.2352457
5	6	10	8.451803	7.2352457
6	6	10	11.363809	7.2352457
7	6	10	8.24665	7.2352457
8	6	10	8.490114	7.2352457
9	6	10	7.8730354	7.2352457
10	6	10	12.084155	7.2352457
11	6	10	7.9619756	7.2352457
12	6	10	9.396578	7.2352457
13	6	10	9.037768	7.2352457
14	6	10	6.3918242	7.2352457
15	6	10	9.947408	7.2352457
16	6	10	7.340238	7.2352457
17	6	10	8.817486	7.2352457
18	6	10	9.4621525	7.2352457
19	6	10	9.034371	7.2352457
20	6	10	10.527912	7.2352457
21	6	10	7.4876776	7.2352457
22	6	10	7.590799	7.2352457
23	6	10	7.212281	7.2352457
0	6	10	10.4765835	6.98102
1	6	10	10.181117	6.98102
2	6	10	7.464213	6.98102
3	6	10	11.579618	6.98102
4	6	10	7.811036	6.98102
5	6	10	8.451803	6.98102
6	6	10	11.363809	6.98102
7	6	10	8.24665	6.98102
8	6	10	8.490114	6.98102
9	6	10	7.8730354	6.98102
10	6	10	12.084155	6.98102
11	6	10	7.9619756	6.98102
12	6	10	9.396578	6.98102
13	6	10	9.037768	6.98102
14	6	10	6.3918242	6.98102
15	6	10	9.947408	6.98102
16	6	10	7.340238	6.98102
17	6	10	8.817486	6.98102
18	6	10	9.4621525	6.98102
19	6	10	9.034371	6.98102
20	6	10	10.527912	6.98102
21	6	10	7.4876776	6.98102
22	6	10	7.590799	6.98102
23	6	10	7.212281	6.98102
0	7	10	11.136222	6.98102
1	7	10	9.631958	6.98102
2	7	10	7.8348293	6.98102
3	7	10	11.407633	6.98102
4	7	10	10.129007	6.98102
5	7	10	8.128625	6.98102
6	7	10	11.480625	6.98102
7	7	10	9.14007	6.98102
8	7	10	8.155308	6.98102
9	7	10	7.654333	6.98102
10	7	10	12.723212	6.98102
11	7	10	7.991094	6.98102
12	7	10	10.31213	6.98102
13	7	10	9.130868	6.98102
14	7	10	6.7021275	6.98102
15	7	10	11.058543	6.98102
16	7	10	8.886993	6.98102
17	7	10	8.992499	6.98102
18	7	10	9.596353	6.98102
19	7	10	9.566826	6.98102
20	7	10	9.736507	6.98102
21	7	10	8.761413	6.98102
22	7	10	8.338281	6.98102
23	7	10	7.9141912	6.98102
0	7	10	11.136222	7.502918
1	7	10	9.631958	7.502918
2	7	10	7.8348293	7.502918
3	7	10	11.407633	7.502918
4	7	10	10.129007	7.502918
5	7	10	8.128625	7.502918
6	7	10	11.480625	7.502918
7	7	10	9.14007	7.502918
8	7	10	8.155308	7.502918
9	7	10	7.654333	7.502918
10	7	10	12.723212	7.502918
11	7	10	7.991094	7.502918
12	7	10	10.31213	7.502918
13	7	10	9.130868	7.502918
14	7	10	6.7021275	7.502918
15	7	10	11.058543	7.502918
16	7	10	8.886993	7.502918
17	7	10	8.992499	7.502918
18	7	10	9.596353	7.502918
19	7	10	9.566826	7.502918
20	7	10	9.736507	7.502918
21	7	10	8.761413	7.502918
22	7	10	8.338281	7.502918
23	7	10	7.9141912	7.502918
0	8	10	11.014919	7.502918
1	8	10	9.246387	7.502918
2	8	10	7.956383	7.502918
3	8	10	11.810434	7.502918
4	8	10	8.206816	7.502918
5	8	10	8.32631	7.502918
6	8	10	11.494924	7.502918
7	8	10	8.152921	7.502918
8	8	10	8.23884	7.502918
9	8	10	8.405004	7.502918
10	8	10	12.14797	7.502918
11	8	10	7.9089336	7.502918
12	8	10	10.352691	7.502918
13	8	10	8.988927	7.502918
14	8	10	7.7347274	7.502918
15	8	10	10.397146	7.502918
16	8	10	7.948698	7.502918
17	8	10	8.45286	7.502918
18	8	10	10.168053	7.502918
19	8	10	10.275432	7.502918
20	8	10	9.516299	7.502918
21	8	10	8.176948	7.502918
22	8	10	8.076221	7.502918
23	8	10	7.6882687	7.502918
0	8	10	11.014919	7.3849683
1	8	10	9.246387	7.3849683
2	8	10	7.956383	7.3849683
3	8	10	11.810434	7.3849683
4	8	10	8.206816	7.3849683
5	8	10	8.32631	7.3849683
6	8	10	11.494924	7.3849683
7	8	10	8.152921	7.3849683
8	8	10	8.23884	7.3849683
9	8	10	8.405004	7.3849683
10	8	10	12.14797	7.3849683
11	8	10	7.9089336	7.3849683
12	8	10	10.352691	7.3849683
13	8	10	8.988927	7.3849683
14	8	10	7.7347274	7.3849683
15	8	10	10.397146	7.3849683
16	8	10	7.948698	7.3849683
17	8	10	8.45286	7.3849683
18	8	10	10.168053	7.3849683
19	8	10	10.275432	7.3849683
20	8	10	9.516299	7.3849683
21	8	10	8.176948	7.3849683
22	8	10	8.076221	7.3849683
23	8	10	7.6882687	7.3849683
0	9	10	10.455922	7.3849683
1	9	10	9.653987	7.3849683
2	9	10	7.668516	7.3849683
3	9	10	11.96592	7.3849683
4	9	10	9.243692	7.3849683
5	9	10	8.314614	7.3849683
6	9	10	11.139264	7.3849683
7	9	10	8.931717	7.3849683
8	9	10	8.192038	7.3849683
9	9	10	8.3147955	7.3849683
10	9	10	12.131512	7.3849683
11	9	10	8.444838	7.3849683
12	9	10	10.572772	7.3849683
13	9	10	9.375676	7.3849683
14	9	10	6.306511	7.3849683
15	9	10	10.845615	7.3849683
16	9	10	7.8409214	7.3849683
17	9	10	9.518053	7.3849683
18	9	10	9.982026	7.3849683
19	9	10	8.81429	7.3849683
20	9	10	9.592141	7.3849683
21	9	10	7.710288	7.3849683
22	9	10	8.164828	7.3849683
23	9	10	7.818741	7.3849683
0	9	10	10.455922	7.2926764
1	9	10	9.653987	7.2926764
2	9	10	7.668516	7.2926764
3	9	10	11.96592	7.2926764
4	9	10	9.243692	7.2926764
5	9	10	8.314614	7.2926764
6	9	10	11.139264	7.2926764
7	9	10	8.931717	7.2926764
8	9	10	8.192038	7.2926764
9	9	10	8.3147955	7.2926764
10	9	10	12.131512	7.2926764
11	9	10	8.444838	7.2926764
12	9	10	10.572772	7.2926764
13	9	10	9.375676	7.2926764
14	9	10	6.306511	7.2926764
15	9	10	10.845615	7.2926764
16	9	10	7.8409214	7.2926764
17	9	10	9.518053	7.2926764
18	9	10	9.982026	7.2926764
19	9	10	8.81429	7.2926764
20	9	10	9.592141	7.2926764
21	9	10	7.710288	7.2926764
22	9	10	8.164828	7.2926764
23	9	10	7.818741	7.2926764
0	10	10	10.254094	7.2926764
1	10	10	9.694111	7.2926764
2	10	10	6.9151344	7.2926764
3	10	10	11.708979	7.2926764
4	10	10	8.604995	7.2926764
5	10	10	8.299379	7.2926764
6	10	10	11.139834	7.2926764
7	10	10	7.6497316	7.2926764
8	10	10	8.10484	7.2926764
9	10	10	8.014197	7.2926764
10	10	10	12.153998	7.2926764
11	10	10	7.623814	7.2926764
12	10	10	10.620007	7.2926764
13	10	10	9.135312	7.2926764
14	10	10	6.678861	7.2926764
15	10	10	10.167892	7.2926764
16	10	10	8.03203	7.2926764
17	10	10	8.52533	7.2926764
18	10	10	9.105924	7.2926764
19	10	10	9.53673	7.2926764
20	10	10	10.440955	7.2926764
21	10	10	7.6361065	7.2926764
22	10	10	7.831721	7.2926764
23	10	10	7.8411317	7.2926764
0	10	10	10.254094	7.0536427
1	10	10	9.694111	7.0536427
2	10	10	6.9151344	7.0536427
3	10	10	11.708979	7.0536427
4	10	10	8.604995	7.0536427
5	10	10	8.299379	7.0536427
6	10	10	11.139834	7.0536427
7	10	10	7.6497316	7.0536427
8	10	10	8.10484	7.0536427
9	10	10	8.014197	7.0536427
10	10	10	12.153998	7.0536427
11	10	10	7.623814	7.0536427
12	10	10	10.620007	7.0536427
13	10	10	9.135312	7.0536427
14	10	10	6.678861	7.0536427
15	10	10	10.167892	7.0536427
16	10	10	8.03203	7.0536427
17	10	10	8.52533	7.0536427
18	10	10	9.105924	7.0536427
19	10	10	9.53673	7.0536427
20	10	10	10.440955	7.0536427
21	10	10	7.6361065	7.0536427
22	10	10	7.831721	7.0536427
23	10	10	7.8411317	7.0536427
0	11	10	9.762022	7.0536427
1	11	10	9.501653	7.0536427
2	11	10	7.787952	7.0536427
3	11	10	11.641645	7.0536427
4	11	10	8.47613	7.0536427
5	11	10	8.375604	7.0536427
6	11	10	11.541658	7.0536427
7	11	10	8.878466	7.0536427
8	11	10	9.039317	7.0536427
9	11	10	8.457503	7.0536427
10	11	10	12.472931	7.0536427
11	11	10	7.9955316	7.0536427
12	11	10	9.633003	7.0536427
13	11	10	9.829285	7.0536427
14	11	10	6.301556	7.0536427
15	11	10	10.683447	7.0536427
16	11	10	8.444528	7.0536427
17	11	10	9.345349	7.0536427
18	11	10	9.662654	7.0536427
19	11	10	10.441813	7.0536427
20	11	10	8.884282	7.0536427
21	11	10	7.6779184	7.0536427
22	11	10	7.900867	7.0536427
23	11	10	8.097185	7.0536427
0	11	10	9.762022	7.221879
1	11	10	9.501653	7.221879
2	11	10	7.787952	7.221879
3	11	10	11.641645	7.221879
4	11	10	8.47613	7.221879
5	11	10	8.375604	7.221879
6	11	10	11.541658	7.221879
7	11	10	8.878466	7.221879
8	11	10	9.039317	7.221879
9	11	10	8.457503	7.221879
10	11	10	12.472931	7.221879
11	11	10	7.9955316	7.221879
12	11	10	9.633003	7.221879
13	11	10	9.829285	7.221879
14	11	10	6.301556	7.221879
15	11	10	10.683447	7.221879
16	11	10	8.444528	7.221879
17	11	10	9.345349	7.221879
18	11	10	9.662654	7.221879
19	11	10	10.441813	7.221879
20	11	10	8.884282	7.221879
21	11	10	7.6779184	7.221879
22	11	10	7.900867	7.221879
23	11	10	8.097185	7.221879
0	12	10	10.907961	7.221879
1	12	10	9.850165	7.221879
2	12	10	8.30189	7.221879
3	12	10	11.597342	7.221879
4	12	10	8.401223	7.221879
5	12	10	8.523485	7.221879
6	12	10	11.639904	7.221879
7	12	10	8.609069	7.221879
8	12	10	8.204181	7.221879
9	12	10	7.9940076	7.221879
10	12	10	11.749592	7.221879
11	12	10	7.745862	7.221879
12	12	10	11.329292	7.221879
13	12	10	9.147279	7.221879
14	12	10	6.609921	7.221879
15	12	10	11.016408	7.221879
16	12	10	8.4764185	7.221879
17	12	10	8.714366	7.221879
18	12	10	10.451926	7.221879
19	12	10	10.812466	7.221879
20	12	10	9.287948	7.221879
21	12	10	8.766796	7.221879
22	12	10	8.516249	7.221879
23	12	10	7.0979233	7.221879
0	12	10	10.907961	7.366036
1	12	10	9.850165	7.366036
2	12	10	8.30189	7.366036
3	12	10	11.597342	7.366036
4	12	10	8.401223	7.366036
5	12	10	8.523485	7.366036
6	12	10	11.639904	7.366036
7	12	10	8.609069	7.366036
8	12	10	8.204181	7.366036
9	12	10	7.9940076	7.366036
10	12	10	11.749592	7.366036
11	12	10	7.745862	7.366036
12	12	10	11.329292	7.366036
13	12	10	9.147279	7.366036
14	12	10	6.609921	7.366036
15	12	10	11.016408	7.366036
16	12	10	8.4764185	7.366036
17	12	10	8.714366	7.366036
18	12	10	10.451926	7.366036
19	12	10	10.812466	7.366036
20	12	10	9.287948	7.366036
21	12	10	8.766796	7.366036
22	12	10	8.516249	7.366036
23	12	10	7.0979233	7.366036
0	13	10	10.212099	7.366036
1	13	10	9.663481	7.366036
2	13	10	8.295697	7.366036
3	13	10	12.024396	7.366036
4	13	10	8.270652	7.366036
5	13	10	8.466018	7.366036
6	13	10	11.5271015	7.366036
7	13	10	8.94763	7.366036
8	13	10	8.865919	7.366036
9	13	10	8.282714	7.366036
10	13	10	12.089619	7.366036
11	13	10	7.8532205	7.366036
12	13	10	10.650651	7.366036
13	13	10	9.473952	7.366036
14	13	10	6.6530337	7.366036
15	13	10	11.004222	7.366036
16	13	10	8.000847	7.366036
17	13	10	8.773208	7.366036
18	13	10	9.665397	7.366036
19	13	10	9.095334	7.366036
20	13	10	9.519353	7.366036
21	13	10	8.06221	7.366036
22	13	10	8.629538	7.366036
23	13	10	7.545775	7.366036
0	13	10	10.212099	7.325394
1	13	10	9.663481	7.325394
2	13	10	8.295697	7.325394
3	13	10	12.024396	7.325394
4	13	10	8.270652	7.325394
5	13	10	8.466018	7.325394
6	13	10	11.5271015	7.325394
7	13	10	8.94763	7.325394
8	13	10	8.865919	7.325394
9	13	10	8.282714	7.325394
10	13	10	12.089619	7.325394
11	13	10	7.8532205	7.325394
12	13	10	10.650651	7.325394
13	13	10	9.473952	7.325394
14	13	10	6.6530337	7.325394
15	13	10	11.004222	7.325394
16	13	10	8.000847	7.325394
17	13	10	8.773208	7.325394
18	13	10	9.665397	7.325394
19	13	10	9.095334	7.325394
20	13	10	9.519353	7.325394
21	13	10	8.06221	7.325394
22	13	10	8.629538	7.325394
23	13	10	7.545775	7.325394
0	14	10	10.377519	7.325394
1	14	10	9.5799265	7.325394
2	14	10	8.190019	7.325394
3	14	10	11.95275	7.325394
4	14	10	8.622402	7.325394
5	14	10	8.177068	7.325394
6	14	10	11.271922	7.325394
7	14	10	8.892152	7.325394
8	14	10	8.549599	7.325394
9	14	10	8.454928	7.325394
10	14	10	12.72278	7.325394
11	14	10	8.165253	7.325394
12	14	10	9.194777	7.325394
13	14	10	8.909909	7.325394
14	14	10	7.390313	7.325394
15	14	10	10.609604	7.325394
16	14	10	7.4420934	7.325394
17	14	10	9.496341	7.325394
18	14	10	10.467086	7.325394
19	14	10	8.524247	7.325394
20	14	10	10.029538	7.325394
21	14	10	7.5659223	7.325394
22	14	10	8.599291	7.325394
23	14	10	7.877904	7.325394
0	14	10	10.377519	7.334233
1	14	10	9.5799265	7.334233
2	14	10	8.190019	7.334233
3	14	10	11.95275	7.334233
4	14	10	8.622402	7.334233
5	14	10	8.177068	7.334233
6	14	10	11.271922	7.334233
7	14	10	8.892152	7.334233
8	14	10	8.549599	7.334233
9	14	10	8.454928	7.334233
10	14	10	12.72278	7.334233
11	14	10	8.165253	7.334233
12	14	10	9.194777	7.334233
13	14	10	8.909909	7.334233
14	14	10	7.390313	7.334233
15	14	10	10.609604	7.334233
16	14	10	7.4420934	7.334233
17	14	10	9.496341	7.334233
18	14	10	10.467086	7.334233
19	14	10	8.524247	7.334233
20	14	10	10.029538	7.334233
21	14	10	7.5659223	7.334233
22	14	10	8.599291	7.334233
23	14	10	7.877904	7.334233
0	15	10	9.948958	7.334233
1	15	10	9.650562	7.334233
2	15	10	7.4124618	7.334233
3	15	10	11.986465	7.334233
4	15	10	8.710951	7.334233
5	15	10	8.604557	7.334233
6	15	10	11.200923	7.334233
7	15	10	8.673524	7.334233
8	15	10	8.2906065	7.334233
9	15	10	8.730953	7.334233
10	15	10	12.459795	7.334233
11	15	10	7.4690742	7.334233
12	15	10	10.31086	7.334233
13	15	10	9.688967	7.334233
14	15	10	6.058497	7.334233
15	15	10	10.238821	7.334233
16	15	10	7.9578505	7.334233
17	15	10	9.237041	7.334233
18	15	10	9.567119	7.334233
19	15	10	8.971364	7.334233
20	15	10	9.959023	7.334233
21	15	10	6.9942794	7.334233
22	15	10	7.8303013	7.334233
23	15	10	7.4050016	7.334233
0	15	10	9.948958	7.0988193
1	15	10	9.650562	7.0988193
2	15	10	7.4124618	7.0988193
3	15	10	11.986465	7.0988193
4	15	10	8.710951	7.0988193
5	15	10	8.604557	7.0988193
6	15	10	11.200923	7.0988193
7	15	10	8.673524	7.0988193
8	15	10	8.2906065	7.0988193
9	15	10	8.730953	7.0988193
10	15	10	12.459795	7.0988193
11	15	10	7.4690742	7.0988193
12	15	10	10.31086	7.0988193
13	15	10	9.688967	7.0988193
14	15	10	6.058497	7.0988193
15	15	10	10.238821	7.0988193
16	15	10	7.9578505	7.0988193
17	15	10	9.237041	7.0988193
18	15	10	9.567119	7.0988193
19	15	10	8.971364	7.0988193
20	15	10	9.959023	7.0988193
21	15	10	6.9942794	7.0988193
22	15	10	7.8303013	7.0988193
23	15	10	7.4050016	7.0988193
0	16	10	9.889151	7.0988193
1	16	10	9.823029	7.0988193
2	16	10	7.9586163	7.0988193
3	16	10	11.835884	7.0988193
4	16	10	10.187605	7.0988193
5	16	10	8.065257	7.0988193
6	16	10	11.79942	7.0988193
7	16	10	8.831326	7.0988193
8	16	10	7.8867364	7.0988193
9	16	10	7.847822	7.0988193
10	16	10	12.556436	7.0988193
11	16	10	8.100426	7.0988193
12	16	10	11.092456	7.0988193
13	16	10	9.307135	7.0988193
14	16	10	7.212152	7.0988193
15	16	10	12.043997	7.0988193
16	16	10	9.166077	7.0988193
17	16	10	9.368289	7.0988193
18	16	10	10.096326	7.0988193
19	16	10	9.368869	7.0988193
20	16	10	9.670637	7.0988193
21	16	10	8.924483	7.0988193
22	16	10	9.306714	7.0988193
23	16	10	8.618302	7.0988193
0	16	10	9.889151	7.623373
1	16	10	9.823029	7.623373
2	16	10	7.9586163	7.623373
3	16	10	11.835884	7.623373
4	16	10	10.187605	7.623373
5	16	10	8.065257	7.623373
6	16	10	11.79942	7.623373
7	16	10	8.831326	7.623373
8	16	10	7.8867364	7.623373
9	16	10	7.847822	7.623373
10	16	10	12.556436	7.623373
11	16	10	8.100426	7.623373
12	16	10	11.092456	7.623373
13	16	10	9.307135	7.623373
14	16	10	7.212152	7.623373
15	16	10	12.043997	7.623373
16	16	10	9.166077	7.623373
17	16	10	9.368289	7.623373
18	16	10	10.096326	7.623373
19	16	10	9.368869	7.623373
20	16	10	9.670637	7.623373
21	16	10	8.924483	7.623373
22	16	10	9.306714	7.623373
23	16	10	8.618302	7.623373
0	17	10	10.225957	7.623373
1	17	10	10.409868	7.623373
2	17	10	7.22196	7.623373
3	17	10	12.408004	7.623373
4	17	10	8.668839	7.623373
5	17	10	8.728353	7.623373
6	17	10	11.686565	7.623373
7	17	10	8.119334	7.623373
8	17	10	8.277348	7.623373
9	17	10	8.677385	7.623373
10	17	10	12.065922	7.623373
11	17	10	8.608955	7.623373
12	17	10	10.900243	7.623373
13	17	10	9.255309	7.623373
14	17	10	6.7813964	7.623373
15	17	10	10.925347	7.623373
16	17	10	7.4522696	7.623373
17	17	10	8.968854	7.623373
18	17	10	10.5332	7.623373
19	17	10	8.539086	7.623373
20	17	10	10.369219	7.623373
21	17	10	7.7628098	7.623373
22	17	10	8.304446	7.623373
23	17	10	7.703667	7.623373
0	17	10	10.225957	7.2881703
1	17	10	10.409868	7.2881703
2	17	10	7.22196	7.2881703
3	17	10	12.408004	7.2881703
4	17	10	8.668839	7.2881703
5	17	10	8.728353	7.2881703
6	17	10	11.686565	7.2881703
7	17	10	8.119334	7.2881703
8	17	10	8.277348	7.2881703
9	17	10	8.677385	7.2881703
10	17	10	12.065922	7.2881703
11	17	10	8.608955	7.2881703
12	17	10	10.900243	7.2881703
13	17	10	9.255309	7.2881703
14	17	10	6.7813964	7.2881703
15	17	10	10.925347	7.2881703
16	17	10	7.4522696	7.2881703
17	17	10	8.968854	7.2881703
18	17	10	10.5332	7.2881703
19	17	10	8.539086	7.2881703
20	17	10	10.369219	7.2881703
21	17	10	7.7628098	7.2881703
22	17	10	8.304446	7.2881703
23	17	10	7.703667	7.2881703
0	18	10	10.52493	7.2881703
1	18	10	9.3808565	7.2881703
2	18	10	8.0427265	7.2881703
3	18	10	11.574474	7.2881703
4	18	10	8.880895	7.2881703
5	18	10	7.7994375	7.2881703
6	18	10	11.907371	7.2881703
7	18	10	8.196568	7.2881703
8	18	10	8.053336	7.2881703
9	18	10	7.8747916	7.2881703
10	18	10	12.139259	7.2881703
11	18	10	7.3454084	7.2881703
12	18	10	10.492675	7.2881703
13	18	10	9.072887	7.2881703
14	18	10	6.4642525	7.2881703
15	18	10	10.442901	7.2881703
16	18	10	8.257562	7.2881703
17	18	10	8.754699	7.2881703
18	18	10	9.477212	7.2881703
19	18	10	9.758606	7.2881703
20	18	10	10.170117	7.2881703
21	18	10	8.323815	7.2881703
22	18	10	7.9362497	7.2881703
23	18	10	7.608497	7.2881703
0	18	10	10.52493	7.259928
1	18	10	9.3808565	7.259928
2	18	10	8.0427265	7.259928
3	18	10	11.574474	7.259928
4	18	10	8.880895	7.259928
5	18	10	7.7994375	7.259928
6	18	10	11.907371	7.259928
7	18	10	8.196568	7.259928
8	18	10	8.053336	7.259928
9	18	10	7.8747916	7.259928
10	18	10	12.139259	7.259928
11	18	10	7.3454084	7.259928
12	18	10	10.492675	7.259928
13	18	10	9.072887	7.259928
14	18	10	6.4642525	7.259928
15	18	10	10.442901	7.259928
16	18	10	8.257562	7.259928
17	18	10	8.754699	7.259928
18	18	10	9.477212	7.259928
19	18	10	9.758606	7.259928
20	18	10	10.170117	7.259928
21	18	10	8.323815	7.259928
22	18	10	7.9362497	7.259928
23	18	10	7.608497	7.259928
0	19	10	10.34178	7.259928
1	19	10	9.61642	7.259928
2	19	10	7.598688	7.259928
3	19	10	11.651281	7.259928
4	19	10	8.64969	7.259928
5	19	10	8.214368	7.259928
6	19	10	11.293467	7.259928
7	19	10	8.205401	7.259928
8	19	10	8.115302	7.259928
9	19	10	7.324532	7.259928
10	19	10	11.601633	7.259928
11	19	10	7.562749	7.259928
12	19	10	11.102681	7.259928
13	19	10	8.929851	7.259928
14	19	10	6.459317	7.259928
15	19	10	10.650984	7.259928
16	19	10	8.622147	7.259928
17	19	10	8.288062	7.259928
18	19	10	9.714054	7.259928
19	19	10	9.8041	7.259928
20	19	10	9.137165	7.259928
21	19	10	8.398269	7.259928
22	19	10	8.816712	7.259928
23	19	10	7.267598	7.259928
0	19	10	10.34178	7.2335963
1	19	10	9.61642	7.2335963
2	19	10	7.598688	7.2335963
3	19	10	11.651281	7.2335963
4	19	10	8.64969	7.2335963
5	19	10	8.214368	7.2335963
6	19	10	11.293467	7.2335963
7	19	10	8.205401	7.2335963
8	19	10	8.115302	7.2335963
9	19	10	7.324532	7.2335963
10	19	10	11.601633	7.2335963
11	19	10	7.562749	7.2335963
12	19	10	11.102681	7.2335963
13	19	10	8.929851	7.2335963
14	19	10	6.459317	7.2335963
15	19	10	10.650984	7.2335963
16	19	10	8.622147	7.2335963
17	19	10	8.288062	7.2335963
18	19	10	9.714054	7.2335963
19	19	10	9.8041	7.2335963
20	19	10	9.137165	7.2335963
21	19	10	8.398269	7.2335963
22	19	10	8.816712	7.2335963
23	19	10	7.267598	7.2335963
0	20	10	10.717436	7.2335963
1	20	10	9.879459	7.2335963
2	20	10	7.920469	7.2335963
3	20	10	11.3933325	7.2335963
4	20	10	9.166739	7.2335963
5	20	10	8.92578	7.2335963
6	20	10	10.792011	7.2335963
7	20	10	8.918112	7.2335963
8	20	10	8.845138	7.2335963
9	20	10	7.4750915	7.2335963
10	20	10	12.0570755	7.2335963
11	20	10	8.282835	7.2335963
12	20	10	10.0245495	7.2335963
13	20	10	9.02157	7.2335963
14	20	10	6.057851	7.2335963
15	20	10	10.648969	7.2335963
16	20	10	7.920032	7.2335963
17	20	10	8.701856	7.2335963
18	20	10	9.533358	7.2335963
19	20	10	9.137184	7.2335963
20	20	10	9.712028	7.2335963
21	20	10	8.165397	7.2335963
22	20	10	7.908034	7.2335963
23	20	10	7.0272903	7.2335963
0	20	10	10.717436	7.115665
1	20	10	9.879459	7.115665
2	20	10	7.920469	7.115665
3	20	10	11.3933325	7.115665
4	20	10	9.166739	7.115665
5	20	10	8.92578	7.115665
6	20	10	10.792011	7.115665
7	20	10	8.918112	7.115665
8	20	10	8.845138	7.115665
9	20	10	7.4750915	7.115665
10	20	10	12.0570755	7.115665
11	20	10	8.282835	7.115665
12	20	10	10.0245495	7.115665
13	20	10	9.02157	7.115665
14	20	10	6.057851	7.115665
15	20	10	10.648969	7.115665
16	20	10	7.920032	7.115665
17	20	10	8.701856	7.115665
18	20	10	9.533358	7.115665
19	20	10	9.137184	7.115665
20	20	10	9.712028	7.115665
21	20	10	8.165397	7.115665
22	20	10	7.908034	7.115665
23	20	10	7.0272903	7.115665
0	21	10	10.540573	7.115665
1	21	10	9.857964	7.115665
2	21	10	7.666278	7.115665
3	21	10	11.826597	7.115665
4	21	10	9.952255	7.115665
5	21	10	8.745217	7.115665
6	21	10	11.366356	7.115665
7	21	10	8.506575	7.115665
8	21	10	8.508222	7.115665
9	21	10	7.6200833	7.115665
10	21	10	12.107838	7.115665
11	21	10	8.405684	7.115665
12	21	10	10.4437275	7.115665
13	21	10	9.344714	7.115665
14	21	10	6.6483455	7.115665
15	21	10	10.765267	7.115665
16	21	10	7.984671	7.115665
17	21	10	9.266505	7.115665
18	21	10	10.6253	7.115665
19	21	10	9.701577	7.115665
20	21	10	9.690476	7.115665
21	21	10	8.397535	7.115665
22	21	10	7.751288	7.115665
23	21	10	7.3495173	7.115665
0	21	10	10.540573	7.3222365
1	21	10	9.857964	7.3222365
2	21	10	7.666278	7.3222365
3	21	10	11.826597	7.3222365
4	21	10	9.952255	7.3222365
5	21	10	8.745217	7.3222365
6	21	10	11.366356	7.3222365
7	21	10	8.506575	7.3222365
8	21	10	8.508222	7.3222365
9	21	10	7.6200833	7.3222365
10	21	10	12.107838	7.3222365
11	21	10	8.405684	7.3222365
12	21	10	10.4437275	7.3222365
13	21	10	9.344714	7.3222365
14	21	10	6.6483455	7.3222365
15	21	10	10.765267	7.3222365
16	21	10	7.984671	7.3222365
17	21	10	9.266505	7.3222365
18	21	10	10.6253	7.3222365
19	21	10	9.701577	7.3222365
20	21	10	9.690476	7.3222365
21	21	10	8.397535	7.3222365
22	21	10	7.751288	7.3222365
23	21	10	7.3495173	7.3222365
0	22	10	9.732369	7.3222365
1	22	10	9.578854	7.3222365
2	22	10	7.6648655	7.3222365
3	22	10	11.690072	7.3222365
4	22	10	10.271409	7.3222365
5	22	10	8.040232	7.3222365
6	22	10	11.144079	7.3222365
7	22	10	8.649153	7.3222365
8	22	10	8.247611	7.3222365
9	22	10	7.352231	7.3222365
10	22	10	12.118447	7.3222365
11	22	10	8.37571	7.3222365
12	22	10	11.244761	7.3222365
13	22	10	10.12844	7.3222365
14	22	10	6.691581	7.3222365
15	22	10	11.663567	7.3222365
16	22	10	9.109182	7.3222365
17	22	10	8.610243	7.3222365
18	22	10	10.122896	7.3222365
19	22	10	10.024632	7.3222365
20	22	10	8.7011385	7.3222365
21	22	10	8.711239	7.3222365
22	22	10	8.977215	7.3222365
23	22	10	8.40585	7.3222365
0	22	10	9.732369	7.4894657
1	22	10	9.578854	7.4894657
2	22	10	7.6648655	7.4894657
3	22	10	11.690072	7.4894657
4	22	10	10.271409	7.4894657
5	22	10	8.040232	7.4894657
6	22	10	11.144079	7.4894657
7	22	10	8.649153	7.4894657
8	22	10	8.247611	7.4894657
9	22	10	7.352231	7.4894657
10	22	10	12.118447	7.4894657
11	22	10	8.37571	7.4894657
12	22	10	11.244761	7.4894657
13	22	10	10.12844	7.4894657
14	22	10	6.691581	7.4894657
15	22	10	11.663567	7.4894657
16	22	10	9.109182	7.4894657
17	22	10	8.610243	7.4894657
18	22	10	10.122896	7.4894657
19	22	10	10.024632	7.4894657
20	22	10	8.7011385	7.4894657
21	22	10	8.711239	7.4894657
22	22	10	8.977215	7.4894657
23	22	10	8.40585	7.4894657
0	23	10	10.011205	7.4894657
1	23	10	10.126098	7.4894657
2	23	10	7.828809	7.4894657
3	23	10	11.773536	7.4894657
4	23	10	7.820757	7.4894657
5	23	10	8.23151	7.4894657
6	23	10	10.995961	7.4894657
7	23	10	8.220873	7.4894657
8	23	10	9.331942	7.4894657
9	23	10	8.201986	7.4894657
10	23	10	12.002983	7.4894657
11	23	10	7.872053	7.4894657
12	23	10	10.622938	7.4894657
13	23	10	9.696935	7.4894657
14	23	10	6.6377473	7.4894657
15	23	10	11.196898	7.4894657
16	23	10	8.132486	7.4894657
17	23	10	8.134915	7.4894657
18	23	10	9.420867	7.4894657
19	23	10	9.1772375	7.4894657
20	23	10	10.3165455	7.4894657
21	23	10	8.549216	7.4894657
22	23	10	8.34121	7.4894657
23	23	10	7.8825517	7.4894657
0	23	10	10.011205	7.202463
1	23	10	10.126098	7.202463
2	23	10	7.828809	7.202463
3	23	10	11.773536	7.202463
4	23	10	7.820757	7.202463
5	23	10	8.23151	7.202463
6	23	10	10.995961	7.202463
7	23	10	8.220873	7.202463
8	23	10	9.331942	7.202463
9	23	10	8.201986	7.202463
10	23	10	12.002983	7.202463
11	23	10	7.872053	7.202463
12	23	10	10.622938	7.202463
13	23	10	9.696935	7.202463
14	23	10	6.6377473	7.202463
15	23	10	11.196898	7.202463
16	23	10	8.132486	7.202463
17	23	10	8.134915	7.202463
18	23	10	9.420867	7.202463
19	23	10	9.1772375	7.202463
20	23	10	10.3165455	7.202463
21	23	10	8.549216	7.202463
22	23	10	8.34121	7.202463
23	23	10	7.8825517	7.202463
0	24	10	9.780733	7.202463
1	24	10	10.499155	7.202463
2	24	10	6.9662237	7.202463
3	24	10	12.193813	7.202463
4	24	10	8.082897	7.202463
5	24	10	8.490239	7.202463
6	24	10	11.89467	7.202463
7	24	10	8.175821	7.202463
8	24	10	7.8294973	7.202463
9	24	10	8.349277	7.202463
10	24	10	11.667653	7.202463
11	24	10	8.328193	7.202463
12	24	10	10.534448	7.202463
13	24	10	9.272116	7.202463
14	24	10	6.6648445	7.202463
15	24	10	11.401564	7.202463
16	24	10	8.080926	7.202463
17	24	10	8.419744	7.202463
18	24	10	10.045697	7.202463
19	24	10	9.564157	7.202463
20	24	10	9.380857	7.202463
21	24	10	7.7017517	7.202463
22	24	10	8.69144	7.202463
23	24	10	7.522325	7.202463
0	24	10	9.780733	7.275777
1	24	10	10.499155	7.275777
2	24	10	6.9662237	7.275777
3	24	10	12.193813	7.275777
4	24	10	8.082897	7.275777
5	24	10	8.490239	7.275777
6	24	10	11.89467	7.275777
7	24	10	8.175821	7.275777
8	24	10	7.8294973	7.275777
9	24	10	8.349277	7.275777
10	24	10	11.667653	7.275777
11	24	10	8.328193	7.275777
12	24	10	10.534448	7.275777
13	24	10	9.272116	7.275777
14	24	10	6.6648445	7.275777
15	24	10	11.401564	7.275777
16	24	10	8.080926	7.275777
17	24	10	8.419744	7.275777
18	24	10	10.045697	7.275777
19	24	10	9.564157	7.275777
20	24	10	9.380857	7.275777
21	24	10	7.7017517	7.275777
22	24	10	8.69144	7.275777
23	24	10	7.522325	7.275777
0	25	10	11.071742	7.275777
1	25	10	9.2574625	7.275777
2	25	10	7.875216	7.275777
3	25	10	11.468804	7.275777
4	25	10	7.9026155	7.275777
5	25	10	8.048634	7.275777
6	25	10	11.3012295	7.275777
7	25	10	8.756459	7.275777
8	25	10	7.562773	7.275777
9	25	10	8.4542265	7.275777
10	25	10	11.859741	7.275777
11	25	10	7.245121	7.275777
12	25	10	10.133436	7.275777
13	25	10	9.001174	7.275777
14	25	10	6.599149	7.275777
15	25	10	10.066778	7.275777
16	25	10	7.90367	7.275777
17	25	10	8.52848	7.275777
18	25	10	9.350599	7.275777
19	25	10	10.162572	7.275777
20	25	10	9.356756	7.275777
21	25	10	7.8699617	7.275777
22	25	10	8.204999	7.275777
23	25	10	7.248344	7.275777
0	25	10	11.071742	7.245684
1	25	10	9.2574625	7.245684
2	25	10	7.875216	7.245684
3	25	10	11.468804	7.245684
4	25	10	7.9026155	7.245684
5	25	10	8.048634	7.245684
6	25	10	11.3012295	7.245684
7	25	10	8.756459	7.245684
8	25	10	7.562773	7.245684
9	25	10	8.4542265	7.245684
10	25	10	11.859741	7.245684
11	25	10	7.245121	7.245684
12	25	10	10.133436	7.245684
13	25	10	9.001174	7.245684
14	25	10	6.599149	7.245684
15	25	10	10.066778	7.245684
16	25	10	7.90367	7.245684
17	25	10	8.52848	7.245684
18	25	10	9.350599	7.245684
19	25	10	10.162572	7.245684
20	25	10	9.356756	7.245684
21	25	10	7.8699617	7.245684
22	25	10	8.204999	7.245684
23	25	10	7.248344	7.245684
0	26	10	9.859544	7.245684
1	26	10	10.019903	7.245684
2	26	10	7.6085334	7.245684
3	26	10	11.738221	7.245684
4	26	10	8.28989	7.245684
5	26	10	8.378048	7.245684
6	26	10	11.483677	7.245684
7	26	10	8.645987	7.245684
8	26	10	7.628216	7.245684
9	26	10	7.8229256	7.245684
10	26	10	11.879946	7.245684
11	26	10	7.674046	7.245684
12	26	10	10.212499	7.245684
13	26	10	8.870987	7.245684
14	26	10	7.434986	7.245684
15	26	10	11.57058	7.245684
16	26	10	8.417164	7.245684
17	26	10	8.734483	7.245684
18	26	10	10.519865	7.245684
19	26	10	10.069217	7.245684
20	26	10	9.1557255	7.245684
21	26	10	8.349207	7.245684
22	26	10	9.40058	7.245684
23	26	10	7.5062995	7.245684
0	26	10	9.859544	7.412586
1	26	10	10.019903	7.412586
2	26	10	7.6085334	7.412586
3	26	10	11.738221	7.412586
4	26	10	8.28989	7.412586
5	26	10	8.378048	7.412586
6	26	10	11.483677	7.412586
7	26	10	8.645987	7.412586
8	26	10	7.628216	7.412586
9	26	10	7.8229256	7.412586
10	26	10	11.879946	7.412586
11	26	10	7.674046	7.412586
12	26	10	10.212499	7.412586
13	26	10	8.870987	7.412586
14	26	10	7.434986	7.412586
15	26	10	11.57058	7.412586
16	26	10	8.417164	7.412586
17	26	10	8.734483	7.412586
18	26	10	10.519865	7.412586
19	26	10	10.069217	7.412586
20	26	10	9.1557255	7.412586
21	26	10	8.349207	7.412586
22	26	10	9.40058	7.412586
23	26	10	7.5062995	7.412586
0	27	10	10.621763	7.412586
1	27	10	9.293747	7.412586
2	27	10	7.1539793	7.412586
3	27	10	11.640556	7.412586
4	27	10	9.011786	7.412586
5	27	10	8.304248	7.412586
6	27	10	10.682337	7.412586
7	27	10	7.9848995	7.412586
8	27	10	8.099719	7.412586
9	27	10	7.6516867	7.412586
10	27	10	11.755112	7.412586
11	27	10	7.7013917	7.412586
12	27	10	10.576042	7.412586
13	27	10	9.258759	7.412586
14	27	10	7.162822	7.412586
15	27	10	10.575102	7.412586
16	27	10	8.341833	7.412586
17	27	10	8.361212	7.412586
18	27	10	10.607572	7.412586
19	27	10	10.568146	7.412586
20	27	10	8.820861	7.412586
21	27	10	8.295626	7.412586
22	27	10	8.669428	7.412586
23	27	10	7.336037	7.412586
0	27	10	10.621763	7.220016
1	27	10	9.293747	7.220016
2	27	10	7.1539793	7.220016
3	27	10	11.640556	7.220016
4	27	10	9.011786	7.220016
5	27	10	8.304248	7.220016
6	27	10	10.682337	7.220016
7	27	10	7.9848995	7.220016
8	27	10	8.099719	7.220016
9	27	10	7.6516867	7.220016
10	27	10	11.755112	7.220016
11	27	10	7.7013917	7.220016
12	27	10	10.576042	7.220016
13	27	10	9.258759	7.220016
14	27	10	7.162822	7.220016
15	27	10	10.575102	7.220016
16	27	10	8.341833	7.220016
17	27	10	8.361212	7.220016
18	27	10	10.607572	7.220016
19	27	10	10.568146	7.220016
20	27	10	8.820861	7.220016
21	27	10	8.295626	7.220016
22	27	10	8.669428	7.220016
23	27	10	7.336037	7.220016
0	28	10	9.760813	7.220016
1	28	10	10.014812	7.220016
2	28	10	7.2983117	7.220016
3	28	10	12.265207	7.220016
4	28	10	8.771147	7.220016
5	28	10	8.382691	7.220016
6	28	10	11.671237	7.220016
7	28	10	8.095338	7.220016
8	28	10	7.875498	7.220016
9	28	10	8.322098	7.220016
10	28	10	11.784007	7.220016
11	28	10	7.8513427	7.220016
12	28	10	11.615653	7.220016
13	28	10	9.692823	7.220016
14	28	10	5.9573245	7.220016
15	28	10	10.428239	7.220016
16	28	10	8.204727	7.220016
17	28	10	8.715244	7.220016
18	28	10	10.04561	7.220016
19	28	10	9.468989	7.220016
20	28	10	9.451208	7.220016
21	28	10	7.4793406	7.220016
22	28	10	8.677196	7.220016
23	28	10	7.7744584	7.220016
0	28	10	9.760813	7.1732855
1	28	10	10.014812	7.1732855
2	28	10	7.2983117	7.1732855
3	28	10	12.265207	7.1732855
4	28	10	8.771147	7.1732855
5	28	10	8.382691	7.1732855
6	28	10	11.671237	7.1732855
7	28	10	8.095338	7.1732855
8	28	10	7.875498	7.1732855
9	28	10	8.322098	7.1732855
10	28	10	11.784007	7.1732855
11	28	10	7.8513427	7.1732855
12	28	10	11.615653	7.1732855
13	28	10	9.692823	7.1732855
14	28	10	5.9573245	7.1732855
15	28	10	10.428239	7.1732855
16	28	10	8.204727	7.1732855
17	28	10	8.715244	7.1732855
18	28	10	10.04561	7.1732855
19	28	10	9.468989	7.1732855
20	28	10	9.451208	7.1732855
21	28	10	7.4793406	7.1732855
22	28	10	8.677196	7.1732855
23	28	10	7.7744584	7.1732855
0	29	10	10.594746	7.1732855
1	29	10	9.6372	7.1732855
2	29	10	8.113711	7.1732855
3	29	10	11.791816	7.1732855
4	29	10	8.225333	7.1732855
5	29	10	8.212592	7.1732855
6	29	10	11.348004	7.1732855
7	29	10	8.275403	7.1732855
8	29	10	8.354094	7.1732855
9	29	10	7.8280344	7.1732855
10	29	10	12.090834	7.1732855
11	29	10	7.661021	7.1732855
12	29	10	11.081149	7.1732855
13	29	10	9.104997	7.1732855
14	29	10	7.30092	7.1732855
15	29	10	10.607067	7.1732855
16	29	10	8.375438	7.1732855
17	29	10	8.454414	7.1732855
18	29	10	9.280395	7.1732855
19	29	10	9.989529	7.1732855
20	29	10	9.285604	7.1732855
21	29	10	8.387017	7.1732855
22	29	10	8.625803	7.1732855
23	29	10	7.8963213	7.1732855
0	29	10	10.594746	7.3340487
1	29	10	9.6372	7.3340487
2	29	10	8.113711	7.3340487
3	29	10	11.791816	7.3340487
4	29	10	8.225333	7.3340487
5	29	10	8.212592	7.3340487
6	29	10	11.348004	7.3340487
7	29	10	8.275403	7.3340487
8	29	10	8.354094	7.3340487
9	29	10	7.8280344	7.3340487
10	29	10	12.090834	7.3340487
11	29	10	7.661021	7.3340487
12	29	10	11.081149	7.3340487
13	29	10	9.104997	7.3340487
14	29	10	7.30092	7.3340487
15	29	10	10.607067	7.3340487
16	29	10	8.375438	7.3340487
17	29	10	8.454414	7.3340487
18	29	10	9.280395	7.3340487
19	29	10	9.989529	7.3340487
20	29	10	9.285604	7.3340487
21	29	10	8.387017	7.3340487
22	29	10	8.625803	7.3340487
23	29	10	7.8963213	7.3340487
0	0	11	10.099734	7.3340487
1	0	11	9.039821	7.3340487
2	0	11	7.957822	7.3340487
3	0	11	11.488672	7.3340487
4	0	11	7.9471455	7.3340487
5	0	11	7.666459	7.3340487
6	0	11	11.220731	7.3340487
7	0	11	8.52307	7.3340487
8	0	11	8.306632	7.3340487
9	0	11	7.8758025	7.3340487
10	0	11	12.25201	7.3340487
11	0	11	7.337399	7.3340487
12	0	11	9.630297	7.3340487
13	0	11	8.844655	7.3340487
14	0	11	6.475415	7.3340487
15	0	11	10.117711	7.3340487
16	0	11	7.7823954	7.3340487
17	0	11	8.887312	7.3340487
18	0	11	9.371972	7.3340487
19	0	11	9.460779	7.3340487
20	0	11	9.144163	7.3340487
21	0	11	7.513128	7.3340487
22	0	11	8.292897	7.3340487
23	0	11	7.797918	7.3340487
0	0	11	10.099734	7.21134
1	0	11	9.039821	7.21134
2	0	11	7.957822	7.21134
3	0	11	11.488672	7.21134
4	0	11	7.9471455	7.21134
5	0	11	7.666459	7.21134
6	0	11	11.220731	7.21134
7	0	11	8.52307	7.21134
8	0	11	8.306632	7.21134
9	0	11	7.8758025	7.21134
10	0	11	12.25201	7.21134
11	0	11	7.337399	7.21134
12	0	11	9.630297	7.21134
13	0	11	8.844655	7.21134
14	0	11	6.475415	7.21134
15	0	11	10.117711	7.21134
16	0	11	7.7823954	7.21134
17	0	11	8.887312	7.21134
18	0	11	9.371972	7.21134
19	0	11	9.460779	7.21134
20	0	11	9.144163	7.21134
21	0	11	7.513128	7.21134
22	0	11	8.292897	7.21134
23	0	11	7.797918	7.21134
0	1	11	10.223705	7.21134
1	1	11	10.282914	7.21134
2	1	11	7.0487556	7.21134
3	1	11	11.483095	7.21134
4	1	11	8.291945	7.21134
5	1	11	8.265128	7.21134
6	1	11	11.020536	7.21134
7	1	11	8.398379	7.21134
8	1	11	7.5139446	7.21134
9	1	11	7.924998	7.21134
10	1	11	12.177081	7.21134
11	1	11	7.816811	7.21134
12	1	11	10.008426	7.21134
13	1	11	9.246102	7.21134
14	1	11	6.269855	7.21134
15	1	11	10.204332	7.21134
16	1	11	7.8400745	7.21134
17	1	11	8.303087	7.21134
18	1	11	9.186492	7.21134
19	1	11	9.51816	7.21134
20	1	11	8.643634	7.21134
21	1	11	7.00203	7.21134
22	1	11	8.092429	7.21134
23	1	11	7.2552004	7.21134
0	1	11	10.223705	7.140275
1	1	11	10.282914	7.140275
2	1	11	7.0487556	7.140275
3	1	11	11.483095	7.140275
4	1	11	8.291945	7.140275
5	1	11	8.265128	7.140275
6	1	11	11.020536	7.140275
7	1	11	8.398379	7.140275
8	1	11	7.5139446	7.140275
9	1	11	7.924998	7.140275
10	1	11	12.177081	7.140275
11	1	11	7.816811	7.140275
12	1	11	10.008426	7.140275
13	1	11	9.246102	7.140275
14	1	11	6.269855	7.140275
15	1	11	10.204332	7.140275
16	1	11	7.8400745	7.140275
17	1	11	8.303087	7.140275
18	1	11	9.186492	7.140275
19	1	11	9.51816	7.140275
20	1	11	8.643634	7.140275
21	1	11	7.00203	7.140275
22	1	11	8.092429	7.140275
23	1	11	7.2552004	7.140275
0	2	11	9.8407345	7.140275
1	2	11	8.937159	7.140275
2	2	11	7.426904	7.140275
3	2	11	11.526135	7.140275
4	2	11	8.332822	7.140275
5	2	11	8.063809	7.140275
6	2	11	10.836194	7.140275
7	2	11	8.35289	7.140275
8	2	11	8.668585	7.140275
9	2	11	7.8496966	7.140275
10	2	11	12.167438	7.140275
11	2	11	7.6672196	7.140275
12	2	11	9.505391	7.140275
13	2	11	9.036089	7.140275
14	2	11	6.0924487	7.140275
15	2	11	10.02831	7.140275
16	2	11	7.661918	7.140275
17	2	11	8.909212	7.140275
18	2	11	9.485357	7.140275
19	2	11	9.569691	7.140275
20	2	11	8.871238	7.140275
21	2	11	7.379002	7.140275
22	2	11	7.5802927	7.140275
23	2	11	7.660195	7.140275
0	2	11	9.8407345	7.1036334
1	2	11	8.937159	7.1036334
2	2	11	7.426904	7.1036334
3	2	11	11.526135	7.1036334
4	2	11	8.332822	7.1036334
5	2	11	8.063809	7.1036334
6	2	11	10.836194	7.1036334
7	2	11	8.35289	7.1036334
8	2	11	8.668585	7.1036334
9	2	11	7.8496966	7.1036334
10	2	11	12.167438	7.1036334
11	2	11	7.6672196	7.1036334
12	2	11	9.505391	7.1036334
13	2	11	9.036089	7.1036334
14	2	11	6.0924487	7.1036334
15	2	11	10.02831	7.1036334
16	2	11	7.661918	7.1036334
17	2	11	8.909212	7.1036334
18	2	11	9.485357	7.1036334
19	2	11	9.569691	7.1036334
20	2	11	8.871238	7.1036334
21	2	11	7.379002	7.1036334
22	2	11	7.5802927	7.1036334
23	2	11	7.660195	7.1036334
0	3	11	9.471037	7.1036334
1	3	11	9.225928	7.1036334
2	3	11	7.223287	7.1036334
3	3	11	11.7371235	7.1036334
4	3	11	8.877321	7.1036334
5	3	11	8.024286	7.1036334
6	3	11	10.99664	7.1036334
7	3	11	8.228209	7.1036334
8	3	11	8.045263	7.1036334
9	3	11	7.806545	7.1036334
10	3	11	11.694507	7.1036334
11	3	11	7.549749	7.1036334
12	3	11	10.716974	7.1036334
13	3	11	9.413708	7.1036334
14	3	11	6.635097	7.1036334
15	3	11	10.412465	7.1036334
16	3	11	8.068839	7.1036334
17	3	11	8.74295	7.1036334
18	3	11	10.060862	7.1036334
19	3	11	9.741571	7.1036334
20	3	11	8.697391	7.1036334
21	3	11	7.662742	7.1036334
22	3	11	8.582248	7.1036334
23	3	11	7.544559	7.1036334
0	3	11	9.471037	7.157618
1	3	11	9.225928	7.157618
2	3	11	7.223287	7.157618
3	3	11	11.7371235	7.157618
4	3	11	8.877321	7.157618
5	3	11	8.024286	7.157618
6	3	11	10.99664	7.157618
7	3	11	8.228209	7.157618
8	3	11	8.045263	7.157618
9	3	11	7.806545	7.157618
10	3	11	11.694507	7.157618
11	3	11	7.549749	7.157618
12	3	11	10.716974	7.157618
13	3	11	9.413708	7.157618
14	3	11	6.635097	7.157618
15	3	11	10.412465	7.157618
16	3	11	8.068839	7.157618
17	3	11	8.74295	7.157618
18	3	11	10.060862	7.157618
19	3	11	9.741571	7.157618
20	3	11	8.697391	7.157618
21	3	11	7.662742	7.157618
22	3	11	8.582248	7.157618
23	3	11	7.544559	7.157618
0	4	11	9.990893	7.157618
1	4	11	9.76416	7.157618
2	4	11	7.443841	7.157618
3	4	11	11.974726	7.157618
4	4	11	8.316824	7.157618
5	4	11	8.04216	7.157618
6	4	11	11.522378	7.157618
7	4	11	7.9697456	7.157618
8	4	11	7.894503	7.157618
9	4	11	8.23626	7.157618
10	4	11	11.727994	7.157618
11	4	11	7.8441205	7.157618
12	4	11	10.428697	7.157618
13	4	11	8.916277	7.157618
14	4	11	6.9760604	7.157618
15	4	11	10.488321	7.157618
16	4	11	7.6914043	7.157618
17	4	11	9.092975	7.157618
18	4	11	10.20966	7.157618
19	4	11	9.380247	7.157618
20	4	11	9.704004	7.157618
21	4	11	7.6099567	7.157618
22	4	11	8.35345	7.157618
23	4	11	7.4085417	7.157618
0	4	11	9.990893	7.226224
1	4	11	9.76416	7.226224
2	4	11	7.443841	7.226224
3	4	11	11.974726	7.226224
4	4	11	8.316824	7.226224
5	4	11	8.04216	7.226224
6	4	11	11.522378	7.226224
7	4	11	7.9697456	7.226224
8	4	11	7.894503	7.226224
9	4	11	8.23626	7.226224
10	4	11	11.727994	7.226224
11	4	11	7.8441205	7.226224
12	4	11	10.428697	7.226224
13	4	11	8.916277	7.226224
14	4	11	6.9760604	7.226224
15	4	11	10.488321	7.226224
16	4	11	7.6914043	7.226224
17	4	11	9.092975	7.226224
18	4	11	10.20966	7.226224
19	4	11	9.380247	7.226224
20	4	11	9.704004	7.226224
21	4	11	7.6099567	7.226224
22	4	11	8.35345	7.226224
23	4	11	7.4085417	7.226224
0	5	11	10.502923	7.226224
1	5	11	9.183856	7.226224
2	5	11	6.7238417	7.226224
3	5	11	11.342751	7.226224
4	5	11	8.386991	7.226224
5	5	11	7.8932714	7.226224
6	5	11	10.521802	7.226224
7	5	11	7.905057	7.226224
8	5	11	7.5060043	7.226224
9	5	11	7.692943	7.226224
10	5	11	11.726538	7.226224
11	5	11	7.2494993	7.226224
12	5	11	9.918283	7.226224
13	5	11	8.90958	7.226224
14	5	11	6.630825	7.226224
15	5	11	10.045494	7.226224
16	5	11	7.9612746	7.226224
17	5	11	8.05119	7.226224
18	5	11	9.361321	7.226224
19	5	11	9.789305	7.226224
20	5	11	9.141712	7.226224
21	5	11	7.722282	7.226224
22	5	11	8.171124	7.226224
23	5	11	7.1188455	7.226224
0	5	11	10.502923	7.084902
1	5	11	9.183856	7.084902
2	5	11	6.7238417	7.084902
3	5	11	11.342751	7.084902
4	5	11	8.386991	7.084902
5	5	11	7.8932714	7.084902
6	5	11	10.521802	7.084902
7	5	11	7.905057	7.084902
8	5	11	7.5060043	7.084902
9	5	11	7.692943	7.084902
10	5	11	11.726538	7.084902
11	5	11	7.2494993	7.084902
12	5	11	9.918283	7.084902
13	5	11	8.90958	7.084902
14	5	11	6.630825	7.084902
15	5	11	10.045494	7.084902
16	5	11	7.9612746	7.084902
17	5	11	8.05119	7.084902
18	5	11	9.361321	7.084902
19	5	11	9.789305	7.084902
20	5	11	9.141712	7.084902
21	5	11	7.722282	7.084902
22	5	11	8.171124	7.084902
23	5	11	7.1188455	7.084902
0	6	11	10.439031	7.084902
1	6	11	9.213386	7.084902
2	6	11	7.5542016	7.084902
3	6	11	11.324892	7.084902
4	6	11	8.459777	7.084902
5	6	11	8.161619	7.084902
6	6	11	10.548942	7.084902
7	6	11	7.9776993	7.084902
8	6	11	8.126921	7.084902
9	6	11	7.5752516	7.084902
10	6	11	11.864048	7.084902
11	6	11	7.400956	7.084902
12	6	11	10.308536	7.084902
13	6	11	8.852631	7.084902
14	6	11	7.0348954	7.084902
15	6	11	10.524551	7.084902
16	6	11	8.189151	7.084902
17	6	11	8.27732	7.084902
18	6	11	9.623091	7.084902
19	6	11	10.362354	7.084902
20	6	11	9.318522	7.084902
21	6	11	8.494483	7.084902
22	6	11	8.226067	7.084902
23	6	11	7.348558	7.084902
0	6	11	10.439031	7.213613
1	6	11	9.213386	7.213613
2	6	11	7.5542016	7.213613
3	6	11	11.324892	7.213613
4	6	11	8.459777	7.213613
5	6	11	8.161619	7.213613
6	6	11	10.548942	7.213613
7	6	11	7.9776993	7.213613
8	6	11	8.126921	7.213613
9	6	11	7.5752516	7.213613
10	6	11	11.864048	7.213613
11	6	11	7.400956	7.213613
12	6	11	10.308536	7.213613
13	6	11	8.852631	7.213613
14	6	11	7.0348954	7.213613
15	6	11	10.524551	7.213613
16	6	11	8.189151	7.213613
17	6	11	8.27732	7.213613
18	6	11	9.623091	7.213613
19	6	11	10.362354	7.213613
20	6	11	9.318522	7.213613
21	6	11	8.494483	7.213613
22	6	11	8.226067	7.213613
23	6	11	7.348558	7.213613
0	7	11	10.279289	7.213613
1	7	11	9.559753	7.213613
2	7	11	8.128719	7.213613
3	7	11	11.76108	7.213613
4	7	11	8.998235	7.213613
5	7	11	8.262355	7.213613
6	7	11	11.2105	7.213613
7	7	11	8.368798	7.213613
8	7	11	8.628361	7.213613
9	7	11	7.6188145	7.213613
10	7	11	11.794767	7.213613
11	7	11	8.170538	7.213613
12	7	11	11.229759	7.213613
13	7	11	9.335122	7.213613
14	7	11	6.7504516	7.213613
15	7	11	11.396654	7.213613
16	7	11	8.344548	7.213613
17	7	11	8.678577	7.213613
18	7	11	9.903638	7.213613
19	7	11	9.548139	7.213613
20	7	11	9.349389	7.213613
21	7	11	8.810515	7.213613
22	7	11	8.479831	7.213613
23	7	11	7.948063	7.213613
0	7	11	10.279289	7.4484463
1	7	11	9.559753	7.4484463
2	7	11	8.128719	7.4484463
3	7	11	11.76108	7.4484463
4	7	11	8.998235	7.4484463
5	7	11	8.262355	7.4484463
6	7	11	11.2105	7.4484463
7	7	11	8.368798	7.4484463
8	7	11	8.628361	7.4484463
9	7	11	7.6188145	7.4484463
10	7	11	11.794767	7.4484463
11	7	11	8.170538	7.4484463
12	7	11	11.229759	7.4484463
13	7	11	9.335122	7.4484463
14	7	11	6.7504516	7.4484463
15	7	11	11.396654	7.4484463
16	7	11	8.344548	7.4484463
17	7	11	8.678577	7.4484463
18	7	11	9.903638	7.4484463
19	7	11	9.548139	7.4484463
20	7	11	9.349389	7.4484463
21	7	11	8.810515	7.4484463
22	7	11	8.479831	7.4484463
23	7	11	7.948063	7.4484463
0	8	11	10.752941	7.4484463
1	8	11	9.617523	7.4484463
2	8	11	7.5310297	7.4484463
3	8	11	11.539089	7.4484463
4	8	11	9.251719	7.4484463
5	8	11	8.572851	7.4484463
6	8	11	11.070951	7.4484463
7	8	11	8.539242	7.4484463
8	8	11	8.453353	7.4484463
9	8	11	7.365473	7.4484463
10	8	11	11.726052	7.4484463
11	8	11	8.2602625	7.4484463
12	8	11	10.440262	7.4484463
13	8	11	9.245025	7.4484463
14	8	11	6.2732944	7.4484463
15	8	11	10.884812	7.4484463
16	8	11	8.09297	7.4484463
17	8	11	8.61711	7.4484463
18	8	11	10.138166	7.4484463
19	8	11	9.721051	7.4484463
20	8	11	9.131712	7.4484463
21	8	11	8.474674	7.4484463
22	8	11	7.819432	7.4484463
23	8	11	7.278724	7.4484463
0	8	11	10.752941	7.276293
1	8	11	9.617523	7.276293
2	8	11	7.5310297	7.276293
3	8	11	11.539089	7.276293
4	8	11	9.251719	7.276293
5	8	11	8.572851	7.276293
6	8	11	11.070951	7.276293
7	8	11	8.539242	7.276293
8	8	11	8.453353	7.276293
9	8	11	7.365473	7.276293
10	8	11	11.726052	7.276293
11	8	11	8.2602625	7.276293
12	8	11	10.440262	7.276293
13	8	11	9.245025	7.276293
14	8	11	6.2732944	7.276293
15	8	11	10.884812	7.276293
16	8	11	8.09297	7.276293
17	8	11	8.61711	7.276293
18	8	11	10.138166	7.276293
19	8	11	9.721051	7.276293
20	8	11	9.131712	7.276293
21	8	11	8.474674	7.276293
22	8	11	7.819432	7.276293
23	8	11	7.278724	7.276293
0	9	11	9.55688	7.276293
1	9	11	9.555545	7.276293
2	9	11	7.466801	7.276293
3	9	11	11.616021	7.276293
4	9	11	7.484175	7.276293
5	9	11	7.816769	7.276293
6	9	11	11.083959	7.276293
7	9	11	7.6532874	7.276293
8	9	11	8.619534	7.276293
9	9	11	8.085106	7.276293
10	9	11	11.782882	7.276293
11	9	11	7.316076	7.276293
12	9	11	10.191214	7.276293
13	9	11	9.641995	7.276293
14	9	11	6.200949	7.276293
15	9	11	10.261612	7.276293
16	9	11	8.144538	7.276293
17	9	11	7.8249717	7.276293
18	9	11	9.122269	7.276293
19	9	11	9.504625	7.276293
20	9	11	10.121894	7.276293
21	9	11	7.984616	7.276293
22	9	11	8.03766	7.276293
23	9	11	7.5892596	7.276293
0	9	11	9.55688	7.014913
1	9	11	9.555545	7.014913
2	9	11	7.466801	7.014913
3	9	11	11.616021	7.014913
4	9	11	7.484175	7.014913
5	9	11	7.816769	7.014913
6	9	11	11.083959	7.014913
7	9	11	7.6532874	7.014913
8	9	11	8.619534	7.014913
9	9	11	8.085106	7.014913
10	9	11	11.782882	7.014913
11	9	11	7.316076	7.014913
12	9	11	10.191214	7.014913
13	9	11	9.641995	7.014913
14	9	11	6.200949	7.014913
15	9	11	10.261612	7.014913
16	9	11	8.144538	7.014913
17	9	11	7.8249717	7.014913
18	9	11	9.122269	7.014913
19	9	11	9.504625	7.014913
20	9	11	10.121894	7.014913
21	9	11	7.984616	7.014913
22	9	11	8.03766	7.014913
23	9	11	7.5892596	7.014913
0	10	11	9.584187	7.014913
1	10	11	10.210296	7.014913
2	10	11	7.130202	7.014913
3	10	11	11.605927	7.014913
4	10	11	8.498979	7.014913
5	10	11	7.7883973	7.014913
6	10	11	11.034489	7.014913
7	10	11	8.473893	7.014913
8	10	11	7.832517	7.014913
9	10	11	8.011276	7.014913
10	10	11	12.3266325	7.014913
11	10	11	7.7862873	7.014913
12	10	11	9.125213	7.014913
13	10	11	9.33086	7.014913
14	10	11	6.875012	7.014913
15	10	11	10.689081	7.014913
16	10	11	7.843185	7.014913
17	10	11	9.062514	7.014913
18	10	11	10.122178	7.014913
19	10	11	9.226356	7.014913
20	10	11	9.047938	7.014913
21	10	11	7.610438	7.014913
22	10	11	8.680378	7.014913
23	10	11	7.740436	7.014913
0	10	11	9.584187	7.1639423
1	10	11	10.210296	7.1639423
2	10	11	7.130202	7.1639423
3	10	11	11.605927	7.1639423
4	10	11	8.498979	7.1639423
5	10	11	7.7883973	7.1639423
6	10	11	11.034489	7.1639423
7	10	11	8.473893	7.1639423
8	10	11	7.832517	7.1639423
9	10	11	8.011276	7.1639423
10	10	11	12.3266325	7.1639423
11	10	11	7.7862873	7.1639423
12	10	11	9.125213	7.1639423
13	10	11	9.33086	7.1639423
14	10	11	6.875012	7.1639423
15	10	11	10.689081	7.1639423
16	10	11	7.843185	7.1639423
17	10	11	9.062514	7.1639423
18	10	11	10.122178	7.1639423
19	10	11	9.226356	7.1639423
20	10	11	9.047938	7.1639423
21	10	11	7.610438	7.1639423
22	10	11	8.680378	7.1639423
23	10	11	7.740436	7.1639423
0	11	11	10.238411	7.1639423
1	11	11	9.7514105	7.1639423
2	11	11	7.193978	7.1639423
3	11	11	12.005741	7.1639423
4	11	11	8.525599	7.1639423
5	11	11	8.6287565	7.1639423
6	11	11	11.13318	7.1639423
7	11	11	8.839609	7.1639423
8	11	11	8.372891	7.1639423
9	11	11	7.9095855	7.1639423
10	11	11	11.704805	7.1639423
11	11	11	8.502469	7.1639423
12	11	11	10.58614	7.1639423
13	11	11	9.021456	7.1639423
14	11	11	5.7663846	7.1639423
15	11	11	10.917357	7.1639423
16	11	11	7.718286	7.1639423
17	11	11	8.507163	7.1639423
18	11	11	9.649964	7.1639423
19	11	11	8.796045	7.1639423
20	11	11	9.55331	7.1639423
21	11	11	7.658766	7.1639423
22	11	11	7.9542303	7.1639423
23	11	11	7.6168146	7.1639423
0	11	11	10.238411	7.1776295
1	11	11	9.7514105	7.1776295
2	11	11	7.193978	7.1776295
3	11	11	12.005741	7.1776295
4	11	11	8.525599	7.1776295
5	11	11	8.6287565	7.1776295
6	11	11	11.13318	7.1776295
7	11	11	8.839609	7.1776295
8	11	11	8.372891	7.1776295
9	11	11	7.9095855	7.1776295
10	11	11	11.704805	7.1776295
11	11	11	8.502469	7.1776295
12	11	11	10.58614	7.1776295
13	11	11	9.021456	7.1776295
14	11	11	5.7663846	7.1776295
15	11	11	10.917357	7.1776295
16	11	11	7.718286	7.1776295
17	11	11	8.507163	7.1776295
18	11	11	9.649964	7.1776295
19	11	11	8.796045	7.1776295
20	11	11	9.55331	7.1776295
21	11	11	7.658766	7.1776295
22	11	11	7.9542303	7.1776295
23	11	11	7.6168146	7.1776295
0	12	11	11.065045	7.1776295
1	12	11	9.137552	7.1776295
2	12	11	7.06835	7.1776295
3	12	11	11.685006	7.1776295
4	12	11	9.618759	7.1776295
5	12	11	8.433226	7.1776295
6	12	11	10.611798	7.1776295
7	12	11	8.560866	7.1776295
8	12	11	7.7601113	7.1776295
9	12	11	8.066597	7.1776295
10	12	11	12.090784	7.1776295
11	12	11	7.87797	7.1776295
12	12	11	10.160331	7.1776295
13	12	11	9.109426	7.1776295
14	12	11	6.637652	7.1776295
15	12	11	10.231033	7.1776295
16	12	11	7.7912207	7.1776295
17	12	11	8.6079645	7.1776295
18	12	11	9.555453	7.1776295
19	12	11	9.650711	7.1776295
20	12	11	8.694555	7.1776295
21	12	11	7.65467	7.1776295
22	12	11	7.7142615	7.1776295
23	12	11	7.3573933	7.1776295
0	12	11	11.065045	7.2242894
1	12	11	9.137552	7.2242894
2	12	11	7.06835	7.2242894
3	12	11	11.685006	7.2242894
4	12	11	9.618759	7.2242894
5	12	11	8.433226	7.2242894
6	12	11	10.611798	7.2242894
7	12	11	8.560866	7.2242894
8	12	11	7.7601113	7.2242894
9	12	11	8.066597	7.2242894
10	12	11	12.090784	7.2242894
11	12	11	7.87797	7.2242894
12	12	11	10.160331	7.2242894
13	12	11	9.109426	7.2242894
14	12	11	6.637652	7.2242894
15	12	11	10.231033	7.2242894
16	12	11	7.7912207	7.2242894
17	12	11	8.6079645	7.2242894
18	12	11	9.555453	7.2242894
19	12	11	9.650711	7.2242894
20	12	11	8.694555	7.2242894
21	12	11	7.65467	7.2242894
22	12	11	7.7142615	7.2242894
23	12	11	7.3573933	7.2242894
0	13	11	10.017151	7.2242894
1	13	11	9.332265	7.2242894
2	13	11	7.0090504	7.2242894
3	13	11	11.474717	7.2242894
4	13	11	8.071732	7.2242894
5	13	11	7.8333087	7.2242894
6	13	11	10.858267	7.2242894
7	13	11	8.25491	7.2242894
8	13	11	8.227503	7.2242894
9	13	11	7.9039326	7.2242894
10	13	11	11.822028	7.2242894
11	13	11	7.3982162	7.2242894
12	13	11	9.814697	7.2242894
13	13	11	9.219744	7.2242894
14	13	11	6.507969	7.2242894
15	13	11	10.471909	7.2242894
16	13	11	7.7070656	7.2242894
17	13	11	7.992032	7.2242894
18	13	11	9.530563	7.2242894
19	13	11	9.059949	7.2242894
20	13	11	9.561316	7.2242894
21	13	11	7.969588	7.2242894
22	13	11	8.105466	7.2242894
23	13	11	7.336858	7.2242894
0	13	11	10.017151	7.1204066
1	13	11	9.332265	7.1204066
2	13	11	7.0090504	7.1204066
3	13	11	11.474717	7.1204066
4	13	11	8.071732	7.1204066
5	13	11	7.8333087	7.1204066
6	13	11	10.858267	7.1204066
7	13	11	8.25491	7.1204066
8	13	11	8.227503	7.1204066
9	13	11	7.9039326	7.1204066
10	13	11	11.822028	7.1204066
11	13	11	7.3982162	7.1204066
12	13	11	9.814697	7.1204066
13	13	11	9.219744	7.1204066
14	13	11	6.507969	7.1204066
15	13	11	10.471909	7.1204066
16	13	11	7.7070656	7.1204066
17	13	11	7.992032	7.1204066
18	13	11	9.530563	7.1204066
19	13	11	9.059949	7.1204066
20	13	11	9.561316	7.1204066
21	13	11	7.969588	7.1204066
22	13	11	8.105466	7.1204066
23	13	11	7.336858	7.1204066
0	14	11	10.07382	7.1204066
1	14	11	10.398098	7.1204066
2	14	11	7.2468467	7.1204066
3	14	11	11.664218	7.1204066
4	14	11	8.499266	7.1204066
5	14	11	8.549318	7.1204066
6	14	11	11.675526	7.1204066
7	14	11	8.420281	7.1204066
8	14	11	7.618909	7.1204066
9	14	11	7.9679437	7.1204066
10	14	11	12.066802	7.1204066
11	14	11	7.828742	7.1204066
12	14	11	10.088953	7.1204066
13	14	11	9.366259	7.1204066
14	14	11	6.240048	7.1204066
15	14	11	10.264304	7.1204066
16	14	11	8.119348	7.1204066
17	14	11	8.590565	7.1204066
18	14	11	9.223942	7.1204066
19	14	11	9.410096	7.1204066
20	14	11	9.375767	7.1204066
21	14	11	7.3767276	7.1204066
22	14	11	7.8002706	7.1204066
23	14	11	7.290109	7.1204066
0	14	11	10.07382	7.1122026
1	14	11	10.398098	7.1122026
2	14	11	7.2468467	7.1122026
3	14	11	11.664218	7.1122026
4	14	11	8.499266	7.1122026
5	14	11	8.549318	7.1122026
6	14	11	11.675526	7.1122026
7	14	11	8.420281	7.1122026
8	14	11	7.618909	7.1122026
9	14	11	7.9679437	7.1122026
10	14	11	12.066802	7.1122026
11	14	11	7.828742	7.1122026
12	14	11	10.088953	7.1122026
13	14	11	9.366259	7.1122026
14	14	11	6.240048	7.1122026
15	14	11	10.264304	7.1122026
16	14	11	8.119348	7.1122026
17	14	11	8.590565	7.1122026
18	14	11	9.223942	7.1122026
19	14	11	9.410096	7.1122026
20	14	11	9.375767	7.1122026
21	14	11	7.3767276	7.1122026
22	14	11	7.8002706	7.1122026
23	14	11	7.290109	7.1122026
0	15	11	10.243124	7.1122026
1	15	11	9.378298	7.1122026
2	15	11	6.9036903	7.1122026
3	15	11	11.375685	7.1122026
4	15	11	9.028669	7.1122026
5	15	11	7.925219	7.1122026
6	15	11	10.898723	7.1122026
7	15	11	8.106422	7.1122026
8	15	11	7.422443	7.1122026
9	15	11	7.7524815	7.1122026
10	15	11	11.976772	7.1122026
11	15	11	7.156506	7.1122026
12	15	11	10.15925	7.1122026
13	15	11	9.023011	7.1122026
14	15	11	6.3899956	7.1122026
15	15	11	9.688932	7.1122026
16	15	11	7.8935275	7.1122026
17	15	11	8.531479	7.1122026
18	15	11	9.173952	7.1122026
19	15	11	9.406457	7.1122026
20	15	11	8.95026	7.1122026
21	15	11	7.578995	7.1122026
22	15	11	8.145183	7.1122026
23	15	11	7.211516	7.1122026
0	15	11	10.243124	7.0765786
1	15	11	9.378298	7.0765786
2	15	11	6.9036903	7.0765786
3	15	11	11.375685	7.0765786
4	15	11	9.028669	7.0765786
5	15	11	7.925219	7.0765786
6	15	11	10.898723	7.0765786
7	15	11	8.106422	7.0765786
8	15	11	7.422443	7.0765786
9	15	11	7.7524815	7.0765786
10	15	11	11.976772	7.0765786
11	15	11	7.156506	7.0765786
12	15	11	10.15925	7.0765786
13	15	11	9.023011	7.0765786
14	15	11	6.3899956	7.0765786
15	15	11	9.688932	7.0765786
16	15	11	7.8935275	7.0765786
17	15	11	8.531479	7.0765786
18	15	11	9.173952	7.0765786
19	15	11	9.406457	7.0765786
20	15	11	8.95026	7.0765786
21	15	11	7.578995	7.0765786
22	15	11	8.145183	7.0765786
23	15	11	7.211516	7.0765786
0	16	11	9.685318	7.0765786
1	16	11	9.401841	7.0765786
2	16	11	8.221013	7.0765786
3	16	11	11.371107	7.0765786
4	16	11	7.577471	7.0765786
5	16	11	7.858361	7.0765786
6	16	11	10.901059	7.0765786
7	16	11	8.231093	7.0765786
8	16	11	9.229151	7.0765786
9	16	11	7.5458765	7.0765786
10	16	11	11.932612	7.0765786
11	16	11	7.4569902	7.0765786
12	16	11	9.316297	7.0765786
13	16	11	8.985626	7.0765786
14	16	11	6.665151	7.0765786
15	16	11	10.670164	7.0765786
16	16	11	7.8380904	7.0765786
17	16	11	8.633722	7.0765786
18	16	11	9.91514	7.0765786
19	16	11	9.819787	7.0765786
20	16	11	9.722424	7.0765786
21	16	11	8.118058	7.0765786
22	16	11	8.303622	7.0765786
23	16	11	7.536059	7.0765786
0	16	11	9.685318	7.132308
1	16	11	9.401841	7.132308
2	16	11	8.221013	7.132308
3	16	11	11.371107	7.132308
4	16	11	7.577471	7.132308
5	16	11	7.858361	7.132308
6	16	11	10.901059	7.132308
7	16	11	8.231093	7.132308
8	16	11	9.229151	7.132308
9	16	11	7.5458765	7.132308
10	16	11	11.932612	7.132308
11	16	11	7.4569902	7.132308
12	16	11	9.316297	7.132308
13	16	11	8.985626	7.132308
14	16	11	6.665151	7.132308
15	16	11	10.670164	7.132308
16	16	11	7.8380904	7.132308
17	16	11	8.633722	7.132308
18	16	11	9.91514	7.132308
19	16	11	9.819787	7.132308
20	16	11	9.722424	7.132308
21	16	11	8.118058	7.132308
22	16	11	8.303622	7.132308
23	16	11	7.536059	7.132308
0	17	11	9.473816	7.132308
1	17	11	9.400744	7.132308
2	17	11	7.4879413	7.132308
3	17	11	11.295537	7.132308
4	17	11	8.221446	7.132308
5	17	11	7.742756	7.132308
6	17	11	11.342856	7.132308
7	17	11	8.34914	7.132308
8	17	11	7.8430653	7.132308
9	17	11	7.8207536	7.132308
10	17	11	11.914454	7.132308
11	17	11	7.2467494	7.132308
12	17	11	10.163483	7.132308
13	17	11	9.762762	7.132308
14	17	11	6.1821547	7.132308
15	17	11	10.594115	7.132308
16	17	11	8.678849	7.132308
17	17	11	8.290534	7.132308
18	17	11	9.02356	7.132308
19	17	11	10.026002	7.132308
20	17	11	9.004938	7.132308
21	17	11	7.943694	7.132308
22	17	11	8.380474	7.132308
23	17	11	7.825019	7.132308
0	17	11	9.473816	7.183965
1	17	11	9.400744	7.183965
2	17	11	7.4879413	7.183965
3	17	11	11.295537	7.183965
4	17	11	8.221446	7.183965
5	17	11	7.742756	7.183965
6	17	11	11.342856	7.183965
7	17	11	8.34914	7.183965
8	17	11	7.8430653	7.183965
9	17	11	7.8207536	7.183965
10	17	11	11.914454	7.183965
11	17	11	7.2467494	7.183965
12	17	11	10.163483	7.183965
13	17	11	9.762762	7.183965
14	17	11	6.1821547	7.183965
15	17	11	10.594115	7.183965
16	17	11	8.678849	7.183965
17	17	11	8.290534	7.183965
18	17	11	9.02356	7.183965
19	17	11	10.026002	7.183965
20	17	11	9.004938	7.183965
21	17	11	7.943694	7.183965
22	17	11	8.380474	7.183965
23	17	11	7.825019	7.183965
0	18	11	9.703677	7.183965
1	18	11	9.802664	7.183965
2	18	11	7.395137	7.183965
3	18	11	11.530982	7.183965
4	18	11	8.0802	7.183965
5	18	11	8.394698	7.183965
6	18	11	10.607311	7.183965
7	18	11	8.800466	7.183965
8	18	11	7.9655685	7.183965
9	18	11	7.411345	7.183965
10	18	11	12.041877	7.183965
11	18	11	7.749606	7.183965
12	18	11	9.239231	7.183965
13	18	11	9.072093	7.183965
14	18	11	6.9468904	7.183965
15	18	11	11.044887	7.183965
16	18	11	8.103742	7.183965
17	18	11	9.102255	7.183965
18	18	11	10.830467	7.183965
19	18	11	9.797499	7.183965
20	18	11	8.661903	7.183965
21	18	11	7.591107	7.183965
22	18	11	8.887113	7.183965
23	18	11	7.35723	7.183965
0	18	11	9.703677	7.2208924
1	18	11	9.802664	7.2208924
2	18	11	7.395137	7.2208924
3	18	11	11.530982	7.2208924
4	18	11	8.0802	7.2208924
5	18	11	8.394698	7.2208924
6	18	11	10.607311	7.2208924
7	18	11	8.800466	7.2208924
8	18	11	7.9655685	7.2208924
9	18	11	7.411345	7.2208924
10	18	11	12.041877	7.2208924
11	18	11	7.749606	7.2208924
12	18	11	9.239231	7.2208924
13	18	11	9.072093	7.2208924
14	18	11	6.9468904	7.2208924
15	18	11	11.044887	7.2208924
16	18	11	8.103742	7.2208924
17	18	11	9.102255	7.2208924
18	18	11	10.830467	7.2208924
19	18	11	9.797499	7.2208924
20	18	11	8.661903	7.2208924
21	18	11	7.591107	7.2208924
22	18	11	8.887113	7.2208924
23	18	11	7.35723	7.2208924
0	19	11	10.420758	7.2208924
1	19	11	9.615695	7.2208924
2	19	11	7.393924	7.2208924
3	19	11	11.26658	7.2208924
4	19	11	8.07881	7.2208924
5	19	11	8.122414	7.2208924
6	19	11	11.327576	7.2208924
7	19	11	8.682313	7.2208924
8	19	11	7.5062547	7.2208924
9	19	11	7.9644723	7.2208924
10	19	11	12.07502	7.2208924
11	19	11	7.416062	7.2208924
12	19	11	9.657591	7.2208924
13	19	11	9.245006	7.2208924
14	19	11	6.468222	7.2208924
15	19	11	10.198152	7.2208924
16	19	11	8.011457	7.2208924
17	19	11	8.466966	7.2208924
18	19	11	9.138877	7.2208924
19	19	11	9.914637	7.2208924
20	19	11	8.620521	7.2208924
21	19	11	7.3916974	7.2208924
22	19	11	7.9909744	7.2208924
23	19	11	7.2985735	7.2208924
0	19	11	10.420758	7.193569
1	19	11	9.615695	7.193569
2	19	11	7.393924	7.193569
3	19	11	11.26658	7.193569
4	19	11	8.07881	7.193569
5	19	11	8.122414	7.193569
6	19	11	11.327576	7.193569
7	19	11	8.682313	7.193569
8	19	11	7.5062547	7.193569
9	19	11	7.9644723	7.193569
10	19	11	12.07502	7.193569
11	19	11	7.416062	7.193569
12	19	11	9.657591	7.193569
13	19	11	9.245006	7.193569
14	19	11	6.468222	7.193569
15	19	11	10.198152	7.193569
16	19	11	8.011457	7.193569
17	19	11	8.466966	7.193569
18	19	11	9.138877	7.193569
19	19	11	9.914637	7.193569
20	19	11	8.620521	7.193569
21	19	11	7.3916974	7.193569
22	19	11	7.9909744	7.193569
23	19	11	7.2985735	7.193569
0	20	11	9.590993	7.193569
1	20	11	9.654088	7.193569
2	20	11	7.307386	7.193569
3	20	11	11.459893	7.193569
4	20	11	7.6035414	7.193569
5	20	11	7.9153404	7.193569
6	20	11	11.236724	7.193569
7	20	11	8.204327	7.193569
8	20	11	8.225705	7.193569
9	20	11	8.217648	7.193569
10	20	11	11.996519	7.193569
11	20	11	7.407959	7.193569
12	20	11	9.715711	7.193569
13	20	11	9.356722	7.193569
14	20	11	6.6368985	7.193569
15	20	11	10.836482	7.193569
16	20	11	8.291283	7.193569
17	20	11	8.135396	7.193569
18	20	11	9.338681	7.193569
19	20	11	9.992832	7.193569
20	20	11	9.487211	7.193569
21	20	11	7.8374267	7.193569
22	20	11	8.206345	7.193569
23	20	11	7.7721233	7.193569
0	20	11	9.590993	7.1887536
1	20	11	9.654088	7.1887536
2	20	11	7.307386	7.1887536
3	20	11	11.459893	7.1887536
4	20	11	7.6035414	7.1887536
5	20	11	7.9153404	7.1887536
6	20	11	11.236724	7.1887536
7	20	11	8.204327	7.1887536
8	20	11	8.225705	7.1887536
9	20	11	8.217648	7.1887536
10	20	11	11.996519	7.1887536
11	20	11	7.407959	7.1887536
12	20	11	9.715711	7.1887536
13	20	11	9.356722	7.1887536
14	20	11	6.6368985	7.1887536
15	20	11	10.836482	7.1887536
16	20	11	8.291283	7.1887536
17	20	11	8.135396	7.1887536
18	20	11	9.338681	7.1887536
19	20	11	9.992832	7.1887536
20	20	11	9.487211	7.1887536
21	20	11	7.8374267	7.1887536
22	20	11	8.206345	7.1887536
23	20	11	7.7721233	7.1887536
0	21	11	9.750679	7.1887536
1	21	11	9.143836	7.1887536
2	21	11	7.773145	7.1887536
3	21	11	11.492492	7.1887536
4	21	11	8.165268	7.1887536
5	21	11	8.079397	7.1887536
6	21	11	10.763952	7.1887536
7	21	11	8.799937	7.1887536
8	21	11	8.445607	7.1887536
9	21	11	7.885625	7.1887536
10	21	11	12.225044	7.1887536
11	21	11	7.499613	7.1887536
12	21	11	9.350317	7.1887536
13	21	11	9.173804	7.1887536
14	21	11	6.690053	7.1887536
15	21	11	10.130647	7.1887536
16	21	11	7.4976745	7.1887536
17	21	11	9.73252	7.1887536
18	21	11	9.752033	7.1887536
19	21	11	9.133328	7.1887536
20	21	11	8.924263	7.1887536
21	21	11	7.4498305	7.1887536
22	21	11	8.503146	7.1887536
23	21	11	7.6133323	7.1887536
0	21	11	9.750679	7.1385803
1	21	11	9.143836	7.1385803
2	21	11	7.773145	7.1385803
3	21	11	11.492492	7.1385803
4	21	11	8.165268	7.1385803
5	21	11	8.079397	7.1385803
6	21	11	10.763952	7.1385803
7	21	11	8.799937	7.1385803
8	21	11	8.445607	7.1385803
9	21	11	7.885625	7.1385803
10	21	11	12.225044	7.1385803
11	21	11	7.499613	7.1385803
12	21	11	9.350317	7.1385803
13	21	11	9.173804	7.1385803
14	21	11	6.690053	7.1385803
15	21	11	10.130647	7.1385803
16	21	11	7.4976745	7.1385803
17	21	11	9.73252	7.1385803
18	21	11	9.752033	7.1385803
19	21	11	9.133328	7.1385803
20	21	11	8.924263	7.1385803
21	21	11	7.4498305	7.1385803
22	21	11	8.503146	7.1385803
23	21	11	7.6133323	7.1385803
0	22	11	9.894608	7.1385803
1	22	11	9.341553	7.1385803
2	22	11	7.6969433	7.1385803
3	22	11	11.848411	7.1385803
4	22	11	8.255401	7.1385803
5	22	11	7.670342	7.1385803
6	22	11	11.568403	7.1385803
7	22	11	8.014093	7.1385803
8	22	11	8.053469	7.1385803
9	22	11	8.481213	7.1385803
10	22	11	12.479048	7.1385803
11	22	11	7.496261	7.1385803
12	22	11	9.847836	7.1385803
13	22	11	8.95241	7.1385803
14	22	11	7.462099	7.1385803
15	22	11	10.504745	7.1385803
16	22	11	7.8221684	7.1385803
17	22	11	8.7571	7.1385803
18	22	11	10.1413555	7.1385803
19	22	11	9.316293	7.1385803
20	22	11	9.832356	7.1385803
21	22	11	7.6895347	7.1385803
22	22	11	8.646501	7.1385803
23	22	11	8.118841	7.1385803
0	22	11	9.894608	7.280575
1	22	11	9.341553	7.280575
2	22	11	7.6969433	7.280575
3	22	11	11.848411	7.280575
4	22	11	8.255401	7.280575
5	22	11	7.670342	7.280575
6	22	11	11.568403	7.280575
7	22	11	8.014093	7.280575
8	22	11	8.053469	7.280575
9	22	11	8.481213	7.280575
10	22	11	12.479048	7.280575
11	22	11	7.496261	7.280575
12	22	11	9.847836	7.280575
13	22	11	8.95241	7.280575
14	22	11	7.462099	7.280575
15	22	11	10.504745	7.280575
16	22	11	7.8221684	7.280575
17	22	11	8.7571	7.280575
18	22	11	10.1413555	7.280575
19	22	11	9.316293	7.280575
20	22	11	9.832356	7.280575
21	22	11	7.6895347	7.280575
22	22	11	8.646501	7.280575
23	22	11	8.118841	7.280575
0	23	11	10.408506	7.280575
1	23	11	9.042481	7.280575
2	23	11	7.0376616	7.280575
3	23	11	11.428711	7.280575
4	23	11	8.612414	7.280575
5	23	11	8.101971	7.280575
6	23	11	10.890955	7.280575
7	23	11	8.152605	7.280575
8	23	11	7.8936763	7.280575
9	23	11	7.7101355	7.280575
10	23	11	11.893455	7.280575
11	23	11	7.544281	7.280575
12	23	11	10.017088	7.280575
13	23	11	9.049878	7.280575
14	23	11	6.351891	7.280575
15	23	11	9.854773	7.280575
16	23	11	7.789112	7.280575
17	23	11	8.280372	7.280575
18	23	11	9.547876	7.280575
19	23	11	9.674022	7.280575
20	23	11	8.42987	7.280575
21	23	11	7.4018245	7.280575
22	23	11	7.9343505	7.280575
23	23	11	7.496518	7.280575
0	23	11	10.408506	7.132816
1	23	11	9.042481	7.132816
2	23	11	7.0376616	7.132816
3	23	11	11.428711	7.132816
4	23	11	8.612414	7.132816
5	23	11	8.101971	7.132816
6	23	11	10.890955	7.132816
7	23	11	8.152605	7.132816
8	23	11	7.8936763	7.132816
9	23	11	7.7101355	7.132816
10	23	11	11.893455	7.132816
11	23	11	7.544281	7.132816
12	23	11	10.017088	7.132816
13	23	11	9.049878	7.132816
14	23	11	6.351891	7.132816
15	23	11	9.854773	7.132816
16	23	11	7.789112	7.132816
17	23	11	8.280372	7.132816
18	23	11	9.547876	7.132816
19	23	11	9.674022	7.132816
20	23	11	8.42987	7.132816
21	23	11	7.4018245	7.132816
22	23	11	7.9343505	7.132816
23	23	11	7.496518	7.132816
0	24	11	10.12776	7.132816
1	24	11	9.245624	7.132816
2	24	11	7.596729	7.132816
3	24	11	12.033015	7.132816
4	24	11	9.2251215	7.132816
5	24	11	8.414392	7.132816
6	24	11	11.589878	7.132816
7	24	11	8.6105585	7.132816
8	24	11	8.0337515	7.132816
9	24	11	8.409485	7.132816
10	24	11	12.4002495	7.132816
11	24	11	8.281749	7.132816
12	24	11	10.297776	7.132816
13	24	11	9.099802	7.132816
14	24	11	6.8817296	7.132816
15	24	11	10.559867	7.132816
16	24	11	7.531355	7.132816
17	24	11	9.127723	7.132816
18	24	11	10.3082695	7.132816
19	24	11	8.710654	7.132816
20	24	11	9.253425	7.132816
21	24	11	7.5277605	7.132816
22	24	11	8.055136	7.132816
23	24	11	7.7526293	7.132816
0	24	11	10.12776	7.3498487
1	24	11	9.245624	7.3498487
2	24	11	7.596729	7.3498487
3	24	11	12.033015	7.3498487
4	24	11	9.2251215	7.3498487
5	24	11	8.414392	7.3498487
6	24	11	11.589878	7.3498487
7	24	11	8.6105585	7.3498487
8	24	11	8.0337515	7.3498487
9	24	11	8.409485	7.3498487
10	24	11	12.4002495	7.3498487
11	24	11	8.281749	7.3498487
12	24	11	10.297776	7.3498487
13	24	11	9.099802	7.3498487
14	24	11	6.8817296	7.3498487
15	24	11	10.559867	7.3498487
16	24	11	7.531355	7.3498487
17	24	11	9.127723	7.3498487
18	24	11	10.3082695	7.3498487
19	24	11	8.710654	7.3498487
20	24	11	9.253425	7.3498487
21	24	11	7.5277605	7.3498487
22	24	11	8.055136	7.3498487
23	24	11	7.7526293	7.3498487
0	25	11	10.475276	7.3498487
1	25	11	9.15517	7.3498487
2	25	11	7.7905545	7.3498487
3	25	11	11.776362	7.3498487
4	25	11	8.362934	7.3498487
5	25	11	8.18786	7.3498487
6	25	11	11.188686	7.3498487
7	25	11	9.033792	7.3498487
8	25	11	8.150512	7.3498487
9	25	11	8.5694	7.3498487
10	25	11	11.995129	7.3498487
11	25	11	7.3172054	7.3498487
12	25	11	10.219464	7.3498487
13	25	11	9.312217	7.3498487
14	25	11	6.5970397	7.3498487
15	25	11	10.59764	7.3498487
16	25	11	7.9471707	7.3498487
17	25	11	8.623015	7.3498487
18	25	11	9.423572	7.3498487
19	25	11	9.49927	7.3498487
20	25	11	9.546889	7.3498487
21	25	11	7.7896204	7.3498487
22	25	11	8.228209	7.3498487
23	25	11	7.4337177	7.3498487
0	25	11	10.475276	7.300166
1	25	11	9.15517	7.300166
2	25	11	7.7905545	7.300166
3	25	11	11.776362	7.300166
4	25	11	8.362934	7.300166
5	25	11	8.18786	7.300166
6	25	11	11.188686	7.300166
7	25	11	9.033792	7.300166
8	25	11	8.150512	7.300166
9	25	11	8.5694	7.300166
10	25	11	11.995129	7.300166
11	25	11	7.3172054	7.300166
12	25	11	10.219464	7.300166
13	25	11	9.312217	7.300166
14	25	11	6.5970397	7.300166
15	25	11	10.59764	7.300166
16	25	11	7.9471707	7.300166
17	25	11	8.623015	7.300166
18	25	11	9.423572	7.300166
19	25	11	9.49927	7.300166
20	25	11	9.546889	7.300166
21	25	11	7.7896204	7.300166
22	25	11	8.228209	7.300166
23	25	11	7.4337177	7.300166
0	26	11	10.111537	7.300166
1	26	11	9.101035	7.300166
2	26	11	7.5384693	7.300166
3	26	11	11.358209	7.300166
4	26	11	8.698411	7.300166
5	26	11	8.204121	7.300166
6	26	11	10.943567	7.300166
7	26	11	8.972935	7.300166
8	26	11	8.801551	7.300166
9	26	11	7.85352	7.300166
10	26	11	12.212705	7.300166
11	26	11	7.328206	7.300166
12	26	11	9.430234	7.300166
13	26	11	9.336714	7.300166
14	26	11	6.200837	7.300166
15	26	11	10.177326	7.300166
16	26	11	7.6395636	7.300166
17	26	11	8.759273	7.300166
18	26	11	9.528737	7.300166
19	26	11	9.070423	7.300166
20	26	11	8.880973	7.300166
21	26	11	7.728816	7.300166
22	26	11	8.085349	7.300166
23	26	11	7.6750484	7.300166
0	26	11	10.111537	7.1330023
1	26	11	9.101035	7.1330023
2	26	11	7.5384693	7.1330023
3	26	11	11.358209	7.1330023
4	26	11	8.698411	7.1330023
5	26	11	8.204121	7.1330023
6	26	11	10.943567	7.1330023
7	26	11	8.972935	7.1330023
8	26	11	8.801551	7.1330023
9	26	11	7.85352	7.1330023
10	26	11	12.212705	7.1330023
11	26	11	7.328206	7.1330023
12	26	11	9.430234	7.1330023
13	26	11	9.336714	7.1330023
14	26	11	6.200837	7.1330023
15	26	11	10.177326	7.1330023
16	26	11	7.6395636	7.1330023
17	26	11	8.759273	7.1330023
18	26	11	9.528737	7.1330023
19	26	11	9.070423	7.1330023
20	26	11	8.880973	7.1330023
21	26	11	7.728816	7.1330023
22	26	11	8.085349	7.1330023
23	26	11	7.6750484	7.1330023
0	27	11	9.952552	7.1330023
1	27	11	9.6084175	7.1330023
2	27	11	6.791574	7.1330023
3	27	11	11.709976	7.1330023
4	27	11	8.974572	7.1330023
5	27	11	7.8030443	7.1330023
6	27	11	10.599587	7.1330023
7	27	11	8.193789	7.1330023
8	27	11	7.8099194	7.1330023
9	27	11	7.9962664	7.1330023
10	27	11	12.142421	7.1330023
11	27	11	7.4801106	7.1330023
12	27	11	10.150914	7.1330023
13	27	11	9.207047	7.1330023
14	27	11	6.8056183	7.1330023
15	27	11	10.506814	7.1330023
16	27	11	7.8638816	7.1330023
17	27	11	8.503347	7.1330023
18	27	11	9.635266	7.1330023
19	27	11	8.879268	7.1330023
20	27	11	9.751526	7.1330023
21	27	11	7.691053	7.1330023
22	27	11	8.233472	7.1330023
23	27	11	7.5355625	7.1330023
0	27	11	9.952552	7.1569004
1	27	11	9.6084175	7.1569004
2	27	11	6.791574	7.1569004
3	27	11	11.709976	7.1569004
4	27	11	8.974572	7.1569004
5	27	11	7.8030443	7.1569004
6	27	11	10.599587	7.1569004
7	27	11	8.193789	7.1569004
8	27	11	7.8099194	7.1569004
9	27	11	7.9962664	7.1569004
10	27	11	12.142421	7.1569004
11	27	11	7.4801106	7.1569004
12	27	11	10.150914	7.1569004
13	27	11	9.207047	7.1569004
14	27	11	6.8056183	7.1569004
15	27	11	10.506814	7.1569004
16	27	11	7.8638816	7.1569004
17	27	11	8.503347	7.1569004
18	27	11	9.635266	7.1569004
19	27	11	8.879268	7.1569004
20	27	11	9.751526	7.1569004
21	27	11	7.691053	7.1569004
22	27	11	8.233472	7.1569004
23	27	11	7.5355625	7.1569004
0	28	11	10.113084	7.1569004
1	28	11	9.286533	7.1569004
2	28	11	7.8294287	7.1569004
3	28	11	11.778857	7.1569004
4	28	11	8.009598	7.1569004
5	28	11	8.107691	7.1569004
6	28	11	11.039275	7.1569004
7	28	11	8.439101	7.1569004
8	28	11	8.119687	7.1569004
9	28	11	8.012791	7.1569004
10	28	11	11.898197	7.1569004
11	28	11	7.4694514	7.1569004
12	28	11	9.962331	7.1569004
13	28	11	8.919209	7.1569004
14	28	11	7.7239895	7.1569004
15	28	11	10.759725	7.1569004
16	28	11	7.743833	7.1569004
17	28	11	8.715727	7.1569004
18	28	11	10.317003	7.1569004
19	28	11	9.88015	7.1569004
20	28	11	9.150931	7.1569004
21	28	11	8.030499	7.1569004
22	28	11	9.0313225	7.1569004
23	28	11	7.597936	7.1569004
0	28	11	10.113084	7.3158727
1	28	11	9.286533	7.3158727
2	28	11	7.8294287	7.3158727
3	28	11	11.778857	7.3158727
4	28	11	8.009598	7.3158727
5	28	11	8.107691	7.3158727
6	28	11	11.039275	7.3158727
7	28	11	8.439101	7.3158727
8	28	11	8.119687	7.3158727
9	28	11	8.012791	7.3158727
10	28	11	11.898197	7.3158727
11	28	11	7.4694514	7.3158727
12	28	11	9.962331	7.3158727
13	28	11	8.919209	7.3158727
14	28	11	7.7239895	7.3158727
15	28	11	10.759725	7.3158727
16	28	11	7.743833	7.3158727
17	28	11	8.715727	7.3158727
18	28	11	10.317003	7.3158727
19	28	11	9.88015	7.3158727
20	28	11	9.150931	7.3158727
21	28	11	8.030499	7.3158727
22	28	11	9.0313225	7.3158727
23	28	11	7.597936	7.3158727
0	29	11	10.181208	7.3158727
1	29	11	8.955573	7.3158727
2	29	11	7.2196283	7.3158727
3	29	11	11.568476	7.3158727
4	29	11	8.407784	7.3158727
5	29	11	8.122938	7.3158727
6	29	11	10.859142	7.3158727
7	29	11	8.759661	7.3158727
8	29	11	8.118859	7.3158727
9	29	11	8.169971	7.3158727
10	29	11	11.959739	7.3158727
11	29	11	7.181593	7.3158727
12	29	11	9.82442	7.3158727
13	29	11	9.284303	7.3158727
14	29	11	6.2673206	7.3158727
15	29	11	10.250743	7.3158727
16	29	11	7.7870803	7.3158727
17	29	11	8.525052	7.3158727
18	29	11	9.205783	7.3158727
19	29	11	9.374029	7.3158727
20	29	11	9.122266	7.3158727
21	29	11	7.4125204	7.3158727
22	29	11	7.833344	7.3158727
23	29	11	7.2558928	7.3158727
0	29	11	10.181208	7.14132
1	29	11	8.955573	7.14132
2	29	11	7.2196283	7.14132
3	29	11	11.568476	7.14132
4	29	11	8.407784	7.14132
5	29	11	8.122938	7.14132
6	29	11	10.859142	7.14132
7	29	11	8.759661	7.14132
8	29	11	8.118859	7.14132
9	29	11	8.169971	7.14132
10	29	11	11.959739	7.14132
11	29	11	7.181593	7.14132
12	29	11	9.82442	7.14132
13	29	11	9.284303	7.14132
14	29	11	6.2673206	7.14132
15	29	11	10.250743	7.14132
16	29	11	7.7870803	7.14132
17	29	11	8.525052	7.14132
18	29	11	9.205783	7.14132
19	29	11	9.374029	7.14132
20	29	11	9.122266	7.14132
21	29	11	7.4125204	7.14132
22	29	11	7.833344	7.14132
23	29	11	7.2558928	7.14132
0	0	12	9.337154	7.14132
1	0	12	9.242042	7.14132
2	0	12	7.6396666	7.14132
3	0	12	11.4605	7.14132
4	0	12	7.975125	7.14132
5	0	12	7.806742	7.14132
6	0	12	11.197631	7.14132
7	0	12	8.295705	7.14132
8	0	12	8.1302595	7.14132
9	0	12	7.4521637	7.14132
10	0	12	11.691919	7.14132
11	0	12	7.3199306	7.14132
12	0	12	9.762243	7.14132
13	0	12	8.844505	7.14132
14	0	12	6.3984256	7.14132
15	0	12	10.360631	7.14132
16	0	12	7.6841016	7.14132
17	0	12	8.674231	7.14132
18	0	12	9.542724	7.14132
19	0	12	9.3187685	7.14132
20	0	12	9.144932	7.14132
21	0	12	7.6036215	7.14132
22	0	12	8.115275	7.14132
23	0	12	7.1364346	7.14132
0	0	12	9.337154	7.0988417
1	0	12	9.242042	7.0988417
2	0	12	7.6396666	7.0988417
3	0	12	11.4605	7.0988417
4	0	12	7.975125	7.0988417
5	0	12	7.806742	7.0988417
6	0	12	11.197631	7.0988417
7	0	12	8.295705	7.0988417
8	0	12	8.1302595	7.0988417
9	0	12	7.4521637	7.0988417
10	0	12	11.691919	7.0988417
11	0	12	7.3199306	7.0988417
12	0	12	9.762243	7.0988417
13	0	12	8.844505	7.0988417
14	0	12	6.3984256	7.0988417
15	0	12	10.360631	7.0988417
16	0	12	7.6841016	7.0988417
17	0	12	8.674231	7.0988417
18	0	12	9.542724	7.0988417
19	0	12	9.3187685	7.0988417
20	0	12	9.144932	7.0988417
21	0	12	7.6036215	7.0988417
22	0	12	8.115275	7.0988417
23	0	12	7.1364346	7.0988417
0	1	12	10.363194	7.0988417
1	1	12	9.330402	7.0988417
2	1	12	6.9093614	7.0988417
3	1	12	11.4279785	7.0988417
4	1	12	9.992622	7.0988417
5	1	12	8.008205	7.0988417
6	1	12	10.824627	7.0988417
7	1	12	8.27336	7.0988417
8	1	12	7.812592	7.0988417
9	1	12	7.5470877	7.0988417
10	1	12	12.290387	7.0988417
11	1	12	7.4839506	7.0988417
12	1	12	10.023784	7.0988417
13	1	12	9.034287	7.0988417
14	1	12	6.475287	7.0988417
15	1	12	10.022584	7.0988417
16	1	12	7.7813616	7.0988417
17	1	12	8.575687	7.0988417
18	1	12	9.479908	7.0988417
19	1	12	8.760862	7.0988417
20	1	12	9.173397	7.0988417
21	1	12	7.9605346	7.0988417
22	1	12	7.922049	7.0988417
23	1	12	7.345894	7.0988417
0	1	12	10.363194	7.171361
1	1	12	9.330402	7.171361
2	1	12	6.9093614	7.171361
3	1	12	11.4279785	7.171361
4	1	12	9.992622	7.171361
5	1	12	8.008205	7.171361
6	1	12	10.824627	7.171361
7	1	12	8.27336	7.171361
8	1	12	7.812592	7.171361
9	1	12	7.5470877	7.171361
10	1	12	12.290387	7.171361
11	1	12	7.4839506	7.171361
12	1	12	10.023784	7.171361
13	1	12	9.034287	7.171361
14	1	12	6.475287	7.171361
15	1	12	10.022584	7.171361
16	1	12	7.7813616	7.171361
17	1	12	8.575687	7.171361
18	1	12	9.479908	7.171361
19	1	12	8.760862	7.171361
20	1	12	9.173397	7.171361
21	1	12	7.9605346	7.171361
22	1	12	7.922049	7.171361
23	1	12	7.345894	7.171361
0	2	12	9.723524	7.171361
1	2	12	9.059119	7.171361
2	2	12	7.487901	7.171361
3	2	12	11.30576	7.171361
4	2	12	8.039211	7.171361
5	2	12	7.9618115	7.171361
6	2	12	10.408533	7.171361
7	2	12	8.560543	7.171361
8	2	12	7.962805	7.171361
9	2	12	7.2812915	7.171361
10	2	12	11.634217	7.171361
11	2	12	7.352546	7.171361
12	2	12	9.535264	7.171361
13	2	12	8.812037	7.171361
14	2	12	6.0672493	7.171361
15	2	12	10.318201	7.171361
16	2	12	7.710921	7.171361
17	2	12	8.754936	7.171361
18	2	12	9.654708	7.171361
19	2	12	9.377558	7.171361
20	2	12	8.585909	7.171361
21	2	12	7.466447	7.171361
22	2	12	8.336927	7.171361
23	2	12	7.0916486	7.171361
0	2	12	9.723524	7.0675306
1	2	12	9.059119	7.0675306
2	2	12	7.487901	7.0675306
3	2	12	11.30576	7.0675306
4	2	12	8.039211	7.0675306
5	2	12	7.9618115	7.0675306
6	2	12	10.408533	7.0675306
7	2	12	8.560543	7.0675306
8	2	12	7.962805	7.0675306
9	2	12	7.2812915	7.0675306
10	2	12	11.634217	7.0675306
11	2	12	7.352546	7.0675306
12	2	12	9.535264	7.0675306
13	2	12	8.812037	7.0675306
14	2	12	6.0672493	7.0675306
15	2	12	10.318201	7.0675306
16	2	12	7.710921	7.0675306
17	2	12	8.754936	7.0675306
18	2	12	9.654708	7.0675306
19	2	12	9.377558	7.0675306
20	2	12	8.585909	7.0675306
21	2	12	7.466447	7.0675306
22	2	12	8.336927	7.0675306
23	2	12	7.0916486	7.0675306
0	3	12	9.465673	7.0675306
1	3	12	9.355541	7.0675306
2	3	12	7.059921	7.0675306
3	3	12	11.720253	7.0675306
4	3	12	8.326961	7.0675306
5	3	12	7.8624563	7.0675306
6	3	12	11.159815	7.0675306
7	3	12	7.883919	7.0675306
8	3	12	8.031118	7.0675306
9	3	12	8.144687	7.0675306
10	3	12	12.388792	7.0675306
11	3	12	7.3885126	7.0675306
12	3	12	9.973881	7.0675306
13	3	12	9.214707	7.0675306
14	3	12	6.134865	7.0675306
15	3	12	9.972506	7.0675306
16	3	12	7.603968	7.0675306
17	3	12	8.524073	7.0675306
18	3	12	9.340368	7.0675306
19	3	12	8.950233	7.0675306
20	3	12	9.370975	7.0675306
21	3	12	6.9629755	7.0675306
22	3	12	7.907416	7.0675306
23	3	12	7.845709	7.0675306
0	3	12	9.465673	7.0371976
1	3	12	9.355541	7.0371976
2	3	12	7.059921	7.0371976
3	3	12	11.720253	7.0371976
4	3	12	8.326961	7.0371976
5	3	12	7.8624563	7.0371976
6	3	12	11.159815	7.0371976
7	3	12	7.883919	7.0371976
8	3	12	8.031118	7.0371976
9	3	12	8.144687	7.0371976
10	3	12	12.388792	7.0371976
11	3	12	7.3885126	7.0371976
12	3	12	9.973881	7.0371976
13	3	12	9.214707	7.0371976
14	3	12	6.134865	7.0371976
15	3	12	9.972506	7.0371976
16	3	12	7.603968	7.0371976
17	3	12	8.524073	7.0371976
18	3	12	9.340368	7.0371976
19	3	12	8.950233	7.0371976
20	3	12	9.370975	7.0371976
21	3	12	6.9629755	7.0371976
22	3	12	7.907416	7.0371976
23	3	12	7.845709	7.0371976
0	4	12	9.722092	7.0371976
1	4	12	9.670387	7.0371976
2	4	12	7.246945	7.0371976
3	4	12	11.409915	7.0371976
4	4	12	7.971924	7.0371976
5	4	12	7.8333507	7.0371976
6	4	12	10.846147	7.0371976
7	4	12	8.256544	7.0371976
8	4	12	8.058992	7.0371976
9	4	12	7.948965	7.0371976
10	4	12	12.389386	7.0371976
11	4	12	7.6093793	7.0371976
12	4	12	9.200969	7.0371976
13	4	12	9.008238	7.0371976
14	4	12	6.468226	7.0371976
15	4	12	10.692681	7.0371976
16	4	12	8.086079	7.0371976
17	4	12	8.632673	7.0371976
18	4	12	9.640459	7.0371976
19	4	12	9.7993	7.0371976
20	4	12	9.058467	7.0371976
21	4	12	7.587549	7.0371976
22	4	12	8.293129	7.0371976
23	4	12	7.782286	7.0371976
0	4	12	9.722092	7.1691637
1	4	12	9.670387	7.1691637
2	4	12	7.246945	7.1691637
3	4	12	11.409915	7.1691637
4	4	12	7.971924	7.1691637
5	4	12	7.8333507	7.1691637
6	4	12	10.846147	7.1691637
7	4	12	8.256544	7.1691637
8	4	12	8.058992	7.1691637
9	4	12	7.948965	7.1691637
10	4	12	12.389386	7.1691637
11	4	12	7.6093793	7.1691637
12	4	12	9.200969	7.1691637
13	4	12	9.008238	7.1691637
14	4	12	6.468226	7.1691637
15	4	12	10.692681	7.1691637
16	4	12	8.086079	7.1691637
17	4	12	8.632673	7.1691637
18	4	12	9.640459	7.1691637
19	4	12	9.7993	7.1691637
20	4	12	9.058467	7.1691637
21	4	12	7.587549	7.1691637
22	4	12	8.293129	7.1691637
23	4	12	7.782286	7.1691637
0	5	12	10.3012905	7.1691637
1	5	12	9.524209	7.1691637
2	5	12	6.807582	7.1691637
3	5	12	11.477395	7.1691637
4	5	12	8.529941	7.1691637
5	5	12	8.251733	7.1691637
6	5	12	10.712996	7.1691637
7	5	12	8.050294	7.1691637
8	5	12	7.6608577	7.1691637
9	5	12	7.6622224	7.1691637
10	5	12	11.653001	7.1691637
11	5	12	7.3733754	7.1691637
12	5	12	10.454113	7.1691637
13	5	12	9.051565	7.1691637
14	5	12	6.02706	7.1691637
15	5	12	9.952474	7.1691637
16	5	12	8.0779705	7.1691637
17	5	12	7.9040794	7.1691637
18	5	12	8.991776	7.1691637
19	5	12	9.59041	7.1691637
20	5	12	8.961496	7.1691637
21	5	12	7.422782	7.1691637
22	5	12	8.117585	7.1691637
23	5	12	7.084069	7.1691637
0	5	12	10.3012905	7.0160007
1	5	12	9.524209	7.0160007
2	5	12	6.807582	7.0160007
3	5	12	11.477395	7.0160007
4	5	12	8.529941	7.0160007
5	5	12	8.251733	7.0160007
6	5	12	10.712996	7.0160007
7	5	12	8.050294	7.0160007
8	5	12	7.6608577	7.0160007
9	5	12	7.6622224	7.0160007
10	5	12	11.653001	7.0160007
11	5	12	7.3733754	7.0160007
12	5	12	10.454113	7.0160007
13	5	12	9.051565	7.0160007
14	5	12	6.02706	7.0160007
15	5	12	9.952474	7.0160007
16	5	12	8.0779705	7.0160007
17	5	12	7.9040794	7.0160007
18	5	12	8.991776	7.0160007
19	5	12	9.59041	7.0160007
20	5	12	8.961496	7.0160007
21	5	12	7.422782	7.0160007
22	5	12	8.117585	7.0160007
23	5	12	7.084069	7.0160007
0	6	12	9.324127	7.0160007
1	6	12	9.382246	7.0160007
2	6	12	7.131213	7.0160007
3	6	12	11.62842	7.0160007
4	6	12	8.723882	7.0160007
5	6	12	7.768012	7.0160007
6	6	12	11.119238	7.0160007
7	6	12	7.714632	7.0160007
8	6	12	8.047226	7.0160007
9	6	12	7.7457094	7.0160007
10	6	12	12.032346	7.0160007
11	6	12	7.257675	7.0160007
12	6	12	10.336843	7.0160007
13	6	12	9.366816	7.0160007
14	6	12	5.8845625	7.0160007
15	6	12	10.024368	7.0160007
16	6	12	7.8856683	7.0160007
17	6	12	8.204043	7.0160007
18	6	12	9.183729	7.0160007
19	6	12	8.994037	7.0160007
20	6	12	9.499445	7.0160007
21	6	12	7.481743	7.0160007
22	6	12	8.086199	7.0160007
23	6	12	7.770733	7.0160007
0	6	12	9.324127	7.018761
1	6	12	9.382246	7.018761
2	6	12	7.131213	7.018761
3	6	12	11.62842	7.018761
4	6	12	8.723882	7.018761
5	6	12	7.768012	7.018761
6	6	12	11.119238	7.018761
7	6	12	7.714632	7.018761
8	6	12	8.047226	7.018761
9	6	12	7.7457094	7.018761
10	6	12	12.032346	7.018761
11	6	12	7.257675	7.018761
12	6	12	10.336843	7.018761
13	6	12	9.366816	7.018761
14	6	12	5.8845625	7.018761
15	6	12	10.024368	7.018761
16	6	12	7.8856683	7.018761
17	6	12	8.204043	7.018761
18	6	12	9.183729	7.018761
19	6	12	8.994037	7.018761
20	6	12	9.499445	7.018761
21	6	12	7.481743	7.018761
22	6	12	8.086199	7.018761
23	6	12	7.770733	7.018761
0	7	12	10.758417	7.018761
1	7	12	9.221476	7.018761
2	7	12	7.4789796	7.018761
3	7	12	11.50546	7.018761
4	7	12	7.7480803	7.018761
5	7	12	7.859615	7.018761
6	7	12	11.116439	7.018761
7	7	12	8.29552	7.018761
8	7	12	7.5561795	7.018761
9	7	12	8.008235	7.018761
10	7	12	11.966702	7.018761
11	7	12	7.5115056	7.018761
12	7	12	9.688738	7.018761
13	7	12	8.586965	7.018761
14	7	12	7.2111764	7.018761
15	7	12	10.252226	7.018761
16	7	12	7.586365	7.018761
17	7	12	8.439079	7.018761
18	7	12	9.867071	7.018761
19	7	12	9.577903	7.018761
20	7	12	9.321848	7.018761
21	7	12	7.670636	7.018761
22	7	12	8.321003	7.018761
23	7	12	7.332352	7.018761
0	7	12	10.758417	7.2466345
1	7	12	9.221476	7.2466345
2	7	12	7.4789796	7.2466345
3	7	12	11.50546	7.2466345
4	7	12	7.7480803	7.2466345
5	7	12	7.859615	7.2466345
6	7	12	11.116439	7.2466345
7	7	12	8.29552	7.2466345
8	7	12	7.5561795	7.2466345
9	7	12	8.008235	7.2466345
10	7	12	11.966702	7.2466345
11	7	12	7.5115056	7.2466345
12	7	12	9.688738	7.2466345
13	7	12	8.586965	7.2466345
14	7	12	7.2111764	7.2466345
15	7	12	10.252226	7.2466345
16	7	12	7.586365	7.2466345
17	7	12	8.439079	7.2466345
18	7	12	9.867071	7.2466345
19	7	12	9.577903	7.2466345
20	7	12	9.321848	7.2466345
21	7	12	7.670636	7.2466345
22	7	12	8.321003	7.2466345
23	7	12	7.332352	7.2466345
0	8	12	10.12652	7.2466345
1	8	12	9.380876	7.2466345
2	8	12	7.282985	7.2466345
3	8	12	11.331115	7.2466345
4	8	12	8.568896	7.2466345
5	8	12	7.9299607	7.2466345
6	8	12	11.297521	7.2466345
7	8	12	8.140693	7.2466345
8	8	12	7.7638645	7.2466345
9	8	12	7.559405	7.2466345
10	8	12	11.900393	7.2466345
11	8	12	7.1595936	7.2466345
12	8	12	9.824381	7.2466345
13	8	12	9.102293	7.2466345
14	8	12	6.2227387	7.2466345
15	8	12	9.773937	7.2466345
16	8	12	7.817009	7.2466345
17	8	12	8.429651	7.2466345
18	8	12	9.30756	7.2466345
19	8	12	9.4591	7.2466345
20	8	12	9.321313	7.2466345
21	8	12	7.8362484	7.2466345
22	8	12	7.872356	7.2466345
23	8	12	7.178372	7.2466345
0	8	12	10.12652	7.0606318
1	8	12	9.380876	7.0606318
2	8	12	7.282985	7.0606318
3	8	12	11.331115	7.0606318
4	8	12	8.568896	7.0606318
5	8	12	7.9299607	7.0606318
6	8	12	11.297521	7.0606318
7	8	12	8.140693	7.0606318
8	8	12	7.7638645	7.0606318
9	8	12	7.559405	7.0606318
10	8	12	11.900393	7.0606318
11	8	12	7.1595936	7.0606318
12	8	12	9.824381	7.0606318
13	8	12	9.102293	7.0606318
14	8	12	6.2227387	7.0606318
15	8	12	9.773937	7.0606318
16	8	12	7.817009	7.0606318
17	8	12	8.429651	7.0606318
18	8	12	9.30756	7.0606318
19	8	12	9.4591	7.0606318
20	8	12	9.321313	7.0606318
21	8	12	7.8362484	7.0606318
22	8	12	7.872356	7.0606318
23	8	12	7.178372	7.0606318
0	9	12	9.97388	7.0606318
1	9	12	9.358315	7.0606318
2	9	12	7.2524614	7.0606318
3	9	12	11.753628	7.0606318
4	9	12	7.723461	7.0606318
5	9	12	7.9673834	7.0606318
6	9	12	11.250152	7.0606318
7	9	12	7.986331	7.0606318
8	9	12	7.9073787	7.0606318
9	9	12	7.8201714	7.0606318
10	9	12	11.531867	7.0606318
11	9	12	7.761372	7.0606318
12	9	12	9.970138	7.0606318
13	9	12	8.693003	7.0606318
14	9	12	6.661923	7.0606318
15	9	12	10.626508	7.0606318
16	9	12	7.576109	7.0606318
17	9	12	8.377038	7.0606318
18	9	12	9.903358	7.0606318
19	9	12	9.299624	7.0606318
20	9	12	9.258279	7.0606318
21	9	12	7.6495423	7.0606318
22	9	12	8.199052	7.0606318
23	9	12	7.224311	7.0606318
0	9	12	9.97388	7.1889873
1	9	12	9.358315	7.1889873
2	9	12	7.2524614	7.1889873
3	9	12	11.753628	7.1889873
4	9	12	7.723461	7.1889873
5	9	12	7.9673834	7.1889873
6	9	12	11.250152	7.1889873
7	9	12	7.986331	7.1889873
8	9	12	7.9073787	7.1889873
9	9	12	7.8201714	7.1889873
10	9	12	11.531867	7.1889873
11	9	12	7.761372	7.1889873
12	9	12	9.970138	7.1889873
13	9	12	8.693003	7.1889873
14	9	12	6.661923	7.1889873
15	9	12	10.626508	7.1889873
16	9	12	7.576109	7.1889873
17	9	12	8.377038	7.1889873
18	9	12	9.903358	7.1889873
19	9	12	9.299624	7.1889873
20	9	12	9.258279	7.1889873
21	9	12	7.6495423	7.1889873
22	9	12	8.199052	7.1889873
23	9	12	7.224311	7.1889873
0	10	12	9.851593	7.1889873
1	10	12	9.4438925	7.1889873
2	10	12	7.0312696	7.1889873
3	10	12	11.774221	7.1889873
4	10	12	8.857023	7.1889873
5	10	12	8.388442	7.1889873
6	10	12	11.17189	7.1889873
7	10	12	8.314567	7.1889873
8	10	12	8.225845	7.1889873
9	10	12	8.01096	7.1889873
10	10	12	11.887252	7.1889873
11	10	12	8.011157	7.1889873
12	10	12	10.121167	7.1889873
13	10	12	9.211091	7.1889873
14	10	12	6.1646547	7.1889873
15	10	12	10.419751	7.1889873
16	10	12	7.657411	7.1889873
17	10	12	8.669633	7.1889873
18	10	12	9.811592	7.1889873
19	10	12	8.978293	7.1889873
20	10	12	9.493178	7.1889873
21	10	12	7.573895	7.1889873
22	10	12	7.4964414	7.1889873
23	10	12	7.440326	7.1889873
0	10	12	9.851593	7.1613297
1	10	12	9.4438925	7.1613297
2	10	12	7.0312696	7.1613297
3	10	12	11.774221	7.1613297
4	10	12	8.857023	7.1613297
5	10	12	8.388442	7.1613297
6	10	12	11.17189	7.1613297
7	10	12	8.314567	7.1613297
8	10	12	8.225845	7.1613297
9	10	12	8.01096	7.1613297
10	10	12	11.887252	7.1613297
11	10	12	8.011157	7.1613297
12	10	12	10.121167	7.1613297
13	10	12	9.211091	7.1613297
14	10	12	6.1646547	7.1613297
15	10	12	10.419751	7.1613297
16	10	12	7.657411	7.1613297
17	10	12	8.669633	7.1613297
18	10	12	9.811592	7.1613297
19	10	12	8.978293	7.1613297
20	10	12	9.493178	7.1613297
21	10	12	7.573895	7.1613297
22	10	12	7.4964414	7.1613297
23	10	12	7.440326	7.1613297
0	11	12	9.991727	7.1613297
1	11	12	9.228429	7.1613297
2	11	12	7.4137893	7.1613297
3	11	12	11.383714	7.1613297
4	11	12	7.6339684	7.1613297
5	11	12	7.925604	7.1613297
6	11	12	10.817296	7.1613297
7	11	12	8.436231	7.1613297
8	11	12	8.621504	7.1613297
9	11	12	7.9914837	7.1613297
10	11	12	12.027575	7.1613297
11	11	12	7.3700275	7.1613297
12	11	12	8.794134	7.1613297
13	11	12	8.931823	7.1613297
14	11	12	6.5056324	7.1613297
15	11	12	10.011047	7.1613297
16	11	12	7.332479	7.1613297
17	11	12	8.773421	7.1613297
18	11	12	9.760662	7.1613297
19	11	12	9.327895	7.1613297
20	11	12	9.241904	7.1613297
21	11	12	7.119685	7.1613297
22	11	12	7.910519	7.1613297
23	11	12	7.2031884	7.1613297
0	11	12	9.991727	7.0477867
1	11	12	9.228429	7.0477867
2	11	12	7.4137893	7.0477867
3	11	12	11.383714	7.0477867
4	11	12	7.6339684	7.0477867
5	11	12	7.925604	7.0477867
6	11	12	10.817296	7.0477867
7	11	12	8.436231	7.0477867
8	11	12	8.621504	7.0477867
9	11	12	7.9914837	7.0477867
10	11	12	12.027575	7.0477867
11	11	12	7.3700275	7.0477867
12	11	12	8.794134	7.0477867
13	11	12	8.931823	7.0477867
14	11	12	6.5056324	7.0477867
15	11	12	10.011047	7.0477867
16	11	12	7.332479	7.0477867
17	11	12	8.773421	7.0477867
18	11	12	9.760662	7.0477867
19	11	12	9.327895	7.0477867
20	11	12	9.241904	7.0477867
21	11	12	7.119685	7.0477867
22	11	12	7.910519	7.0477867
23	11	12	7.2031884	7.0477867
0	12	12	10.349756	7.0477867
1	12	12	9.364346	7.0477867
2	12	12	7.505359	7.0477867
3	12	12	11.61862	7.0477867
4	12	12	8.030765	7.0477867
5	12	12	7.9062405	7.0477867
6	12	12	10.810699	7.0477867
7	12	12	8.601779	7.0477867
8	12	12	8.247576	7.0477867
9	12	12	7.836037	7.0477867
10	12	12	11.946597	7.0477867
11	12	12	7.8527207	7.0477867
12	12	12	9.491889	7.0477867
13	12	12	8.573894	7.0477867
14	12	12	6.6104665	7.0477867
15	12	12	10.819075	7.0477867
16	12	12	7.515225	7.0477867
17	12	12	8.616526	7.0477867
18	12	12	9.889024	7.0477867
19	12	12	8.776974	7.0477867
20	12	12	9.779299	7.0477867
21	12	12	7.772552	7.0477867
22	12	12	8.377364	7.0477867
23	12	12	7.3757505	7.0477867
0	12	12	10.349756	7.2276626
1	12	12	9.364346	7.2276626
2	12	12	7.505359	7.2276626
3	12	12	11.61862	7.2276626
4	12	12	8.030765	7.2276626
5	12	12	7.9062405	7.2276626
6	12	12	10.810699	7.2276626
7	12	12	8.601779	7.2276626
8	12	12	8.247576	7.2276626
9	12	12	7.836037	7.2276626
10	12	12	11.946597	7.2276626
11	12	12	7.8527207	7.2276626
12	12	12	9.491889	7.2276626
13	12	12	8.573894	7.2276626
14	12	12	6.6104665	7.2276626
15	12	12	10.819075	7.2276626
16	12	12	7.515225	7.2276626
17	12	12	8.616526	7.2276626
18	12	12	9.889024	7.2276626
19	12	12	8.776974	7.2276626
20	12	12	9.779299	7.2276626
21	12	12	7.772552	7.2276626
22	12	12	8.377364	7.2276626
23	12	12	7.3757505	7.2276626
0	13	12	9.751608	7.2276626
1	13	12	9.505843	7.2276626
2	13	12	6.7080317	7.2276626
3	13	12	11.640149	7.2276626
4	13	12	9.024733	7.2276626
5	13	12	8.101356	7.2276626
6	13	12	11.020617	7.2276626
7	13	12	8.538091	7.2276626
8	13	12	7.6462955	7.2276626
9	13	12	7.6530714	7.2276626
10	13	12	11.831208	7.2276626
11	13	12	8.185635	7.2276626
12	13	12	10.08205	7.2276626
13	13	12	9.232324	7.2276626
14	13	12	6.296494	7.2276626
15	13	12	10.9321785	7.2276626
16	13	12	8.1095085	7.2276626
17	13	12	8.390334	7.2276626
18	13	12	9.555864	7.2276626
19	13	12	9.154038	7.2276626
20	13	12	8.640671	7.2276626
21	13	12	7.5442886	7.2276626
22	13	12	7.9599013	7.2276626
23	13	12	7.532742	7.2276626
0	13	12	9.751608	7.24411
1	13	12	9.505843	7.24411
2	13	12	6.7080317	7.24411
3	13	12	11.640149	7.24411
4	13	12	9.024733	7.24411
5	13	12	8.101356	7.24411
6	13	12	11.020617	7.24411
7	13	12	8.538091	7.24411
8	13	12	7.6462955	7.24411
9	13	12	7.6530714	7.24411
10	13	12	11.831208	7.24411
11	13	12	8.185635	7.24411
12	13	12	10.08205	7.24411
13	13	12	9.232324	7.24411
14	13	12	6.296494	7.24411
15	13	12	10.9321785	7.24411
16	13	12	8.1095085	7.24411
17	13	12	8.390334	7.24411
18	13	12	9.555864	7.24411
19	13	12	9.154038	7.24411
20	13	12	8.640671	7.24411
21	13	12	7.5442886	7.24411
22	13	12	7.9599013	7.24411
23	13	12	7.532742	7.24411
0	14	12	9.305187	7.24411
1	14	12	9.491632	7.24411
2	14	12	6.8109775	7.24411
3	14	12	11.8668165	7.24411
4	14	12	8.480964	7.24411
5	14	12	8.163988	7.24411
6	14	12	11.163307	7.24411
7	14	12	7.8587565	7.24411
8	14	12	7.9494123	7.24411
9	14	12	7.798211	7.24411
10	14	12	11.693856	7.24411
11	14	12	7.862079	7.24411
12	14	12	10.442929	7.24411
13	14	12	9.380229	7.24411
14	14	12	5.8069315	7.24411
15	14	12	10.161858	7.24411
16	14	12	7.620666	7.24411
17	14	12	8.275679	7.24411
18	14	12	9.772627	7.24411
19	14	12	9.011216	7.24411
20	14	12	9.058062	7.24411
21	14	12	7.218674	7.24411
22	14	12	7.9037333	7.24411
23	14	12	7.5544877	7.24411
0	14	12	9.305187	7.01443
1	14	12	9.491632	7.01443
2	14	12	6.8109775	7.01443
3	14	12	11.8668165	7.01443
4	14	12	8.480964	7.01443
5	14	12	8.163988	7.01443
6	14	12	11.163307	7.01443
7	14	12	7.8587565	7.01443
8	14	12	7.9494123	7.01443
9	14	12	7.798211	7.01443
10	14	12	11.693856	7.01443
11	14	12	7.862079	7.01443
12	14	12	10.442929	7.01443
13	14	12	9.380229	7.01443
14	14	12	5.8069315	7.01443
15	14	12	10.161858	7.01443
16	14	12	7.620666	7.01443
17	14	12	8.275679	7.01443
18	14	12	9.772627	7.01443
19	14	12	9.011216	7.01443
20	14	12	9.058062	7.01443
21	14	12	7.218674	7.01443
22	14	12	7.9037333	7.01443
23	14	12	7.5544877	7.01443
0	15	12	10.102597	7.01443
1	15	12	9.810995	7.01443
2	15	12	7.190697	7.01443
3	15	12	11.40084	7.01443
4	15	12	8.636898	7.01443
5	15	12	8.158802	7.01443
6	15	12	11.55095	7.01443
7	15	12	8.533417	7.01443
8	15	12	7.3118634	7.01443
9	15	12	7.7906175	7.01443
10	15	12	12.012525	7.01443
11	15	12	7.5062995	7.01443
12	15	12	9.746064	7.01443
13	15	12	9.026224	7.01443
14	15	12	6.4817433	7.01443
15	15	12	10.283157	7.01443
16	15	12	8.009456	7.01443
17	15	12	8.677653	7.01443
18	15	12	9.302865	7.01443
19	15	12	9.61371	7.01443
20	15	12	9.094498	7.01443
21	15	12	7.5967345	7.01443
22	15	12	7.8696437	7.01443
23	15	12	7.2224035	7.01443
0	15	12	10.102597	7.172862
1	15	12	9.810995	7.172862
2	15	12	7.190697	7.172862
3	15	12	11.40084	7.172862
4	15	12	8.636898	7.172862
5	15	12	8.158802	7.172862
6	15	12	11.55095	7.172862
7	15	12	8.533417	7.172862
8	15	12	7.3118634	7.172862
9	15	12	7.7906175	7.172862
10	15	12	12.012525	7.172862
11	15	12	7.5062995	7.172862
12	15	12	9.746064	7.172862
13	15	12	9.026224	7.172862
14	15	12	6.4817433	7.172862
15	15	12	10.283157	7.172862
16	15	12	8.009456	7.172862
17	15	12	8.677653	7.172862
18	15	12	9.302865	7.172862
19	15	12	9.61371	7.172862
20	15	12	9.094498	7.172862
21	15	12	7.5967345	7.172862
22	15	12	7.8696437	7.172862
23	15	12	7.2224035	7.172862
0	16	12	10.171185	7.172862
1	16	12	9.461697	7.172862
2	16	12	6.845275	7.172862
3	16	12	11.668715	7.172862
4	16	12	8.5212965	7.172862
5	16	12	8.136981	7.172862
6	16	12	11.217756	7.172862
7	16	12	7.7521434	7.172862
8	16	12	7.7147727	7.172862
9	16	12	7.7830353	7.172862
10	16	12	11.837304	7.172862
11	16	12	7.962515	7.172862
12	16	12	9.709565	7.172862
13	16	12	8.778512	7.172862
14	16	12	6.645935	7.172862
15	16	12	9.984203	7.172862
16	16	12	7.422898	7.172862
17	16	12	8.694568	7.172862
18	16	12	9.898746	7.172862
19	16	12	9.198794	7.172862
20	16	12	9.395612	7.172862
21	16	12	7.558042	7.172862
22	16	12	7.6561384	7.172862
23	16	12	7.1941557	7.172862
0	16	12	10.171185	7.1130295
1	16	12	9.461697	7.1130295
2	16	12	6.845275	7.1130295
3	16	12	11.668715	7.1130295
4	16	12	8.5212965	7.1130295
5	16	12	8.136981	7.1130295
6	16	12	11.217756	7.1130295
7	16	12	7.7521434	7.1130295
8	16	12	7.7147727	7.1130295
9	16	12	7.7830353	7.1130295
10	16	12	11.837304	7.1130295
11	16	12	7.962515	7.1130295
12	16	12	9.709565	7.1130295
13	16	12	8.778512	7.1130295
14	16	12	6.645935	7.1130295
15	16	12	9.984203	7.1130295
16	16	12	7.422898	7.1130295
17	16	12	8.694568	7.1130295
18	16	12	9.898746	7.1130295
19	16	12	9.198794	7.1130295
20	16	12	9.395612	7.1130295
21	16	12	7.558042	7.1130295
22	16	12	7.6561384	7.1130295
23	16	12	7.1941557	7.1130295
0	17	12	10.285134	7.1130295
1	17	12	9.405059	7.1130295
2	17	12	7.1092525	7.1130295
3	17	12	11.479178	7.1130295
4	17	12	8.149676	7.1130295
5	17	12	7.9337926	7.1130295
6	17	12	11.0875635	7.1130295
7	17	12	8.024529	7.1130295
8	17	12	7.716325	7.1130295
9	17	12	7.958004	7.1130295
10	17	12	12.260017	7.1130295
11	17	12	7.49417	7.1130295
12	17	12	9.366582	7.1130295
13	17	12	8.758305	7.1130295
14	17	12	6.974895	7.1130295
15	17	12	9.84091	7.1130295
16	17	12	7.423496	7.1130295
17	17	12	8.714856	7.1130295
18	17	12	9.71395	7.1130295
19	17	12	9.171842	7.1130295
20	17	12	9.385723	7.1130295
21	17	12	7.16717	7.1130295
22	17	12	7.929997	7.1130295
23	17	12	7.382039	7.1130295
0	17	12	10.285134	7.118052
1	17	12	9.405059	7.118052
2	17	12	7.1092525	7.118052
3	17	12	11.479178	7.118052
4	17	12	8.149676	7.118052
5	17	12	7.9337926	7.118052
6	17	12	11.0875635	7.118052
7	17	12	8.024529	7.118052
8	17	12	7.716325	7.118052
9	17	12	7.958004	7.118052
10	17	12	12.260017	7.118052
11	17	12	7.49417	7.118052
12	17	12	9.366582	7.118052
13	17	12	8.758305	7.118052
14	17	12	6.974895	7.118052
15	17	12	9.84091	7.118052
16	17	12	7.423496	7.118052
17	17	12	8.714856	7.118052
18	17	12	9.71395	7.118052
19	17	12	9.171842	7.118052
20	17	12	9.385723	7.118052
21	17	12	7.16717	7.118052
22	17	12	7.929997	7.118052
23	17	12	7.382039	7.118052
0	18	12	10.529839	7.118052
1	18	12	9.314286	7.118052
2	18	12	7.5129147	7.118052
3	18	12	11.223861	7.118052
4	18	12	9.45742	7.118052
5	18	12	8.326901	7.118052
6	18	12	10.397491	7.118052
7	18	12	8.716957	7.118052
8	18	12	8.380514	7.118052
9	18	12	7.023103	7.118052
10	18	12	12.017873	7.118052
11	18	12	7.857582	7.118052
12	18	12	9.637696	7.118052
13	18	12	8.639681	7.118052
14	18	12	6.302235	7.118052
15	18	12	10.476811	7.118052
16	18	12	7.757196	7.118052
17	18	12	8.827095	7.118052
18	18	12	9.898191	7.118052
19	18	12	9.087105	7.118052
20	18	12	8.935817	7.118052
21	18	12	8.147584	7.118052
22	18	12	8.068106	7.118052
23	18	12	7.0638466	7.118052
0	18	12	10.529839	7.1955953
1	18	12	9.314286	7.1955953
2	18	12	7.5129147	7.1955953
3	18	12	11.223861	7.1955953
4	18	12	9.45742	7.1955953
5	18	12	8.326901	7.1955953
6	18	12	10.397491	7.1955953
7	18	12	8.716957	7.1955953
8	18	12	8.380514	7.1955953
9	18	12	7.023103	7.1955953
10	18	12	12.017873	7.1955953
11	18	12	7.857582	7.1955953
12	18	12	9.637696	7.1955953
13	18	12	8.639681	7.1955953
14	18	12	6.302235	7.1955953
15	18	12	10.476811	7.1955953
16	18	12	7.757196	7.1955953
17	18	12	8.827095	7.1955953
18	18	12	9.898191	7.1955953
19	18	12	9.087105	7.1955953
20	18	12	8.935817	7.1955953
21	18	12	8.147584	7.1955953
22	18	12	8.068106	7.1955953
23	18	12	7.0638466	7.1955953
0	19	12	9.862121	7.1955953
1	19	12	9.561891	7.1955953
2	19	12	7.235907	7.1955953
3	19	12	11.93574	7.1955953
4	19	12	7.9216638	7.1955953
5	19	12	8.281564	7.1955953
6	19	12	11.321406	7.1955953
7	19	12	8.473408	7.1955953
8	19	12	8.149664	7.1955953
9	19	12	7.669774	7.1955953
10	19	12	11.470604	7.1955953
11	19	12	8.075517	7.1955953
12	19	12	10.360756	7.1955953
13	19	12	8.862131	7.1955953
14	19	12	5.6907377	7.1955953
15	19	12	10.525029	7.1955953
16	19	12	7.7145677	7.1955953
17	19	12	8.527452	7.1955953
18	19	12	9.5169935	7.1955953
19	19	12	9.154869	7.1955953
20	19	12	9.181588	7.1955953
21	19	12	7.3797174	7.1955953
22	19	12	7.9761257	7.1955953
23	19	12	7.4373155	7.1955953
0	19	12	9.862121	7.0830774
1	19	12	9.561891	7.0830774
2	19	12	7.235907	7.0830774
3	19	12	11.93574	7.0830774
4	19	12	7.9216638	7.0830774
5	19	12	8.281564	7.0830774
6	19	12	11.321406	7.0830774
7	19	12	8.473408	7.0830774
8	19	12	8.149664	7.0830774
9	19	12	7.669774	7.0830774
10	19	12	11.470604	7.0830774
11	19	12	8.075517	7.0830774
12	19	12	10.360756	7.0830774
13	19	12	8.862131	7.0830774
14	19	12	5.6907377	7.0830774
15	19	12	10.525029	7.0830774
16	19	12	7.7145677	7.0830774
17	19	12	8.527452	7.0830774
18	19	12	9.5169935	7.0830774
19	19	12	9.154869	7.0830774
20	19	12	9.181588	7.0830774
21	19	12	7.3797174	7.0830774
22	19	12	7.9761257	7.0830774
23	19	12	7.4373155	7.0830774
0	20	12	9.542483	7.0830774
1	20	12	9.7560005	7.0830774
2	20	12	6.9042	7.0830774
3	20	12	11.861145	7.0830774
4	20	12	7.5677156	7.0830774
5	20	12	8.342813	7.0830774
6	20	12	10.885364	7.0830774
7	20	12	7.935598	7.0830774
8	20	12	8.302739	7.0830774
9	20	12	7.435461	7.0830774
10	20	12	11.4699545	7.0830774
11	20	12	8.120211	7.0830774
12	20	12	10.232658	7.0830774
13	20	12	9.185579	7.0830774
14	20	12	6.4645333	7.0830774
15	20	12	10.755003	7.0830774
16	20	12	7.5988173	7.0830774
17	20	12	8.104159	7.0830774
18	20	12	9.901863	7.0830774
19	20	12	9.282753	7.0830774
20	20	12	9.025249	7.0830774
21	20	12	7.532568	7.0830774
22	20	12	8.169232	7.0830774
23	20	12	7.1782756	7.0830774
0	20	12	9.542483	7.083031
1	20	12	9.7560005	7.083031
2	20	12	6.9042	7.083031
3	20	12	11.861145	7.083031
4	20	12	7.5677156	7.083031
5	20	12	8.342813	7.083031
6	20	12	10.885364	7.083031
7	20	12	7.935598	7.083031
8	20	12	8.302739	7.083031
9	20	12	7.435461	7.083031
10	20	12	11.4699545	7.083031
11	20	12	8.120211	7.083031
12	20	12	10.232658	7.083031
13	20	12	9.185579	7.083031
14	20	12	6.4645333	7.083031
15	20	12	10.755003	7.083031
16	20	12	7.5988173	7.083031
17	20	12	8.104159	7.083031
18	20	12	9.901863	7.083031
19	20	12	9.282753	7.083031
20	20	12	9.025249	7.083031
21	20	12	7.532568	7.083031
22	20	12	8.169232	7.083031
23	20	12	7.1782756	7.083031
0	21	12	10.468627	7.083031
1	21	12	9.667056	7.083031
2	21	12	7.1754417	7.083031
3	21	12	11.504071	7.083031
4	21	12	9.205975	7.083031
5	21	12	8.416323	7.083031
6	21	12	10.624767	7.083031
7	21	12	8.4204645	7.083031
8	21	12	8.155358	7.083031
9	21	12	7.3203835	7.083031
10	21	12	11.906955	7.083031
11	21	12	7.9420104	7.083031
12	21	12	10.431158	7.083031
13	21	12	8.957687	7.083031
14	21	12	6.1896763	7.083031
15	21	12	10.562213	7.083031
16	21	12	7.880089	7.083031
17	21	12	8.413589	7.083031
18	21	12	9.365313	7.083031
19	21	12	9.060286	7.083031
20	21	12	8.99719	7.083031
21	21	12	8.050519	7.083031
22	21	12	8.089406	7.083031
23	21	12	7.061293	7.083031
0	21	12	10.468627	7.161058
1	21	12	9.667056	7.161058
2	21	12	7.1754417	7.161058
3	21	12	11.504071	7.161058
4	21	12	9.205975	7.161058
5	21	12	8.416323	7.161058
6	21	12	10.624767	7.161058
7	21	12	8.4204645	7.161058
8	21	12	8.155358	7.161058
9	21	12	7.3203835	7.161058
10	21	12	11.906955	7.161058
11	21	12	7.9420104	7.161058
12	21	12	10.431158	7.161058
13	21	12	8.957687	7.161058
14	21	12	6.1896763	7.161058
15	21	12	10.562213	7.161058
16	21	12	7.880089	7.161058
17	21	12	8.413589	7.161058
18	21	12	9.365313	7.161058
19	21	12	9.060286	7.161058
20	21	12	8.99719	7.161058
21	21	12	8.050519	7.161058
22	21	12	8.089406	7.161058
23	21	12	7.061293	7.161058
0	22	12	9.437048	7.161058
1	22	12	9.110228	7.161058
2	22	12	7.5756354	7.161058
3	22	12	11.4028225	7.161058
4	22	12	8.636644	7.161058
5	22	12	7.5604405	7.161058
6	22	12	11.290289	7.161058
7	22	12	8.024793	7.161058
8	22	12	8.176433	7.161058
9	22	12	7.775617	7.161058
10	22	12	11.944067	7.161058
11	22	12	6.9995146	7.161058
12	22	12	10.074008	7.161058
13	22	12	9.37071	7.161058
14	22	12	6.1167674	7.161058
15	22	12	10.025113	7.161058
16	22	12	8.044035	7.161058
17	22	12	8.451254	7.161058
18	22	12	9.222001	7.161058
19	22	12	9.51773	7.161058
20	22	12	9.549218	7.161058
21	22	12	7.9390616	7.161058
22	22	12	8.021184	7.161058
23	22	12	7.6835375	7.161058
0	22	12	9.437048	7.0744147
1	22	12	9.110228	7.0744147
2	22	12	7.5756354	7.0744147
3	22	12	11.4028225	7.0744147
4	22	12	8.636644	7.0744147
5	22	12	7.5604405	7.0744147
6	22	12	11.290289	7.0744147
7	22	12	8.024793	7.0744147
8	22	12	8.176433	7.0744147
9	22	12	7.775617	7.0744147
10	22	12	11.944067	7.0744147
11	22	12	6.9995146	7.0744147
12	22	12	10.074008	7.0744147
13	22	12	9.37071	7.0744147
14	22	12	6.1167674	7.0744147
15	22	12	10.025113	7.0744147
16	22	12	8.044035	7.0744147
17	22	12	8.451254	7.0744147
18	22	12	9.222001	7.0744147
19	22	12	9.51773	7.0744147
20	22	12	9.549218	7.0744147
21	22	12	7.9390616	7.0744147
22	22	12	8.021184	7.0744147
23	22	12	7.6835375	7.0744147
0	23	12	9.9024	7.0744147
1	23	12	9.088006	7.0744147
2	23	12	7.10074	7.0744147
3	23	12	11.544841	7.0744147
4	23	12	7.68385	7.0744147
5	23	12	7.9034615	7.0744147
6	23	12	10.858236	7.0744147
7	23	12	8.302848	7.0744147
8	23	12	8.105184	7.0744147
9	23	12	8.2449665	7.0744147
10	23	12	11.748919	7.0744147
11	23	12	7.13112	7.0744147
12	23	12	9.402068	7.0744147
13	23	12	9.070678	7.0744147
14	23	12	6.65506	7.0744147
15	23	12	10.068555	7.0744147
16	23	12	7.6462307	7.0744147
17	23	12	8.396254	7.0744147
18	23	12	9.668983	7.0744147
19	23	12	9.731878	7.0744147
20	23	12	9.403037	7.0744147
21	23	12	7.117872	7.0744147
22	23	12	7.97114	7.0744147
23	23	12	7.127492	7.0744147
0	23	12	9.9024	7.0645976
1	23	12	9.088006	7.0645976
2	23	12	7.10074	7.0645976
3	23	12	11.544841	7.0645976
4	23	12	7.68385	7.0645976
5	23	12	7.9034615	7.0645976
6	23	12	10.858236	7.0645976
7	23	12	8.302848	7.0645976
8	23	12	8.105184	7.0645976
9	23	12	8.2449665	7.0645976
10	23	12	11.748919	7.0645976
11	23	12	7.13112	7.0645976
12	23	12	9.402068	7.0645976
13	23	12	9.070678	7.0645976
14	23	12	6.65506	7.0645976
15	23	12	10.068555	7.0645976
16	23	12	7.6462307	7.0645976
17	23	12	8.396254	7.0645976
18	23	12	9.668983	7.0645976
19	23	12	9.731878	7.0645976
20	23	12	9.403037	7.0645976
21	23	12	7.117872	7.0645976
22	23	12	7.97114	7.0645976
23	23	12	7.127492	7.0645976
0	24	12	9.818094	7.0645976
1	24	12	9.446644	7.0645976
2	24	12	7.0304523	7.0645976
3	24	12	11.645787	7.0645976
4	24	12	9.321779	7.0645976
5	24	12	8.105285	7.0645976
6	24	12	10.95146	7.0645976
7	24	12	8.404472	7.0645976
8	24	12	7.955377	7.0645976
9	24	12	7.7802286	7.0645976
10	24	12	12.076831	7.0645976
11	24	12	8.156471	7.0645976
12	24	12	10.490856	7.0645976
13	24	12	9.520062	7.0645976
14	24	12	6.323133	7.0645976
15	24	12	11.037891	7.0645976
16	24	12	8.45628	7.0645976
17	24	12	8.359384	7.0645976
18	24	12	9.329394	7.0645976
19	24	12	9.5065	7.0645976
20	24	12	8.923842	7.0645976
21	24	12	8.035076	7.0645976
22	24	12	7.9317527	7.0645976
23	24	12	7.9532714	7.0645976
0	24	12	9.818094	7.3126554
1	24	12	9.446644	7.3126554
2	24	12	7.0304523	7.3126554
3	24	12	11.645787	7.3126554
4	24	12	9.321779	7.3126554
5	24	12	8.105285	7.3126554
6	24	12	10.95146	7.3126554
7	24	12	8.404472	7.3126554
8	24	12	7.955377	7.3126554
9	24	12	7.7802286	7.3126554
10	24	12	12.076831	7.3126554
11	24	12	8.156471	7.3126554
12	24	12	10.490856	7.3126554
13	24	12	9.520062	7.3126554
14	24	12	6.323133	7.3126554
15	24	12	11.037891	7.3126554
16	24	12	8.45628	7.3126554
17	24	12	8.359384	7.3126554
18	24	12	9.329394	7.3126554
19	24	12	9.5065	7.3126554
20	24	12	8.923842	7.3126554
21	24	12	8.035076	7.3126554
22	24	12	7.9317527	7.3126554
23	24	12	7.9532714	7.3126554
0	25	12	10.034442	7.3126554
1	25	12	9.161114	7.3126554
2	25	12	7.6395636	7.3126554
3	25	12	11.683328	7.3126554
4	25	12	7.649753	7.3126554
5	25	12	7.7138247	7.3126554
6	25	12	11.054206	7.3126554
7	25	12	8.089832	7.3126554
8	25	12	8.071261	7.3126554
9	25	12	8.21624	7.3126554
10	25	12	12.1632185	7.3126554
11	25	12	7.3313174	7.3126554
12	25	12	9.833113	7.3126554
13	25	12	8.880582	7.3126554
14	25	12	7.300587	7.3126554
15	25	12	10.480605	7.3126554
16	25	12	7.787562	7.3126554
17	25	12	8.335925	7.3126554
18	25	12	9.744857	7.3126554
19	25	12	9.644555	7.3126554
20	25	12	9.455761	7.3126554
21	25	12	7.685723	7.3126554
22	25	12	8.503526	7.3126554
23	25	12	7.7787075	7.3126554
0	25	12	10.034442	7.2627454
1	25	12	9.161114	7.2627454
2	25	12	7.6395636	7.2627454
3	25	12	11.683328	7.2627454
4	25	12	7.649753	7.2627454
5	25	12	7.7138247	7.2627454
6	25	12	11.054206	7.2627454
7	25	12	8.089832	7.2627454
8	25	12	8.071261	7.2627454
9	25	12	8.21624	7.2627454
10	25	12	12.1632185	7.2627454
11	25	12	7.3313174	7.2627454
12	25	12	9.833113	7.2627454
13	25	12	8.880582	7.2627454
14	25	12	7.300587	7.2627454
15	25	12	10.480605	7.2627454
16	25	12	7.787562	7.2627454
17	25	12	8.335925	7.2627454
18	25	12	9.744857	7.2627454
19	25	12	9.644555	7.2627454
20	25	12	9.455761	7.2627454
21	25	12	7.685723	7.2627454
22	25	12	8.503526	7.2627454
23	25	12	7.7787075	7.2627454
0	26	12	10.219611	7.2627454
1	26	12	10.259953	7.2627454
2	26	12	6.5364213	7.2627454
3	26	12	11.527674	7.2627454
4	26	12	7.9808645	7.2627454
5	26	12	8.401238	7.2627454
6	26	12	11.062475	7.2627454
7	26	12	8.088079	7.2627454
8	26	12	7.5967402	7.2627454
9	26	12	7.829427	7.2627454
10	26	12	11.941931	7.2627454
11	26	12	7.9105296	7.2627454
12	26	12	9.974364	7.2627454
13	26	12	9.081731	7.2627454
14	26	12	6.42823	7.2627454
15	26	12	10.577075	7.2627454
16	26	12	7.89165	7.2627454
17	26	12	8.112496	7.2627454
18	26	12	9.381225	7.2627454
19	26	12	9.424542	7.2627454
20	26	12	9.120688	7.2627454
21	26	12	7.520825	7.2627454
22	26	12	8.14782	7.2627454
23	26	12	7.268916	7.2627454
0	26	12	10.219611	7.1261334
1	26	12	10.259953	7.1261334
2	26	12	6.5364213	7.1261334
3	26	12	11.527674	7.1261334
4	26	12	7.9808645	7.1261334
5	26	12	8.401238	7.1261334
6	26	12	11.062475	7.1261334
7	26	12	8.088079	7.1261334
8	26	12	7.5967402	7.1261334
9	26	12	7.829427	7.1261334
10	26	12	11.941931	7.1261334
11	26	12	7.9105296	7.1261334
12	26	12	9.974364	7.1261334
13	26	12	9.081731	7.1261334
14	26	12	6.42823	7.1261334
15	26	12	10.577075	7.1261334
16	26	12	7.89165	7.1261334
17	26	12	8.112496	7.1261334
18	26	12	9.381225	7.1261334
19	26	12	9.424542	7.1261334
20	26	12	9.120688	7.1261334
21	26	12	7.520825	7.1261334
22	26	12	8.14782	7.1261334
23	26	12	7.268916	7.1261334
0	27	12	9.459141	7.1261334
1	27	12	9.883154	7.1261334
2	27	12	7.003334	7.1261334
3	27	12	11.715545	7.1261334
4	27	12	8.108599	7.1261334
5	27	12	8.223013	7.1261334
6	27	12	11.251413	7.1261334
7	27	12	8.257613	7.1261334
8	27	12	7.8741517	7.1261334
9	27	12	7.5427337	7.1261334
10	27	12	11.754962	7.1261334
11	27	12	8.106057	7.1261334
12	27	12	9.86462	7.1261334
13	27	12	9.211082	7.1261334
14	27	12	7.037283	7.1261334
15	27	12	11.20091	7.1261334
16	27	12	8.025514	7.1261334
17	27	12	8.550706	7.1261334
18	27	12	10.391183	7.1261334
19	27	12	9.711769	7.1261334
20	27	12	8.575633	7.1261334
21	27	12	7.719555	7.1261334
22	27	12	8.593993	7.1261334
23	27	12	7.338791	7.1261334
0	27	12	9.459141	7.25929
1	27	12	9.883154	7.25929
2	27	12	7.003334	7.25929
3	27	12	11.715545	7.25929
4	27	12	8.108599	7.25929
5	27	12	8.223013	7.25929
6	27	12	11.251413	7.25929
7	27	12	8.257613	7.25929
8	27	12	7.8741517	7.25929
9	27	12	7.5427337	7.25929
10	27	12	11.754962	7.25929
11	27	12	8.106057	7.25929
12	27	12	9.86462	7.25929
13	27	12	9.211082	7.25929
14	27	12	7.037283	7.25929
15	27	12	11.20091	7.25929
16	27	12	8.025514	7.25929
17	27	12	8.550706	7.25929
18	27	12	10.391183	7.25929
19	27	12	9.711769	7.25929
20	27	12	8.575633	7.25929
21	27	12	7.719555	7.25929
22	27	12	8.593993	7.25929
23	27	12	7.338791	7.25929
0	28	12	10.079931	7.25929
1	28	12	8.986797	7.25929
2	28	12	7.4502254	7.25929
3	28	12	11.370158	7.25929
4	28	12	8.843146	7.25929
5	28	12	7.91798	7.25929
6	28	12	10.568095	7.25929
7	28	12	8.612041	7.25929
8	28	12	8.616168	7.25929
9	28	12	7.7010136	7.25929
10	28	12	12.57248	7.25929
11	28	12	7.4548483	7.25929
12	28	12	9.465986	7.25929
13	28	12	9.090661	7.25929
14	28	12	6.30151	7.25929
15	28	12	10.16349	7.25929
16	28	12	7.6247463	7.25929
17	28	12	8.757516	7.25929
18	28	12	9.239679	7.25929
19	28	12	9.103185	7.25929
20	28	12	9.0679455	7.25929
21	28	12	7.701674	7.25929
22	28	12	7.821482	7.25929
23	28	12	7.7384667	7.25929
0	28	12	10.079931	7.1729956
1	28	12	8.986797	7.1729956
2	28	12	7.4502254	7.1729956
3	28	12	11.370158	7.1729956
4	28	12	8.843146	7.1729956
5	28	12	7.91798	7.1729956
6	28	12	10.568095	7.1729956
7	28	12	8.612041	7.1729956
8	28	12	8.616168	7.1729956
9	28	12	7.7010136	7.1729956
10	28	12	12.57248	7.1729956
11	28	12	7.4548483	7.1729956
12	28	12	9.465986	7.1729956
13	28	12	9.090661	7.1729956
14	28	12	6.30151	7.1729956
15	28	12	10.16349	7.1729956
16	28	12	7.6247463	7.1729956
17	28	12	8.757516	7.1729956
18	28	12	9.239679	7.1729956
19	28	12	9.103185	7.1729956
20	28	12	9.0679455	7.1729956
21	28	12	7.701674	7.1729956
22	28	12	7.821482	7.1729956
23	28	12	7.7384667	7.1729956
0	29	12	9.637835	7.1729956
1	29	12	9.464528	7.1729956
2	29	12	7.1836853	7.1729956
3	29	12	11.384824	7.1729956
4	29	12	8.168725	7.1729956
5	29	12	7.7054152	7.1729956
6	29	12	10.92382	7.1729956
7	29	12	8.333497	7.1729956
8	29	12	7.6529646	7.1729956
9	29	12	7.9969497	7.1729956
10	29	12	12.393243	7.1729956
11	29	12	7.3980947	7.1729956
12	29	12	9.817554	7.1729956
13	29	12	9.239319	7.1729956
14	29	12	6.4009633	7.1729956
15	29	12	10.388024	7.1729956
16	29	12	8.153814	7.1729956
17	29	12	8.479487	7.1729956
18	29	12	9.017165	7.1729956
19	29	12	9.777985	7.1729956
20	29	12	8.616835	7.1729956
21	29	12	7.219508	7.1729956
22	29	12	8.272481	7.1729956
23	29	12	7.7535434	7.1729956
0	29	12	9.637835	7.20497
1	29	12	9.464528	7.20497
2	29	12	7.1836853	7.20497
3	29	12	11.384824	7.20497
4	29	12	8.168725	7.20497
5	29	12	7.7054152	7.20497
6	29	12	10.92382	7.20497
7	29	12	8.333497	7.20497
8	29	12	7.6529646	7.20497
9	29	12	7.9969497	7.20497
10	29	12	12.393243	7.20497
11	29	12	7.3980947	7.20497
12	29	12	9.817554	7.20497
13	29	12	9.239319	7.20497
14	29	12	6.4009633	7.20497
15	29	12	10.388024	7.20497
16	29	12	8.153814	7.20497
17	29	12	8.479487	7.20497
18	29	12	9.017165	7.20497
19	29	12	9.777985	7.20497
20	29	12	8.616835	7.20497
21	29	12	7.219508	7.20497
22	29	12	8.272481	7.20497
23	29	12	7.7535434	7.20497
0	0	13	9.633212	7.20497
1	0	13	9.471284	7.20497
2	0	13	6.8016376	7.20497
3	0	13	11.398062	7.20497
4	0	13	8.226519	7.20497
5	0	13	7.838884	7.20497
6	0	13	10.785111	7.20497
7	0	13	8.439807	7.20497
8	0	13	7.2537313	7.20497
9	0	13	7.6587005	7.20497
10	0	13	11.703076	7.20497
11	0	13	7.408481	7.20497
12	0	13	9.829755	7.20497
13	0	13	8.956319	7.20497
14	0	13	6.103594	7.20497
15	0	13	10.398323	7.20497
16	0	13	8.067438	7.20497
17	0	13	8.36282	7.20497
18	0	13	9.182456	7.20497
19	0	13	9.524659	7.20497
20	0	13	8.602995	7.20497
21	0	13	7.182782	7.20497
22	0	13	8.226149	7.20497
23	0	13	7.133779	7.20497
0	0	13	9.633212	7.1254826
1	0	13	9.471284	7.1254826
2	0	13	6.8016376	7.1254826
3	0	13	11.398062	7.1254826
4	0	13	8.226519	7.1254826
5	0	13	7.838884	7.1254826
6	0	13	10.785111	7.1254826
7	0	13	8.439807	7.1254826
8	0	13	7.2537313	7.1254826
9	0	13	7.6587005	7.1254826
10	0	13	11.703076	7.1254826
11	0	13	7.408481	7.1254826
12	0	13	9.829755	7.1254826
13	0	13	8.956319	7.1254826
14	0	13	6.103594	7.1254826
15	0	13	10.398323	7.1254826
16	0	13	8.067438	7.1254826
17	0	13	8.36282	7.1254826
18	0	13	9.182456	7.1254826
19	0	13	9.524659	7.1254826
20	0	13	8.602995	7.1254826
21	0	13	7.182782	7.1254826
22	0	13	8.226149	7.1254826
23	0	13	7.133779	7.1254826
0	1	13	9.855623	7.1254826
1	1	13	9.434991	7.1254826
2	1	13	7.1028657	7.1254826
3	1	13	11.517518	7.1254826
4	1	13	8.845543	7.1254826
5	1	13	7.9328647	7.1254826
6	1	13	10.88021	7.1254826
7	1	13	8.795632	7.1254826
8	1	13	7.76063	7.1254826
9	1	13	7.815153	7.1254826
10	1	13	12.361349	7.1254826
11	1	13	7.699059	7.1254826
12	1	13	9.706254	7.1254826
13	1	13	9.188457	7.1254826
14	1	13	6.6063466	7.1254826
15	1	13	10.57294	7.1254826
16	1	13	7.9650855	7.1254826
17	1	13	8.550706	7.1254826
18	1	13	9.376109	7.1254826
19	1	13	9.109389	7.1254826
20	1	13	8.655079	7.1254826
21	1	13	7.2219067	7.1254826
22	1	13	8.258299	7.1254826
23	1	13	7.5798945	7.1254826
0	1	13	9.855623	7.260852
1	1	13	9.434991	7.260852
2	1	13	7.1028657	7.260852
3	1	13	11.517518	7.260852
4	1	13	8.845543	7.260852
5	1	13	7.9328647	7.260852
6	1	13	10.88021	7.260852
7	1	13	8.795632	7.260852
8	1	13	7.76063	7.260852
9	1	13	7.815153	7.260852
10	1	13	12.361349	7.260852
11	1	13	7.699059	7.260852
12	1	13	9.706254	7.260852
13	1	13	9.188457	7.260852
14	1	13	6.6063466	7.260852
15	1	13	10.57294	7.260852
16	1	13	7.9650855	7.260852
17	1	13	8.550706	7.260852
18	1	13	9.376109	7.260852
19	1	13	9.109389	7.260852
20	1	13	8.655079	7.260852
21	1	13	7.2219067	7.260852
22	1	13	8.258299	7.260852
23	1	13	7.5798945	7.260852
0	2	13	10.044252	7.260852
1	2	13	9.287898	7.260852
2	2	13	7.2997985	7.260852
3	2	13	11.682708	7.260852
4	2	13	8.080334	7.260852
5	2	13	7.963485	7.260852
6	2	13	11.095032	7.260852
7	2	13	8.246031	7.260852
8	2	13	7.622736	7.260852
9	2	13	7.871476	7.260852
10	2	13	11.460773	7.260852
11	2	13	7.567067	7.260852
12	2	13	10.566504	7.260852
13	2	13	8.882702	7.260852
14	2	13	6.1459007	7.260852
15	2	13	10.469563	7.260852
16	2	13	7.9169674	7.260852
17	2	13	8.425722	7.260852
18	2	13	9.382125	7.260852
19	2	13	9.580345	7.260852
20	2	13	8.93372	7.260852
21	2	13	7.5251536	7.260852
22	2	13	8.165107	7.260852
23	2	13	7.219647	7.260852
0	2	13	10.044252	7.1770015
1	2	13	9.287898	7.1770015
2	2	13	7.2997985	7.1770015
3	2	13	11.682708	7.1770015
4	2	13	8.080334	7.1770015
5	2	13	7.963485	7.1770015
6	2	13	11.095032	7.1770015
7	2	13	8.246031	7.1770015
8	2	13	7.622736	7.1770015
9	2	13	7.871476	7.1770015
10	2	13	11.460773	7.1770015
11	2	13	7.567067	7.1770015
12	2	13	10.566504	7.1770015
13	2	13	8.882702	7.1770015
14	2	13	6.1459007	7.1770015
15	2	13	10.469563	7.1770015
16	2	13	7.9169674	7.1770015
17	2	13	8.425722	7.1770015
18	2	13	9.382125	7.1770015
19	2	13	9.580345	7.1770015
20	2	13	8.93372	7.1770015
21	2	13	7.5251536	7.1770015
22	2	13	8.165107	7.1770015
23	2	13	7.219647	7.1770015
0	3	13	9.576115	7.1770015
1	3	13	9.5575285	7.1770015
2	3	13	7.0184255	7.1770015
3	3	13	11.375352	7.1770015
4	3	13	8.286392	7.1770015
5	3	13	7.6543145	7.1770015
6	3	13	11.018597	7.1770015
7	3	13	8.44456	7.1770015
8	3	13	7.5240083	7.1770015
9	3	13	7.8621836	7.1770015
10	3	13	12.146508	7.1770015
11	3	13	7.408946	7.1770015
12	3	13	9.776469	7.1770015
13	3	13	9.322675	7.1770015
14	3	13	6.3626246	7.1770015
15	3	13	10.330176	7.1770015
16	3	13	8.04403	7.1770015
17	3	13	8.412547	7.1770015
18	3	13	9.411698	7.1770015
19	3	13	9.516815	7.1770015
20	3	13	8.430673	7.1770015
21	3	13	7.1013684	7.1770015
22	3	13	8.599085	7.1770015
23	3	13	7.5526595	7.1770015
0	3	13	9.576115	7.1836185
1	3	13	9.5575285	7.1836185
2	3	13	7.0184255	7.1836185
3	3	13	11.375352	7.1836185
4	3	13	8.286392	7.1836185
5	3	13	7.6543145	7.1836185
6	3	13	11.018597	7.1836185
7	3	13	8.44456	7.1836185
8	3	13	7.5240083	7.1836185
9	3	13	7.8621836	7.1836185
10	3	13	12.146508	7.1836185
11	3	13	7.408946	7.1836185
12	3	13	9.776469	7.1836185
13	3	13	9.322675	7.1836185
14	3	13	6.3626246	7.1836185
15	3	13	10.330176	7.1836185
16	3	13	8.04403	7.1836185
17	3	13	8.412547	7.1836185
18	3	13	9.411698	7.1836185
19	3	13	9.516815	7.1836185
20	3	13	8.430673	7.1836185
21	3	13	7.1013684	7.1836185
22	3	13	8.599085	7.1836185
23	3	13	7.5526595	7.1836185
0	4	13	10.351601	7.1836185
1	4	13	9.322161	7.1836185
2	4	13	6.945367	7.1836185
3	4	13	11.432068	7.1836185
4	4	13	9.494951	7.1836185
5	4	13	8.03584	7.1836185
6	4	13	10.806663	7.1836185
7	4	13	8.258579	7.1836185
8	4	13	7.613896	7.1836185
9	4	13	7.566443	7.1836185
10	4	13	12.216313	7.1836185
11	4	13	7.593504	7.1836185
12	4	13	9.813062	7.1836185
13	4	13	8.774289	7.1836185
14	4	13	6.3610325	7.1836185
15	4	13	10.020836	7.1836185
16	4	13	7.560724	7.1836185
17	4	13	8.740815	7.1836185
18	4	13	9.236649	7.1836185
19	4	13	8.684314	7.1836185
20	4	13	9.242559	7.1836185
21	4	13	7.692469	7.1836185
22	4	13	7.6522064	7.1836185
23	4	13	7.1618433	7.1836185
0	4	13	10.351601	7.149824
1	4	13	9.322161	7.149824
2	4	13	6.945367	7.149824
3	4	13	11.432068	7.149824
4	4	13	9.494951	7.149824
5	4	13	8.03584	7.149824
6	4	13	10.806663	7.149824
7	4	13	8.258579	7.149824
8	4	13	7.613896	7.149824
9	4	13	7.566443	7.149824
10	4	13	12.216313	7.149824
11	4	13	7.593504	7.149824
12	4	13	9.813062	7.149824
13	4	13	8.774289	7.149824
14	4	13	6.3610325	7.149824
15	4	13	10.020836	7.149824
16	4	13	7.560724	7.149824
17	4	13	8.740815	7.149824
18	4	13	9.236649	7.149824
19	4	13	8.684314	7.149824
20	4	13	9.242559	7.149824
21	4	13	7.692469	7.149824
22	4	13	7.6522064	7.149824
23	4	13	7.1618433	7.149824
0	5	13	9.501308	7.149824
1	5	13	9.247389	7.149824
2	5	13	7.103139	7.149824
3	5	13	11.665866	7.149824
4	5	13	8.174452	7.149824
5	5	13	8.072198	7.149824
6	5	13	11.291157	7.149824
7	5	13	8.098907	7.149824
8	5	13	8.05549	7.149824
9	5	13	7.851175	7.149824
10	5	13	11.639734	7.149824
11	5	13	7.6996775	7.149824
12	5	13	9.922118	7.149824
13	5	13	9.009643	7.149824
14	5	13	6.0364428	7.149824
15	5	13	10.143612	7.149824
16	5	13	7.592292	7.149824
17	5	13	8.54271	7.149824
18	5	13	9.664983	7.149824
19	5	13	9.248957	7.149824
20	5	13	9.261917	7.149824
21	5	13	7.3092713	7.149824
22	5	13	7.564714	7.149824
23	5	13	7.2043905	7.149824
0	5	13	9.501308	7.0687385
1	5	13	9.247389	7.0687385
2	5	13	7.103139	7.0687385
3	5	13	11.665866	7.0687385
4	5	13	8.174452	7.0687385
5	5	13	8.072198	7.0687385
6	5	13	11.291157	7.0687385
7	5	13	8.098907	7.0687385
8	5	13	8.05549	7.0687385
9	5	13	7.851175	7.0687385
10	5	13	11.639734	7.0687385
11	5	13	7.6996775	7.0687385
12	5	13	9.922118	7.0687385
13	5	13	9.009643	7.0687385
14	5	13	6.0364428	7.0687385
15	5	13	10.143612	7.0687385
16	5	13	7.592292	7.0687385
17	5	13	8.54271	7.0687385
18	5	13	9.664983	7.0687385
19	5	13	9.248957	7.0687385
20	5	13	9.261917	7.0687385
21	5	13	7.3092713	7.0687385
22	5	13	7.564714	7.0687385
23	5	13	7.2043905	7.0687385
0	6	13	10.079084	7.0687385
1	6	13	9.585812	7.0687385
2	6	13	6.749316	7.0687385
3	6	13	11.4522705	7.0687385
4	6	13	8.797111	7.0687385
5	6	13	8.148369	7.0687385
6	6	13	11.161234	7.0687385
7	6	13	8.250383	7.0687385
8	6	13	7.1838064	7.0687385
9	6	13	7.533799	7.0687385
10	6	13	11.693136	7.0687385
11	6	13	7.9118233	7.0687385
12	6	13	10.020536	7.0687385
13	6	13	9.007999	7.0687385
14	6	13	6.1627593	7.0687385
15	6	13	10.453884	7.0687385
16	6	13	8.044698	7.0687385
17	6	13	8.41203	7.0687385
18	6	13	9.328838	7.0687385
19	6	13	9.688854	7.0687385
20	6	13	8.3772335	7.0687385
21	6	13	7.591992	7.0687385
22	6	13	7.825199	7.0687385
23	6	13	7.1687603	7.0687385
0	6	13	10.079084	7.1807313
1	6	13	9.585812	7.1807313
2	6	13	6.749316	7.1807313
3	6	13	11.4522705	7.1807313
4	6	13	8.797111	7.1807313
5	6	13	8.148369	7.1807313
6	6	13	11.161234	7.1807313
7	6	13	8.250383	7.1807313
8	6	13	7.1838064	7.1807313
9	6	13	7.533799	7.1807313
10	6	13	11.693136	7.1807313
11	6	13	7.9118233	7.1807313
12	6	13	10.020536	7.1807313
13	6	13	9.007999	7.1807313
14	6	13	6.1627593	7.1807313
15	6	13	10.453884	7.1807313
16	6	13	8.044698	7.1807313
17	6	13	8.41203	7.1807313
18	6	13	9.328838	7.1807313
19	6	13	9.688854	7.1807313
20	6	13	8.3772335	7.1807313
21	6	13	7.591992	7.1807313
22	6	13	7.825199	7.1807313
23	6	13	7.1687603	7.1807313
0	7	13	9.411418	7.1807313
1	7	13	9.512097	7.1807313
2	7	13	7.5667353	7.1807313
3	7	13	11.383807	7.1807313
4	7	13	7.858709	7.1807313
5	7	13	7.964502	7.1807313
6	7	13	11.322879	7.1807313
7	7	13	8.624737	7.1807313
8	7	13	7.843623	7.1807313
9	7	13	7.4594216	7.1807313
10	7	13	11.683974	7.1807313
11	7	13	7.523194	7.1807313
12	7	13	9.89886	7.1807313
13	7	13	9.148412	7.1807313
14	7	13	6.468651	7.1807313
15	7	13	10.86543	7.1807313
16	7	13	8.2414055	7.1807313
17	7	13	8.473253	7.1807313
18	7	13	9.608727	7.1807313
19	7	13	9.718275	7.1807313
20	7	13	8.5364685	7.1807313
21	7	13	7.6344094	7.1807313
22	7	13	8.476963	7.1807313
23	7	13	7.1962433	7.1807313
0	7	13	9.411418	7.1953883
1	7	13	9.512097	7.1953883
2	7	13	7.5667353	7.1953883
3	7	13	11.383807	7.1953883
4	7	13	7.858709	7.1953883
5	7	13	7.964502	7.1953883
6	7	13	11.322879	7.1953883
7	7	13	8.624737	7.1953883
8	7	13	7.843623	7.1953883
9	7	13	7.4594216	7.1953883
10	7	13	11.683974	7.1953883
11	7	13	7.523194	7.1953883
12	7	13	9.89886	7.1953883
13	7	13	9.148412	7.1953883
14	7	13	6.468651	7.1953883
15	7	13	10.86543	7.1953883
16	7	13	8.2414055	7.1953883
17	7	13	8.473253	7.1953883
18	7	13	9.608727	7.1953883
19	7	13	9.718275	7.1953883
20	7	13	8.5364685	7.1953883
21	7	13	7.6344094	7.1953883
22	7	13	8.476963	7.1953883
23	7	13	7.1962433	7.1953883
0	8	13	9.838973	7.1953883
1	8	13	9.019711	7.1953883
2	8	13	7.63788	7.1953883
3	8	13	11.450965	7.1953883
4	8	13	8.222447	7.1953883
5	8	13	7.450443	7.1953883
6	8	13	11.09752	7.1953883
7	8	13	8.013725	7.1953883
8	8	13	7.8336926	7.1953883
9	8	13	7.577315	7.1953883
10	8	13	11.779781	7.1953883
11	8	13	7.112291	7.1953883
12	8	13	10.42958	7.1953883
13	8	13	9.075483	7.1953883
14	8	13	6.3091016	7.1953883
15	8	13	10.424507	7.1953883
16	8	13	8.27496	7.1953883
17	8	13	8.244859	7.1953883
18	8	13	9.156431	7.1953883
19	8	13	9.464351	7.1953883
20	8	13	9.225148	7.1953883
21	8	13	7.945996	7.1953883
22	8	13	8.499928	7.1953883
23	8	13	7.613142	7.1953883
0	8	13	9.838973	7.220238
1	8	13	9.019711	7.220238
2	8	13	7.63788	7.220238
3	8	13	11.450965	7.220238
4	8	13	8.222447	7.220238
5	8	13	7.450443	7.220238
6	8	13	11.09752	7.220238
7	8	13	8.013725	7.220238
8	8	13	7.8336926	7.220238
9	8	13	7.577315	7.220238
10	8	13	11.779781	7.220238
11	8	13	7.112291	7.220238
12	8	13	10.42958	7.220238
13	8	13	9.075483	7.220238
14	8	13	6.3091016	7.220238
15	8	13	10.424507	7.220238
16	8	13	8.27496	7.220238
17	8	13	8.244859	7.220238
18	8	13	9.156431	7.220238
19	8	13	9.464351	7.220238
20	8	13	9.225148	7.220238
21	8	13	7.945996	7.220238
22	8	13	8.499928	7.220238
23	8	13	7.613142	7.220238
0	9	13	9.647304	7.220238
1	9	13	9.057901	7.220238
2	9	13	7.146533	7.220238
3	9	13	11.439698	7.220238
4	9	13	8.556301	7.220238
5	9	13	7.6005087	7.220238
6	9	13	10.813795	7.220238
7	9	13	8.01798	7.220238
8	9	13	7.5693855	7.220238
9	9	13	7.814864	7.220238
10	9	13	11.969149	7.220238
11	9	13	7.139864	7.220238
12	9	13	10.152851	7.220238
13	9	13	8.96632	7.220238
14	9	13	6.110295	7.220238
15	9	13	9.982565	7.220238
16	9	13	7.8659625	7.220238
17	9	13	8.583524	7.220238
18	9	13	8.900994	7.220238
19	9	13	9.273912	7.220238
20	9	13	9.258247	7.220238
21	9	13	7.4441147	7.220238
22	9	13	7.9512897	7.220238
23	9	13	7.5272875	7.220238
0	9	13	9.647304	7.0692835
1	9	13	9.057901	7.0692835
2	9	13	7.146533	7.0692835
3	9	13	11.439698	7.0692835
4	9	13	8.556301	7.0692835
5	9	13	7.6005087	7.0692835
6	9	13	10.813795	7.0692835
7	9	13	8.01798	7.0692835
8	9	13	7.5693855	7.0692835
9	9	13	7.814864	7.0692835
10	9	13	11.969149	7.0692835
11	9	13	7.139864	7.0692835
12	9	13	10.152851	7.0692835
13	9	13	8.96632	7.0692835
14	9	13	6.110295	7.0692835
15	9	13	9.982565	7.0692835
16	9	13	7.8659625	7.0692835
17	9	13	8.583524	7.0692835
18	9	13	8.900994	7.0692835
19	9	13	9.273912	7.0692835
20	9	13	9.258247	7.0692835
21	9	13	7.4441147	7.0692835
22	9	13	7.9512897	7.0692835
23	9	13	7.5272875	7.0692835
0	10	13	9.582522	7.0692835
1	10	13	8.972817	7.0692835
2	10	13	7.170384	7.0692835
3	10	13	11.485306	7.0692835
4	10	13	8.450392	7.0692835
5	10	13	7.5981507	7.0692835
6	10	13	11.067904	7.0692835
7	10	13	8.025	7.0692835
8	10	13	7.88598	7.0692835
9	10	13	7.998243	7.0692835
10	10	13	12.360539	7.0692835
11	10	13	7.201278	7.0692835
12	10	13	9.72319	7.0692835
13	10	13	8.967631	7.0692835
14	10	13	6.3848944	7.0692835
15	10	13	9.948264	7.0692835
16	10	13	7.656941	7.0692835
17	10	13	8.657497	7.0692835
18	10	13	9.18488	7.0692835
19	10	13	9.145796	7.0692835
20	10	13	9.074935	7.0692835
21	10	13	7.225565	7.0692835
22	10	13	7.928902	7.0692835
23	10	13	7.719584	7.0692835
0	10	13	9.582522	7.103244
1	10	13	8.972817	7.103244
2	10	13	7.170384	7.103244
3	10	13	11.485306	7.103244
4	10	13	8.450392	7.103244
5	10	13	7.5981507	7.103244
6	10	13	11.067904	7.103244
7	10	13	8.025	7.103244
8	10	13	7.88598	7.103244
9	10	13	7.998243	7.103244
10	10	13	12.360539	7.103244
11	10	13	7.201278	7.103244
12	10	13	9.72319	7.103244
13	10	13	8.967631	7.103244
14	10	13	6.3848944	7.103244
15	10	13	9.948264	7.103244
16	10	13	7.656941	7.103244
17	10	13	8.657497	7.103244
18	10	13	9.18488	7.103244
19	10	13	9.145796	7.103244
20	10	13	9.074935	7.103244
21	10	13	7.225565	7.103244
22	10	13	7.928902	7.103244
23	10	13	7.719584	7.103244
0	11	13	9.889391	7.103244
1	11	13	9.3186	7.103244
2	11	13	6.8611436	7.103244
3	11	13	11.556525	7.103244
4	11	13	8.893312	7.103244
5	11	13	7.8475075	7.103244
6	11	13	10.617207	7.103244
7	11	13	8.36772	7.103244
8	11	13	7.5771866	7.103244
9	11	13	7.82795	7.103244
10	11	13	12.031343	7.103244
11	11	13	7.4352508	7.103244
12	11	13	10.016211	7.103244
13	11	13	8.929479	7.103244
14	11	13	6.217112	7.103244
15	11	13	10.257906	7.103244
16	11	13	7.6690054	7.103244
17	11	13	8.749627	7.103244
18	11	13	9.16503	7.103244
19	11	13	8.738963	7.103244
20	11	13	9.221196	7.103244
21	11	13	7.3622847	7.103244
22	11	13	7.881069	7.103244
23	11	13	7.28126	7.103244
0	11	13	9.889391	7.119291
1	11	13	9.3186	7.119291
2	11	13	6.8611436	7.119291
3	11	13	11.556525	7.119291
4	11	13	8.893312	7.119291
5	11	13	7.8475075	7.119291
6	11	13	10.617207	7.119291
7	11	13	8.36772	7.119291
8	11	13	7.5771866	7.119291
9	11	13	7.82795	7.119291
10	11	13	12.031343	7.119291
11	11	13	7.4352508	7.119291
12	11	13	10.016211	7.119291
13	11	13	8.929479	7.119291
14	11	13	6.217112	7.119291
15	11	13	10.257906	7.119291
16	11	13	7.6690054	7.119291
17	11	13	8.749627	7.119291
18	11	13	9.16503	7.119291
19	11	13	8.738963	7.119291
20	11	13	9.221196	7.119291
21	11	13	7.3622847	7.119291
22	11	13	7.881069	7.119291
23	11	13	7.28126	7.119291
0	12	13	10.300916	7.119291
1	12	13	9.614596	7.119291
2	12	13	6.777039	7.119291
3	12	13	11.294529	7.119291
4	12	13	8.74764	7.119291
5	12	13	8.081562	7.119291
6	12	13	10.812696	7.119291
7	12	13	8.467842	7.119291
8	12	13	7.110483	7.119291
9	12	13	7.6113973	7.119291
10	12	13	11.783251	7.119291
11	12	13	7.4502172	7.119291
12	12	13	9.942102	7.119291
13	12	13	8.82879	7.119291
14	12	13	6.271982	7.119291
15	12	13	10.209767	7.119291
16	12	13	8.112914	7.119291
17	12	13	8.412832	7.119291
18	12	13	9.162656	7.119291
19	12	13	9.803673	7.119291
20	12	13	8.552378	7.119291
21	12	13	7.5057178	7.119291
22	12	13	8.090772	7.119291
23	12	13	7.013669	7.119291
0	12	13	10.300916	7.1643887
1	12	13	9.614596	7.1643887
2	12	13	6.777039	7.1643887
3	12	13	11.294529	7.1643887
4	12	13	8.74764	7.1643887
5	12	13	8.081562	7.1643887
6	12	13	10.812696	7.1643887
7	12	13	8.467842	7.1643887
8	12	13	7.110483	7.1643887
9	12	13	7.6113973	7.1643887
10	12	13	11.783251	7.1643887
11	12	13	7.4502172	7.1643887
12	12	13	9.942102	7.1643887
13	12	13	8.82879	7.1643887
14	12	13	6.271982	7.1643887
15	12	13	10.209767	7.1643887
16	12	13	8.112914	7.1643887
17	12	13	8.412832	7.1643887
18	12	13	9.162656	7.1643887
19	12	13	9.803673	7.1643887
20	12	13	8.552378	7.1643887
21	12	13	7.5057178	7.1643887
22	12	13	8.090772	7.1643887
23	12	13	7.013669	7.1643887
0	13	13	9.669797	7.1643887
1	13	13	9.118188	7.1643887
2	13	13	7.065634	7.1643887
3	13	13	11.381042	7.1643887
4	13	13	7.692882	7.1643887
5	13	13	7.6174717	7.1643887
6	13	13	10.624186	7.1643887
7	13	13	7.751477	7.1643887
8	13	13	7.938167	7.1643887
9	13	13	7.6662836	7.1643887
10	13	13	11.834297	7.1643887
11	13	13	7.2373986	7.1643887
12	13	13	9.652376	7.1643887
13	13	13	8.806724	7.1643887
14	13	13	6.368445	7.1643887
15	13	13	10.265834	7.1643887
16	13	13	7.689919	7.1643887
17	13	13	8.009326	7.1643887
18	13	13	9.111025	7.1643887
19	13	13	9.348562	7.1643887
20	13	13	9.30025	7.1643887
21	13	13	7.6115594	7.1643887
22	13	13	7.917172	7.1643887
23	13	13	7.3950515	7.1643887
0	13	13	9.669797	7.078581
1	13	13	9.118188	7.078581
2	13	13	7.065634	7.078581
3	13	13	11.381042	7.078581
4	13	13	7.692882	7.078581
5	13	13	7.6174717	7.078581
6	13	13	10.624186	7.078581
7	13	13	7.751477	7.078581
8	13	13	7.938167	7.078581
9	13	13	7.6662836	7.078581
10	13	13	11.834297	7.078581
11	13	13	7.2373986	7.078581
12	13	13	9.652376	7.078581
13	13	13	8.806724	7.078581
14	13	13	6.368445	7.078581
15	13	13	10.265834	7.078581
16	13	13	7.689919	7.078581
17	13	13	8.009326	7.078581
18	13	13	9.111025	7.078581
19	13	13	9.348562	7.078581
20	13	13	9.30025	7.078581
21	13	13	7.6115594	7.078581
22	13	13	7.917172	7.078581
23	13	13	7.3950515	7.078581
0	14	13	9.358966	7.078581
1	14	13	9.559663	7.078581
2	14	13	7.1166363	7.078581
3	14	13	11.590116	7.078581
4	14	13	8.449674	7.078581
5	14	13	8.066328	7.078581
6	14	13	11.166101	7.078581
7	14	13	8.394938	7.078581
8	14	13	7.6386104	7.078581
9	14	13	7.3484406	7.078581
10	14	13	11.596599	7.078581
11	14	13	7.995126	7.078581
12	14	13	10.196584	7.078581
13	14	13	9.190382	7.078581
14	14	13	6.4127965	7.078581
15	14	13	10.995914	7.078581
16	14	13	8.168552	7.078581
17	14	13	8.559096	7.078581
18	14	13	9.821874	7.078581
19	14	13	9.704054	7.078581
20	14	13	8.245706	7.078581
21	14	13	7.5190616	7.078581
22	14	13	8.373168	7.078581
23	14	13	7.287423	7.078581
0	14	13	9.358966	7.221756
1	14	13	9.559663	7.221756
2	14	13	7.1166363	7.221756
3	14	13	11.590116	7.221756
4	14	13	8.449674	7.221756
5	14	13	8.066328	7.221756
6	14	13	11.166101	7.221756
7	14	13	8.394938	7.221756
8	14	13	7.6386104	7.221756
9	14	13	7.3484406	7.221756
10	14	13	11.596599	7.221756
11	14	13	7.995126	7.221756
12	14	13	10.196584	7.221756
13	14	13	9.190382	7.221756
14	14	13	6.4127965	7.221756
15	14	13	10.995914	7.221756
16	14	13	8.168552	7.221756
17	14	13	8.559096	7.221756
18	14	13	9.821874	7.221756
19	14	13	9.704054	7.221756
20	14	13	8.245706	7.221756
21	14	13	7.5190616	7.221756
22	14	13	8.373168	7.221756
23	14	13	7.287423	7.221756
0	15	13	9.698492	7.221756
1	15	13	9.032144	7.221756
2	15	13	6.9913054	7.221756
3	15	13	11.4588585	7.221756
4	15	13	8.069067	7.221756
5	15	13	7.93396	7.221756
6	15	13	10.682447	7.221756
7	15	13	8.304332	7.221756
8	15	13	7.9966974	7.221756
9	15	13	7.4172363	7.221756
10	15	13	11.55215	7.221756
11	15	13	7.779006	7.221756
12	15	13	9.469096	7.221756
13	15	13	8.751368	7.221756
14	15	13	5.782651	7.221756
15	15	13	10.23139	7.221756
16	15	13	7.5261507	7.221756
17	15	13	8.555338	7.221756
18	15	13	9.406317	7.221756
19	15	13	9.132923	7.221756
20	15	13	8.675908	7.221756
21	15	13	7.229968	7.221756
22	15	13	7.6399636	7.221756
23	15	13	7.206508	7.221756
0	15	13	9.698492	7.0254364
1	15	13	9.032144	7.0254364
2	15	13	6.9913054	7.0254364
3	15	13	11.4588585	7.0254364
4	15	13	8.069067	7.0254364
5	15	13	7.93396	7.0254364
6	15	13	10.682447	7.0254364
7	15	13	8.304332	7.0254364
8	15	13	7.9966974	7.0254364
9	15	13	7.4172363	7.0254364
10	15	13	11.55215	7.0254364
11	15	13	7.779006	7.0254364
12	15	13	9.469096	7.0254364
13	15	13	8.751368	7.0254364
14	15	13	5.782651	7.0254364
15	15	13	10.23139	7.0254364
16	15	13	7.5261507	7.0254364
17	15	13	8.555338	7.0254364
18	15	13	9.406317	7.0254364
19	15	13	9.132923	7.0254364
20	15	13	8.675908	7.0254364
21	15	13	7.229968	7.0254364
22	15	13	7.6399636	7.0254364
23	15	13	7.206508	7.0254364
0	16	13	9.644815	7.0254364
1	16	13	9.342501	7.0254364
2	16	13	7.2423654	7.0254364
3	16	13	11.550716	7.0254364
4	16	13	8.995644	7.0254364
5	16	13	7.91577	7.0254364
6	16	13	10.846784	7.0254364
7	16	13	8.392547	7.0254364
8	16	13	8.024587	7.0254364
9	16	13	7.4193645	7.0254364
10	16	13	11.986043	7.0254364
11	16	13	7.6306076	7.0254364
12	16	13	9.882168	7.0254364
13	16	13	8.866767	7.0254364
14	16	13	6.4897537	7.0254364
15	16	13	10.582334	7.0254364
16	16	13	7.6355014	7.0254364
17	16	13	8.842697	7.0254364
18	16	13	9.609946	7.0254364
19	16	13	8.735968	7.0254364
20	16	13	9.022324	7.0254364
21	16	13	7.775438	7.0254364
22	16	13	8.202095	7.0254364
23	16	13	7.362977	7.0254364
0	16	13	9.644815	7.195409
1	16	13	9.342501	7.195409
2	16	13	7.2423654	7.195409
3	16	13	11.550716	7.195409
4	16	13	8.995644	7.195409
5	16	13	7.91577	7.195409
6	16	13	10.846784	7.195409
7	16	13	8.392547	7.195409
8	16	13	8.024587	7.195409
9	16	13	7.4193645	7.195409
10	16	13	11.986043	7.195409
11	16	13	7.6306076	7.195409
12	16	13	9.882168	7.195409
13	16	13	8.866767	7.195409
14	16	13	6.4897537	7.195409
15	16	13	10.582334	7.195409
16	16	13	7.6355014	7.195409
17	16	13	8.842697	7.195409
18	16	13	9.609946	7.195409
19	16	13	8.735968	7.195409
20	16	13	9.022324	7.195409
21	16	13	7.775438	7.195409
22	16	13	8.202095	7.195409
23	16	13	7.362977	7.195409
0	17	13	9.812223	7.195409
1	17	13	9.242146	7.195409
2	17	13	6.755727	7.195409
3	17	13	11.647253	7.195409
4	17	13	7.857012	7.195409
5	17	13	7.9307895	7.195409
6	17	13	10.625492	7.195409
7	17	13	7.925352	7.195409
8	17	13	7.779695	7.195409
9	17	13	7.7778306	7.195409
10	17	13	11.446391	7.195409
11	17	13	7.5592456	7.195409
12	17	13	9.837663	7.195409
13	17	13	8.833876	7.195409
14	17	13	6.3995514	7.195409
15	17	13	10.372801	7.195409
16	17	13	7.682633	7.195409
17	17	13	8.268409	7.195409
18	17	13	9.721493	7.195409
19	17	13	9.5011835	7.195409
20	17	13	9.052695	7.195409
21	17	13	7.2749257	7.195409
22	17	13	7.843307	7.195409
23	17	13	7.0553126	7.195409
0	17	13	9.812223	7.064202
1	17	13	9.242146	7.064202
2	17	13	6.755727	7.064202
3	17	13	11.647253	7.064202
4	17	13	7.857012	7.064202
5	17	13	7.9307895	7.064202
6	17	13	10.625492	7.064202
7	17	13	7.925352	7.064202
8	17	13	7.779695	7.064202
9	17	13	7.7778306	7.064202
10	17	13	11.446391	7.064202
11	17	13	7.5592456	7.064202
12	17	13	9.837663	7.064202
13	17	13	8.833876	7.064202
14	17	13	6.3995514	7.064202
15	17	13	10.372801	7.064202
16	17	13	7.682633	7.064202
17	17	13	8.268409	7.064202
18	17	13	9.721493	7.064202
19	17	13	9.5011835	7.064202
20	17	13	9.052695	7.064202
21	17	13	7.2749257	7.064202
22	17	13	7.843307	7.064202
23	17	13	7.0553126	7.064202
0	18	13	9.751608	7.064202
1	18	13	9.505843	7.064202
2	18	13	6.7080317	7.064202
3	18	13	11.640149	7.064202
4	18	13	9.024733	7.064202
5	18	13	8.101356	7.064202
6	18	13	11.020617	7.064202
7	18	13	8.538091	7.064202
8	18	13	7.6462955	7.064202
9	18	13	7.6530714	7.064202
10	18	13	11.831208	7.064202
11	18	13	8.185635	7.064202
12	18	13	10.08205	7.064202
13	18	13	9.232324	7.064202
14	18	13	6.296494	7.064202
15	18	13	10.9321785	7.064202
16	18	13	8.1095085	7.064202
17	18	13	8.390334	7.064202
18	18	13	9.555864	7.064202
19	18	13	9.154038	7.064202
20	18	13	8.640671	7.064202
21	18	13	7.5442886	7.064202
22	18	13	7.9599013	7.064202
23	18	13	7.532742	7.064202
0	18	13	9.751608	7.24411
1	18	13	9.505843	7.24411
2	18	13	6.7080317	7.24411
3	18	13	11.640149	7.24411
4	18	13	9.024733	7.24411
5	18	13	8.101356	7.24411
6	18	13	11.020617	7.24411
7	18	13	8.538091	7.24411
8	18	13	7.6462955	7.24411
9	18	13	7.6530714	7.24411
10	18	13	11.831208	7.24411
11	18	13	8.185635	7.24411
12	18	13	10.08205	7.24411
13	18	13	9.232324	7.24411
14	18	13	6.296494	7.24411
15	18	13	10.9321785	7.24411
16	18	13	8.1095085	7.24411
17	18	13	8.390334	7.24411
18	18	13	9.555864	7.24411
19	18	13	9.154038	7.24411
20	18	13	8.640671	7.24411
21	18	13	7.5442886	7.24411
22	18	13	7.9599013	7.24411
23	18	13	7.532742	7.24411
0	19	13	9.470555	7.24411
1	19	13	9.391518	7.24411
2	19	13	7.116185	7.24411
3	19	13	11.310005	7.24411
4	19	13	8.594498	7.24411
5	19	13	7.6086426	7.24411
6	19	13	10.944032	7.24411
7	19	13	8.173478	7.24411
8	19	13	7.5083995	7.24411
9	19	13	7.6017714	7.24411
10	19	13	12.053469	7.24411
11	19	13	7.279554	7.24411
12	19	13	10.148843	7.24411
13	19	13	9.423007	7.24411
14	19	13	6.1286736	7.24411
15	19	13	10.533166	7.24411
16	19	13	8.462937	7.24411
17	19	13	8.215455	7.24411
18	19	13	9.048907	7.24411
19	19	13	9.7147875	7.24411
20	19	13	8.777205	7.24411
21	19	13	7.697337	7.24411
22	19	13	8.456926	7.24411
23	19	13	7.7180195	7.24411
0	19	13	9.470555	7.19439
1	19	13	9.391518	7.19439
2	19	13	7.116185	7.19439
3	19	13	11.310005	7.19439
4	19	13	8.594498	7.19439
5	19	13	7.6086426	7.19439
6	19	13	10.944032	7.19439
7	19	13	8.173478	7.19439
8	19	13	7.5083995	7.19439
9	19	13	7.6017714	7.19439
10	19	13	12.053469	7.19439
11	19	13	7.279554	7.19439
12	19	13	10.148843	7.19439
13	19	13	9.423007	7.19439
14	19	13	6.1286736	7.19439
15	19	13	10.533166	7.19439
16	19	13	8.462937	7.19439
17	19	13	8.215455	7.19439
18	19	13	9.048907	7.19439
19	19	13	9.7147875	7.19439
20	19	13	8.777205	7.19439
21	19	13	7.697337	7.19439
22	19	13	8.456926	7.19439
23	19	13	7.7180195	7.19439
0	20	13	9.895295	7.19439
1	20	13	9.318629	7.19439
2	20	13	7.0998116	7.19439
3	20	13	11.599248	7.19439
4	20	13	8.780066	7.19439
5	20	13	8.112673	7.19439
6	20	13	10.730676	7.19439
7	20	13	8.37238	7.19439
8	20	13	8.172924	7.19439
9	20	13	7.349826	7.19439
10	20	13	11.621937	7.19439
11	20	13	8.070145	7.19439
12	20	13	10.216012	7.19439
13	20	13	9.032239	7.19439
14	20	13	6.27454	7.19439
15	20	13	10.834115	7.19439
16	20	13	7.7858353	7.19439
17	20	13	8.453058	7.19439
18	20	13	9.784606	7.19439
19	20	13	9.140738	7.19439
20	20	13	8.640833	7.19439
21	20	13	7.8178115	7.19439
22	20	13	8.04551	7.19439
23	20	13	7.3310924	7.19439
0	20	13	9.895295	7.2087693
1	20	13	9.318629	7.2087693
2	20	13	7.0998116	7.2087693
3	20	13	11.599248	7.2087693
4	20	13	8.780066	7.2087693
5	20	13	8.112673	7.2087693
6	20	13	10.730676	7.2087693
7	20	13	8.37238	7.2087693
8	20	13	8.172924	7.2087693
9	20	13	7.349826	7.2087693
10	20	13	11.621937	7.2087693
11	20	13	8.070145	7.2087693
12	20	13	10.216012	7.2087693
13	20	13	9.032239	7.2087693
14	20	13	6.27454	7.2087693
15	20	13	10.834115	7.2087693
16	20	13	7.7858353	7.2087693
17	20	13	8.453058	7.2087693
18	20	13	9.784606	7.2087693
19	20	13	9.140738	7.2087693
20	20	13	8.640833	7.2087693
21	20	13	7.8178115	7.2087693
22	20	13	8.04551	7.2087693
23	20	13	7.3310924	7.2087693
0	21	13	9.952403	7.2087693
1	21	13	9.111456	7.2087693
2	21	13	7.4478106	7.2087693
3	21	13	11.616864	7.2087693
4	21	13	8.04862	7.2087693
5	21	13	7.965617	7.2087693
6	21	13	11.186944	7.2087693
7	21	13	8.465793	7.2087693
8	21	13	8.016982	7.2087693
9	21	13	7.5464973	7.2087693
10	21	13	11.521446	7.2087693
11	21	13	7.852201	7.2087693
12	21	13	9.904743	7.2087693
13	21	13	8.718377	7.2087693
14	21	13	5.9564447	7.2087693
15	21	13	10.492759	7.2087693
16	21	13	7.703529	7.2087693
17	21	13	8.732557	7.2087693
18	21	13	9.573381	7.2087693
19	21	13	9.228948	7.2087693
20	21	13	8.96548	7.2087693
21	21	13	7.442838	7.2087693
22	21	13	8.01466	7.2087693
23	21	13	7.3682003	7.2087693
0	21	13	9.952403	7.1387253
1	21	13	9.111456	7.1387253
2	21	13	7.4478106	7.1387253
3	21	13	11.616864	7.1387253
4	21	13	8.04862	7.1387253
5	21	13	7.965617	7.1387253
6	21	13	11.186944	7.1387253
7	21	13	8.465793	7.1387253
8	21	13	8.016982	7.1387253
9	21	13	7.5464973	7.1387253
10	21	13	11.521446	7.1387253
11	21	13	7.852201	7.1387253
12	21	13	9.904743	7.1387253
13	21	13	8.718377	7.1387253
14	21	13	5.9564447	7.1387253
15	21	13	10.492759	7.1387253
16	21	13	7.703529	7.1387253
17	21	13	8.732557	7.1387253
18	21	13	9.573381	7.1387253
19	21	13	9.228948	7.1387253
20	21	13	8.96548	7.1387253
21	21	13	7.442838	7.1387253
22	21	13	8.01466	7.1387253
23	21	13	7.3682003	7.1387253
0	22	13	10.210669	7.1387253
1	22	13	9.082096	7.1387253
2	22	13	6.850975	7.1387253
3	22	13	11.379676	7.1387253
4	22	13	8.732761	7.1387253
5	22	13	8.008392	7.1387253
6	22	13	10.813647	7.1387253
7	22	13	7.970512	7.1387253
8	22	13	7.6391664	7.1387253
9	22	13	7.350103	7.1387253
10	22	13	11.613072	7.1387253
11	22	13	7.5909557	7.1387253
12	22	13	10.105444	7.1387253
13	22	13	8.975411	7.1387253
14	22	13	6.067231	7.1387253
15	22	13	10.032349	7.1387253
16	22	13	7.917494	7.1387253
17	22	13	8.132815	7.1387253
18	22	13	9.349154	7.1387253
19	22	13	9.539494	7.1387253
20	22	13	8.563803	7.1387253
21	22	13	7.6943803	7.1387253
22	22	13	7.8356137	7.1387253
23	22	13	7.2860026	7.1387253
0	22	13	10.210669	7.0930367
1	22	13	9.082096	7.0930367
2	22	13	6.850975	7.0930367
3	22	13	11.379676	7.0930367
4	22	13	8.732761	7.0930367
5	22	13	8.008392	7.0930367
6	22	13	10.813647	7.0930367
7	22	13	7.970512	7.0930367
8	22	13	7.6391664	7.0930367
9	22	13	7.350103	7.0930367
10	22	13	11.613072	7.0930367
11	22	13	7.5909557	7.0930367
12	22	13	10.105444	7.0930367
13	22	13	8.975411	7.0930367
14	22	13	6.067231	7.0930367
15	22	13	10.032349	7.0930367
16	22	13	7.917494	7.0930367
17	22	13	8.132815	7.0930367
18	22	13	9.349154	7.0930367
19	22	13	9.539494	7.0930367
20	22	13	8.563803	7.0930367
21	22	13	7.6943803	7.0930367
22	22	13	7.8356137	7.0930367
23	22	13	7.2860026	7.0930367
0	23	13	9.815041	7.0930367
1	23	13	9.101392	7.0930367
2	23	13	6.8680344	7.0930367
3	23	13	11.659198	7.0930367
4	23	13	7.86467	7.0930367
5	23	13	8.034434	7.0930367
6	23	13	10.78619	7.0930367
7	23	13	8.000099	7.0930367
8	23	13	8.0616455	7.0930367
9	23	13	7.92394	7.0930367
10	23	13	11.804821	7.0930367
11	23	13	7.700484	7.0930367
12	23	13	9.425188	7.0930367
13	23	13	8.883263	7.0930367
14	23	13	6.694049	7.0930367
15	23	13	10.149457	7.0930367
16	23	13	7.3998833	7.0930367
17	23	13	8.355201	7.0930367
18	23	13	9.903673	7.0930367
19	23	13	9.290259	7.0930367
20	23	13	8.818494	7.0930367
21	23	13	6.9909616	7.0930367
22	23	13	7.850261	7.0930367
23	23	13	7.266938	7.0930367
0	23	13	9.815041	7.0967197
1	23	13	9.101392	7.0967197
2	23	13	6.8680344	7.0967197
3	23	13	11.659198	7.0967197
4	23	13	7.86467	7.0967197
5	23	13	8.034434	7.0967197
6	23	13	10.78619	7.0967197
7	23	13	8.000099	7.0967197
8	23	13	8.0616455	7.0967197
9	23	13	7.92394	7.0967197
10	23	13	11.804821	7.0967197
11	23	13	7.700484	7.0967197
12	23	13	9.425188	7.0967197
13	23	13	8.883263	7.0967197
14	23	13	6.694049	7.0967197
15	23	13	10.149457	7.0967197
16	23	13	7.3998833	7.0967197
17	23	13	8.355201	7.0967197
18	23	13	9.903673	7.0967197
19	23	13	9.290259	7.0967197
20	23	13	8.818494	7.0967197
21	23	13	6.9909616	7.0967197
22	23	13	7.850261	7.0967197
23	23	13	7.266938	7.0967197
0	24	13	10.030848	7.0967197
1	24	13	9.629044	7.0967197
2	24	13	7.22906	7.0967197
3	24	13	11.290992	7.0967197
4	24	13	8.831189	7.0967197
5	24	13	8.143627	7.0967197
6	24	13	10.979408	7.0967197
7	24	13	8.498437	7.0967197
8	24	13	7.41672	7.0967197
9	24	13	7.157215	7.0967197
10	24	13	11.833374	7.0967197
11	24	13	7.5820584	7.0967197
12	24	13	10.096325	7.0967197
13	24	13	8.802855	7.0967197
14	24	13	6.472014	7.0967197
15	24	13	10.638022	7.0967197
16	24	13	8.20634	7.0967197
17	24	13	8.573162	7.0967197
18	24	13	9.755705	7.0967197
19	24	13	9.762827	7.0967197
20	24	13	8.296456	7.0967197
21	24	13	7.873749	7.0967197
22	24	13	8.387929	7.0967197
23	24	13	7.078372	7.0967197
0	24	13	10.030848	7.240545
1	24	13	9.629044	7.240545
2	24	13	7.22906	7.240545
3	24	13	11.290992	7.240545
4	24	13	8.831189	7.240545
5	24	13	8.143627	7.240545
6	24	13	10.979408	7.240545
7	24	13	8.498437	7.240545
8	24	13	7.41672	7.240545
9	24	13	7.157215	7.240545
10	24	13	11.833374	7.240545
11	24	13	7.5820584	7.240545
12	24	13	10.096325	7.240545
13	24	13	8.802855	7.240545
14	24	13	6.472014	7.240545
15	24	13	10.638022	7.240545
16	24	13	8.20634	7.240545
17	24	13	8.573162	7.240545
18	24	13	9.755705	7.240545
19	24	13	9.762827	7.240545
20	24	13	8.296456	7.240545
21	24	13	7.873749	7.240545
22	24	13	8.387929	7.240545
23	24	13	7.078372	7.240545
0	25	13	9.538091	7.240545
1	25	13	9.377901	7.240545
2	25	13	7.157606	7.240545
3	25	13	11.473165	7.240545
4	25	13	7.5609655	7.240545
5	25	13	7.9087505	7.240545
6	25	13	11.05768	7.240545
7	25	13	8.035225	7.240545
8	25	13	7.995965	7.240545
9	25	13	7.686349	7.240545
10	25	13	11.499319	7.240545
11	25	13	7.381348	7.240545
12	25	13	10.035875	7.240545
13	25	13	9.243064	7.240545
14	25	13	5.639726	7.240545
15	25	13	10.006349	7.240545
16	25	13	7.9504657	7.240545
17	25	13	7.9237714	7.240545
18	25	13	8.960464	7.240545
19	25	13	9.191905	7.240545
20	25	13	9.126271	7.240545
21	25	13	7.3334923	7.240545
22	25	13	7.9353037	7.240545
23	25	13	7.138101	7.240545
0	25	13	9.538091	6.963967
1	25	13	9.377901	6.963967
2	25	13	7.157606	6.963967
3	25	13	11.473165	6.963967
4	25	13	7.5609655	6.963967
5	25	13	7.9087505	6.963967
6	25	13	11.05768	6.963967
7	25	13	8.035225	6.963967
8	25	13	7.995965	6.963967
9	25	13	7.686349	6.963967
10	25	13	11.499319	6.963967
11	25	13	7.381348	6.963967
12	25	13	10.035875	6.963967
13	25	13	9.243064	6.963967
14	25	13	5.639726	6.963967
15	25	13	10.006349	6.963967
16	25	13	7.9504657	6.963967
17	25	13	7.9237714	6.963967
18	25	13	8.960464	6.963967
19	25	13	9.191905	6.963967
20	25	13	9.126271	6.963967
21	25	13	7.3334923	6.963967
22	25	13	7.9353037	6.963967
23	25	13	7.138101	6.963967
0	26	13	9.397794	6.963967
1	26	13	9.608595	6.963967
2	26	13	6.8711743	6.963967
3	26	13	11.471737	6.963967
4	26	13	8.4867325	6.963967
5	26	13	7.773743	6.963967
6	26	13	11.147464	6.963967
7	26	13	8.303993	6.963967
8	26	13	7.242049	6.963967
9	26	13	7.7484274	6.963967
10	26	13	11.9658575	6.963967
11	26	13	7.5647216	6.963967
12	26	13	9.676893	6.963967
13	26	13	8.87305	6.963967
14	26	13	6.2927628	6.963967
15	26	13	10.394187	6.963967
16	26	13	7.8284965	6.963967
17	26	13	8.621395	6.963967
18	26	13	9.292134	6.963967
19	26	13	9.058644	6.963967
20	26	13	8.742111	6.963967
21	26	13	7.138405	6.963967
22	26	13	8.134669	6.963967
23	26	13	7.3782744	6.963967
0	26	13	9.397794	7.1333394
1	26	13	9.608595	7.1333394
2	26	13	6.8711743	7.1333394
3	26	13	11.471737	7.1333394
4	26	13	8.4867325	7.1333394
5	26	13	7.773743	7.1333394
6	26	13	11.147464	7.1333394
7	26	13	8.303993	7.1333394
8	26	13	7.242049	7.1333394
9	26	13	7.7484274	7.1333394
10	26	13	11.9658575	7.1333394
11	26	13	7.5647216	7.1333394
12	26	13	9.676893	7.1333394
13	26	13	8.87305	7.1333394
14	26	13	6.2927628	7.1333394
15	26	13	10.394187	7.1333394
16	26	13	7.8284965	7.1333394
17	26	13	8.621395	7.1333394
18	26	13	9.292134	7.1333394
19	26	13	9.058644	7.1333394
20	26	13	8.742111	7.1333394
21	26	13	7.138405	7.1333394
22	26	13	8.134669	7.1333394
23	26	13	7.3782744	7.1333394
0	27	13	10.024644	7.1333394
1	27	13	9.250191	7.1333394
2	27	13	6.891	7.1333394
3	27	13	11.572947	7.1333394
4	27	13	8.911104	7.1333394
5	27	13	8.120012	7.1333394
6	27	13	11.171562	7.1333394
7	27	13	7.957928	7.1333394
8	27	13	7.505475	7.1333394
9	27	13	7.6294007	7.1333394
10	27	13	11.829314	7.1333394
11	27	13	7.8087	7.1333394
12	27	13	9.9842825	7.1333394
13	27	13	8.783799	7.1333394
14	27	13	6.188778	7.1333394
15	27	13	9.899881	7.1333394
16	27	13	7.5132113	7.1333394
17	27	13	8.664133	7.1333394
18	27	13	9.495601	7.1333394
19	27	13	9.198293	7.1333394
20	27	13	8.923644	7.1333394
21	27	13	7.4339514	7.1333394
22	27	13	7.516853	7.1333394
23	27	13	7.1145425	7.1333394
0	27	13	10.024644	7.0943727
1	27	13	9.250191	7.0943727
2	27	13	6.891	7.0943727
3	27	13	11.572947	7.0943727
4	27	13	8.911104	7.0943727
5	27	13	8.120012	7.0943727
6	27	13	11.171562	7.0943727
7	27	13	7.957928	7.0943727
8	27	13	7.505475	7.0943727
9	27	13	7.6294007	7.0943727
10	27	13	11.829314	7.0943727
11	27	13	7.8087	7.0943727
12	27	13	9.9842825	7.0943727
13	27	13	8.783799	7.0943727
14	27	13	6.188778	7.0943727
15	27	13	9.899881	7.0943727
16	27	13	7.5132113	7.0943727
17	27	13	8.664133	7.0943727
18	27	13	9.495601	7.0943727
19	27	13	9.198293	7.0943727
20	27	13	8.923644	7.0943727
21	27	13	7.4339514	7.0943727
22	27	13	7.516853	7.0943727
23	27	13	7.1145425	7.0943727
0	28	13	9.605961	7.0943727
1	28	13	9.466777	7.0943727
2	28	13	7.067334	7.0943727
3	28	13	11.318912	7.0943727
4	28	13	8.125011	7.0943727
5	28	13	7.7936745	7.0943727
6	28	13	10.805872	7.0943727
7	28	13	8.581042	7.0943727
8	28	13	7.593713	7.0943727
9	28	13	7.4774346	7.0943727
10	28	13	11.9153595	7.0943727
11	28	13	7.5986495	7.0943727
12	28	13	9.25377	7.0943727
13	28	13	8.883623	7.0943727
14	28	13	5.9879694	7.0943727
15	28	13	10.423233	7.0943727
16	28	13	7.8036284	7.0943727
17	28	13	8.647135	7.0943727
18	28	13	9.35959	7.0943727
19	28	13	9.235442	7.0943727
20	28	13	8.471718	7.0943727
21	28	13	7.1371293	7.0943727
22	28	13	8.139821	7.0943727
23	28	13	7.2553606	7.0943727
0	28	13	9.605961	7.096016
1	28	13	9.466777	7.096016
2	28	13	7.067334	7.096016
3	28	13	11.318912	7.096016
4	28	13	8.125011	7.096016
5	28	13	7.7936745	7.096016
6	28	13	10.805872	7.096016
7	28	13	8.581042	7.096016
8	28	13	7.593713	7.096016
9	28	13	7.4774346	7.096016
10	28	13	11.9153595	7.096016
11	28	13	7.5986495	7.096016
12	28	13	9.25377	7.096016
13	28	13	8.883623	7.096016
14	28	13	5.9879694	7.096016
15	28	13	10.423233	7.096016
16	28	13	7.8036284	7.096016
17	28	13	8.647135	7.096016
18	28	13	9.35959	7.096016
19	28	13	9.235442	7.096016
20	28	13	8.471718	7.096016
21	28	13	7.1371293	7.096016
22	28	13	8.139821	7.096016
23	28	13	7.2553606	7.096016
0	29	13	9.690425	7.096016
1	29	13	9.301181	7.096016
2	29	13	7.3507657	7.096016
3	29	13	11.363507	7.096016
4	29	13	7.5260835	7.096016
5	29	13	7.9227815	7.096016
6	29	13	10.510534	7.096016
7	29	13	8.256595	7.096016
8	29	13	8.361939	7.096016
9	29	13	7.16611	7.096016
10	29	13	11.795554	7.096016
11	29	13	7.598948	7.096016
12	29	13	9.128749	7.096016
13	29	13	8.69308	7.096016
14	29	13	6.5244336	7.096016
15	29	13	10.497654	7.096016
16	29	13	7.445723	7.096016
17	29	13	8.654247	7.096016
18	29	13	9.973271	7.096016
19	29	13	9.187861	7.096016
20	29	13	8.916174	7.096016
21	29	13	7.5350404	7.096016
22	29	13	8.349335	7.096016
23	29	13	7.119919	7.096016
0	29	13	9.690425	7.086553
1	29	13	9.301181	7.086553
2	29	13	7.3507657	7.086553
3	29	13	11.363507	7.086553
4	29	13	7.5260835	7.086553
5	29	13	7.9227815	7.086553
6	29	13	10.510534	7.086553
7	29	13	8.256595	7.086553
8	29	13	8.361939	7.086553
9	29	13	7.16611	7.086553
10	29	13	11.795554	7.086553
11	29	13	7.598948	7.086553
12	29	13	9.128749	7.086553
13	29	13	8.69308	7.086553
14	29	13	6.5244336	7.086553
15	29	13	10.497654	7.086553
16	29	13	7.445723	7.086553
17	29	13	8.654247	7.086553
18	29	13	9.973271	7.086553
19	29	13	9.187861	7.086553
20	29	13	8.916174	7.086553
21	29	13	7.5350404	7.086553
22	29	13	8.349335	7.086553
23	29	13	7.119919	7.086553
0	0	14	10.431124	7.086553
1	0	14	9.189208	7.086553
2	0	14	7.2690697	7.086553
3	0	14	11.341016	7.086553
4	0	14	8.104622	7.086553
5	0	14	7.771066	7.086553
6	0	14	11.100617	7.086553
7	0	14	8.1975355	7.086553
8	0	14	7.3430924	7.086553
9	0	14	7.469714	7.086553
10	0	14	11.666993	7.086553
11	0	14	7.368715	7.086553
12	0	14	10.0509405	7.086553
13	0	14	8.517593	7.086553
14	0	14	6.2290993	7.086553
15	0	14	10.215589	7.086553
16	0	14	7.8091745	7.086553
17	0	14	8.335021	7.086553
18	0	14	9.168186	7.086553
19	0	14	9.311019	7.086553
20	0	14	9.055629	7.086553
21	0	14	7.7881784	7.086553
22	0	14	8.013779	7.086553
23	0	14	7.0666013	7.086553
0	0	14	10.431124	7.169266
1	0	14	9.189208	7.169266
2	0	14	7.2690697	7.169266
3	0	14	11.341016	7.169266
4	0	14	8.104622	7.169266
5	0	14	7.771066	7.169266
6	0	14	11.100617	7.169266
7	0	14	8.1975355	7.169266
8	0	14	7.3430924	7.169266
9	0	14	7.469714	7.169266
10	0	14	11.666993	7.169266
11	0	14	7.368715	7.169266
12	0	14	10.0509405	7.169266
13	0	14	8.517593	7.169266
14	0	14	6.2290993	7.169266
15	0	14	10.215589	7.169266
16	0	14	7.8091745	7.169266
17	0	14	8.335021	7.169266
18	0	14	9.168186	7.169266
19	0	14	9.311019	7.169266
20	0	14	9.055629	7.169266
21	0	14	7.7881784	7.169266
22	0	14	8.013779	7.169266
23	0	14	7.0666013	7.169266
0	1	14	9.620352	7.169266
1	1	14	9.03437	7.169266
2	1	14	6.818196	7.169266
3	1	14	11.486113	7.169266
4	1	14	7.9867887	7.169266
5	1	14	7.876478	7.169266
6	1	14	10.773916	7.169266
7	1	14	8.00969	7.169266
8	1	14	7.6740494	7.169266
9	1	14	7.4720383	7.169266
10	1	14	11.476174	7.169266
11	1	14	7.612937	7.169266
12	1	14	9.846867	7.169266
13	1	14	8.787377	7.169266
14	1	14	5.8815627	7.169266
15	1	14	10.198802	7.169266
16	1	14	7.5756283	7.169266
17	1	14	8.193241	7.169266
18	1	14	9.245065	7.169266
19	1	14	9.170286	7.169266
20	1	14	8.623753	7.169266
21	1	14	7.2214346	7.169266
22	1	14	7.6768994	7.169266
23	1	14	7.1187487	7.169266
0	1	14	9.620352	7.048458
1	1	14	9.03437	7.048458
2	1	14	6.818196	7.048458
3	1	14	11.486113	7.048458
4	1	14	7.9867887	7.048458
5	1	14	7.876478	7.048458
6	1	14	10.773916	7.048458
7	1	14	8.00969	7.048458
8	1	14	7.6740494	7.048458
9	1	14	7.4720383	7.048458
10	1	14	11.476174	7.048458
11	1	14	7.612937	7.048458
12	1	14	9.846867	7.048458
13	1	14	8.787377	7.048458
14	1	14	5.8815627	7.048458
15	1	14	10.198802	7.048458
16	1	14	7.5756283	7.048458
17	1	14	8.193241	7.048458
18	1	14	9.245065	7.048458
19	1	14	9.170286	7.048458
20	1	14	8.623753	7.048458
21	1	14	7.2214346	7.048458
22	1	14	7.6768994	7.048458
23	1	14	7.1187487	7.048458
0	2	14	9.854707	7.048458
1	2	14	9.1722555	7.048458
2	2	14	7.5270896	7.048458
3	2	14	11.467958	7.048458
4	2	14	7.509823	7.048458
5	2	14	7.7156205	7.048458
6	2	14	11.272389	7.048458
7	2	14	8.291712	7.048458
8	2	14	7.8319473	7.048458
9	2	14	7.7520714	7.048458
10	2	14	11.525347	7.048458
11	2	14	7.2651505	7.048458
12	2	14	9.935558	7.048458
13	2	14	8.778191	7.048458
14	2	14	6.040863	7.048458
15	2	14	10.421102	7.048458
16	2	14	7.8234444	7.048458
17	2	14	8.270526	7.048458
18	2	14	9.220191	7.048458
19	2	14	9.302594	7.048458
20	2	14	9.252188	7.048458
21	2	14	7.5878453	7.048458
22	2	14	8.113035	7.048458
23	2	14	7.1137066	7.048458
0	2	14	9.854707	7.1337385
1	2	14	9.1722555	7.1337385
2	2	14	7.5270896	7.1337385
3	2	14	11.467958	7.1337385
4	2	14	7.509823	7.1337385
5	2	14	7.7156205	7.1337385
6	2	14	11.272389	7.1337385
7	2	14	8.291712	7.1337385
8	2	14	7.8319473	7.1337385
9	2	14	7.7520714	7.1337385
10	2	14	11.525347	7.1337385
11	2	14	7.2651505	7.1337385
12	2	14	9.935558	7.1337385
13	2	14	8.778191	7.1337385
14	2	14	6.040863	7.1337385
15	2	14	10.421102	7.1337385
16	2	14	7.8234444	7.1337385
17	2	14	8.270526	7.1337385
18	2	14	9.220191	7.1337385
19	2	14	9.302594	7.1337385
20	2	14	9.252188	7.1337385
21	2	14	7.5878453	7.1337385
22	2	14	8.113035	7.1337385
23	2	14	7.1137066	7.1337385
0	3	14	9.6256895	7.1337385
1	3	14	8.960474	7.1337385
2	3	14	7.36642	7.1337385
3	3	14	11.366987	7.1337385
4	3	14	7.8609047	7.1337385
5	3	14	7.7588887	7.1337385
6	3	14	10.7205925	7.1337385
7	3	14	8.298822	7.1337385
8	3	14	8.13254	7.1337385
9	3	14	7.4019094	7.1337385
10	3	14	11.834643	7.1337385
11	3	14	7.32613	7.1337385
12	3	14	9.688779	7.1337385
13	3	14	8.822112	7.1337385
14	3	14	6.435242	7.1337385
15	3	14	10.185769	7.1337385
16	3	14	7.5233383	7.1337385
17	3	14	8.520996	7.1337385
18	3	14	9.377857	7.1337385
19	3	14	9.2875185	7.1337385
20	3	14	8.420794	7.1337385
21	3	14	7.282494	7.1337385
22	3	14	8.285374	7.1337385
23	3	14	7.2155595	7.1337385
0	3	14	9.6256895	7.1271396
1	3	14	8.960474	7.1271396
2	3	14	7.36642	7.1271396
3	3	14	11.366987	7.1271396
4	3	14	7.8609047	7.1271396
5	3	14	7.7588887	7.1271396
6	3	14	10.7205925	7.1271396
7	3	14	8.298822	7.1271396
8	3	14	8.13254	7.1271396
9	3	14	7.4019094	7.1271396
10	3	14	11.834643	7.1271396
11	3	14	7.32613	7.1271396
12	3	14	9.688779	7.1271396
13	3	14	8.822112	7.1271396
14	3	14	6.435242	7.1271396
15	3	14	10.185769	7.1271396
16	3	14	7.5233383	7.1271396
17	3	14	8.520996	7.1271396
18	3	14	9.377857	7.1271396
19	3	14	9.2875185	7.1271396
20	3	14	8.420794	7.1271396
21	3	14	7.282494	7.1271396
22	3	14	8.285374	7.1271396
23	3	14	7.2155595	7.1271396
0	4	14	9.578142	7.1271396
1	4	14	9.048138	7.1271396
2	4	14	7.4392014	7.1271396
3	4	14	11.271066	7.1271396
4	4	14	7.9274426	7.1271396
5	4	14	7.842502	7.1271396
6	4	14	10.571799	7.1271396
7	4	14	8.413489	7.1271396
8	4	14	8.142633	7.1271396
9	4	14	7.072491	7.1271396
10	4	14	11.669003	7.1271396
11	4	14	7.4822807	7.1271396
12	4	14	9.400914	7.1271396
13	4	14	8.650731	7.1271396
14	4	14	6.0379686	7.1271396
15	4	14	10.31368	7.1271396
16	4	14	7.5511556	7.1271396
17	4	14	8.643462	7.1271396
18	4	14	9.497592	7.1271396
19	4	14	9.175035	7.1271396
20	4	14	8.592121	7.1271396
21	4	14	7.423331	7.1271396
22	4	14	8.187493	7.1271396
23	4	14	7.0881844	7.1271396
0	4	14	9.578142	7.06411
1	4	14	9.048138	7.06411
2	4	14	7.4392014	7.06411
3	4	14	11.271066	7.06411
4	4	14	7.9274426	7.06411
5	4	14	7.842502	7.06411
6	4	14	10.571799	7.06411
7	4	14	8.413489	7.06411
8	4	14	8.142633	7.06411
9	4	14	7.072491	7.06411
10	4	14	11.669003	7.06411
11	4	14	7.4822807	7.06411
12	4	14	9.400914	7.06411
13	4	14	8.650731	7.06411
14	4	14	6.0379686	7.06411
15	4	14	10.31368	7.06411
16	4	14	7.5511556	7.06411
17	4	14	8.643462	7.06411
18	4	14	9.497592	7.06411
19	4	14	9.175035	7.06411
20	4	14	8.592121	7.06411
21	4	14	7.423331	7.06411
22	4	14	8.187493	7.06411
23	4	14	7.0881844	7.06411
0	5	14	9.669797	7.06411
1	5	14	9.118188	7.06411
2	5	14	7.065634	7.06411
3	5	14	11.381042	7.06411
4	5	14	7.692882	7.06411
5	5	14	7.6174717	7.06411
6	5	14	10.624186	7.06411
7	5	14	7.751477	7.06411
8	5	14	7.938167	7.06411
9	5	14	7.6662836	7.06411
10	5	14	11.834297	7.06411
11	5	14	7.2373986	7.06411
12	5	14	9.652376	7.06411
13	5	14	8.806724	7.06411
14	5	14	6.368445	7.06411
15	5	14	10.265834	7.06411
16	5	14	7.689919	7.06411
17	5	14	8.009326	7.06411
18	5	14	9.111025	7.06411
19	5	14	9.348562	7.06411
20	5	14	9.30025	7.06411
21	5	14	7.6115594	7.06411
22	5	14	7.917172	7.06411
23	5	14	7.3950515	7.06411
0	5	14	9.669797	7.078581
1	5	14	9.118188	7.078581
2	5	14	7.065634	7.078581
3	5	14	11.381042	7.078581
4	5	14	7.692882	7.078581
5	5	14	7.6174717	7.078581
6	5	14	10.624186	7.078581
7	5	14	7.751477	7.078581
8	5	14	7.938167	7.078581
9	5	14	7.6662836	7.078581
10	5	14	11.834297	7.078581
11	5	14	7.2373986	7.078581
12	5	14	9.652376	7.078581
13	5	14	8.806724	7.078581
14	5	14	6.368445	7.078581
15	5	14	10.265834	7.078581
16	5	14	7.689919	7.078581
17	5	14	8.009326	7.078581
18	5	14	9.111025	7.078581
19	5	14	9.348562	7.078581
20	5	14	9.30025	7.078581
21	5	14	7.6115594	7.078581
22	5	14	7.917172	7.078581
23	5	14	7.3950515	7.078581
0	6	14	9.748315	7.078581
1	6	14	8.927821	7.078581
2	6	14	7.244885	7.078581
3	6	14	11.358086	7.078581
4	6	14	7.581629	7.078581
5	6	14	7.800935	7.078581
6	6	14	10.9701185	7.078581
7	6	14	8.310741	7.078581
8	6	14	7.995088	7.078581
9	6	14	7.8117824	7.078581
10	6	14	11.780239	7.078581
11	6	14	7.158103	7.078581
12	6	14	9.46859	7.078581
13	6	14	8.950251	7.078581
14	6	14	6.0830503	7.078581
15	6	14	9.924712	7.078581
16	6	14	7.5363584	7.078581
17	6	14	8.337874	7.078581
18	6	14	9.098748	7.078581
19	6	14	9.304486	7.078581
20	6	14	8.805818	7.078581
21	6	14	7.1138334	7.078581
22	6	14	7.790827	7.078581
23	6	14	7.1363387	7.078581
0	6	14	9.748315	7.048997
1	6	14	8.927821	7.048997
2	6	14	7.244885	7.048997
3	6	14	11.358086	7.048997
4	6	14	7.581629	7.048997
5	6	14	7.800935	7.048997
6	6	14	10.9701185	7.048997
7	6	14	8.310741	7.048997
8	6	14	7.995088	7.048997
9	6	14	7.8117824	7.048997
10	6	14	11.780239	7.048997
11	6	14	7.158103	7.048997
12	6	14	9.46859	7.048997
13	6	14	8.950251	7.048997
14	6	14	6.0830503	7.048997
15	6	14	9.924712	7.048997
16	6	14	7.5363584	7.048997
17	6	14	8.337874	7.048997
18	6	14	9.098748	7.048997
19	6	14	9.304486	7.048997
20	6	14	8.805818	7.048997
21	6	14	7.1138334	7.048997
22	6	14	7.790827	7.048997
23	6	14	7.1363387	7.048997
0	7	14	9.501772	7.048997
1	7	14	9.20604	7.048997
2	7	14	7.2017417	7.048997
3	7	14	11.427915	7.048997
4	7	14	7.9306417	7.048997
5	7	14	7.730362	7.048997
6	7	14	11.13228	7.048997
7	7	14	8.153836	7.048997
8	7	14	7.774914	7.048997
9	7	14	7.710304	7.048997
10	7	14	11.736833	7.048997
11	7	14	7.2510557	7.048997
12	7	14	9.586851	7.048997
13	7	14	8.848641	7.048997
14	7	14	6.019514	7.048997
15	7	14	10.007829	7.048997
16	7	14	7.5369067	7.048997
17	7	14	8.489724	7.048997
18	7	14	9.1879225	7.048997
19	7	14	9.077672	7.048997
20	7	14	9.249054	7.048997
21	7	14	7.27752	7.048997
22	7	14	7.7650294	7.048997
23	7	14	7.102787	7.048997
0	7	14	9.501772	7.0307236
1	7	14	9.20604	7.0307236
2	7	14	7.2017417	7.0307236
3	7	14	11.427915	7.0307236
4	7	14	7.9306417	7.0307236
5	7	14	7.730362	7.0307236
6	7	14	11.13228	7.0307236
7	7	14	8.153836	7.0307236
8	7	14	7.774914	7.0307236
9	7	14	7.710304	7.0307236
10	7	14	11.736833	7.0307236
11	7	14	7.2510557	7.0307236
12	7	14	9.586851	7.0307236
13	7	14	8.848641	7.0307236
14	7	14	6.019514	7.0307236
15	7	14	10.007829	7.0307236
16	7	14	7.5369067	7.0307236
17	7	14	8.489724	7.0307236
18	7	14	9.1879225	7.0307236
19	7	14	9.077672	7.0307236
20	7	14	9.249054	7.0307236
21	7	14	7.27752	7.0307236
22	7	14	7.7650294	7.0307236
23	7	14	7.102787	7.0307236
0	8	14	9.633212	7.0307236
1	8	14	9.471284	7.0307236
2	8	14	6.8016376	7.0307236
3	8	14	11.398062	7.0307236
4	8	14	8.226519	7.0307236
5	8	14	7.838884	7.0307236
6	8	14	10.785111	7.0307236
7	8	14	8.439807	7.0307236
8	8	14	7.2537313	7.0307236
9	8	14	7.6587005	7.0307236
10	8	14	11.703076	7.0307236
11	8	14	7.408481	7.0307236
12	8	14	9.829755	7.0307236
13	8	14	8.956319	7.0307236
14	8	14	6.103594	7.0307236
15	8	14	10.398323	7.0307236
16	8	14	8.067438	7.0307236
17	8	14	8.36282	7.0307236
18	8	14	9.182456	7.0307236
19	8	14	9.524659	7.0307236
20	8	14	8.602995	7.0307236
21	8	14	7.182782	7.0307236
22	8	14	8.226149	7.0307236
23	8	14	7.133779	7.0307236
0	8	14	9.633212	7.1254826
1	8	14	9.471284	7.1254826
2	8	14	6.8016376	7.1254826
3	8	14	11.398062	7.1254826
4	8	14	8.226519	7.1254826
5	8	14	7.838884	7.1254826
6	8	14	10.785111	7.1254826
7	8	14	8.439807	7.1254826
8	8	14	7.2537313	7.1254826
9	8	14	7.6587005	7.1254826
10	8	14	11.703076	7.1254826
11	8	14	7.408481	7.1254826
12	8	14	9.829755	7.1254826
13	8	14	8.956319	7.1254826
14	8	14	6.103594	7.1254826
15	8	14	10.398323	7.1254826
16	8	14	8.067438	7.1254826
17	8	14	8.36282	7.1254826
18	8	14	9.182456	7.1254826
19	8	14	9.524659	7.1254826
20	8	14	8.602995	7.1254826
21	8	14	7.182782	7.1254826
22	8	14	8.226149	7.1254826
23	8	14	7.133779	7.1254826
0	9	14	9.530918	7.1254826
1	9	14	9.095393	7.1254826
2	9	14	7.54798	7.1254826
3	9	14	11.318835	7.1254826
4	9	14	7.616743	7.1254826
5	9	14	7.7852483	7.1254826
6	9	14	10.953211	7.1254826
7	9	14	8.28706	7.1254826
8	9	14	8.120664	7.1254826
9	9	14	7.3225236	7.1254826
10	9	14	11.508715	7.1254826
11	9	14	7.297254	7.1254826
12	9	14	9.796891	7.1254826
13	9	14	8.829285	7.1254826
14	9	14	6.146228	7.1254826
15	9	14	10.391362	7.1254826
16	9	14	7.772587	7.1254826
17	9	14	8.299103	7.1254826
18	9	14	9.355563	7.1254826
19	9	14	9.433091	7.1254826
20	9	14	8.799599	7.1254826
21	9	14	7.6015143	7.1254826
22	9	14	8.101695	7.1254826
23	9	14	7.002306	7.1254826
0	9	14	9.530918	7.0836325
1	9	14	9.095393	7.0836325
2	9	14	7.54798	7.0836325
3	9	14	11.318835	7.0836325
4	9	14	7.616743	7.0836325
5	9	14	7.7852483	7.0836325
6	9	14	10.953211	7.0836325
7	9	14	8.28706	7.0836325
8	9	14	8.120664	7.0836325
9	9	14	7.3225236	7.0836325
10	9	14	11.508715	7.0836325
11	9	14	7.297254	7.0836325
12	9	14	9.796891	7.0836325
13	9	14	8.829285	7.0836325
14	9	14	6.146228	7.0836325
15	9	14	10.391362	7.0836325
16	9	14	7.772587	7.0836325
17	9	14	8.299103	7.0836325
18	9	14	9.355563	7.0836325
19	9	14	9.433091	7.0836325
20	9	14	8.799599	7.0836325
21	9	14	7.6015143	7.0836325
22	9	14	8.101695	7.0836325
23	9	14	7.002306	7.0836325
0	10	14	9.507421	7.0836325
1	10	14	9.339551	7.0836325
2	10	14	6.8109145	7.0836325
3	10	14	11.470924	7.0836325
4	10	14	7.8712482	7.0836325
5	10	14	7.81092	7.0836325
6	10	14	10.743501	7.0836325
7	10	14	7.945126	7.0836325
8	10	14	7.74938	7.0836325
9	10	14	7.4636006	7.0836325
10	10	14	11.567574	7.0836325
11	10	14	7.3752184	7.0836325
12	10	14	10.04962	7.0836325
13	10	14	9.044769	7.0836325
14	10	14	5.677596	7.0836325
15	10	14	10.069635	7.0836325
16	10	14	7.7343235	7.0836325
17	10	14	7.8857417	7.0836325
18	10	14	9.020309	7.0836325
19	10	14	9.016098	7.0836325
20	10	14	8.863913	7.0836325
21	10	14	7.1782503	7.0836325
22	10	14	8.0465	7.0836325
23	10	14	7.155488	7.0836325
0	10	14	9.507421	6.982336
1	10	14	9.339551	6.982336
2	10	14	6.8109145	6.982336
3	10	14	11.470924	6.982336
4	10	14	7.8712482	6.982336
5	10	14	7.81092	6.982336
6	10	14	10.743501	6.982336
7	10	14	7.945126	6.982336
8	10	14	7.74938	6.982336
9	10	14	7.4636006	6.982336
10	10	14	11.567574	6.982336
11	10	14	7.3752184	6.982336
12	10	14	10.04962	6.982336
13	10	14	9.044769	6.982336
14	10	14	5.677596	6.982336
15	10	14	10.069635	6.982336
16	10	14	7.7343235	6.982336
17	10	14	7.8857417	6.982336
18	10	14	9.020309	6.982336
19	10	14	9.016098	6.982336
20	10	14	8.863913	6.982336
21	10	14	7.1782503	6.982336
22	10	14	8.0465	6.982336
23	10	14	7.155488	6.982336
0	11	14	9.602322	6.982336
1	11	14	8.974341	6.982336
2	11	14	6.8320923	6.982336
3	11	14	11.461353	6.982336
4	11	14	8.202257	6.982336
5	11	14	7.784068	6.982336
6	11	14	10.768361	6.982336
7	11	14	7.983043	6.982336
8	11	14	7.7348967	6.982336
9	11	14	7.434447	6.982336
10	11	14	11.517607	6.982336
11	11	14	7.5314956	6.982336
12	11	14	10.001052	6.982336
13	11	14	9.036059	6.982336
14	11	14	5.9163437	6.982336
15	11	14	10.197728	6.982336
16	11	14	7.77407	6.982336
17	11	14	8.10113	6.982336
18	11	14	9.376367	6.982336
19	11	14	9.289552	6.982336
20	11	14	8.557313	6.982336
21	11	14	7.3699927	6.982336
22	11	14	7.9427767	6.982336
23	11	14	7.3475623	6.982336
0	11	14	9.602322	7.060205
1	11	14	8.974341	7.060205
2	11	14	6.8320923	7.060205
3	11	14	11.461353	7.060205
4	11	14	8.202257	7.060205
5	11	14	7.784068	7.060205
6	11	14	10.768361	7.060205
7	11	14	7.983043	7.060205
8	11	14	7.7348967	7.060205
9	11	14	7.434447	7.060205
10	11	14	11.517607	7.060205
11	11	14	7.5314956	7.060205
12	11	14	10.001052	7.060205
13	11	14	9.036059	7.060205
14	11	14	5.9163437	7.060205
15	11	14	10.197728	7.060205
16	11	14	7.77407	7.060205
17	11	14	8.10113	7.060205
18	11	14	9.376367	7.060205
19	11	14	9.289552	7.060205
20	11	14	8.557313	7.060205
21	11	14	7.3699927	7.060205
22	11	14	7.9427767	7.060205
23	11	14	7.3475623	7.060205
0	12	14	9.708928	7.060205
1	12	14	9.248659	7.060205
2	12	14	7.0606985	7.060205
3	12	14	11.394885	7.060205
4	12	14	7.2794633	7.060205
5	12	14	7.725655	7.060205
6	12	14	10.881157	7.060205
7	12	14	8.016465	7.060205
8	12	14	8.039946	7.060205
9	12	14	7.7224197	7.060205
10	12	14	11.571259	7.060205
11	12	14	7.275879	7.060205
12	12	14	9.374609	7.060205
13	12	14	8.815759	7.060205
14	12	14	6.280829	7.060205
15	12	14	10.217928	7.060205
16	12	14	7.493788	7.060205
17	12	14	8.059065	7.060205
18	12	14	9.341673	7.060205
19	12	14	9.235107	7.060205
20	12	14	9.354343	7.060205
21	12	14	7.3936853	7.060205
22	12	14	7.863259	7.060205
23	12	14	7.0067315	7.060205
0	12	14	9.708928	7.0308585
1	12	14	9.248659	7.0308585
2	12	14	7.0606985	7.0308585
3	12	14	11.394885	7.0308585
4	12	14	7.2794633	7.0308585
5	12	14	7.725655	7.0308585
6	12	14	10.881157	7.0308585
7	12	14	8.016465	7.0308585
8	12	14	8.039946	7.0308585
9	12	14	7.7224197	7.0308585
10	12	14	11.571259	7.0308585
11	12	14	7.275879	7.0308585
12	12	14	9.374609	7.0308585
13	12	14	8.815759	7.0308585
14	12	14	6.280829	7.0308585
15	12	14	10.217928	7.0308585
16	12	14	7.493788	7.0308585
17	12	14	8.059065	7.0308585
18	12	14	9.341673	7.0308585
19	12	14	9.235107	7.0308585
20	12	14	9.354343	7.0308585
21	12	14	7.3936853	7.0308585
22	12	14	7.863259	7.0308585
23	12	14	7.0067315	7.0308585
0	13	14	10.1880245	7.0308585
1	13	14	9.115052	7.0308585
2	13	14	6.842681	7.0308585
3	13	14	11.400971	7.0308585
4	13	14	8.4210825	7.0308585
5	13	14	8.063525	7.0308585
6	13	14	10.8305025	7.0308585
7	13	14	8.0029125	7.0308585
8	13	14	7.510502	7.0308585
9	13	14	7.3748903	7.0308585
10	13	14	11.559055	7.0308585
11	13	14	7.6927986	7.0308585
12	13	14	9.949448	7.0308585
13	13	14	8.712995	7.0308585
14	13	14	5.9844694	7.0308585
15	13	14	10.037801	7.0308585
16	13	14	7.657548	7.0308585
17	13	14	8.235122	7.0308585
18	13	14	9.183219	7.0308585
19	13	14	9.404029	7.0308585
20	13	14	8.63955	7.0308585
21	13	14	7.528777	7.0308585
22	13	14	7.546711	7.0308585
23	13	14	7.01757	7.0308585
0	13	14	10.1880245	7.0793643
1	13	14	9.115052	7.0793643
2	13	14	6.842681	7.0793643
3	13	14	11.400971	7.0793643
4	13	14	8.4210825	7.0793643
5	13	14	8.063525	7.0793643
6	13	14	10.8305025	7.0793643
7	13	14	8.0029125	7.0793643
8	13	14	7.510502	7.0793643
9	13	14	7.3748903	7.0793643
10	13	14	11.559055	7.0793643
11	13	14	7.6927986	7.0793643
12	13	14	9.949448	7.0793643
13	13	14	8.712995	7.0793643
14	13	14	5.9844694	7.0793643
15	13	14	10.037801	7.0793643
16	13	14	7.657548	7.0793643
17	13	14	8.235122	7.0793643
18	13	14	9.183219	7.0793643
19	13	14	9.404029	7.0793643
20	13	14	8.63955	7.0793643
21	13	14	7.528777	7.0793643
22	13	14	7.546711	7.0793643
23	13	14	7.01757	7.0793643
0	14	14	9.521169	7.0793643
1	14	14	8.992667	7.0793643
2	14	14	7.533484	7.0793643
3	14	14	11.316584	7.0793643
4	14	14	8.12444	7.0793643
5	14	14	7.69535	7.0793643
6	14	14	10.690594	7.0793643
7	14	14	8.0256815	7.0793643
8	14	14	8.054364	7.0793643
9	14	14	7.2401075	7.0793643
10	14	14	11.711358	7.0793643
11	14	14	7.237324	7.0793643
12	14	14	10.036736	7.0793643
13	14	14	8.84149	7.0793643
14	14	14	6.194912	7.0793643
15	14	14	10.387704	7.0793643
16	14	14	7.945525	7.0793643
17	14	14	8.287584	7.0793643
18	14	14	9.036992	7.0793643
19	14	14	9.488294	7.0793643
20	14	14	8.739359	7.0793643
21	14	14	7.793828	7.0793643
22	14	14	8.196526	7.0793643
23	14	14	7.40286	7.0793643
0	14	14	9.521169	7.128972
1	14	14	8.992667	7.128972
2	14	14	7.533484	7.128972
3	14	14	11.316584	7.128972
4	14	14	8.12444	7.128972
5	14	14	7.69535	7.128972
6	14	14	10.690594	7.128972
7	14	14	8.0256815	7.128972
8	14	14	8.054364	7.128972
9	14	14	7.2401075	7.128972
10	14	14	11.711358	7.128972
11	14	14	7.237324	7.128972
12	14	14	10.036736	7.128972
13	14	14	8.84149	7.128972
14	14	14	6.194912	7.128972
15	14	14	10.387704	7.128972
16	14	14	7.945525	7.128972
17	14	14	8.287584	7.128972
18	14	14	9.036992	7.128972
19	14	14	9.488294	7.128972
20	14	14	8.739359	7.128972
21	14	14	7.793828	7.128972
22	14	14	8.196526	7.128972
23	14	14	7.40286	7.128972
0	15	14	9.633675	7.128972
1	15	14	9.100575	7.128972
2	15	14	7.2232943	7.128972
3	15	14	11.368884	7.128972
4	15	14	8.031819	7.128972
5	15	14	7.843399	7.128972
6	15	14	10.5813055	7.128972
7	15	14	8.279966	7.128972
8	15	14	7.681231	7.128972
9	15	14	7.388321	7.128972
10	15	14	11.528069	7.128972
11	15	14	7.2180657	7.128972
12	15	14	9.9663925	7.128972
13	15	14	8.770436	7.128972
14	15	14	6.2011867	7.128972
15	15	14	10.320398	7.128972
16	15	14	7.786378	7.128972
17	15	14	8.375026	7.128972
18	15	14	9.388414	7.128972
19	15	14	9.47794	7.128972
20	15	14	8.555695	7.128972
21	15	14	7.513063	7.128972
22	15	14	8.291426	7.128972
23	15	14	7.0203695	7.128972
0	15	14	9.633675	7.092413
1	15	14	9.100575	7.092413
2	15	14	7.2232943	7.092413
3	15	14	11.368884	7.092413
4	15	14	8.031819	7.092413
5	15	14	7.843399	7.092413
6	15	14	10.5813055	7.092413
7	15	14	8.279966	7.092413
8	15	14	7.681231	7.092413
9	15	14	7.388321	7.092413
10	15	14	11.528069	7.092413
11	15	14	7.2180657	7.092413
12	15	14	9.9663925	7.092413
13	15	14	8.770436	7.092413
14	15	14	6.2011867	7.092413
15	15	14	10.320398	7.092413
16	15	14	7.786378	7.092413
17	15	14	8.375026	7.092413
18	15	14	9.388414	7.092413
19	15	14	9.47794	7.092413
20	15	14	8.555695	7.092413
21	15	14	7.513063	7.092413
22	15	14	8.291426	7.092413
23	15	14	7.0203695	7.092413
0	16	14	9.967047	7.092413
1	16	14	8.9530945	7.092413
2	16	14	7.031155	7.092413
3	16	14	11.4475355	7.092413
4	16	14	8.460008	7.092413
5	16	14	7.8790555	7.092413
6	16	14	10.58209	7.092413
7	16	14	8.457761	7.092413
8	16	14	7.9110756	7.092413
9	16	14	7.677333	7.092413
10	16	14	12.072621	7.092413
11	16	14	7.428822	7.092413
12	16	14	9.606058	7.092413
13	16	14	8.894893	7.092413
14	16	14	6.3118405	7.092413
15	16	14	10.170122	7.092413
16	16	14	7.4672575	7.092413
17	16	14	8.380839	7.092413
18	16	14	9.2010565	7.092413
19	16	14	8.829541	7.092413
20	16	14	8.762451	7.092413
21	16	14	7.2412176	7.092413
22	16	14	7.8883376	7.092413
23	16	14	7.3231635	7.092413
0	16	14	9.967047	7.1381893
1	16	14	8.9530945	7.1381893
2	16	14	7.031155	7.1381893
3	16	14	11.4475355	7.1381893
4	16	14	8.460008	7.1381893
5	16	14	7.8790555	7.1381893
6	16	14	10.58209	7.1381893
7	16	14	8.457761	7.1381893
8	16	14	7.9110756	7.1381893
9	16	14	7.677333	7.1381893
10	16	14	12.072621	7.1381893
11	16	14	7.428822	7.1381893
12	16	14	9.606058	7.1381893
13	16	14	8.894893	7.1381893
14	16	14	6.3118405	7.1381893
15	16	14	10.170122	7.1381893
16	16	14	7.4672575	7.1381893
17	16	14	8.380839	7.1381893
18	16	14	9.2010565	7.1381893
19	16	14	8.829541	7.1381893
20	16	14	8.762451	7.1381893
21	16	14	7.2412176	7.1381893
22	16	14	7.8883376	7.1381893
23	16	14	7.3231635	7.1381893
0	17	14	9.662216	7.1381893
1	17	14	9.168704	7.1381893
2	17	14	6.7875495	7.1381893
3	17	14	11.384165	7.1381893
4	17	14	7.7610717	7.1381893
5	17	14	7.565004	7.1381893
6	17	14	10.614304	7.1381893
7	17	14	7.855063	7.1381893
8	17	14	7.715293	7.1381893
9	17	14	7.5253234	7.1381893
10	17	14	11.694215	7.1381893
11	17	14	7.2320237	7.1381893
12	17	14	9.5638075	7.1381893
13	17	14	8.9099045	7.1381893
14	17	14	6.3383727	7.1381893
15	17	14	10.184022	7.1381893
16	17	14	7.634168	7.1381893
17	17	14	8.026502	7.1381893
18	17	14	9.374673	7.1381893
19	17	14	9.14957	7.1381893
20	17	14	9.001885	7.1381893
21	17	14	7.461347	7.1381893
22	17	14	8.206137	7.1381893
23	17	14	7.1515923	7.1381893
0	17	14	9.662216	7.050352
1	17	14	9.168704	7.050352
2	17	14	6.7875495	7.050352
3	17	14	11.384165	7.050352
4	17	14	7.7610717	7.050352
5	17	14	7.565004	7.050352
6	17	14	10.614304	7.050352
7	17	14	7.855063	7.050352
8	17	14	7.715293	7.050352
9	17	14	7.5253234	7.050352
10	17	14	11.694215	7.050352
11	17	14	7.2320237	7.050352
12	17	14	9.5638075	7.050352
13	17	14	8.9099045	7.050352
14	17	14	6.3383727	7.050352
15	17	14	10.184022	7.050352
16	17	14	7.634168	7.050352
17	17	14	8.026502	7.050352
18	17	14	9.374673	7.050352
19	17	14	9.14957	7.050352
20	17	14	9.001885	7.050352
21	17	14	7.461347	7.050352
22	17	14	8.206137	7.050352
23	17	14	7.1515923	7.050352
0	18	14	9.589712	7.050352
1	18	14	8.999638	7.050352
2	18	14	6.8782315	7.050352
3	18	14	11.289513	7.050352
4	18	14	8.027993	7.050352
5	18	14	7.553625	7.050352
6	18	14	10.676167	7.050352
7	18	14	8.029498	7.050352
8	18	14	7.5941477	7.050352
9	18	14	7.3707585	7.050352
10	18	14	11.608084	7.050352
11	18	14	7.1600237	7.050352
12	18	14	9.761403	7.050352
13	18	14	8.877709	7.050352
14	18	14	5.9272223	7.050352
15	18	14	10.044944	7.050352
16	18	14	7.7165217	7.050352
17	18	14	8.061284	7.050352
18	18	14	9.073898	7.050352
19	18	14	9.121753	7.050352
20	18	14	8.642868	7.050352
21	18	14	7.3336725	7.050352
22	18	14	8.077349	7.050352
23	18	14	7.1569214	7.050352
0	18	14	9.589712	7.0388784
1	18	14	8.999638	7.0388784
2	18	14	6.8782315	7.0388784
3	18	14	11.289513	7.0388784
4	18	14	8.027993	7.0388784
5	18	14	7.553625	7.0388784
6	18	14	10.676167	7.0388784
7	18	14	8.029498	7.0388784
8	18	14	7.5941477	7.0388784
9	18	14	7.3707585	7.0388784
10	18	14	11.608084	7.0388784
11	18	14	7.1600237	7.0388784
12	18	14	9.761403	7.0388784
13	18	14	8.877709	7.0388784
14	18	14	5.9272223	7.0388784
15	18	14	10.044944	7.0388784
16	18	14	7.7165217	7.0388784
17	18	14	8.061284	7.0388784
18	18	14	9.073898	7.0388784
19	18	14	9.121753	7.0388784
20	18	14	8.642868	7.0388784
21	18	14	7.3336725	7.0388784
22	18	14	8.077349	7.0388784
23	18	14	7.1569214	7.0388784
0	19	14	10.431124	7.0388784
1	19	14	9.189208	7.0388784
2	19	14	7.2690697	7.0388784
3	19	14	11.341016	7.0388784
4	19	14	8.104622	7.0388784
5	19	14	7.771066	7.0388784
6	19	14	11.100617	7.0388784
7	19	14	8.1975355	7.0388784
8	19	14	7.3430924	7.0388784
9	19	14	7.469714	7.0388784
10	19	14	11.666993	7.0388784
11	19	14	7.368715	7.0388784
12	19	14	10.0509405	7.0388784
13	19	14	8.517593	7.0388784
14	19	14	6.2290993	7.0388784
15	19	14	10.215589	7.0388784
16	19	14	7.8091745	7.0388784
17	19	14	8.335021	7.0388784
18	19	14	9.168186	7.0388784
19	19	14	9.311019	7.0388784
20	19	14	9.055629	7.0388784
21	19	14	7.7881784	7.0388784
22	19	14	8.013779	7.0388784
23	19	14	7.0666013	7.0388784
0	19	14	10.431124	7.169266
1	19	14	9.189208	7.169266
2	19	14	7.2690697	7.169266
3	19	14	11.341016	7.169266
4	19	14	8.104622	7.169266
5	19	14	7.771066	7.169266
6	19	14	11.100617	7.169266
7	19	14	8.1975355	7.169266
8	19	14	7.3430924	7.169266
9	19	14	7.469714	7.169266
10	19	14	11.666993	7.169266
11	19	14	7.368715	7.169266
12	19	14	10.0509405	7.169266
13	19	14	8.517593	7.169266
14	19	14	6.2290993	7.169266
15	19	14	10.215589	7.169266
16	19	14	7.8091745	7.169266
17	19	14	8.335021	7.169266
18	19	14	9.168186	7.169266
19	19	14	9.311019	7.169266
20	19	14	9.055629	7.169266
21	19	14	7.7881784	7.169266
22	19	14	8.013779	7.169266
23	19	14	7.0666013	7.169266
0	20	14	9.79147	7.169266
1	20	14	9.242114	7.169266
2	20	14	7.0076346	7.169266
3	20	14	11.346479	7.169266
4	20	14	7.554861	7.169266
5	20	14	7.72494	7.169266
6	20	14	10.520757	7.169266
7	20	14	8.131827	7.169266
8	20	14	7.9764457	7.169266
9	20	14	7.483061	7.169266
10	20	14	11.757342	7.169266
11	20	14	7.4767313	7.169266
12	20	14	8.997097	7.169266
13	20	14	8.611241	7.169266
14	20	14	6.2014284	7.169266
15	20	14	10.195365	7.169266
16	20	14	7.351533	7.169266
17	20	14	8.465273	7.169266
18	20	14	9.488032	7.169266
19	20	14	9.015997	7.169266
20	20	14	9.02601	7.169266
21	20	14	7.208062	7.169266
22	20	14	7.9257803	7.169266
23	20	14	7.092493	7.169266
0	20	14	9.79147	7.015534
1	20	14	9.242114	7.015534
2	20	14	7.0076346	7.015534
3	20	14	11.346479	7.015534
4	20	14	7.554861	7.015534
5	20	14	7.72494	7.015534
6	20	14	10.520757	7.015534
7	20	14	8.131827	7.015534
8	20	14	7.9764457	7.015534
9	20	14	7.483061	7.015534
10	20	14	11.757342	7.015534
11	20	14	7.4767313	7.015534
12	20	14	8.997097	7.015534
13	20	14	8.611241	7.015534
14	20	14	6.2014284	7.015534
15	20	14	10.195365	7.015534
16	20	14	7.351533	7.015534
17	20	14	8.465273	7.015534
18	20	14	9.488032	7.015534
19	20	14	9.015997	7.015534
20	20	14	9.02601	7.015534
21	20	14	7.208062	7.015534
22	20	14	7.9257803	7.015534
23	20	14	7.092493	7.015534
0	21	14	9.844651	7.015534
1	21	14	9.176899	7.015534
2	21	14	7.229176	7.015534
3	21	14	11.631012	7.015534
4	21	14	7.967126	7.015534
5	21	14	7.9222364	7.015534
6	21	14	11.210132	7.015534
7	21	14	8.144631	7.015534
8	21	14	7.6877155	7.015534
9	21	14	7.6311154	7.015534
10	21	14	11.471549	7.015534
11	21	14	7.6777015	7.015534
12	21	14	10.249725	7.015534
13	21	14	8.755243	7.015534
14	21	14	6.108917	7.015534
15	21	14	10.490693	7.015534
16	21	14	7.7307262	7.015534
17	21	14	8.363533	7.015534
18	21	14	9.441598	7.015534
19	21	14	9.264541	7.015534
20	21	14	8.898266	7.015534
21	21	14	7.4958496	7.015534
22	21	14	8.014841	7.015534
23	21	14	7.248159	7.015534
0	21	14	9.844651	7.163777
1	21	14	9.176899	7.163777
2	21	14	7.229176	7.163777
3	21	14	11.631012	7.163777
4	21	14	7.967126	7.163777
5	21	14	7.9222364	7.163777
6	21	14	11.210132	7.163777
7	21	14	8.144631	7.163777
8	21	14	7.6877155	7.163777
9	21	14	7.6311154	7.163777
10	21	14	11.471549	7.163777
11	21	14	7.6777015	7.163777
12	21	14	10.249725	7.163777
13	21	14	8.755243	7.163777
14	21	14	6.108917	7.163777
15	21	14	10.490693	7.163777
16	21	14	7.7307262	7.163777
17	21	14	8.363533	7.163777
18	21	14	9.441598	7.163777
19	21	14	9.264541	7.163777
20	21	14	8.898266	7.163777
21	21	14	7.4958496	7.163777
22	21	14	8.014841	7.163777
23	21	14	7.248159	7.163777
0	22	14	10.018488	7.163777
1	22	14	9.24941	7.163777
2	22	14	6.955057	7.163777
3	22	14	11.348279	7.163777
4	22	14	8.605809	7.163777
5	22	14	7.849031	7.163777
6	22	14	10.987637	7.163777
7	22	14	8.021022	7.163777
8	22	14	7.395711	7.163777
9	22	14	7.4739656	7.163777
10	22	14	11.906323	7.163777
11	22	14	7.3701344	7.163777
12	22	14	9.699141	7.163777
13	22	14	8.620526	7.163777
14	22	14	6.1933775	7.163777
15	22	14	9.812904	7.163777
16	22	14	7.4962525	7.163777
17	22	14	8.555218	7.163777
18	22	14	9.105382	7.163777
19	22	14	9.009704	7.163777
20	22	14	8.995441	7.163777
21	22	14	7.380178	7.163777
22	22	14	7.6867313	7.163777
23	22	14	7.042713	7.163777
0	22	14	10.018488	7.060455
1	22	14	9.24941	7.060455
2	22	14	6.955057	7.060455
3	22	14	11.348279	7.060455
4	22	14	8.605809	7.060455
5	22	14	7.849031	7.060455
6	22	14	10.987637	7.060455
7	22	14	8.021022	7.060455
8	22	14	7.395711	7.060455
9	22	14	7.4739656	7.060455
10	22	14	11.906323	7.060455
11	22	14	7.3701344	7.060455
12	22	14	9.699141	7.060455
13	22	14	8.620526	7.060455
14	22	14	6.1933775	7.060455
15	22	14	9.812904	7.060455
16	22	14	7.4962525	7.060455
17	22	14	8.555218	7.060455
18	22	14	9.105382	7.060455
19	22	14	9.009704	7.060455
20	22	14	8.995441	7.060455
21	22	14	7.380178	7.060455
22	22	14	7.6867313	7.060455
23	22	14	7.042713	7.060455
0	23	14	9.518451	7.060455
1	23	14	9.060467	7.060455
2	23	14	7.2083564	7.060455
3	23	14	11.322563	7.060455
4	23	14	7.912733	7.060455
5	23	14	7.7453146	7.060455
6	23	14	10.690119	7.060455
7	23	14	8.163632	7.060455
8	23	14	7.82015	7.060455
9	23	14	7.1648836	7.060455
10	23	14	11.565681	7.060455
11	23	14	7.3351297	7.060455
12	23	14	9.790245	7.060455
13	23	14	8.682793	7.060455
14	23	14	6.1439724	7.060455
15	23	14	10.329755	7.060455
16	23	14	7.647493	7.060455
17	23	14	8.305173	7.060455
18	23	14	9.30772	7.060455
19	23	14	9.2221985	7.060455
20	23	14	8.534299	7.060455
21	23	14	7.4846463	7.060455
22	23	14	8.17712	7.060455
23	23	14	7.047473	7.060455
0	23	14	9.518451	7.0873795
1	23	14	9.060467	7.0873795
2	23	14	7.2083564	7.0873795
3	23	14	11.322563	7.0873795
4	23	14	7.912733	7.0873795
5	23	14	7.7453146	7.0873795
6	23	14	10.690119	7.0873795
7	23	14	8.163632	7.0873795
8	23	14	7.82015	7.0873795
9	23	14	7.1648836	7.0873795
10	23	14	11.565681	7.0873795
11	23	14	7.3351297	7.0873795
12	23	14	9.790245	7.0873795
13	23	14	8.682793	7.0873795
14	23	14	6.1439724	7.0873795
15	23	14	10.329755	7.0873795
16	23	14	7.647493	7.0873795
17	23	14	8.305173	7.0873795
18	23	14	9.30772	7.0873795
19	23	14	9.2221985	7.0873795
20	23	14	8.534299	7.0873795
21	23	14	7.4846463	7.0873795
22	23	14	8.17712	7.0873795
23	23	14	7.047473	7.0873795
0	24	14	9.662216	7.0873795
1	24	14	9.168704	7.0873795
2	24	14	6.7875495	7.0873795
3	24	14	11.384165	7.0873795
4	24	14	7.7610717	7.0873795
5	24	14	7.565004	7.0873795
6	24	14	10.614304	7.0873795
7	24	14	7.855063	7.0873795
8	24	14	7.715293	7.0873795
9	24	14	7.5253234	7.0873795
10	24	14	11.694215	7.0873795
11	24	14	7.2320237	7.0873795
12	24	14	9.5638075	7.0873795
13	24	14	8.9099045	7.0873795
14	24	14	6.3383727	7.0873795
15	24	14	10.184022	7.0873795
16	24	14	7.634168	7.0873795
17	24	14	8.026502	7.0873795
18	24	14	9.374673	7.0873795
19	24	14	9.14957	7.0873795
20	24	14	9.001885	7.0873795
21	24	14	7.461347	7.0873795
22	24	14	8.206137	7.0873795
23	24	14	7.1515923	7.0873795
0	24	14	9.662216	7.050352
1	24	14	9.168704	7.050352
2	24	14	6.7875495	7.050352
3	24	14	11.384165	7.050352
4	24	14	7.7610717	7.050352
5	24	14	7.565004	7.050352
6	24	14	10.614304	7.050352
7	24	14	7.855063	7.050352
8	24	14	7.715293	7.050352
9	24	14	7.5253234	7.050352
10	24	14	11.694215	7.050352
11	24	14	7.2320237	7.050352
12	24	14	9.5638075	7.050352
13	24	14	8.9099045	7.050352
14	24	14	6.3383727	7.050352
15	24	14	10.184022	7.050352
16	24	14	7.634168	7.050352
17	24	14	8.026502	7.050352
18	24	14	9.374673	7.050352
19	24	14	9.14957	7.050352
20	24	14	9.001885	7.050352
21	24	14	7.461347	7.050352
22	24	14	8.206137	7.050352
23	24	14	7.1515923	7.050352
0	25	14	9.397794	7.050352
1	25	14	9.608595	7.050352
2	25	14	6.8711743	7.050352
3	25	14	11.471737	7.050352
4	25	14	8.4867325	7.050352
5	25	14	7.773743	7.050352
6	25	14	11.147464	7.050352
7	25	14	8.303993	7.050352
8	25	14	7.242049	7.050352
9	25	14	7.7484274	7.050352
10	25	14	11.9658575	7.050352
11	25	14	7.5647216	7.050352
12	25	14	9.676893	7.050352
13	25	14	8.87305	7.050352
14	25	14	6.2927628	7.050352
15	25	14	10.394187	7.050352
16	25	14	7.8284965	7.050352
17	25	14	8.621395	7.050352
18	25	14	9.292134	7.050352
19	25	14	9.058644	7.050352
20	25	14	8.742111	7.050352
21	25	14	7.138405	7.050352
22	25	14	8.134669	7.050352
23	25	14	7.3782744	7.050352
0	25	14	9.397794	7.1333394
1	25	14	9.608595	7.1333394
2	25	14	6.8711743	7.1333394
3	25	14	11.471737	7.1333394
4	25	14	8.4867325	7.1333394
5	25	14	7.773743	7.1333394
6	25	14	11.147464	7.1333394
7	25	14	8.303993	7.1333394
8	25	14	7.242049	7.1333394
9	25	14	7.7484274	7.1333394
10	25	14	11.9658575	7.1333394
11	25	14	7.5647216	7.1333394
12	25	14	9.676893	7.1333394
13	25	14	8.87305	7.1333394
14	25	14	6.2927628	7.1333394
15	25	14	10.394187	7.1333394
16	25	14	7.8284965	7.1333394
17	25	14	8.621395	7.1333394
18	25	14	9.292134	7.1333394
19	25	14	9.058644	7.1333394
20	25	14	8.742111	7.1333394
21	25	14	7.138405	7.1333394
22	25	14	8.134669	7.1333394
23	25	14	7.3782744	7.1333394
0	26	14	9.397794	7.1333394
1	26	14	9.608595	7.1333394
2	26	14	6.8711743	7.1333394
3	26	14	11.471737	7.1333394
4	26	14	8.4867325	7.1333394
5	26	14	7.773743	7.1333394
6	26	14	11.147464	7.1333394
7	26	14	8.303993	7.1333394
8	26	14	7.242049	7.1333394
9	26	14	7.7484274	7.1333394
10	26	14	11.9658575	7.1333394
11	26	14	7.5647216	7.1333394
12	26	14	9.676893	7.1333394
13	26	14	8.87305	7.1333394
14	26	14	6.2927628	7.1333394
15	26	14	10.394187	7.1333394
16	26	14	7.8284965	7.1333394
17	26	14	8.621395	7.1333394
18	26	14	9.292134	7.1333394
19	26	14	9.058644	7.1333394
20	26	14	8.742111	7.1333394
21	26	14	7.138405	7.1333394
22	26	14	8.134669	7.1333394
23	26	14	7.3782744	7.1333394
0	26	14	9.397794	7.1333394
1	26	14	9.608595	7.1333394
2	26	14	6.8711743	7.1333394
3	26	14	11.471737	7.1333394
4	26	14	8.4867325	7.1333394
5	26	14	7.773743	7.1333394
6	26	14	11.147464	7.1333394
7	26	14	8.303993	7.1333394
8	26	14	7.242049	7.1333394
9	26	14	7.7484274	7.1333394
10	26	14	11.9658575	7.1333394
11	26	14	7.5647216	7.1333394
12	26	14	9.676893	7.1333394
13	26	14	8.87305	7.1333394
14	26	14	6.2927628	7.1333394
15	26	14	10.394187	7.1333394
16	26	14	7.8284965	7.1333394
17	26	14	8.621395	7.1333394
18	26	14	9.292134	7.1333394
19	26	14	9.058644	7.1333394
20	26	14	8.742111	7.1333394
21	26	14	7.138405	7.1333394
22	26	14	8.134669	7.1333394
23	26	14	7.3782744	7.1333394
0	27	14	9.501772	7.1333394
1	27	14	9.20604	7.1333394
2	27	14	7.2017417	7.1333394
3	27	14	11.427915	7.1333394
4	27	14	7.9306417	7.1333394
5	27	14	7.730362	7.1333394
6	27	14	11.13228	7.1333394
7	27	14	8.153836	7.1333394
8	27	14	7.774914	7.1333394
9	27	14	7.710304	7.1333394
10	27	14	11.736833	7.1333394
11	27	14	7.2510557	7.1333394
12	27	14	9.586851	7.1333394
13	27	14	8.848641	7.1333394
14	27	14	6.019514	7.1333394
15	27	14	10.007829	7.1333394
16	27	14	7.5369067	7.1333394
17	27	14	8.489724	7.1333394
18	27	14	9.1879225	7.1333394
19	27	14	9.077672	7.1333394
20	27	14	9.249054	7.1333394
21	27	14	7.27752	7.1333394
22	27	14	7.7650294	7.1333394
23	27	14	7.102787	7.1333394
0	27	14	9.501772	7.0307236
1	27	14	9.20604	7.0307236
2	27	14	7.2017417	7.0307236
3	27	14	11.427915	7.0307236
4	27	14	7.9306417	7.0307236
5	27	14	7.730362	7.0307236
6	27	14	11.13228	7.0307236
7	27	14	8.153836	7.0307236
8	27	14	7.774914	7.0307236
9	27	14	7.710304	7.0307236
10	27	14	11.736833	7.0307236
11	27	14	7.2510557	7.0307236
12	27	14	9.586851	7.0307236
13	27	14	8.848641	7.0307236
14	27	14	6.019514	7.0307236
15	27	14	10.007829	7.0307236
16	27	14	7.5369067	7.0307236
17	27	14	8.489724	7.0307236
18	27	14	9.1879225	7.0307236
19	27	14	9.077672	7.0307236
20	27	14	9.249054	7.0307236
21	27	14	7.27752	7.0307236
22	27	14	7.7650294	7.0307236
23	27	14	7.102787	7.0307236
0	28	14	9.622121	7.0307236
1	28	14	9.387148	7.0307236
2	28	14	6.784606	7.0307236
3	28	14	11.55424	7.0307236
4	28	14	7.798457	7.0307236
5	28	14	7.963162	7.0307236
6	28	14	10.60144	7.0307236
7	28	14	8.09957	7.0307236
8	28	14	7.5955086	7.0307236
9	28	14	7.637706	7.0307236
10	28	14	11.52161	7.0307236
11	28	14	7.393025	7.0307236
12	28	14	10.089265	7.0307236
13	28	14	8.866307	7.0307236
14	28	14	5.64098	7.0307236
15	28	14	10.102289	7.0307236
16	28	14	7.6776886	7.0307236
17	28	14	8.083891	7.0307236
18	28	14	9.019743	7.0307236
19	28	14	9.134928	7.0307236
20	28	14	8.961378	7.0307236
21	28	14	6.9933314	7.0307236
22	28	14	7.896578	7.0307236
23	28	14	6.9964523	7.0307236
0	28	14	9.622121	6.974658
1	28	14	9.387148	6.974658
2	28	14	6.784606	6.974658
3	28	14	11.55424	6.974658
4	28	14	7.798457	6.974658
5	28	14	7.963162	6.974658
6	28	14	10.60144	6.974658
7	28	14	8.09957	6.974658
8	28	14	7.5955086	6.974658
9	28	14	7.637706	6.974658
10	28	14	11.52161	6.974658
11	28	14	7.393025	6.974658
12	28	14	10.089265	6.974658
13	28	14	8.866307	6.974658
14	28	14	5.64098	6.974658
15	28	14	10.102289	6.974658
16	28	14	7.6776886	6.974658
17	28	14	8.083891	6.974658
18	28	14	9.019743	6.974658
19	28	14	9.134928	6.974658
20	28	14	8.961378	6.974658
21	28	14	6.9933314	6.974658
22	28	14	7.896578	6.974658
23	28	14	6.9964523	6.974658
0	29	14	9.397794	6.974658
1	29	14	9.608595	6.974658
2	29	14	6.8711743	6.974658
3	29	14	11.471737	6.974658
4	29	14	8.4867325	6.974658
5	29	14	7.773743	6.974658
6	29	14	11.147464	6.974658
7	29	14	8.303993	6.974658
8	29	14	7.242049	6.974658
9	29	14	7.7484274	6.974658
10	29	14	11.9658575	6.974658
11	29	14	7.5647216	6.974658
12	29	14	9.676893	6.974658
13	29	14	8.87305	6.974658
14	29	14	6.2927628	6.974658
15	29	14	10.394187	6.974658
16	29	14	7.8284965	6.974658
17	29	14	8.621395	6.974658
18	29	14	9.292134	6.974658
19	29	14	9.058644	6.974658
20	29	14	8.742111	6.974658
21	29	14	7.138405	6.974658
22	29	14	8.134669	6.974658
23	29	14	7.3782744	6.974658
0	29	14	9.397794	7.1333394
1	29	14	9.608595	7.1333394
2	29	14	6.8711743	7.1333394
3	29	14	11.471737	7.1333394
4	29	14	8.4867325	7.1333394
5	29	14	7.773743	7.1333394
6	29	14	11.147464	7.1333394
7	29	14	8.303993	7.1333394
8	29	14	7.242049	7.1333394
9	29	14	7.7484274	7.1333394
10	29	14	11.9658575	7.1333394
11	29	14	7.5647216	7.1333394
12	29	14	9.676893	7.1333394
13	29	14	8.87305	7.1333394
14	29	14	6.2927628	7.1333394
15	29	14	10.394187	7.1333394
16	29	14	7.8284965	7.1333394
17	29	14	8.621395	7.1333394
18	29	14	9.292134	7.1333394
19	29	14	9.058644	7.1333394
20	29	14	8.742111	7.1333394
21	29	14	7.138405	7.1333394
22	29	14	8.134669	7.1333394
23	29	14	7.3782744	7.1333394
0	0	15	9.878748	7.1333394
1	0	15	9.072062	7.1333394
2	0	15	6.8409963	7.1333394
3	0	15	11.375085	7.1333394
4	0	15	8.427064	7.1333394
5	0	15	7.7875347	7.1333394
6	0	15	10.545696	7.1333394
7	0	15	8.29672	7.1333394
8	0	15	7.717962	7.1333394
9	0	15	7.464291	7.1333394
10	0	15	11.780863	7.1333394
11	0	15	7.457273	7.1333394
12	0	15	9.744676	7.1333394
13	0	15	8.764541	7.1333394
14	0	15	6.012759	7.1333394
15	0	15	10.305387	7.1333394
16	0	15	7.5532236	7.1333394
17	0	15	8.197367	7.1333394
18	0	15	9.067562	7.1333394
19	0	15	8.755139	7.1333394
20	0	15	8.888513	7.1333394
21	0	15	7.4529495	7.1333394
22	0	15	7.806159	7.1333394
23	0	15	7.1565976	7.1333394
0	0	15	9.878748	7.101552
1	0	15	9.072062	7.101552
2	0	15	6.8409963	7.101552
3	0	15	11.375085	7.101552
4	0	15	8.427064	7.101552
5	0	15	7.7875347	7.101552
6	0	15	10.545696	7.101552
7	0	15	8.29672	7.101552
8	0	15	7.717962	7.101552
9	0	15	7.464291	7.101552
10	0	15	11.780863	7.101552
11	0	15	7.457273	7.101552
12	0	15	9.744676	7.101552
13	0	15	8.764541	7.101552
14	0	15	6.012759	7.101552
15	0	15	10.305387	7.101552
16	0	15	7.5532236	7.101552
17	0	15	8.197367	7.101552
18	0	15	9.067562	7.101552
19	0	15	8.755139	7.101552
20	0	15	8.888513	7.101552
21	0	15	7.4529495	7.101552
22	0	15	7.806159	7.101552
23	0	15	7.1565976	7.101552
0	1	15	9.693794	7.101552
1	1	15	9.052673	7.101552
2	1	15	7.072722	7.101552
3	1	15	11.262867	7.101552
4	1	15	7.86768	7.101552
5	1	15	7.7013903	7.101552
6	1	15	10.590174	7.101552
7	1	15	8.30105	7.101552
8	1	15	7.8067756	7.101552
9	1	15	7.3229065	7.101552
10	1	15	11.6932	7.101552
11	1	15	7.3807125	7.101552
12	1	15	9.226257	7.101552
13	1	15	8.618117	7.101552
14	1	15	5.7835426	7.101552
15	1	15	10.040951	7.101552
16	1	15	7.423303	7.101552
17	1	15	8.457264	7.101552
18	1	15	9.114962	7.101552
19	1	15	8.965803	7.101552
20	1	15	8.706921	7.101552
21	1	15	7.1552486	7.101552
22	1	15	7.813939	7.101552
23	1	15	7.068061	7.101552
0	1	15	9.693794	7.00293
1	1	15	9.052673	7.00293
2	1	15	7.072722	7.00293
3	1	15	11.262867	7.00293
4	1	15	7.86768	7.00293
5	1	15	7.7013903	7.00293
6	1	15	10.590174	7.00293
7	1	15	8.30105	7.00293
8	1	15	7.8067756	7.00293
9	1	15	7.3229065	7.00293
10	1	15	11.6932	7.00293
11	1	15	7.3807125	7.00293
12	1	15	9.226257	7.00293
13	1	15	8.618117	7.00293
14	1	15	5.7835426	7.00293
15	1	15	10.040951	7.00293
16	1	15	7.423303	7.00293
17	1	15	8.457264	7.00293
18	1	15	9.114962	7.00293
19	1	15	8.965803	7.00293
20	1	15	8.706921	7.00293
21	1	15	7.1552486	7.00293
22	1	15	7.813939	7.00293
23	1	15	7.068061	7.00293
0	2	15	9.693794	7.00293
1	2	15	9.052673	7.00293
2	2	15	7.072722	7.00293
3	2	15	11.262867	7.00293
4	2	15	7.86768	7.00293
5	2	15	7.7013903	7.00293
6	2	15	10.590174	7.00293
7	2	15	8.30105	7.00293
8	2	15	7.8067756	7.00293
9	2	15	7.3229065	7.00293
10	2	15	11.6932	7.00293
11	2	15	7.3807125	7.00293
12	2	15	9.226257	7.00293
13	2	15	8.618117	7.00293
14	2	15	5.7835426	7.00293
15	2	15	10.040951	7.00293
16	2	15	7.423303	7.00293
17	2	15	8.457264	7.00293
18	2	15	9.114962	7.00293
19	2	15	8.965803	7.00293
20	2	15	8.706921	7.00293
21	2	15	7.1552486	7.00293
22	2	15	7.813939	7.00293
23	2	15	7.068061	7.00293
0	2	15	9.693794	7.00293
1	2	15	9.052673	7.00293
2	2	15	7.072722	7.00293
3	2	15	11.262867	7.00293
4	2	15	7.86768	7.00293
5	2	15	7.7013903	7.00293
6	2	15	10.590174	7.00293
7	2	15	8.30105	7.00293
8	2	15	7.8067756	7.00293
9	2	15	7.3229065	7.00293
10	2	15	11.6932	7.00293
11	2	15	7.3807125	7.00293
12	2	15	9.226257	7.00293
13	2	15	8.618117	7.00293
14	2	15	5.7835426	7.00293
15	2	15	10.040951	7.00293
16	2	15	7.423303	7.00293
17	2	15	8.457264	7.00293
18	2	15	9.114962	7.00293
19	2	15	8.965803	7.00293
20	2	15	8.706921	7.00293
21	2	15	7.1552486	7.00293
22	2	15	7.813939	7.00293
23	2	15	7.068061	7.00293
0	3	15	9.5395155	7.00293
1	3	15	9.348259	7.00293
2	3	15	6.7851706	7.00293
3	3	15	11.492616	7.00293
4	3	15	7.675782	7.00293
5	3	15	7.873198	7.00293
6	3	15	10.709781	7.00293
7	3	15	7.9849663	7.00293
8	3	15	7.6566005	7.00293
9	3	15	7.48663	7.00293
10	3	15	11.5688505	7.00293
11	3	15	7.467435	7.00293
12	3	15	9.876488	7.00293
13	3	15	8.807999	7.00293
14	3	15	5.648322	7.00293
15	3	15	10.080733	7.00293
16	3	15	7.5187626	7.00293
17	3	15	7.9975095	7.00293
18	3	15	8.919867	7.00293
19	3	15	8.888077	7.00293
20	3	15	8.8794155	7.00293
21	3	15	7.0350037	7.00293
22	3	15	7.795889	7.00293
23	3	15	7.040425	7.00293
0	3	15	9.5395155	6.974312
1	3	15	9.348259	6.974312
2	3	15	6.7851706	6.974312
3	3	15	11.492616	6.974312
4	3	15	7.675782	6.974312
5	3	15	7.873198	6.974312
6	3	15	10.709781	6.974312
7	3	15	7.9849663	6.974312
8	3	15	7.6566005	6.974312
9	3	15	7.48663	6.974312
10	3	15	11.5688505	6.974312
11	3	15	7.467435	6.974312
12	3	15	9.876488	6.974312
13	3	15	8.807999	6.974312
14	3	15	5.648322	6.974312
15	3	15	10.080733	6.974312
16	3	15	7.5187626	6.974312
17	3	15	7.9975095	6.974312
18	3	15	8.919867	6.974312
19	3	15	8.888077	6.974312
20	3	15	8.8794155	6.974312
21	3	15	7.0350037	6.974312
22	3	15	7.795889	6.974312
23	3	15	7.040425	6.974312
0	4	15	9.628048	6.974312
1	4	15	8.93792	6.974312
2	4	15	7.139818	6.974312
3	4	15	11.30161	6.974312
4	4	15	8.035539	6.974312
5	4	15	7.5831275	6.974312
6	4	15	10.685794	6.974312
7	4	15	7.9258223	6.974312
8	4	15	7.750598	6.974312
9	4	15	7.463367	6.974312
10	4	15	11.759363	6.974312
11	4	15	7.1652617	6.974312
12	4	15	9.835866	6.974312
13	4	15	8.802497	6.974312
14	4	15	5.9534364	6.974312
15	4	15	10.098219	6.974312
16	4	15	7.768127	6.974312
17	4	15	8.110333	6.974312
18	4	15	8.77232	6.974312
19	4	15	9.273142	6.974312
20	4	15	8.91082	6.974312
21	4	15	7.4861417	6.974312
22	4	15	7.8066173	6.974312
23	4	15	7.3350744	6.974312
0	4	15	9.628048	7.063413
1	4	15	8.93792	7.063413
2	4	15	7.139818	7.063413
3	4	15	11.30161	7.063413
4	4	15	8.035539	7.063413
5	4	15	7.5831275	7.063413
6	4	15	10.685794	7.063413
7	4	15	7.9258223	7.063413
8	4	15	7.750598	7.063413
9	4	15	7.463367	7.063413
10	4	15	11.759363	7.063413
11	4	15	7.1652617	7.063413
12	4	15	9.835866	7.063413
13	4	15	8.802497	7.063413
14	4	15	5.9534364	7.063413
15	4	15	10.098219	7.063413
16	4	15	7.768127	7.063413
17	4	15	8.110333	7.063413
18	4	15	8.77232	7.063413
19	4	15	9.273142	7.063413
20	4	15	8.91082	7.063413
21	4	15	7.4861417	7.063413
22	4	15	7.8066173	7.063413
23	4	15	7.3350744	7.063413
0	5	15	9.878748	7.063413
1	5	15	9.072062	7.063413
2	5	15	6.8409963	7.063413
3	5	15	11.375085	7.063413
4	5	15	8.427064	7.063413
5	5	15	7.7875347	7.063413
6	5	15	10.545696	7.063413
7	5	15	8.29672	7.063413
8	5	15	7.717962	7.063413
9	5	15	7.464291	7.063413
10	5	15	11.780863	7.063413
11	5	15	7.457273	7.063413
12	5	15	9.744676	7.063413
13	5	15	8.764541	7.063413
14	5	15	6.012759	7.063413
15	5	15	10.305387	7.063413
16	5	15	7.5532236	7.063413
17	5	15	8.197367	7.063413
18	5	15	9.067562	7.063413
19	5	15	8.755139	7.063413
20	5	15	8.888513	7.063413
21	5	15	7.4529495	7.063413
22	5	15	7.806159	7.063413
23	5	15	7.1565976	7.063413
0	5	15	9.878748	7.101552
1	5	15	9.072062	7.101552
2	5	15	6.8409963	7.101552
3	5	15	11.375085	7.101552
4	5	15	8.427064	7.101552
5	5	15	7.7875347	7.101552
6	5	15	10.545696	7.101552
7	5	15	8.29672	7.101552
8	5	15	7.717962	7.101552
9	5	15	7.464291	7.101552
10	5	15	11.780863	7.101552
11	5	15	7.457273	7.101552
12	5	15	9.744676	7.101552
13	5	15	8.764541	7.101552
14	5	15	6.012759	7.101552
15	5	15	10.305387	7.101552
16	5	15	7.5532236	7.101552
17	5	15	8.197367	7.101552
18	5	15	9.067562	7.101552
19	5	15	8.755139	7.101552
20	5	15	8.888513	7.101552
21	5	15	7.4529495	7.101552
22	5	15	7.806159	7.101552
23	5	15	7.1565976	7.101552
0	6	15	9.589712	7.101552
1	6	15	8.999638	7.101552
2	6	15	6.8782315	7.101552
3	6	15	11.289513	7.101552
4	6	15	8.027993	7.101552
5	6	15	7.553625	7.101552
6	6	15	10.676167	7.101552
7	6	15	8.029498	7.101552
8	6	15	7.5941477	7.101552
9	6	15	7.3707585	7.101552
10	6	15	11.608084	7.101552
11	6	15	7.1600237	7.101552
12	6	15	9.761403	7.101552
13	6	15	8.877709	7.101552
14	6	15	5.9272223	7.101552
15	6	15	10.044944	7.101552
16	6	15	7.7165217	7.101552
17	6	15	8.061284	7.101552
18	6	15	9.073898	7.101552
19	6	15	9.121753	7.101552
20	6	15	8.642868	7.101552
21	6	15	7.3336725	7.101552
22	6	15	8.077349	7.101552
23	6	15	7.1569214	7.101552
0	6	15	9.589712	7.0388784
1	6	15	8.999638	7.0388784
2	6	15	6.8782315	7.0388784
3	6	15	11.289513	7.0388784
4	6	15	8.027993	7.0388784
5	6	15	7.553625	7.0388784
6	6	15	10.676167	7.0388784
7	6	15	8.029498	7.0388784
8	6	15	7.5941477	7.0388784
9	6	15	7.3707585	7.0388784
10	6	15	11.608084	7.0388784
11	6	15	7.1600237	7.0388784
12	6	15	9.761403	7.0388784
13	6	15	8.877709	7.0388784
14	6	15	5.9272223	7.0388784
15	6	15	10.044944	7.0388784
16	6	15	7.7165217	7.0388784
17	6	15	8.061284	7.0388784
18	6	15	9.073898	7.0388784
19	6	15	9.121753	7.0388784
20	6	15	8.642868	7.0388784
21	6	15	7.3336725	7.0388784
22	6	15	8.077349	7.0388784
23	6	15	7.1569214	7.0388784
0	7	15	9.693794	7.0388784
1	7	15	9.052673	7.0388784
2	7	15	7.072722	7.0388784
3	7	15	11.262867	7.0388784
4	7	15	7.86768	7.0388784
5	7	15	7.7013903	7.0388784
6	7	15	10.590174	7.0388784
7	7	15	8.30105	7.0388784
8	7	15	7.8067756	7.0388784
9	7	15	7.3229065	7.0388784
10	7	15	11.6932	7.0388784
11	7	15	7.3807125	7.0388784
12	7	15	9.226257	7.0388784
13	7	15	8.618117	7.0388784
14	7	15	5.7835426	7.0388784
15	7	15	10.040951	7.0388784
16	7	15	7.423303	7.0388784
17	7	15	8.457264	7.0388784
18	7	15	9.114962	7.0388784
19	7	15	8.965803	7.0388784
20	7	15	8.706921	7.0388784
21	7	15	7.1552486	7.0388784
22	7	15	7.813939	7.0388784
23	7	15	7.068061	7.0388784
0	7	15	9.693794	7.00293
1	7	15	9.052673	7.00293
2	7	15	7.072722	7.00293
3	7	15	11.262867	7.00293
4	7	15	7.86768	7.00293
5	7	15	7.7013903	7.00293
6	7	15	10.590174	7.00293
7	7	15	8.30105	7.00293
8	7	15	7.8067756	7.00293
9	7	15	7.3229065	7.00293
10	7	15	11.6932	7.00293
11	7	15	7.3807125	7.00293
12	7	15	9.226257	7.00293
13	7	15	8.618117	7.00293
14	7	15	5.7835426	7.00293
15	7	15	10.040951	7.00293
16	7	15	7.423303	7.00293
17	7	15	8.457264	7.00293
18	7	15	9.114962	7.00293
19	7	15	8.965803	7.00293
20	7	15	8.706921	7.00293
21	7	15	7.1552486	7.00293
22	7	15	7.813939	7.00293
23	7	15	7.068061	7.00293
0	8	15	9.520106	7.00293
1	8	15	9.434462	7.00293
2	8	15	6.836676	7.00293
3	8	15	11.35389	7.00293
4	8	15	8.090416	7.00293
5	8	15	7.75052	7.00293
6	8	15	10.903712	7.00293
7	8	15	8.307846	7.00293
8	8	15	7.3109484	7.00293
9	8	15	7.534443	7.00293
10	8	15	11.767424	7.00293
11	8	15	7.4712386	7.00293
12	8	15	9.659351	7.00293
13	8	15	8.892432	7.00293
14	8	15	6.0802503	7.00293
15	8	15	10.430157	7.00293
16	8	15	7.900057	7.00293
17	8	15	8.284273	7.00293
18	8	15	9.138025	7.00293
19	8	15	9.262203	7.00293
20	8	15	8.52796	7.00293
21	8	15	7.1903996	7.00293
22	8	15	8.129643	7.00293
23	8	15	7.199925	7.00293
0	8	15	9.520106	7.1188855
1	8	15	9.434462	7.1188855
2	8	15	6.836676	7.1188855
3	8	15	11.35389	7.1188855
4	8	15	8.090416	7.1188855
5	8	15	7.75052	7.1188855
6	8	15	10.903712	7.1188855
7	8	15	8.307846	7.1188855
8	8	15	7.3109484	7.1188855
9	8	15	7.534443	7.1188855
10	8	15	11.767424	7.1188855
11	8	15	7.4712386	7.1188855
12	8	15	9.659351	7.1188855
13	8	15	8.892432	7.1188855
14	8	15	6.0802503	7.1188855
15	8	15	10.430157	7.1188855
16	8	15	7.900057	7.1188855
17	8	15	8.284273	7.1188855
18	8	15	9.138025	7.1188855
19	8	15	9.262203	7.1188855
20	8	15	8.52796	7.1188855
21	8	15	7.1903996	7.1188855
22	8	15	8.129643	7.1188855
23	8	15	7.199925	7.1188855
0	9	15	9.589712	7.1188855
1	9	15	8.999638	7.1188855
2	9	15	6.8782315	7.1188855
3	9	15	11.289513	7.1188855
4	9	15	8.027993	7.1188855
5	9	15	7.553625	7.1188855
6	9	15	10.676167	7.1188855
7	9	15	8.029498	7.1188855
8	9	15	7.5941477	7.1188855
9	9	15	7.3707585	7.1188855
10	9	15	11.608084	7.1188855
11	9	15	7.1600237	7.1188855
12	9	15	9.761403	7.1188855
13	9	15	8.877709	7.1188855
14	9	15	5.9272223	7.1188855
15	9	15	10.044944	7.1188855
16	9	15	7.7165217	7.1188855
17	9	15	8.061284	7.1188855
18	9	15	9.073898	7.1188855
19	9	15	9.121753	7.1188855
20	9	15	8.642868	7.1188855
21	9	15	7.3336725	7.1188855
22	9	15	8.077349	7.1188855
23	9	15	7.1569214	7.1188855
0	9	15	9.589712	7.0388784
1	9	15	8.999638	7.0388784
2	9	15	6.8782315	7.0388784
3	9	15	11.289513	7.0388784
4	9	15	8.027993	7.0388784
5	9	15	7.553625	7.0388784
6	9	15	10.676167	7.0388784
7	9	15	8.029498	7.0388784
8	9	15	7.5941477	7.0388784
9	9	15	7.3707585	7.0388784
10	9	15	11.608084	7.0388784
11	9	15	7.1600237	7.0388784
12	9	15	9.761403	7.0388784
13	9	15	8.877709	7.0388784
14	9	15	5.9272223	7.0388784
15	9	15	10.044944	7.0388784
16	9	15	7.7165217	7.0388784
17	9	15	8.061284	7.0388784
18	9	15	9.073898	7.0388784
19	9	15	9.121753	7.0388784
20	9	15	8.642868	7.0388784
21	9	15	7.3336725	7.0388784
22	9	15	8.077349	7.0388784
23	9	15	7.1569214	7.0388784
0	10	15	10.160725	7.0388784
1	10	15	9.093196	7.0388784
2	10	15	6.8923273	7.0388784
3	10	15	11.217779	7.0388784
4	10	15	8.209371	7.0388784
5	10	15	7.8233056	7.0388784
6	10	15	10.691879	7.0388784
7	10	15	8.054492	7.0388784
8	10	15	7.4195466	7.0388784
9	10	15	7.299198	7.0388784
10	10	15	11.665073	7.0388784
11	10	15	7.3156934	7.0388784
12	10	15	9.701522	7.0388784
13	10	15	8.562263	7.0388784
14	10	15	6.020513	7.0388784
15	10	15	9.91463	7.0388784
16	10	15	7.6010747	7.0388784
17	10	15	8.17444	7.0388784
18	10	15	8.933974	7.0388784
19	10	15	9.221896	7.0388784
20	10	15	8.731155	7.0388784
21	10	15	7.450789	7.0388784
22	10	15	7.6908875	7.0388784
23	10	15	6.926477	7.0388784
0	10	15	10.160725	7.053337
1	10	15	9.093196	7.053337
2	10	15	6.8923273	7.053337
3	10	15	11.217779	7.053337
4	10	15	8.209371	7.053337
5	10	15	7.8233056	7.053337
6	10	15	10.691879	7.053337
7	10	15	8.054492	7.053337
8	10	15	7.4195466	7.053337
9	10	15	7.299198	7.053337
10	10	15	11.665073	7.053337
11	10	15	7.3156934	7.053337
12	10	15	9.701522	7.053337
13	10	15	8.562263	7.053337
14	10	15	6.020513	7.053337
15	10	15	9.91463	7.053337
16	10	15	7.6010747	7.053337
17	10	15	8.17444	7.053337
18	10	15	8.933974	7.053337
19	10	15	9.221896	7.053337
20	10	15	8.731155	7.053337
21	10	15	7.450789	7.053337
22	10	15	7.6908875	7.053337
23	10	15	6.926477	7.053337
0	11	15	9.7364025	7.053337
1	11	15	9.040954	7.053337
2	11	15	6.8724794	7.053337
3	11	15	11.347815	7.053337
4	11	15	7.9102793	7.053337
5	11	15	7.696654	7.053337
6	11	15	10.549222	7.053337
7	11	15	8.1561575	7.053337
8	11	15	7.4258094	7.053337
9	11	15	7.55522	7.053337
10	11	15	11.549424	7.053337
11	11	15	7.1743665	7.053337
12	11	15	9.780887	7.053337
13	11	15	8.727842	7.053337
14	11	15	5.907477	7.053337
15	11	15	10.043391	7.053337
16	11	15	7.653501	7.053337
17	11	15	8.213781	7.053337
18	11	15	8.9888735	7.053337
19	11	15	9.256506	7.053337
20	11	15	8.737244	7.053337
21	11	15	7.1770797	7.053337
22	11	15	7.9223757	7.053337
23	11	15	6.984979	7.053337
0	11	15	9.7364025	7.0272355
1	11	15	9.040954	7.0272355
2	11	15	6.8724794	7.0272355
3	11	15	11.347815	7.0272355
4	11	15	7.9102793	7.0272355
5	11	15	7.696654	7.0272355
6	11	15	10.549222	7.0272355
7	11	15	8.1561575	7.0272355
8	11	15	7.4258094	7.0272355
9	11	15	7.55522	7.0272355
10	11	15	11.549424	7.0272355
11	11	15	7.1743665	7.0272355
12	11	15	9.780887	7.0272355
13	11	15	8.727842	7.0272355
14	11	15	5.907477	7.0272355
15	11	15	10.043391	7.0272355
16	11	15	7.653501	7.0272355
17	11	15	8.213781	7.0272355
18	11	15	8.9888735	7.0272355
19	11	15	9.256506	7.0272355
20	11	15	8.737244	7.0272355
21	11	15	7.1770797	7.0272355
22	11	15	7.9223757	7.0272355
23	11	15	6.984979	7.0272355
0	12	15	9.7364025	7.0272355
1	12	15	9.040954	7.0272355
2	12	15	6.8724794	7.0272355
3	12	15	11.347815	7.0272355
4	12	15	7.9102793	7.0272355
5	12	15	7.696654	7.0272355
6	12	15	10.549222	7.0272355
7	12	15	8.1561575	7.0272355
8	12	15	7.4258094	7.0272355
9	12	15	7.55522	7.0272355
10	12	15	11.549424	7.0272355
11	12	15	7.1743665	7.0272355
12	12	15	9.780887	7.0272355
13	12	15	8.727842	7.0272355
14	12	15	5.907477	7.0272355
15	12	15	10.043391	7.0272355
16	12	15	7.653501	7.0272355
17	12	15	8.213781	7.0272355
18	12	15	8.9888735	7.0272355
19	12	15	9.256506	7.0272355
20	12	15	8.737244	7.0272355
21	12	15	7.1770797	7.0272355
22	12	15	7.9223757	7.0272355
23	12	15	6.984979	7.0272355
0	12	15	9.7364025	7.0272355
1	12	15	9.040954	7.0272355
2	12	15	6.8724794	7.0272355
3	12	15	11.347815	7.0272355
4	12	15	7.9102793	7.0272355
5	12	15	7.696654	7.0272355
6	12	15	10.549222	7.0272355
7	12	15	8.1561575	7.0272355
8	12	15	7.4258094	7.0272355
9	12	15	7.55522	7.0272355
10	12	15	11.549424	7.0272355
11	12	15	7.1743665	7.0272355
12	12	15	9.780887	7.0272355
13	12	15	8.727842	7.0272355
14	12	15	5.907477	7.0272355
15	12	15	10.043391	7.0272355
16	12	15	7.653501	7.0272355
17	12	15	8.213781	7.0272355
18	12	15	8.9888735	7.0272355
19	12	15	9.256506	7.0272355
20	12	15	8.737244	7.0272355
21	12	15	7.1770797	7.0272355
22	12	15	7.9223757	7.0272355
23	12	15	6.984979	7.0272355
0	13	15	9.480805	7.0272355
1	13	15	9.154857	7.0272355
2	13	15	6.921447	7.0272355
3	13	15	11.421213	7.0272355
4	13	15	8.167388	7.0272355
5	13	15	7.6483917	7.0272355
6	13	15	10.905288	7.0272355
7	13	15	8.022909	7.0272355
8	13	15	7.499436	7.0272355
9	13	15	7.5659657	7.0272355
10	13	15	11.790638	7.0272355
11	13	15	7.324901	7.0272355
12	13	15	9.5995245	7.0272355
13	13	15	8.696734	7.0272355
14	13	15	6.041991	7.0272355
15	13	15	9.992434	7.0272355
16	13	15	7.425075	7.0272355
17	13	15	8.485863	7.0272355
18	13	15	9.132914	7.0272355
19	13	15	8.812433	7.0272355
20	13	15	8.927574	7.0272355
21	13	15	7.142004	7.0272355
22	13	15	7.8433695	7.0272355
23	13	15	7.164671	7.0272355
0	13	15	9.480805	7.033409
1	13	15	9.154857	7.033409
2	13	15	6.921447	7.033409
3	13	15	11.421213	7.033409
4	13	15	8.167388	7.033409
5	13	15	7.6483917	7.033409
6	13	15	10.905288	7.033409
7	13	15	8.022909	7.033409
8	13	15	7.499436	7.033409
9	13	15	7.5659657	7.033409
10	13	15	11.790638	7.033409
11	13	15	7.324901	7.033409
12	13	15	9.5995245	7.033409
13	13	15	8.696734	7.033409
14	13	15	6.041991	7.033409
15	13	15	9.992434	7.033409
16	13	15	7.425075	7.033409
17	13	15	8.485863	7.033409
18	13	15	9.132914	7.033409
19	13	15	8.812433	7.033409
20	13	15	8.927574	7.033409
21	13	15	7.142004	7.033409
22	13	15	7.8433695	7.033409
23	13	15	7.164671	7.033409
0	14	15	9.518451	7.033409
1	14	15	9.060467	7.033409
2	14	15	7.2083564	7.033409
3	14	15	11.322563	7.033409
4	14	15	7.912733	7.033409
5	14	15	7.7453146	7.033409
6	14	15	10.690119	7.033409
7	14	15	8.163632	7.033409
8	14	15	7.82015	7.033409
9	14	15	7.1648836	7.033409
10	14	15	11.565681	7.033409
11	14	15	7.3351297	7.033409
12	14	15	9.790245	7.033409
13	14	15	8.682793	7.033409
14	14	15	6.1439724	7.033409
15	14	15	10.329755	7.033409
16	14	15	7.647493	7.033409
17	14	15	8.305173	7.033409
18	14	15	9.30772	7.033409
19	14	15	9.2221985	7.033409
20	14	15	8.534299	7.033409
21	14	15	7.4846463	7.033409
22	14	15	8.17712	7.033409
23	14	15	7.047473	7.033409
0	14	15	9.518451	7.0873795
1	14	15	9.060467	7.0873795
2	14	15	7.2083564	7.0873795
3	14	15	11.322563	7.0873795
4	14	15	7.912733	7.0873795
5	14	15	7.7453146	7.0873795
6	14	15	10.690119	7.0873795
7	14	15	8.163632	7.0873795
8	14	15	7.82015	7.0873795
9	14	15	7.1648836	7.0873795
10	14	15	11.565681	7.0873795
11	14	15	7.3351297	7.0873795
12	14	15	9.790245	7.0873795
13	14	15	8.682793	7.0873795
14	14	15	6.1439724	7.0873795
15	14	15	10.329755	7.0873795
16	14	15	7.647493	7.0873795
17	14	15	8.305173	7.0873795
18	14	15	9.30772	7.0873795
19	14	15	9.2221985	7.0873795
20	14	15	8.534299	7.0873795
21	14	15	7.4846463	7.0873795
22	14	15	8.17712	7.0873795
23	14	15	7.047473	7.0873795
0	15	15	9.518451	7.0873795
1	15	15	9.060467	7.0873795
2	15	15	7.2083564	7.0873795
3	15	15	11.322563	7.0873795
4	15	15	7.912733	7.0873795
5	15	15	7.7453146	7.0873795
6	15	15	10.690119	7.0873795
7	15	15	8.163632	7.0873795
8	15	15	7.82015	7.0873795
9	15	15	7.1648836	7.0873795
10	15	15	11.565681	7.0873795
11	15	15	7.3351297	7.0873795
12	15	15	9.790245	7.0873795
13	15	15	8.682793	7.0873795
14	15	15	6.1439724	7.0873795
15	15	15	10.329755	7.0873795
16	15	15	7.647493	7.0873795
17	15	15	8.305173	7.0873795
18	15	15	9.30772	7.0873795
19	15	15	9.2221985	7.0873795
20	15	15	8.534299	7.0873795
21	15	15	7.4846463	7.0873795
22	15	15	8.17712	7.0873795
23	15	15	7.047473	7.0873795
0	15	15	9.518451	7.0873795
1	15	15	9.060467	7.0873795
2	15	15	7.2083564	7.0873795
3	15	15	11.322563	7.0873795
4	15	15	7.912733	7.0873795
5	15	15	7.7453146	7.0873795
6	15	15	10.690119	7.0873795
7	15	15	8.163632	7.0873795
8	15	15	7.82015	7.0873795
9	15	15	7.1648836	7.0873795
10	15	15	11.565681	7.0873795
11	15	15	7.3351297	7.0873795
12	15	15	9.790245	7.0873795
13	15	15	8.682793	7.0873795
14	15	15	6.1439724	7.0873795
15	15	15	10.329755	7.0873795
16	15	15	7.647493	7.0873795
17	15	15	8.305173	7.0873795
18	15	15	9.30772	7.0873795
19	15	15	9.2221985	7.0873795
20	15	15	8.534299	7.0873795
21	15	15	7.4846463	7.0873795
22	15	15	8.17712	7.0873795
23	15	15	7.047473	7.0873795
0	16	15	9.820076	7.0873795
1	16	15	9.10905	7.0873795
2	16	15	7.241347	7.0873795
3	16	15	11.447697	7.0873795
4	16	15	7.7750626	7.0873795
5	16	15	7.630621	7.0873795
6	16	15	11.029186	7.0873795
7	16	15	8.169456	7.0873795
8	16	15	7.4843965	7.0873795
9	16	15	7.5514874	7.0873795
10	16	15	11.572797	7.0873795
11	16	15	7.3181977	7.0873795
12	16	15	9.923521	7.0873795
13	16	15	8.600771	7.0873795
14	16	15	6.0914164	7.0873795
15	16	15	10.338915	7.0873795
16	16	15	7.6887493	7.0873795
17	16	15	8.277103	7.0873795
18	16	15	9.148464	7.0873795
19	16	15	9.084652	7.0873795
20	16	15	8.973969	7.0873795
21	16	15	7.4726305	7.0873795
22	16	15	8.171851	7.0873795
23	16	15	7.1556425	7.0873795
0	16	15	9.820076	7.1314054
1	16	15	9.10905	7.1314054
2	16	15	7.241347	7.1314054
3	16	15	11.447697	7.1314054
4	16	15	7.7750626	7.1314054
5	16	15	7.630621	7.1314054
6	16	15	11.029186	7.1314054
7	16	15	8.169456	7.1314054
8	16	15	7.4843965	7.1314054
9	16	15	7.5514874	7.1314054
10	16	15	11.572797	7.1314054
11	16	15	7.3181977	7.1314054
12	16	15	9.923521	7.1314054
13	16	15	8.600771	7.1314054
14	16	15	6.0914164	7.1314054
15	16	15	10.338915	7.1314054
16	16	15	7.6887493	7.1314054
17	16	15	8.277103	7.1314054
18	16	15	9.148464	7.1314054
19	16	15	9.084652	7.1314054
20	16	15	8.973969	7.1314054
21	16	15	7.4726305	7.1314054
22	16	15	8.171851	7.1314054
23	16	15	7.1556425	7.1314054
0	17	15	9.520106	7.1314054
1	17	15	9.434462	7.1314054
2	17	15	6.836676	7.1314054
3	17	15	11.35389	7.1314054
4	17	15	8.090416	7.1314054
5	17	15	7.75052	7.1314054
6	17	15	10.903712	7.1314054
7	17	15	8.307846	7.1314054
8	17	15	7.3109484	7.1314054
9	17	15	7.534443	7.1314054
10	17	15	11.767424	7.1314054
11	17	15	7.4712386	7.1314054
12	17	15	9.659351	7.1314054
13	17	15	8.892432	7.1314054
14	17	15	6.0802503	7.1314054
15	17	15	10.430157	7.1314054
16	17	15	7.900057	7.1314054
17	17	15	8.284273	7.1314054
18	17	15	9.138025	7.1314054
19	17	15	9.262203	7.1314054
20	17	15	8.52796	7.1314054
21	17	15	7.1903996	7.1314054
22	17	15	8.129643	7.1314054
23	17	15	7.199925	7.1314054
0	17	15	9.520106	7.1188855
1	17	15	9.434462	7.1188855
2	17	15	6.836676	7.1188855
3	17	15	11.35389	7.1188855
4	17	15	8.090416	7.1188855
5	17	15	7.75052	7.1188855
6	17	15	10.903712	7.1188855
7	17	15	8.307846	7.1188855
8	17	15	7.3109484	7.1188855
9	17	15	7.534443	7.1188855
10	17	15	11.767424	7.1188855
11	17	15	7.4712386	7.1188855
12	17	15	9.659351	7.1188855
13	17	15	8.892432	7.1188855
14	17	15	6.0802503	7.1188855
15	17	15	10.430157	7.1188855
16	17	15	7.900057	7.1188855
17	17	15	8.284273	7.1188855
18	17	15	9.138025	7.1188855
19	17	15	9.262203	7.1188855
20	17	15	8.52796	7.1188855
21	17	15	7.1903996	7.1188855
22	17	15	8.129643	7.1188855
23	17	15	7.199925	7.1188855
0	18	15	9.678532	7.1188855
1	18	15	9.189334	7.1188855
2	18	15	6.8014097	7.1188855
3	18	15	11.388799	7.1188855
4	18	15	7.535049	7.1188855
5	18	15	7.6757264	7.1188855
6	18	15	10.624822	7.1188855
7	18	15	7.906392	7.1188855
8	18	15	7.6933537	7.1188855
9	18	15	7.5411253	7.1188855
10	18	15	11.64615	7.1188855
11	18	15	7.333753	7.1188855
12	18	15	9.401591	7.1188855
13	18	15	8.648394	7.1188855
14	18	15	6.2967114	7.1188855
15	18	15	10.200968	7.1188855
16	18	15	7.4274063	7.1188855
17	18	15	8.105234	7.1188855
18	18	15	9.298536	7.1188855
19	18	15	9.052865	7.1188855
20	18	15	9.029883	7.1188855
21	18	15	7.2705545	7.1188855
22	18	15	7.946901	7.1188855
23	18	15	7.0559635	7.1188855
0	18	15	9.678532	7.038395
1	18	15	9.189334	7.038395
2	18	15	6.8014097	7.038395
3	18	15	11.388799	7.038395
4	18	15	7.535049	7.038395
5	18	15	7.6757264	7.038395
6	18	15	10.624822	7.038395
7	18	15	7.906392	7.038395
8	18	15	7.6933537	7.038395
9	18	15	7.5411253	7.038395
10	18	15	11.64615	7.038395
11	18	15	7.333753	7.038395
12	18	15	9.401591	7.038395
13	18	15	8.648394	7.038395
14	18	15	6.2967114	7.038395
15	18	15	10.200968	7.038395
16	18	15	7.4274063	7.038395
17	18	15	8.105234	7.038395
18	18	15	9.298536	7.038395
19	18	15	9.052865	7.038395
20	18	15	9.029883	7.038395
21	18	15	7.2705545	7.038395
22	18	15	7.946901	7.038395
23	18	15	7.0559635	7.038395
0	19	15	9.620352	7.038395
1	19	15	9.03437	7.038395
2	19	15	6.818196	7.038395
3	19	15	11.486113	7.038395
4	19	15	7.9867887	7.038395
5	19	15	7.876478	7.038395
6	19	15	10.773916	7.038395
7	19	15	8.00969	7.038395
8	19	15	7.6740494	7.038395
9	19	15	7.4720383	7.038395
10	19	15	11.476174	7.038395
11	19	15	7.612937	7.038395
12	19	15	9.846867	7.038395
13	19	15	8.787377	7.038395
14	19	15	5.8815627	7.038395
15	19	15	10.198802	7.038395
16	19	15	7.5756283	7.038395
17	19	15	8.193241	7.038395
18	19	15	9.245065	7.038395
19	19	15	9.170286	7.038395
20	19	15	8.623753	7.038395
21	19	15	7.2214346	7.038395
22	19	15	7.6768994	7.038395
23	19	15	7.1187487	7.038395
0	19	15	9.620352	7.048458
1	19	15	9.03437	7.048458
2	19	15	6.818196	7.048458
3	19	15	11.486113	7.048458
4	19	15	7.9867887	7.048458
5	19	15	7.876478	7.048458
6	19	15	10.773916	7.048458
7	19	15	8.00969	7.048458
8	19	15	7.6740494	7.048458
9	19	15	7.4720383	7.048458
10	19	15	11.476174	7.048458
11	19	15	7.612937	7.048458
12	19	15	9.846867	7.048458
13	19	15	8.787377	7.048458
14	19	15	5.8815627	7.048458
15	19	15	10.198802	7.048458
16	19	15	7.5756283	7.048458
17	19	15	8.193241	7.048458
18	19	15	9.245065	7.048458
19	19	15	9.170286	7.048458
20	19	15	8.623753	7.048458
21	19	15	7.2214346	7.048458
22	19	15	7.6768994	7.048458
23	19	15	7.1187487	7.048458
0	20	15	9.589712	7.048458
1	20	15	8.999638	7.048458
2	20	15	6.8782315	7.048458
3	20	15	11.289513	7.048458
4	20	15	8.027993	7.048458
5	20	15	7.553625	7.048458
6	20	15	10.676167	7.048458
7	20	15	8.029498	7.048458
8	20	15	7.5941477	7.048458
9	20	15	7.3707585	7.048458
10	20	15	11.608084	7.048458
11	20	15	7.1600237	7.048458
12	20	15	9.761403	7.048458
13	20	15	8.877709	7.048458
14	20	15	5.9272223	7.048458
15	20	15	10.044944	7.048458
16	20	15	7.7165217	7.048458
17	20	15	8.061284	7.048458
18	20	15	9.073898	7.048458
19	20	15	9.121753	7.048458
20	20	15	8.642868	7.048458
21	20	15	7.3336725	7.048458
22	20	15	8.077349	7.048458
23	20	15	7.1569214	7.048458
0	20	15	9.589712	7.0388784
1	20	15	8.999638	7.0388784
2	20	15	6.8782315	7.0388784
3	20	15	11.289513	7.0388784
4	20	15	8.027993	7.0388784
5	20	15	7.553625	7.0388784
6	20	15	10.676167	7.0388784
7	20	15	8.029498	7.0388784
8	20	15	7.5941477	7.0388784
9	20	15	7.3707585	7.0388784
10	20	15	11.608084	7.0388784
11	20	15	7.1600237	7.0388784
12	20	15	9.761403	7.0388784
13	20	15	8.877709	7.0388784
14	20	15	5.9272223	7.0388784
15	20	15	10.044944	7.0388784
16	20	15	7.7165217	7.0388784
17	20	15	8.061284	7.0388784
18	20	15	9.073898	7.0388784
19	20	15	9.121753	7.0388784
20	20	15	8.642868	7.0388784
21	20	15	7.3336725	7.0388784
22	20	15	8.077349	7.0388784
23	20	15	7.1569214	7.0388784
0	21	15	9.620352	7.0388784
1	21	15	9.03437	7.0388784
2	21	15	6.818196	7.0388784
3	21	15	11.486113	7.0388784
4	21	15	7.9867887	7.0388784
5	21	15	7.876478	7.0388784
6	21	15	10.773916	7.0388784
7	21	15	8.00969	7.0388784
8	21	15	7.6740494	7.0388784
9	21	15	7.4720383	7.0388784
10	21	15	11.476174	7.0388784
11	21	15	7.612937	7.0388784
12	21	15	9.846867	7.0388784
13	21	15	8.787377	7.0388784
14	21	15	5.8815627	7.0388784
15	21	15	10.198802	7.0388784
16	21	15	7.5756283	7.0388784
17	21	15	8.193241	7.0388784
18	21	15	9.245065	7.0388784
19	21	15	9.170286	7.0388784
20	21	15	8.623753	7.0388784
21	21	15	7.2214346	7.0388784
22	21	15	7.6768994	7.0388784
23	21	15	7.1187487	7.0388784
0	21	15	9.620352	7.048458
1	21	15	9.03437	7.048458
2	21	15	6.818196	7.048458
3	21	15	11.486113	7.048458
4	21	15	7.9867887	7.048458
5	21	15	7.876478	7.048458
6	21	15	10.773916	7.048458
7	21	15	8.00969	7.048458
8	21	15	7.6740494	7.048458
9	21	15	7.4720383	7.048458
10	21	15	11.476174	7.048458
11	21	15	7.612937	7.048458
12	21	15	9.846867	7.048458
13	21	15	8.787377	7.048458
14	21	15	5.8815627	7.048458
15	21	15	10.198802	7.048458
16	21	15	7.5756283	7.048458
17	21	15	8.193241	7.048458
18	21	15	9.245065	7.048458
19	21	15	9.170286	7.048458
20	21	15	8.623753	7.048458
21	21	15	7.2214346	7.048458
22	21	15	7.6768994	7.048458
23	21	15	7.1187487	7.048458
0	22	15	9.616849	7.048458
1	22	15	9.021385	7.048458
2	22	15	6.8797507	7.048458
3	22	15	11.310428	7.048458
4	22	15	7.8227887	7.048458
5	22	15	7.6445622	7.048458
6	22	15	10.663058	7.048458
7	22	15	8.055409	7.048458
8	22	15	7.530257	7.048458
9	22	15	7.392956	7.048458
10	22	15	11.591111	7.048458
11	22	15	7.2639213	7.048458
12	22	15	9.600561	7.048458
13	22	15	8.652285	7.048458
14	22	15	5.890374	7.048458
15	22	15	10.060147	7.048458
16	22	15	7.518598	7.048458
17	22	15	8.148168	7.048458
18	22	15	8.972212	7.048458
19	22	15	9.022176	7.048458
20	22	15	8.694019	7.048458
21	22	15	7.1895413	7.048458
22	22	15	7.832357	7.048458
23	22	15	7.02675	7.048458
0	22	15	9.616849	7.0262866
1	22	15	9.021385	7.0262866
2	22	15	6.8797507	7.0262866
3	22	15	11.310428	7.0262866
4	22	15	7.8227887	7.0262866
5	22	15	7.6445622	7.0262866
6	22	15	10.663058	7.0262866
7	22	15	8.055409	7.0262866
8	22	15	7.530257	7.0262866
9	22	15	7.392956	7.0262866
10	22	15	11.591111	7.0262866
11	22	15	7.2639213	7.0262866
12	22	15	9.600561	7.0262866
13	22	15	8.652285	7.0262866
14	22	15	5.890374	7.0262866
15	22	15	10.060147	7.0262866
16	22	15	7.518598	7.0262866
17	22	15	8.148168	7.0262866
18	22	15	8.972212	7.0262866
19	22	15	9.022176	7.0262866
20	22	15	8.694019	7.0262866
21	22	15	7.1895413	7.0262866
22	22	15	7.832357	7.0262866
23	22	15	7.02675	7.0262866
0	23	15	9.589712	7.0262866
1	23	15	8.999638	7.0262866
2	23	15	6.8782315	7.0262866
3	23	15	11.289513	7.0262866
4	23	15	8.027993	7.0262866
5	23	15	7.553625	7.0262866
6	23	15	10.676167	7.0262866
7	23	15	8.029498	7.0262866
8	23	15	7.5941477	7.0262866
9	23	15	7.3707585	7.0262866
10	23	15	11.608084	7.0262866
11	23	15	7.1600237	7.0262866
12	23	15	9.761403	7.0262866
13	23	15	8.877709	7.0262866
14	23	15	5.9272223	7.0262866
15	23	15	10.044944	7.0262866
16	23	15	7.7165217	7.0262866
17	23	15	8.061284	7.0262866
18	23	15	9.073898	7.0262866
19	23	15	9.121753	7.0262866
20	23	15	8.642868	7.0262866
21	23	15	7.3336725	7.0262866
22	23	15	8.077349	7.0262866
23	23	15	7.1569214	7.0262866
0	23	15	9.589712	7.0388784
1	23	15	8.999638	7.0388784
2	23	15	6.8782315	7.0388784
3	23	15	11.289513	7.0388784
4	23	15	8.027993	7.0388784
5	23	15	7.553625	7.0388784
6	23	15	10.676167	7.0388784
7	23	15	8.029498	7.0388784
8	23	15	7.5941477	7.0388784
9	23	15	7.3707585	7.0388784
10	23	15	11.608084	7.0388784
11	23	15	7.1600237	7.0388784
12	23	15	9.761403	7.0388784
13	23	15	8.877709	7.0388784
14	23	15	5.9272223	7.0388784
15	23	15	10.044944	7.0388784
16	23	15	7.7165217	7.0388784
17	23	15	8.061284	7.0388784
18	23	15	9.073898	7.0388784
19	23	15	9.121753	7.0388784
20	23	15	8.642868	7.0388784
21	23	15	7.3336725	7.0388784
22	23	15	8.077349	7.0388784
23	23	15	7.1569214	7.0388784
0	24	15	9.705003	7.0388784
1	24	15	8.965113	7.0388784
2	24	15	7.006302	7.0388784
3	24	15	11.356649	7.0388784
4	24	15	7.8012805	7.0388784
5	24	15	7.689957	7.0388784
6	24	15	10.6981735	7.0388784
7	24	15	8.188606	7.0388784
8	24	15	7.7091293	7.0388784
9	24	15	7.6474447	7.0388784
10	24	15	11.846421	7.0388784
11	24	15	7.2452555	7.0388784
12	24	15	9.473273	7.0388784
13	24	15	8.7602415	7.0388784
14	24	15	6.1447678	7.0388784
15	24	15	9.925043	7.0388784
16	24	15	7.4160733	7.0388784
17	24	15	8.327794	7.0388784
18	24	15	9.103349	7.0388784
19	24	15	9.104947	7.0388784
20	24	15	8.592077	7.0388784
21	24	15	6.971887	7.0388784
22	24	15	7.898189	7.0388784
23	24	15	7.163666	7.0388784
0	24	15	9.705003	7.0566726
1	24	15	8.965113	7.0566726
2	24	15	7.006302	7.0566726
3	24	15	11.356649	7.0566726
4	24	15	7.8012805	7.0566726
5	24	15	7.689957	7.0566726
6	24	15	10.6981735	7.0566726
7	24	15	8.188606	7.0566726
8	24	15	7.7091293	7.0566726
9	24	15	7.6474447	7.0566726
10	24	15	11.846421	7.0566726
11	24	15	7.2452555	7.0566726
12	24	15	9.473273	7.0566726
13	24	15	8.7602415	7.0566726
14	24	15	6.1447678	7.0566726
15	24	15	9.925043	7.0566726
16	24	15	7.4160733	7.0566726
17	24	15	8.327794	7.0566726
18	24	15	9.103349	7.0566726
19	24	15	9.104947	7.0566726
20	24	15	8.592077	7.0566726
21	24	15	6.971887	7.0566726
22	24	15	7.898189	7.0566726
23	24	15	7.163666	7.0566726
0	25	15	9.642891	7.0566726
1	25	15	9.047221	7.0566726
2	25	15	7.1281524	7.0566726
3	25	15	11.304573	7.0566726
4	25	15	7.5684166	7.0566726
5	25	15	7.7253895	7.0566726
6	25	15	10.9026575	7.0566726
7	25	15	8.169811	7.0566726
8	25	15	7.804613	7.0566726
9	25	15	7.5420237	7.0566726
10	25	15	11.520491	7.0566726
11	25	15	7.2173266	7.0566726
12	25	15	9.584362	7.0566726
13	25	15	8.813435	7.0566726
14	25	15	5.851097	7.0566726
15	25	15	10.083589	7.0566726
16	25	15	7.6290593	7.0566726
17	25	15	8.139067	7.0566726
18	25	15	8.984053	7.0566726
19	25	15	9.2144985	7.0566726
20	25	15	8.947792	7.0566726
21	25	15	7.3086195	7.0566726
22	25	15	7.746634	7.0566726
23	25	15	6.989305	7.0566726
0	25	15	9.642891	7.0204244
1	25	15	9.047221	7.0204244
2	25	15	7.1281524	7.0204244
3	25	15	11.304573	7.0204244
4	25	15	7.5684166	7.0204244
5	25	15	7.7253895	7.0204244
6	25	15	10.9026575	7.0204244
7	25	15	8.169811	7.0204244
8	25	15	7.804613	7.0204244
9	25	15	7.5420237	7.0204244
10	25	15	11.520491	7.0204244
11	25	15	7.2173266	7.0204244
12	25	15	9.584362	7.0204244
13	25	15	8.813435	7.0204244
14	25	15	5.851097	7.0204244
15	25	15	10.083589	7.0204244
16	25	15	7.6290593	7.0204244
17	25	15	8.139067	7.0204244
18	25	15	8.984053	7.0204244
19	25	15	9.2144985	7.0204244
20	25	15	8.947792	7.0204244
21	25	15	7.3086195	7.0204244
22	25	15	7.746634	7.0204244
23	25	15	6.989305	7.0204244
0	26	15	9.589712	7.0204244
1	26	15	8.999638	7.0204244
2	26	15	6.8782315	7.0204244
3	26	15	11.289513	7.0204244
4	26	15	8.027993	7.0204244
5	26	15	7.553625	7.0204244
6	26	15	10.676167	7.0204244
7	26	15	8.029498	7.0204244
8	26	15	7.5941477	7.0204244
9	26	15	7.3707585	7.0204244
10	26	15	11.608084	7.0204244
11	26	15	7.1600237	7.0204244
12	26	15	9.761403	7.0204244
13	26	15	8.877709	7.0204244
14	26	15	5.9272223	7.0204244
15	26	15	10.044944	7.0204244
16	26	15	7.7165217	7.0204244
17	26	15	8.061284	7.0204244
18	26	15	9.073898	7.0204244
19	26	15	9.121753	7.0204244
20	26	15	8.642868	7.0204244
21	26	15	7.3336725	7.0204244
22	26	15	8.077349	7.0204244
23	26	15	7.1569214	7.0204244
0	26	15	9.589712	7.0388784
1	26	15	8.999638	7.0388784
2	26	15	6.8782315	7.0388784
3	26	15	11.289513	7.0388784
4	26	15	8.027993	7.0388784
5	26	15	7.553625	7.0388784
6	26	15	10.676167	7.0388784
7	26	15	8.029498	7.0388784
8	26	15	7.5941477	7.0388784
9	26	15	7.3707585	7.0388784
10	26	15	11.608084	7.0388784
11	26	15	7.1600237	7.0388784
12	26	15	9.761403	7.0388784
13	26	15	8.877709	7.0388784
14	26	15	5.9272223	7.0388784
15	26	15	10.044944	7.0388784
16	26	15	7.7165217	7.0388784
17	26	15	8.061284	7.0388784
18	26	15	9.073898	7.0388784
19	26	15	9.121753	7.0388784
20	26	15	8.642868	7.0388784
21	26	15	7.3336725	7.0388784
22	26	15	8.077349	7.0388784
23	26	15	7.1569214	7.0388784
0	27	15	9.678532	7.0388784
1	27	15	9.189334	7.0388784
2	27	15	6.8014097	7.0388784
3	27	15	11.388799	7.0388784
4	27	15	7.535049	7.0388784
5	27	15	7.6757264	7.0388784
6	27	15	10.624822	7.0388784
7	27	15	7.906392	7.0388784
8	27	15	7.6933537	7.0388784
9	27	15	7.5411253	7.0388784
10	27	15	11.64615	7.0388784
11	27	15	7.333753	7.0388784
12	27	15	9.401591	7.0388784
13	27	15	8.648394	7.0388784
14	27	15	6.2967114	7.0388784
15	27	15	10.200968	7.0388784
16	27	15	7.4274063	7.0388784
17	27	15	8.105234	7.0388784
18	27	15	9.298536	7.0388784
19	27	15	9.052865	7.0388784
20	27	15	9.029883	7.0388784
21	27	15	7.2705545	7.0388784
22	27	15	7.946901	7.0388784
23	27	15	7.0559635	7.0388784
0	27	15	9.678532	7.038395
1	27	15	9.189334	7.038395
2	27	15	6.8014097	7.038395
3	27	15	11.388799	7.038395
4	27	15	7.535049	7.038395
5	27	15	7.6757264	7.038395
6	27	15	10.624822	7.038395
7	27	15	7.906392	7.038395
8	27	15	7.6933537	7.038395
9	27	15	7.5411253	7.038395
10	27	15	11.64615	7.038395
11	27	15	7.333753	7.038395
12	27	15	9.401591	7.038395
13	27	15	8.648394	7.038395
14	27	15	6.2967114	7.038395
15	27	15	10.200968	7.038395
16	27	15	7.4274063	7.038395
17	27	15	8.105234	7.038395
18	27	15	9.298536	7.038395
19	27	15	9.052865	7.038395
20	27	15	9.029883	7.038395
21	27	15	7.2705545	7.038395
22	27	15	7.946901	7.038395
23	27	15	7.0559635	7.038395
0	28	15	9.642891	7.038395
1	28	15	9.047221	7.038395
2	28	15	7.1281524	7.038395
3	28	15	11.304573	7.038395
4	28	15	7.5684166	7.038395
5	28	15	7.7253895	7.038395
6	28	15	10.9026575	7.038395
7	28	15	8.169811	7.038395
8	28	15	7.804613	7.038395
9	28	15	7.5420237	7.038395
10	28	15	11.520491	7.038395
11	28	15	7.2173266	7.038395
12	28	15	9.584362	7.038395
13	28	15	8.813435	7.038395
14	28	15	5.851097	7.038395
15	28	15	10.083589	7.038395
16	28	15	7.6290593	7.038395
17	28	15	8.139067	7.038395
18	28	15	8.984053	7.038395
19	28	15	9.2144985	7.038395
20	28	15	8.947792	7.038395
21	28	15	7.3086195	7.038395
22	28	15	7.746634	7.038395
23	28	15	6.989305	7.038395
0	28	15	9.642891	7.0204244
1	28	15	9.047221	7.0204244
2	28	15	7.1281524	7.0204244
3	28	15	11.304573	7.0204244
4	28	15	7.5684166	7.0204244
5	28	15	7.7253895	7.0204244
6	28	15	10.9026575	7.0204244
7	28	15	8.169811	7.0204244
8	28	15	7.804613	7.0204244
9	28	15	7.5420237	7.0204244
10	28	15	11.520491	7.0204244
11	28	15	7.2173266	7.0204244
12	28	15	9.584362	7.0204244
13	28	15	8.813435	7.0204244
14	28	15	5.851097	7.0204244
15	28	15	10.083589	7.0204244
16	28	15	7.6290593	7.0204244
17	28	15	8.139067	7.0204244
18	28	15	8.984053	7.0204244
19	28	15	9.2144985	7.0204244
20	28	15	8.947792	7.0204244
21	28	15	7.3086195	7.0204244
22	28	15	7.746634	7.0204244
23	28	15	6.989305	7.0204244
0	29	15	9.628048	7.0204244
1	29	15	8.93792	7.0204244
2	29	15	7.139818	7.0204244
3	29	15	11.30161	7.0204244
4	29	15	8.035539	7.0204244
5	29	15	7.5831275	7.0204244
6	29	15	10.685794	7.0204244
7	29	15	7.9258223	7.0204244
8	29	15	7.750598	7.0204244
9	29	15	7.463367	7.0204244
10	29	15	11.759363	7.0204244
11	29	15	7.1652617	7.0204244
12	29	15	9.835866	7.0204244
13	29	15	8.802497	7.0204244
14	29	15	5.9534364	7.0204244
15	29	15	10.098219	7.0204244
16	29	15	7.768127	7.0204244
17	29	15	8.110333	7.0204244
18	29	15	8.77232	7.0204244
19	29	15	9.273142	7.0204244
20	29	15	8.91082	7.0204244
21	29	15	7.4861417	7.0204244
22	29	15	7.8066173	7.0204244
23	29	15	7.3350744	7.0204244
0	29	15	9.628048	7.063413
1	29	15	8.93792	7.063413
2	29	15	7.139818	7.063413
3	29	15	11.30161	7.063413
4	29	15	8.035539	7.063413
5	29	15	7.5831275	7.063413
6	29	15	10.685794	7.063413
7	29	15	7.9258223	7.063413
8	29	15	7.750598	7.063413
9	29	15	7.463367	7.063413
10	29	15	11.759363	7.063413
11	29	15	7.1652617	7.063413
12	29	15	9.835866	7.063413
13	29	15	8.802497	7.063413
14	29	15	5.9534364	7.063413
15	29	15	10.098219	7.063413
16	29	15	7.768127	7.063413
17	29	15	8.110333	7.063413
18	29	15	8.77232	7.063413
19	29	15	9.273142	7.063413
20	29	15	8.91082	7.063413
21	29	15	7.4861417	7.063413
22	29	15	7.8066173	7.063413
23	29	15	7.3350744	7.063413
0	0	16	9.616849	7.063413
1	0	16	9.021385	7.063413
2	0	16	6.8797507	7.063413
3	0	16	11.310428	7.063413
4	0	16	7.8227887	7.063413
5	0	16	7.6445622	7.063413
6	0	16	10.663058	7.063413
7	0	16	8.055409	7.063413
8	0	16	7.530257	7.063413
9	0	16	7.392956	7.063413
10	0	16	11.591111	7.063413
11	0	16	7.2639213	7.063413
12	0	16	9.600561	7.063413
13	0	16	8.652285	7.063413
14	0	16	5.890374	7.063413
15	0	16	10.060147	7.063413
16	0	16	7.518598	7.063413
17	0	16	8.148168	7.063413
18	0	16	8.972212	7.063413
19	0	16	9.022176	7.063413
20	0	16	8.694019	7.063413
21	0	16	7.1895413	7.063413
22	0	16	7.832357	7.063413
23	0	16	7.02675	7.063413
0	0	16	9.616849	7.0262866
1	0	16	9.021385	7.0262866
2	0	16	6.8797507	7.0262866
3	0	16	11.310428	7.0262866
4	0	16	7.8227887	7.0262866
5	0	16	7.6445622	7.0262866
6	0	16	10.663058	7.0262866
7	0	16	8.055409	7.0262866
8	0	16	7.530257	7.0262866
9	0	16	7.392956	7.0262866
10	0	16	11.591111	7.0262866
11	0	16	7.2639213	7.0262866
12	0	16	9.600561	7.0262866
13	0	16	8.652285	7.0262866
14	0	16	5.890374	7.0262866
15	0	16	10.060147	7.0262866
16	0	16	7.518598	7.0262866
17	0	16	8.148168	7.0262866
18	0	16	8.972212	7.0262866
19	0	16	9.022176	7.0262866
20	0	16	8.694019	7.0262866
21	0	16	7.1895413	7.0262866
22	0	16	7.832357	7.0262866
23	0	16	7.02675	7.0262866
0	1	16	9.616849	7.0262866
1	1	16	9.021385	7.0262866
2	1	16	6.8797507	7.0262866
3	1	16	11.310428	7.0262866
4	1	16	7.8227887	7.0262866
5	1	16	7.6445622	7.0262866
6	1	16	10.663058	7.0262866
7	1	16	8.055409	7.0262866
8	1	16	7.530257	7.0262866
9	1	16	7.392956	7.0262866
10	1	16	11.591111	7.0262866
11	1	16	7.2639213	7.0262866
12	1	16	9.600561	7.0262866
13	1	16	8.652285	7.0262866
14	1	16	5.890374	7.0262866
15	1	16	10.060147	7.0262866
16	1	16	7.518598	7.0262866
17	1	16	8.148168	7.0262866
18	1	16	8.972212	7.0262866
19	1	16	9.022176	7.0262866
20	1	16	8.694019	7.0262866
21	1	16	7.1895413	7.0262866
22	1	16	7.832357	7.0262866
23	1	16	7.02675	7.0262866
0	1	16	9.616849	7.0262866
1	1	16	9.021385	7.0262866
2	1	16	6.8797507	7.0262866
3	1	16	11.310428	7.0262866
4	1	16	7.8227887	7.0262866
5	1	16	7.6445622	7.0262866
6	1	16	10.663058	7.0262866
7	1	16	8.055409	7.0262866
8	1	16	7.530257	7.0262866
9	1	16	7.392956	7.0262866
10	1	16	11.591111	7.0262866
11	1	16	7.2639213	7.0262866
12	1	16	9.600561	7.0262866
13	1	16	8.652285	7.0262866
14	1	16	5.890374	7.0262866
15	1	16	10.060147	7.0262866
16	1	16	7.518598	7.0262866
17	1	16	8.148168	7.0262866
18	1	16	8.972212	7.0262866
19	1	16	9.022176	7.0262866
20	1	16	8.694019	7.0262866
21	1	16	7.1895413	7.0262866
22	1	16	7.832357	7.0262866
23	1	16	7.02675	7.0262866
0	2	16	9.616849	7.0262866
1	2	16	9.021385	7.0262866
2	2	16	6.8797507	7.0262866
3	2	16	11.310428	7.0262866
4	2	16	7.8227887	7.0262866
5	2	16	7.6445622	7.0262866
6	2	16	10.663058	7.0262866
7	2	16	8.055409	7.0262866
8	2	16	7.530257	7.0262866
9	2	16	7.392956	7.0262866
10	2	16	11.591111	7.0262866
11	2	16	7.2639213	7.0262866
12	2	16	9.600561	7.0262866
13	2	16	8.652285	7.0262866
14	2	16	5.890374	7.0262866
15	2	16	10.060147	7.0262866
16	2	16	7.518598	7.0262866
17	2	16	8.148168	7.0262866
18	2	16	8.972212	7.0262866
19	2	16	9.022176	7.0262866
20	2	16	8.694019	7.0262866
21	2	16	7.1895413	7.0262866
22	2	16	7.832357	7.0262866
23	2	16	7.02675	7.0262866
0	2	16	9.616849	7.0262866
1	2	16	9.021385	7.0262866
2	2	16	6.8797507	7.0262866
3	2	16	11.310428	7.0262866
4	2	16	7.8227887	7.0262866
5	2	16	7.6445622	7.0262866
6	2	16	10.663058	7.0262866
7	2	16	8.055409	7.0262866
8	2	16	7.530257	7.0262866
9	2	16	7.392956	7.0262866
10	2	16	11.591111	7.0262866
11	2	16	7.2639213	7.0262866
12	2	16	9.600561	7.0262866
13	2	16	8.652285	7.0262866
14	2	16	5.890374	7.0262866
15	2	16	10.060147	7.0262866
16	2	16	7.518598	7.0262866
17	2	16	8.148168	7.0262866
18	2	16	8.972212	7.0262866
19	2	16	9.022176	7.0262866
20	2	16	8.694019	7.0262866
21	2	16	7.1895413	7.0262866
22	2	16	7.832357	7.0262866
23	2	16	7.02675	7.0262866
0	3	16	9.616849	7.0262866
1	3	16	9.021385	7.0262866
2	3	16	6.8797507	7.0262866
3	3	16	11.310428	7.0262866
4	3	16	7.8227887	7.0262866
5	3	16	7.6445622	7.0262866
6	3	16	10.663058	7.0262866
7	3	16	8.055409	7.0262866
8	3	16	7.530257	7.0262866
9	3	16	7.392956	7.0262866
10	3	16	11.591111	7.0262866
11	3	16	7.2639213	7.0262866
12	3	16	9.600561	7.0262866
13	3	16	8.652285	7.0262866
14	3	16	5.890374	7.0262866
15	3	16	10.060147	7.0262866
16	3	16	7.518598	7.0262866
17	3	16	8.148168	7.0262866
18	3	16	8.972212	7.0262866
19	3	16	9.022176	7.0262866
20	3	16	8.694019	7.0262866
21	3	16	7.1895413	7.0262866
22	3	16	7.832357	7.0262866
23	3	16	7.02675	7.0262866
0	3	16	9.616849	7.0262866
1	3	16	9.021385	7.0262866
2	3	16	6.8797507	7.0262866
3	3	16	11.310428	7.0262866
4	3	16	7.8227887	7.0262866
5	3	16	7.6445622	7.0262866
6	3	16	10.663058	7.0262866
7	3	16	8.055409	7.0262866
8	3	16	7.530257	7.0262866
9	3	16	7.392956	7.0262866
10	3	16	11.591111	7.0262866
11	3	16	7.2639213	7.0262866
12	3	16	9.600561	7.0262866
13	3	16	8.652285	7.0262866
14	3	16	5.890374	7.0262866
15	3	16	10.060147	7.0262866
16	3	16	7.518598	7.0262866
17	3	16	8.148168	7.0262866
18	3	16	8.972212	7.0262866
19	3	16	9.022176	7.0262866
20	3	16	8.694019	7.0262866
21	3	16	7.1895413	7.0262866
22	3	16	7.832357	7.0262866
23	3	16	7.02675	7.0262866
0	4	16	9.616849	7.0262866
1	4	16	9.021385	7.0262866
2	4	16	6.8797507	7.0262866
3	4	16	11.310428	7.0262866
4	4	16	7.8227887	7.0262866
5	4	16	7.6445622	7.0262866
6	4	16	10.663058	7.0262866
7	4	16	8.055409	7.0262866
8	4	16	7.530257	7.0262866
9	4	16	7.392956	7.0262866
10	4	16	11.591111	7.0262866
11	4	16	7.2639213	7.0262866
12	4	16	9.600561	7.0262866
13	4	16	8.652285	7.0262866
14	4	16	5.890374	7.0262866
15	4	16	10.060147	7.0262866
16	4	16	7.518598	7.0262866
17	4	16	8.148168	7.0262866
18	4	16	8.972212	7.0262866
19	4	16	9.022176	7.0262866
20	4	16	8.694019	7.0262866
21	4	16	7.1895413	7.0262866
22	4	16	7.832357	7.0262866
23	4	16	7.02675	7.0262866
0	4	16	9.616849	7.0262866
1	4	16	9.021385	7.0262866
2	4	16	6.8797507	7.0262866
3	4	16	11.310428	7.0262866
4	4	16	7.8227887	7.0262866
5	4	16	7.6445622	7.0262866
6	4	16	10.663058	7.0262866
7	4	16	8.055409	7.0262866
8	4	16	7.530257	7.0262866
9	4	16	7.392956	7.0262866
10	4	16	11.591111	7.0262866
11	4	16	7.2639213	7.0262866
12	4	16	9.600561	7.0262866
13	4	16	8.652285	7.0262866
14	4	16	5.890374	7.0262866
15	4	16	10.060147	7.0262866
16	4	16	7.518598	7.0262866
17	4	16	8.148168	7.0262866
18	4	16	8.972212	7.0262866
19	4	16	9.022176	7.0262866
20	4	16	8.694019	7.0262866
21	4	16	7.1895413	7.0262866
22	4	16	7.832357	7.0262866
23	4	16	7.02675	7.0262866
0	5	16	9.616849	7.0262866
1	5	16	9.021385	7.0262866
2	5	16	6.8797507	7.0262866
3	5	16	11.310428	7.0262866
4	5	16	7.8227887	7.0262866
5	5	16	7.6445622	7.0262866
6	5	16	10.663058	7.0262866
7	5	16	8.055409	7.0262866
8	5	16	7.530257	7.0262866
9	5	16	7.392956	7.0262866
10	5	16	11.591111	7.0262866
11	5	16	7.2639213	7.0262866
12	5	16	9.600561	7.0262866
13	5	16	8.652285	7.0262866
14	5	16	5.890374	7.0262866
15	5	16	10.060147	7.0262866
16	5	16	7.518598	7.0262866
17	5	16	8.148168	7.0262866
18	5	16	8.972212	7.0262866
19	5	16	9.022176	7.0262866
20	5	16	8.694019	7.0262866
21	5	16	7.1895413	7.0262866
22	5	16	7.832357	7.0262866
23	5	16	7.02675	7.0262866
0	5	16	9.616849	7.0262866
1	5	16	9.021385	7.0262866
2	5	16	6.8797507	7.0262866
3	5	16	11.310428	7.0262866
4	5	16	7.8227887	7.0262866
5	5	16	7.6445622	7.0262866
6	5	16	10.663058	7.0262866
7	5	16	8.055409	7.0262866
8	5	16	7.530257	7.0262866
9	5	16	7.392956	7.0262866
10	5	16	11.591111	7.0262866
11	5	16	7.2639213	7.0262866
12	5	16	9.600561	7.0262866
13	5	16	8.652285	7.0262866
14	5	16	5.890374	7.0262866
15	5	16	10.060147	7.0262866
16	5	16	7.518598	7.0262866
17	5	16	8.148168	7.0262866
18	5	16	8.972212	7.0262866
19	5	16	9.022176	7.0262866
20	5	16	8.694019	7.0262866
21	5	16	7.1895413	7.0262866
22	5	16	7.832357	7.0262866
23	5	16	7.02675	7.0262866
0	6	16	9.616849	7.0262866
1	6	16	9.021385	7.0262866
2	6	16	6.8797507	7.0262866
3	6	16	11.310428	7.0262866
4	6	16	7.8227887	7.0262866
5	6	16	7.6445622	7.0262866
6	6	16	10.663058	7.0262866
7	6	16	8.055409	7.0262866
8	6	16	7.530257	7.0262866
9	6	16	7.392956	7.0262866
10	6	16	11.591111	7.0262866
11	6	16	7.2639213	7.0262866
12	6	16	9.600561	7.0262866
13	6	16	8.652285	7.0262866
14	6	16	5.890374	7.0262866
15	6	16	10.060147	7.0262866
16	6	16	7.518598	7.0262866
17	6	16	8.148168	7.0262866
18	6	16	8.972212	7.0262866
19	6	16	9.022176	7.0262866
20	6	16	8.694019	7.0262866
21	6	16	7.1895413	7.0262866
22	6	16	7.832357	7.0262866
23	6	16	7.02675	7.0262866
0	6	16	9.616849	7.0262866
1	6	16	9.021385	7.0262866
2	6	16	6.8797507	7.0262866
3	6	16	11.310428	7.0262866
4	6	16	7.8227887	7.0262866
5	6	16	7.6445622	7.0262866
6	6	16	10.663058	7.0262866
7	6	16	8.055409	7.0262866
8	6	16	7.530257	7.0262866
9	6	16	7.392956	7.0262866
10	6	16	11.591111	7.0262866
11	6	16	7.2639213	7.0262866
12	6	16	9.600561	7.0262866
13	6	16	8.652285	7.0262866
14	6	16	5.890374	7.0262866
15	6	16	10.060147	7.0262866
16	6	16	7.518598	7.0262866
17	6	16	8.148168	7.0262866
18	6	16	8.972212	7.0262866
19	6	16	9.022176	7.0262866
20	6	16	8.694019	7.0262866
21	6	16	7.1895413	7.0262866
22	6	16	7.832357	7.0262866
23	6	16	7.02675	7.0262866
0	7	16	9.616849	7.0262866
1	7	16	9.021385	7.0262866
2	7	16	6.8797507	7.0262866
3	7	16	11.310428	7.0262866
4	7	16	7.8227887	7.0262866
5	7	16	7.6445622	7.0262866
6	7	16	10.663058	7.0262866
7	7	16	8.055409	7.0262866
8	7	16	7.530257	7.0262866
9	7	16	7.392956	7.0262866
10	7	16	11.591111	7.0262866
11	7	16	7.2639213	7.0262866
12	7	16	9.600561	7.0262866
13	7	16	8.652285	7.0262866
14	7	16	5.890374	7.0262866
15	7	16	10.060147	7.0262866
16	7	16	7.518598	7.0262866
17	7	16	8.148168	7.0262866
18	7	16	8.972212	7.0262866
19	7	16	9.022176	7.0262866
20	7	16	8.694019	7.0262866
21	7	16	7.1895413	7.0262866
22	7	16	7.832357	7.0262866
23	7	16	7.02675	7.0262866
0	7	16	9.616849	7.0262866
1	7	16	9.021385	7.0262866
2	7	16	6.8797507	7.0262866
3	7	16	11.310428	7.0262866
4	7	16	7.8227887	7.0262866
5	7	16	7.6445622	7.0262866
6	7	16	10.663058	7.0262866
7	7	16	8.055409	7.0262866
8	7	16	7.530257	7.0262866
9	7	16	7.392956	7.0262866
10	7	16	11.591111	7.0262866
11	7	16	7.2639213	7.0262866
12	7	16	9.600561	7.0262866
13	7	16	8.652285	7.0262866
14	7	16	5.890374	7.0262866
15	7	16	10.060147	7.0262866
16	7	16	7.518598	7.0262866
17	7	16	8.148168	7.0262866
18	7	16	8.972212	7.0262866
19	7	16	9.022176	7.0262866
20	7	16	8.694019	7.0262866
21	7	16	7.1895413	7.0262866
22	7	16	7.832357	7.0262866
23	7	16	7.02675	7.0262866
0	8	16	9.616849	7.0262866
1	8	16	9.021385	7.0262866
2	8	16	6.8797507	7.0262866
3	8	16	11.310428	7.0262866
4	8	16	7.8227887	7.0262866
5	8	16	7.6445622	7.0262866
6	8	16	10.663058	7.0262866
7	8	16	8.055409	7.0262866
8	8	16	7.530257	7.0262866
9	8	16	7.392956	7.0262866
10	8	16	11.591111	7.0262866
11	8	16	7.2639213	7.0262866
12	8	16	9.600561	7.0262866
13	8	16	8.652285	7.0262866
14	8	16	5.890374	7.0262866
15	8	16	10.060147	7.0262866
16	8	16	7.518598	7.0262866
17	8	16	8.148168	7.0262866
18	8	16	8.972212	7.0262866
19	8	16	9.022176	7.0262866
20	8	16	8.694019	7.0262866
21	8	16	7.1895413	7.0262866
22	8	16	7.832357	7.0262866
23	8	16	7.02675	7.0262866
0	8	16	9.616849	7.0262866
1	8	16	9.021385	7.0262866
2	8	16	6.8797507	7.0262866
3	8	16	11.310428	7.0262866
4	8	16	7.8227887	7.0262866
5	8	16	7.6445622	7.0262866
6	8	16	10.663058	7.0262866
7	8	16	8.055409	7.0262866
8	8	16	7.530257	7.0262866
9	8	16	7.392956	7.0262866
10	8	16	11.591111	7.0262866
11	8	16	7.2639213	7.0262866
12	8	16	9.600561	7.0262866
13	8	16	8.652285	7.0262866
14	8	16	5.890374	7.0262866
15	8	16	10.060147	7.0262866
16	8	16	7.518598	7.0262866
17	8	16	8.148168	7.0262866
18	8	16	8.972212	7.0262866
19	8	16	9.022176	7.0262866
20	8	16	8.694019	7.0262866
21	8	16	7.1895413	7.0262866
22	8	16	7.832357	7.0262866
23	8	16	7.02675	7.0262866
0	9	16	9.616849	7.0262866
1	9	16	9.021385	7.0262866
2	9	16	6.8797507	7.0262866
3	9	16	11.310428	7.0262866
4	9	16	7.8227887	7.0262866
5	9	16	7.6445622	7.0262866
6	9	16	10.663058	7.0262866
7	9	16	8.055409	7.0262866
8	9	16	7.530257	7.0262866
9	9	16	7.392956	7.0262866
10	9	16	11.591111	7.0262866
11	9	16	7.2639213	7.0262866
12	9	16	9.600561	7.0262866
13	9	16	8.652285	7.0262866
14	9	16	5.890374	7.0262866
15	9	16	10.060147	7.0262866
16	9	16	7.518598	7.0262866
17	9	16	8.148168	7.0262866
18	9	16	8.972212	7.0262866
19	9	16	9.022176	7.0262866
20	9	16	8.694019	7.0262866
21	9	16	7.1895413	7.0262866
22	9	16	7.832357	7.0262866
23	9	16	7.02675	7.0262866
0	9	16	9.616849	7.0262866
1	9	16	9.021385	7.0262866
2	9	16	6.8797507	7.0262866
3	9	16	11.310428	7.0262866
4	9	16	7.8227887	7.0262866
5	9	16	7.6445622	7.0262866
6	9	16	10.663058	7.0262866
7	9	16	8.055409	7.0262866
8	9	16	7.530257	7.0262866
9	9	16	7.392956	7.0262866
10	9	16	11.591111	7.0262866
11	9	16	7.2639213	7.0262866
12	9	16	9.600561	7.0262866
13	9	16	8.652285	7.0262866
14	9	16	5.890374	7.0262866
15	9	16	10.060147	7.0262866
16	9	16	7.518598	7.0262866
17	9	16	8.148168	7.0262866
18	9	16	8.972212	7.0262866
19	9	16	9.022176	7.0262866
20	9	16	8.694019	7.0262866
21	9	16	7.1895413	7.0262866
22	9	16	7.832357	7.0262866
23	9	16	7.02675	7.0262866
0	10	16	9.616849	7.0262866
1	10	16	9.021385	7.0262866
2	10	16	6.8797507	7.0262866
3	10	16	11.310428	7.0262866
4	10	16	7.8227887	7.0262866
5	10	16	7.6445622	7.0262866
6	10	16	10.663058	7.0262866
7	10	16	8.055409	7.0262866
8	10	16	7.530257	7.0262866
9	10	16	7.392956	7.0262866
10	10	16	11.591111	7.0262866
11	10	16	7.2639213	7.0262866
12	10	16	9.600561	7.0262866
13	10	16	8.652285	7.0262866
14	10	16	5.890374	7.0262866
15	10	16	10.060147	7.0262866
16	10	16	7.518598	7.0262866
17	10	16	8.148168	7.0262866
18	10	16	8.972212	7.0262866
19	10	16	9.022176	7.0262866
20	10	16	8.694019	7.0262866
21	10	16	7.1895413	7.0262866
22	10	16	7.832357	7.0262866
23	10	16	7.02675	7.0262866
0	10	16	9.616849	7.0262866
1	10	16	9.021385	7.0262866
2	10	16	6.8797507	7.0262866
3	10	16	11.310428	7.0262866
4	10	16	7.8227887	7.0262866
5	10	16	7.6445622	7.0262866
6	10	16	10.663058	7.0262866
7	10	16	8.055409	7.0262866
8	10	16	7.530257	7.0262866
9	10	16	7.392956	7.0262866
10	10	16	11.591111	7.0262866
11	10	16	7.2639213	7.0262866
12	10	16	9.600561	7.0262866
13	10	16	8.652285	7.0262866
14	10	16	5.890374	7.0262866
15	10	16	10.060147	7.0262866
16	10	16	7.518598	7.0262866
17	10	16	8.148168	7.0262866
18	10	16	8.972212	7.0262866
19	10	16	9.022176	7.0262866
20	10	16	8.694019	7.0262866
21	10	16	7.1895413	7.0262866
22	10	16	7.832357	7.0262866
23	10	16	7.02675	7.0262866
0	11	16	9.616849	7.0262866
1	11	16	9.021385	7.0262866
2	11	16	6.8797507	7.0262866
3	11	16	11.310428	7.0262866
4	11	16	7.8227887	7.0262866
5	11	16	7.6445622	7.0262866
6	11	16	10.663058	7.0262866
7	11	16	8.055409	7.0262866
8	11	16	7.530257	7.0262866
9	11	16	7.392956	7.0262866
10	11	16	11.591111	7.0262866
11	11	16	7.2639213	7.0262866
12	11	16	9.600561	7.0262866
13	11	16	8.652285	7.0262866
14	11	16	5.890374	7.0262866
15	11	16	10.060147	7.0262866
16	11	16	7.518598	7.0262866
17	11	16	8.148168	7.0262866
18	11	16	8.972212	7.0262866
19	11	16	9.022176	7.0262866
20	11	16	8.694019	7.0262866
21	11	16	7.1895413	7.0262866
22	11	16	7.832357	7.0262866
23	11	16	7.02675	7.0262866
0	11	16	9.616849	7.0262866
1	11	16	9.021385	7.0262866
2	11	16	6.8797507	7.0262866
3	11	16	11.310428	7.0262866
4	11	16	7.8227887	7.0262866
5	11	16	7.6445622	7.0262866
6	11	16	10.663058	7.0262866
7	11	16	8.055409	7.0262866
8	11	16	7.530257	7.0262866
9	11	16	7.392956	7.0262866
10	11	16	11.591111	7.0262866
11	11	16	7.2639213	7.0262866
12	11	16	9.600561	7.0262866
13	11	16	8.652285	7.0262866
14	11	16	5.890374	7.0262866
15	11	16	10.060147	7.0262866
16	11	16	7.518598	7.0262866
17	11	16	8.148168	7.0262866
18	11	16	8.972212	7.0262866
19	11	16	9.022176	7.0262866
20	11	16	8.694019	7.0262866
21	11	16	7.1895413	7.0262866
22	11	16	7.832357	7.0262866
23	11	16	7.02675	7.0262866
0	12	16	9.616849	7.0262866
1	12	16	9.021385	7.0262866
2	12	16	6.8797507	7.0262866
3	12	16	11.310428	7.0262866
4	12	16	7.8227887	7.0262866
5	12	16	7.6445622	7.0262866
6	12	16	10.663058	7.0262866
7	12	16	8.055409	7.0262866
8	12	16	7.530257	7.0262866
9	12	16	7.392956	7.0262866
10	12	16	11.591111	7.0262866
11	12	16	7.2639213	7.0262866
12	12	16	9.600561	7.0262866
13	12	16	8.652285	7.0262866
14	12	16	5.890374	7.0262866
15	12	16	10.060147	7.0262866
16	12	16	7.518598	7.0262866
17	12	16	8.148168	7.0262866
18	12	16	8.972212	7.0262866
19	12	16	9.022176	7.0262866
20	12	16	8.694019	7.0262866
21	12	16	7.1895413	7.0262866
22	12	16	7.832357	7.0262866
23	12	16	7.02675	7.0262866
0	12	16	9.616849	7.0262866
1	12	16	9.021385	7.0262866
2	12	16	6.8797507	7.0262866
3	12	16	11.310428	7.0262866
4	12	16	7.8227887	7.0262866
5	12	16	7.6445622	7.0262866
6	12	16	10.663058	7.0262866
7	12	16	8.055409	7.0262866
8	12	16	7.530257	7.0262866
9	12	16	7.392956	7.0262866
10	12	16	11.591111	7.0262866
11	12	16	7.2639213	7.0262866
12	12	16	9.600561	7.0262866
13	12	16	8.652285	7.0262866
14	12	16	5.890374	7.0262866
15	12	16	10.060147	7.0262866
16	12	16	7.518598	7.0262866
17	12	16	8.148168	7.0262866
18	12	16	8.972212	7.0262866
19	12	16	9.022176	7.0262866
20	12	16	8.694019	7.0262866
21	12	16	7.1895413	7.0262866
22	12	16	7.832357	7.0262866
23	12	16	7.02675	7.0262866
0	13	16	9.616849	7.0262866
1	13	16	9.021385	7.0262866
2	13	16	6.8797507	7.0262866
3	13	16	11.310428	7.0262866
4	13	16	7.8227887	7.0262866
5	13	16	7.6445622	7.0262866
6	13	16	10.663058	7.0262866
7	13	16	8.055409	7.0262866
8	13	16	7.530257	7.0262866
9	13	16	7.392956	7.0262866
10	13	16	11.591111	7.0262866
11	13	16	7.2639213	7.0262866
12	13	16	9.600561	7.0262866
13	13	16	8.652285	7.0262866
14	13	16	5.890374	7.0262866
15	13	16	10.060147	7.0262866
16	13	16	7.518598	7.0262866
17	13	16	8.148168	7.0262866
18	13	16	8.972212	7.0262866
19	13	16	9.022176	7.0262866
20	13	16	8.694019	7.0262866
21	13	16	7.1895413	7.0262866
22	13	16	7.832357	7.0262866
23	13	16	7.02675	7.0262866
0	13	16	9.616849	7.0262866
1	13	16	9.021385	7.0262866
2	13	16	6.8797507	7.0262866
3	13	16	11.310428	7.0262866
4	13	16	7.8227887	7.0262866
5	13	16	7.6445622	7.0262866
6	13	16	10.663058	7.0262866
7	13	16	8.055409	7.0262866
8	13	16	7.530257	7.0262866
9	13	16	7.392956	7.0262866
10	13	16	11.591111	7.0262866
11	13	16	7.2639213	7.0262866
12	13	16	9.600561	7.0262866
13	13	16	8.652285	7.0262866
14	13	16	5.890374	7.0262866
15	13	16	10.060147	7.0262866
16	13	16	7.518598	7.0262866
17	13	16	8.148168	7.0262866
18	13	16	8.972212	7.0262866
19	13	16	9.022176	7.0262866
20	13	16	8.694019	7.0262866
21	13	16	7.1895413	7.0262866
22	13	16	7.832357	7.0262866
23	13	16	7.02675	7.0262866
0	14	16	9.616849	7.0262866
1	14	16	9.021385	7.0262866
2	14	16	6.8797507	7.0262866
3	14	16	11.310428	7.0262866
4	14	16	7.8227887	7.0262866
5	14	16	7.6445622	7.0262866
6	14	16	10.663058	7.0262866
7	14	16	8.055409	7.0262866
8	14	16	7.530257	7.0262866
9	14	16	7.392956	7.0262866
10	14	16	11.591111	7.0262866
11	14	16	7.2639213	7.0262866
12	14	16	9.600561	7.0262866
13	14	16	8.652285	7.0262866
14	14	16	5.890374	7.0262866
15	14	16	10.060147	7.0262866
16	14	16	7.518598	7.0262866
17	14	16	8.148168	7.0262866
18	14	16	8.972212	7.0262866
19	14	16	9.022176	7.0262866
20	14	16	8.694019	7.0262866
21	14	16	7.1895413	7.0262866
22	14	16	7.832357	7.0262866
23	14	16	7.02675	7.0262866
0	14	16	9.616849	7.0262866
1	14	16	9.021385	7.0262866
2	14	16	6.8797507	7.0262866
3	14	16	11.310428	7.0262866
4	14	16	7.8227887	7.0262866
5	14	16	7.6445622	7.0262866
6	14	16	10.663058	7.0262866
7	14	16	8.055409	7.0262866
8	14	16	7.530257	7.0262866
9	14	16	7.392956	7.0262866
10	14	16	11.591111	7.0262866
11	14	16	7.2639213	7.0262866
12	14	16	9.600561	7.0262866
13	14	16	8.652285	7.0262866
14	14	16	5.890374	7.0262866
15	14	16	10.060147	7.0262866
16	14	16	7.518598	7.0262866
17	14	16	8.148168	7.0262866
18	14	16	8.972212	7.0262866
19	14	16	9.022176	7.0262866
20	14	16	8.694019	7.0262866
21	14	16	7.1895413	7.0262866
22	14	16	7.832357	7.0262866
23	14	16	7.02675	7.0262866
0	15	16	9.616849	7.0262866
1	15	16	9.021385	7.0262866
2	15	16	6.8797507	7.0262866
3	15	16	11.310428	7.0262866
4	15	16	7.8227887	7.0262866
5	15	16	7.6445622	7.0262866
6	15	16	10.663058	7.0262866
7	15	16	8.055409	7.0262866
8	15	16	7.530257	7.0262866
9	15	16	7.392956	7.0262866
10	15	16	11.591111	7.0262866
11	15	16	7.2639213	7.0262866
12	15	16	9.600561	7.0262866
13	15	16	8.652285	7.0262866
14	15	16	5.890374	7.0262866
15	15	16	10.060147	7.0262866
16	15	16	7.518598	7.0262866
17	15	16	8.148168	7.0262866
18	15	16	8.972212	7.0262866
19	15	16	9.022176	7.0262866
20	15	16	8.694019	7.0262866
21	15	16	7.1895413	7.0262866
22	15	16	7.832357	7.0262866
23	15	16	7.02675	7.0262866
0	15	16	9.616849	7.0262866
1	15	16	9.021385	7.0262866
2	15	16	6.8797507	7.0262866
3	15	16	11.310428	7.0262866
4	15	16	7.8227887	7.0262866
5	15	16	7.6445622	7.0262866
6	15	16	10.663058	7.0262866
7	15	16	8.055409	7.0262866
8	15	16	7.530257	7.0262866
9	15	16	7.392956	7.0262866
10	15	16	11.591111	7.0262866
11	15	16	7.2639213	7.0262866
12	15	16	9.600561	7.0262866
13	15	16	8.652285	7.0262866
14	15	16	5.890374	7.0262866
15	15	16	10.060147	7.0262866
16	15	16	7.518598	7.0262866
17	15	16	8.148168	7.0262866
18	15	16	8.972212	7.0262866
19	15	16	9.022176	7.0262866
20	15	16	8.694019	7.0262866
21	15	16	7.1895413	7.0262866
22	15	16	7.832357	7.0262866
23	15	16	7.02675	7.0262866
0	16	16	9.616849	7.0262866
1	16	16	9.021385	7.0262866
2	16	16	6.8797507	7.0262866
3	16	16	11.310428	7.0262866
4	16	16	7.8227887	7.0262866
5	16	16	7.6445622	7.0262866
6	16	16	10.663058	7.0262866
7	16	16	8.055409	7.0262866
8	16	16	7.530257	7.0262866
9	16	16	7.392956	7.0262866
10	16	16	11.591111	7.0262866
11	16	16	7.2639213	7.0262866
12	16	16	9.600561	7.0262866
13	16	16	8.652285	7.0262866
14	16	16	5.890374	7.0262866
15	16	16	10.060147	7.0262866
16	16	16	7.518598	7.0262866
17	16	16	8.148168	7.0262866
18	16	16	8.972212	7.0262866
19	16	16	9.022176	7.0262866
20	16	16	8.694019	7.0262866
21	16	16	7.1895413	7.0262866
22	16	16	7.832357	7.0262866
23	16	16	7.02675	7.0262866
0	16	16	9.616849	7.0262866
1	16	16	9.021385	7.0262866
2	16	16	6.8797507	7.0262866
3	16	16	11.310428	7.0262866
4	16	16	7.8227887	7.0262866
5	16	16	7.6445622	7.0262866
6	16	16	10.663058	7.0262866
7	16	16	8.055409	7.0262866
8	16	16	7.530257	7.0262866
9	16	16	7.392956	7.0262866
10	16	16	11.591111	7.0262866
11	16	16	7.2639213	7.0262866
12	16	16	9.600561	7.0262866
13	16	16	8.652285	7.0262866
14	16	16	5.890374	7.0262866
15	16	16	10.060147	7.0262866
16	16	16	7.518598	7.0262866
17	16	16	8.148168	7.0262866
18	16	16	8.972212	7.0262866
19	16	16	9.022176	7.0262866
20	16	16	8.694019	7.0262866
21	16	16	7.1895413	7.0262866
22	16	16	7.832357	7.0262866
23	16	16	7.02675	7.0262866
0	17	16	9.616849	7.0262866
1	17	16	9.021385	7.0262866
2	17	16	6.8797507	7.0262866
3	17	16	11.310428	7.0262866
4	17	16	7.8227887	7.0262866
5	17	16	7.6445622	7.0262866
6	17	16	10.663058	7.0262866
7	17	16	8.055409	7.0262866
8	17	16	7.530257	7.0262866
9	17	16	7.392956	7.0262866
10	17	16	11.591111	7.0262866
11	17	16	7.2639213	7.0262866
12	17	16	9.600561	7.0262866
13	17	16	8.652285	7.0262866
14	17	16	5.890374	7.0262866
15	17	16	10.060147	7.0262866
16	17	16	7.518598	7.0262866
17	17	16	8.148168	7.0262866
18	17	16	8.972212	7.0262866
19	17	16	9.022176	7.0262866
20	17	16	8.694019	7.0262866
21	17	16	7.1895413	7.0262866
22	17	16	7.832357	7.0262866
23	17	16	7.02675	7.0262866
0	17	16	9.616849	7.0262866
1	17	16	9.021385	7.0262866
2	17	16	6.8797507	7.0262866
3	17	16	11.310428	7.0262866
4	17	16	7.8227887	7.0262866
5	17	16	7.6445622	7.0262866
6	17	16	10.663058	7.0262866
7	17	16	8.055409	7.0262866
8	17	16	7.530257	7.0262866
9	17	16	7.392956	7.0262866
10	17	16	11.591111	7.0262866
11	17	16	7.2639213	7.0262866
12	17	16	9.600561	7.0262866
13	17	16	8.652285	7.0262866
14	17	16	5.890374	7.0262866
15	17	16	10.060147	7.0262866
16	17	16	7.518598	7.0262866
17	17	16	8.148168	7.0262866
18	17	16	8.972212	7.0262866
19	17	16	9.022176	7.0262866
20	17	16	8.694019	7.0262866
21	17	16	7.1895413	7.0262866
22	17	16	7.832357	7.0262866
23	17	16	7.02675	7.0262866
0	18	16	9.616849	7.0262866
1	18	16	9.021385	7.0262866
2	18	16	6.8797507	7.0262866
3	18	16	11.310428	7.0262866
4	18	16	7.8227887	7.0262866
5	18	16	7.6445622	7.0262866
6	18	16	10.663058	7.0262866
7	18	16	8.055409	7.0262866
8	18	16	7.530257	7.0262866
9	18	16	7.392956	7.0262866
10	18	16	11.591111	7.0262866
11	18	16	7.2639213	7.0262866
12	18	16	9.600561	7.0262866
13	18	16	8.652285	7.0262866
14	18	16	5.890374	7.0262866
15	18	16	10.060147	7.0262866
16	18	16	7.518598	7.0262866
17	18	16	8.148168	7.0262866
18	18	16	8.972212	7.0262866
19	18	16	9.022176	7.0262866
20	18	16	8.694019	7.0262866
21	18	16	7.1895413	7.0262866
22	18	16	7.832357	7.0262866
23	18	16	7.02675	7.0262866
0	18	16	9.616849	7.0262866
1	18	16	9.021385	7.0262866
2	18	16	6.8797507	7.0262866
3	18	16	11.310428	7.0262866
4	18	16	7.8227887	7.0262866
5	18	16	7.6445622	7.0262866
6	18	16	10.663058	7.0262866
7	18	16	8.055409	7.0262866
8	18	16	7.530257	7.0262866
9	18	16	7.392956	7.0262866
10	18	16	11.591111	7.0262866
11	18	16	7.2639213	7.0262866
12	18	16	9.600561	7.0262866
13	18	16	8.652285	7.0262866
14	18	16	5.890374	7.0262866
15	18	16	10.060147	7.0262866
16	18	16	7.518598	7.0262866
17	18	16	8.148168	7.0262866
18	18	16	8.972212	7.0262866
19	18	16	9.022176	7.0262866
20	18	16	8.694019	7.0262866
21	18	16	7.1895413	7.0262866
22	18	16	7.832357	7.0262866
23	18	16	7.02675	7.0262866
0	19	16	9.616849	7.0262866
1	19	16	9.021385	7.0262866
2	19	16	6.8797507	7.0262866
3	19	16	11.310428	7.0262866
4	19	16	7.8227887	7.0262866
5	19	16	7.6445622	7.0262866
6	19	16	10.663058	7.0262866
7	19	16	8.055409	7.0262866
8	19	16	7.530257	7.0262866
9	19	16	7.392956	7.0262866
10	19	16	11.591111	7.0262866
11	19	16	7.2639213	7.0262866
12	19	16	9.600561	7.0262866
13	19	16	8.652285	7.0262866
14	19	16	5.890374	7.0262866
15	19	16	10.060147	7.0262866
16	19	16	7.518598	7.0262866
17	19	16	8.148168	7.0262866
18	19	16	8.972212	7.0262866
19	19	16	9.022176	7.0262866
20	19	16	8.694019	7.0262866
21	19	16	7.1895413	7.0262866
22	19	16	7.832357	7.0262866
23	19	16	7.02675	7.0262866
0	19	16	9.616849	7.0262866
1	19	16	9.021385	7.0262866
2	19	16	6.8797507	7.0262866
3	19	16	11.310428	7.0262866
4	19	16	7.8227887	7.0262866
5	19	16	7.6445622	7.0262866
6	19	16	10.663058	7.0262866
7	19	16	8.055409	7.0262866
8	19	16	7.530257	7.0262866
9	19	16	7.392956	7.0262866
10	19	16	11.591111	7.0262866
11	19	16	7.2639213	7.0262866
12	19	16	9.600561	7.0262866
13	19	16	8.652285	7.0262866
14	19	16	5.890374	7.0262866
15	19	16	10.060147	7.0262866
16	19	16	7.518598	7.0262866
17	19	16	8.148168	7.0262866
18	19	16	8.972212	7.0262866
19	19	16	9.022176	7.0262866
20	19	16	8.694019	7.0262866
21	19	16	7.1895413	7.0262866
22	19	16	7.832357	7.0262866
23	19	16	7.02675	7.0262866
0	20	16	9.616849	7.0262866
1	20	16	9.021385	7.0262866
2	20	16	6.8797507	7.0262866
3	20	16	11.310428	7.0262866
4	20	16	7.8227887	7.0262866
5	20	16	7.6445622	7.0262866
6	20	16	10.663058	7.0262866
7	20	16	8.055409	7.0262866
8	20	16	7.530257	7.0262866
9	20	16	7.392956	7.0262866
10	20	16	11.591111	7.0262866
11	20	16	7.2639213	7.0262866
12	20	16	9.600561	7.0262866
13	20	16	8.652285	7.0262866
14	20	16	5.890374	7.0262866
15	20	16	10.060147	7.0262866
16	20	16	7.518598	7.0262866
17	20	16	8.148168	7.0262866
18	20	16	8.972212	7.0262866
19	20	16	9.022176	7.0262866
20	20	16	8.694019	7.0262866
21	20	16	7.1895413	7.0262866
22	20	16	7.832357	7.0262866
23	20	16	7.02675	7.0262866
0	20	16	9.616849	7.0262866
1	20	16	9.021385	7.0262866
2	20	16	6.8797507	7.0262866
3	20	16	11.310428	7.0262866
4	20	16	7.8227887	7.0262866
5	20	16	7.6445622	7.0262866
6	20	16	10.663058	7.0262866
7	20	16	8.055409	7.0262866
8	20	16	7.530257	7.0262866
9	20	16	7.392956	7.0262866
10	20	16	11.591111	7.0262866
11	20	16	7.2639213	7.0262866
12	20	16	9.600561	7.0262866
13	20	16	8.652285	7.0262866
14	20	16	5.890374	7.0262866
15	20	16	10.060147	7.0262866
16	20	16	7.518598	7.0262866
17	20	16	8.148168	7.0262866
18	20	16	8.972212	7.0262866
19	20	16	9.022176	7.0262866
20	20	16	8.694019	7.0262866
21	20	16	7.1895413	7.0262866
22	20	16	7.832357	7.0262866
23	20	16	7.02675	7.0262866
0	21	16	9.616849	7.0262866
1	21	16	9.021385	7.0262866
2	21	16	6.8797507	7.0262866
3	21	16	11.310428	7.0262866
4	21	16	7.8227887	7.0262866
5	21	16	7.6445622	7.0262866
6	21	16	10.663058	7.0262866
7	21	16	8.055409	7.0262866
8	21	16	7.530257	7.0262866
9	21	16	7.392956	7.0262866
10	21	16	11.591111	7.0262866
11	21	16	7.2639213	7.0262866
12	21	16	9.600561	7.0262866
13	21	16	8.652285	7.0262866
14	21	16	5.890374	7.0262866
15	21	16	10.060147	7.0262866
16	21	16	7.518598	7.0262866
17	21	16	8.148168	7.0262866
18	21	16	8.972212	7.0262866
19	21	16	9.022176	7.0262866
20	21	16	8.694019	7.0262866
21	21	16	7.1895413	7.0262866
22	21	16	7.832357	7.0262866
23	21	16	7.02675	7.0262866
0	21	16	9.616849	7.0262866
1	21	16	9.021385	7.0262866
2	21	16	6.8797507	7.0262866
3	21	16	11.310428	7.0262866
4	21	16	7.8227887	7.0262866
5	21	16	7.6445622	7.0262866
6	21	16	10.663058	7.0262866
7	21	16	8.055409	7.0262866
8	21	16	7.530257	7.0262866
9	21	16	7.392956	7.0262866
10	21	16	11.591111	7.0262866
11	21	16	7.2639213	7.0262866
12	21	16	9.600561	7.0262866
13	21	16	8.652285	7.0262866
14	21	16	5.890374	7.0262866
15	21	16	10.060147	7.0262866
16	21	16	7.518598	7.0262866
17	21	16	8.148168	7.0262866
18	21	16	8.972212	7.0262866
19	21	16	9.022176	7.0262866
20	21	16	8.694019	7.0262866
21	21	16	7.1895413	7.0262866
22	21	16	7.832357	7.0262866
23	21	16	7.02675	7.0262866
0	22	16	9.616849	7.0262866
1	22	16	9.021385	7.0262866
2	22	16	6.8797507	7.0262866
3	22	16	11.310428	7.0262866
4	22	16	7.8227887	7.0262866
5	22	16	7.6445622	7.0262866
6	22	16	10.663058	7.0262866
7	22	16	8.055409	7.0262866
8	22	16	7.530257	7.0262866
9	22	16	7.392956	7.0262866
10	22	16	11.591111	7.0262866
11	22	16	7.2639213	7.0262866
12	22	16	9.600561	7.0262866
13	22	16	8.652285	7.0262866
14	22	16	5.890374	7.0262866
15	22	16	10.060147	7.0262866
16	22	16	7.518598	7.0262866
17	22	16	8.148168	7.0262866
18	22	16	8.972212	7.0262866
19	22	16	9.022176	7.0262866
20	22	16	8.694019	7.0262866
21	22	16	7.1895413	7.0262866
22	22	16	7.832357	7.0262866
23	22	16	7.02675	7.0262866
0	22	16	9.616849	7.0262866
1	22	16	9.021385	7.0262866
2	22	16	6.8797507	7.0262866
3	22	16	11.310428	7.0262866
4	22	16	7.8227887	7.0262866
5	22	16	7.6445622	7.0262866
6	22	16	10.663058	7.0262866
7	22	16	8.055409	7.0262866
8	22	16	7.530257	7.0262866
9	22	16	7.392956	7.0262866
10	22	16	11.591111	7.0262866
11	22	16	7.2639213	7.0262866
12	22	16	9.600561	7.0262866
13	22	16	8.652285	7.0262866
14	22	16	5.890374	7.0262866
15	22	16	10.060147	7.0262866
16	22	16	7.518598	7.0262866
17	22	16	8.148168	7.0262866
18	22	16	8.972212	7.0262866
19	22	16	9.022176	7.0262866
20	22	16	8.694019	7.0262866
21	22	16	7.1895413	7.0262866
22	22	16	7.832357	7.0262866
23	22	16	7.02675	7.0262866
0	23	16	9.616849	7.0262866
1	23	16	9.021385	7.0262866
2	23	16	6.8797507	7.0262866
3	23	16	11.310428	7.0262866
4	23	16	7.8227887	7.0262866
5	23	16	7.6445622	7.0262866
6	23	16	10.663058	7.0262866
7	23	16	8.055409	7.0262866
8	23	16	7.530257	7.0262866
9	23	16	7.392956	7.0262866
10	23	16	11.591111	7.0262866
11	23	16	7.2639213	7.0262866
12	23	16	9.600561	7.0262866
13	23	16	8.652285	7.0262866
14	23	16	5.890374	7.0262866
15	23	16	10.060147	7.0262866
16	23	16	7.518598	7.0262866
17	23	16	8.148168	7.0262866
18	23	16	8.972212	7.0262866
19	23	16	9.022176	7.0262866
20	23	16	8.694019	7.0262866
21	23	16	7.1895413	7.0262866
22	23	16	7.832357	7.0262866
23	23	16	7.02675	7.0262866
0	23	16	9.616849	7.0262866
1	23	16	9.021385	7.0262866
2	23	16	6.8797507	7.0262866
3	23	16	11.310428	7.0262866
4	23	16	7.8227887	7.0262866
5	23	16	7.6445622	7.0262866
6	23	16	10.663058	7.0262866
7	23	16	8.055409	7.0262866
8	23	16	7.530257	7.0262866
9	23	16	7.392956	7.0262866
10	23	16	11.591111	7.0262866
11	23	16	7.2639213	7.0262866
12	23	16	9.600561	7.0262866
13	23	16	8.652285	7.0262866
14	23	16	5.890374	7.0262866
15	23	16	10.060147	7.0262866
16	23	16	7.518598	7.0262866
17	23	16	8.148168	7.0262866
18	23	16	8.972212	7.0262866
19	23	16	9.022176	7.0262866
20	23	16	8.694019	7.0262866
21	23	16	7.1895413	7.0262866
22	23	16	7.832357	7.0262866
23	23	16	7.02675	7.0262866
0	24	16	9.616849	7.0262866
1	24	16	9.021385	7.0262866
2	24	16	6.8797507	7.0262866
3	24	16	11.310428	7.0262866
4	24	16	7.8227887	7.0262866
5	24	16	7.6445622	7.0262866
6	24	16	10.663058	7.0262866
7	24	16	8.055409	7.0262866
8	24	16	7.530257	7.0262866
9	24	16	7.392956	7.0262866
10	24	16	11.591111	7.0262866
11	24	16	7.2639213	7.0262866
12	24	16	9.600561	7.0262866
13	24	16	8.652285	7.0262866
14	24	16	5.890374	7.0262866
15	24	16	10.060147	7.0262866
16	24	16	7.518598	7.0262866
17	24	16	8.148168	7.0262866
18	24	16	8.972212	7.0262866
19	24	16	9.022176	7.0262866
20	24	16	8.694019	7.0262866
21	24	16	7.1895413	7.0262866
22	24	16	7.832357	7.0262866
23	24	16	7.02675	7.0262866
0	24	16	9.616849	7.0262866
1	24	16	9.021385	7.0262866
2	24	16	6.8797507	7.0262866
3	24	16	11.310428	7.0262866
4	24	16	7.8227887	7.0262866
5	24	16	7.6445622	7.0262866
6	24	16	10.663058	7.0262866
7	24	16	8.055409	7.0262866
8	24	16	7.530257	7.0262866
9	24	16	7.392956	7.0262866
10	24	16	11.591111	7.0262866
11	24	16	7.2639213	7.0262866
12	24	16	9.600561	7.0262866
13	24	16	8.652285	7.0262866
14	24	16	5.890374	7.0262866
15	24	16	10.060147	7.0262866
16	24	16	7.518598	7.0262866
17	24	16	8.148168	7.0262866
18	24	16	8.972212	7.0262866
19	24	16	9.022176	7.0262866
20	24	16	8.694019	7.0262866
21	24	16	7.1895413	7.0262866
22	24	16	7.832357	7.0262866
23	24	16	7.02675	7.0262866
0	25	16	9.616849	7.0262866
1	25	16	9.021385	7.0262866
2	25	16	6.8797507	7.0262866
3	25	16	11.310428	7.0262866
4	25	16	7.8227887	7.0262866
5	25	16	7.6445622	7.0262866
6	25	16	10.663058	7.0262866
7	25	16	8.055409	7.0262866
8	25	16	7.530257	7.0262866
9	25	16	7.392956	7.0262866
10	25	16	11.591111	7.0262866
11	25	16	7.2639213	7.0262866
12	25	16	9.600561	7.0262866
13	25	16	8.652285	7.0262866
14	25	16	5.890374	7.0262866
15	25	16	10.060147	7.0262866
16	25	16	7.518598	7.0262866
17	25	16	8.148168	7.0262866
18	25	16	8.972212	7.0262866
19	25	16	9.022176	7.0262866
20	25	16	8.694019	7.0262866
21	25	16	7.1895413	7.0262866
22	25	16	7.832357	7.0262866
23	25	16	7.02675	7.0262866
0	25	16	9.616849	7.0262866
1	25	16	9.021385	7.0262866
2	25	16	6.8797507	7.0262866
3	25	16	11.310428	7.0262866
4	25	16	7.8227887	7.0262866
5	25	16	7.6445622	7.0262866
6	25	16	10.663058	7.0262866
7	25	16	8.055409	7.0262866
8	25	16	7.530257	7.0262866
9	25	16	7.392956	7.0262866
10	25	16	11.591111	7.0262866
11	25	16	7.2639213	7.0262866
12	25	16	9.600561	7.0262866
13	25	16	8.652285	7.0262866
14	25	16	5.890374	7.0262866
15	25	16	10.060147	7.0262866
16	25	16	7.518598	7.0262866
17	25	16	8.148168	7.0262866
18	25	16	8.972212	7.0262866
19	25	16	9.022176	7.0262866
20	25	16	8.694019	7.0262866
21	25	16	7.1895413	7.0262866
22	25	16	7.832357	7.0262866
23	25	16	7.02675	7.0262866
0	26	16	9.616849	7.0262866
1	26	16	9.021385	7.0262866
2	26	16	6.8797507	7.0262866
3	26	16	11.310428	7.0262866
4	26	16	7.8227887	7.0262866
5	26	16	7.6445622	7.0262866
6	26	16	10.663058	7.0262866
7	26	16	8.055409	7.0262866
8	26	16	7.530257	7.0262866
9	26	16	7.392956	7.0262866
10	26	16	11.591111	7.0262866
11	26	16	7.2639213	7.0262866
12	26	16	9.600561	7.0262866
13	26	16	8.652285	7.0262866
14	26	16	5.890374	7.0262866
15	26	16	10.060147	7.0262866
16	26	16	7.518598	7.0262866
17	26	16	8.148168	7.0262866
18	26	16	8.972212	7.0262866
19	26	16	9.022176	7.0262866
20	26	16	8.694019	7.0262866
21	26	16	7.1895413	7.0262866
22	26	16	7.832357	7.0262866
23	26	16	7.02675	7.0262866
0	26	16	9.616849	7.0262866
1	26	16	9.021385	7.0262866
2	26	16	6.8797507	7.0262866
3	26	16	11.310428	7.0262866
4	26	16	7.8227887	7.0262866
5	26	16	7.6445622	7.0262866
6	26	16	10.663058	7.0262866
7	26	16	8.055409	7.0262866
8	26	16	7.530257	7.0262866
9	26	16	7.392956	7.0262866
10	26	16	11.591111	7.0262866
11	26	16	7.2639213	7.0262866
12	26	16	9.600561	7.0262866
13	26	16	8.652285	7.0262866
14	26	16	5.890374	7.0262866
15	26	16	10.060147	7.0262866
16	26	16	7.518598	7.0262866
17	26	16	8.148168	7.0262866
18	26	16	8.972212	7.0262866
19	26	16	9.022176	7.0262866
20	26	16	8.694019	7.0262866
21	26	16	7.1895413	7.0262866
22	26	16	7.832357	7.0262866
23	26	16	7.02675	7.0262866
0	27	16	9.616849	7.0262866
1	27	16	9.021385	7.0262866
2	27	16	6.8797507	7.0262866
3	27	16	11.310428	7.0262866
4	27	16	7.8227887	7.0262866
5	27	16	7.6445622	7.0262866
6	27	16	10.663058	7.0262866
7	27	16	8.055409	7.0262866
8	27	16	7.530257	7.0262866
9	27	16	7.392956	7.0262866
10	27	16	11.591111	7.0262866
11	27	16	7.2639213	7.0262866
12	27	16	9.600561	7.0262866
13	27	16	8.652285	7.0262866
14	27	16	5.890374	7.0262866
15	27	16	10.060147	7.0262866
16	27	16	7.518598	7.0262866
17	27	16	8.148168	7.0262866
18	27	16	8.972212	7.0262866
19	27	16	9.022176	7.0262866
20	27	16	8.694019	7.0262866
21	27	16	7.1895413	7.0262866
22	27	16	7.832357	7.0262866
23	27	16	7.02675	7.0262866
0	27	16	9.616849	7.0262866
1	27	16	9.021385	7.0262866
2	27	16	6.8797507	7.0262866
3	27	16	11.310428	7.0262866
4	27	16	7.8227887	7.0262866
5	27	16	7.6445622	7.0262866
6	27	16	10.663058	7.0262866
7	27	16	8.055409	7.0262866
8	27	16	7.530257	7.0262866
9	27	16	7.392956	7.0262866
10	27	16	11.591111	7.0262866
11	27	16	7.2639213	7.0262866
12	27	16	9.600561	7.0262866
13	27	16	8.652285	7.0262866
14	27	16	5.890374	7.0262866
15	27	16	10.060147	7.0262866
16	27	16	7.518598	7.0262866
17	27	16	8.148168	7.0262866
18	27	16	8.972212	7.0262866
19	27	16	9.022176	7.0262866
20	27	16	8.694019	7.0262866
21	27	16	7.1895413	7.0262866
22	27	16	7.832357	7.0262866
23	27	16	7.02675	7.0262866
0	28	16	9.616849	7.0262866
1	28	16	9.021385	7.0262866
2	28	16	6.8797507	7.0262866
3	28	16	11.310428	7.0262866
4	28	16	7.8227887	7.0262866
5	28	16	7.6445622	7.0262866
6	28	16	10.663058	7.0262866
7	28	16	8.055409	7.0262866
8	28	16	7.530257	7.0262866
9	28	16	7.392956	7.0262866
10	28	16	11.591111	7.0262866
11	28	16	7.2639213	7.0262866
12	28	16	9.600561	7.0262866
13	28	16	8.652285	7.0262866
14	28	16	5.890374	7.0262866
15	28	16	10.060147	7.0262866
16	28	16	7.518598	7.0262866
17	28	16	8.148168	7.0262866
18	28	16	8.972212	7.0262866
19	28	16	9.022176	7.0262866
20	28	16	8.694019	7.0262866
21	28	16	7.1895413	7.0262866
22	28	16	7.832357	7.0262866
23	28	16	7.02675	7.0262866
0	28	16	9.616849	7.0262866
1	28	16	9.021385	7.0262866
2	28	16	6.8797507	7.0262866
3	28	16	11.310428	7.0262866
4	28	16	7.8227887	7.0262866
5	28	16	7.6445622	7.0262866
6	28	16	10.663058	7.0262866
7	28	16	8.055409	7.0262866
8	28	16	7.530257	7.0262866
9	28	16	7.392956	7.0262866
10	28	16	11.591111	7.0262866
11	28	16	7.2639213	7.0262866
12	28	16	9.600561	7.0262866
13	28	16	8.652285	7.0262866
14	28	16	5.890374	7.0262866
15	28	16	10.060147	7.0262866
16	28	16	7.518598	7.0262866
17	28	16	8.148168	7.0262866
18	28	16	8.972212	7.0262866
19	28	16	9.022176	7.0262866
20	28	16	8.694019	7.0262866
21	28	16	7.1895413	7.0262866
22	28	16	7.832357	7.0262866
23	28	16	7.02675	7.0262866
0	29	16	9.616849	7.0262866
1	29	16	9.021385	7.0262866
2	29	16	6.8797507	7.0262866
3	29	16	11.310428	7.0262866
4	29	16	7.8227887	7.0262866
5	29	16	7.6445622	7.0262866
6	29	16	10.663058	7.0262866
7	29	16	8.055409	7.0262866
8	29	16	7.530257	7.0262866
9	29	16	7.392956	7.0262866
10	29	16	11.591111	7.0262866
11	29	16	7.2639213	7.0262866
12	29	16	9.600561	7.0262866
13	29	16	8.652285	7.0262866
14	29	16	5.890374	7.0262866
15	29	16	10.060147	7.0262866
16	29	16	7.518598	7.0262866
17	29	16	8.148168	7.0262866
18	29	16	8.972212	7.0262866
19	29	16	9.022176	7.0262866
20	29	16	8.694019	7.0262866
21	29	16	7.1895413	7.0262866
22	29	16	7.832357	7.0262866
23	29	16	7.02675	7.0262866
0	29	16	9.616849	7.0262866
1	29	16	9.021385	7.0262866
2	29	16	6.8797507	7.0262866
3	29	16	11.310428	7.0262866
4	29	16	7.8227887	7.0262866
5	29	16	7.6445622	7.0262866
6	29	16	10.663058	7.0262866
7	29	16	8.055409	7.0262866
8	29	16	7.530257	7.0262866
9	29	16	7.392956	7.0262866
10	29	16	11.591111	7.0262866
11	29	16	7.2639213	7.0262866
12	29	16	9.600561	7.0262866
13	29	16	8.652285	7.0262866
14	29	16	5.890374	7.0262866
15	29	16	10.060147	7.0262866
16	29	16	7.518598	7.0262866
17	29	16	8.148168	7.0262866
18	29	16	8.972212	7.0262866
19	29	16	9.022176	7.0262866
20	29	16	8.694019	7.0262866
21	29	16	7.1895413	7.0262866
22	29	16	7.832357	7.0262866
23	29	16	7.02675	7.0262866
